customer_id,cluster,recency_days,tenure_days,frequency,monetary,avg_ticket,avg_items,durable_share,fmcg_share,clothing_share,pay_cash_share,pay_credit_share,noncash_share,monetary_recent_ratio,freq_recent_ratio,age
C00001,2,146.9,890.5,5,9.756443560277784,3452.8240000000005,2.8,0.3571428571428571,0.3571428571428571,0.2857142857142857,1.0,0.0,0.0,0.0,0.0,31.0
C00002,1,288.6,872.3000000000001,5,9.165393213990027,1911.896,2.8,0.5,0.3571428571428571,0.14285714285714285,1.0,0.0,0.0,0.0,0.0,60.0
C00003,2,546.0,689.0,3,8.377783986821793,1449.4533333333336,3.3333333333333335,0.30000000000000004,0.6000000000000001,0.1,0.0,1.0,1.0,0.0,0.0,41.0
C00004,3,154.70000000000002,916.5,5,9.522130495951899,2731.5359999999996,2.0,0.8,0.2,0.0,0.0,0.0,1.0,0.0,0.0,41.0
C00005,3,105.3,910.0,6,10.192432701970226,4449.8949999999995,2.6666666666666665,0.6875,0.3125,0.0,0.0,1.0,1.0,0.028973642449240226,0.21666666663055556,37.0
C00006,3,213.20000000000002,248.3,3,10.145463456660865,8491.423333333332,3.3333333333333335,0.9,0.0,0.1,0.0,0.0,1.0,0.0,0.0,58.0
C00007,0,218.4,858.0,3,8.679896903840596,1960.8133333333335,3.0,0.3333333333333333,0.4444444444444444,0.2222222222222222,1.0,0.0,0.0,0.0,0.0,41.0
C00008,2,222.3,296.40000000000003,2,9.530321663053426,6885.01,3.5,0.5714285714285714,0.2857142857142857,0.14285714285714285,0.0,1.0,1.0,0.0,0.0,66.0
C00009,0,29.900000000000002,494.0,3,9.022416752891967,2761.9266666666667,3.6666666666666665,0.18181818181818182,0.6363636363636364,0.18181818181818182,1.0,0.0,0.0,0.9731305924124255,0.4333333331888889,25.0
C00010,3,227.5,793.0,3,9.815314592078654,6103.683333333333,4.0,0.6666666666666667,0.25,0.08333333333333333,0.0,1.0,1.0,0.0,0.0,22.0
C00011,0,586.3000000000001,789.1,3,9.340241683822805,3795.3866666666668,4.333333333333333,0.38461538461538464,0.5384615384615385,0.07692307692307693,0.0,1.0,1.0,0.0,0.0,48.0
C00012,3,97.5,856.7,6,9.714187301201003,2758.293333333333,2.5,0.6666666666666667,0.13333333333333333,0.2,0.0,1.0,1.0,0.24083654385318937,0.21666666663055556,62.0
C00013,3,75.4,912.6,5,9.410435538216795,2442.8379999999997,3.0,0.6,0.26666666666666666,0.13333333333333333,0.0,0.0,1.0,0.11638299387842205,0.519999999896,32.0
C00014,1,184.6,780.0,6,10.03854496769575,3815.1749999999997,2.6666666666666665,0.5625,0.3125,0.125,1.0,0.0,0.0,0.0,0.0,50.0
C00015,2,893.1,893.1,1,6.938507543521432,1030.23,2.0,0.0,0.0,1.0,1.0,0.0,0.0,0.0,0.0,32.0
C00016,3,120.9,683.8000000000001,4,9.947503959483889,5224.7475,3.5,0.6428571428571428,0.21428571428571427,0.14285714285714285,0.0,1.0,1.0,0.0,0.0,24.0
C00017,4,40.300000000000004,539.5,4,10.214929851822232,6826.715,3.0,0.6666666666666666,0.3333333333333333,0.0,0.0,0.0,1.0,0.3496859397235585,0.32499999991875,47.0
C00018,2,399.1,789.1,2,8.839269444182284,3449.4750000000004,2.5,0.4,0.6000000000000001,0.0,0.0,0.0,1.0,0.0,0.0,24.0
C00019,1,9.1,846.3000000000001,7,10.552042358367085,5464.927142857143,3.142857142857143,0.6818181818181819,0.18181818181818182,0.13636363636363635,1.0,0.0,0.0,0.16035597390005302,0.3714285713755102,57.0
C00020,3,27.3,685.1,10,10.024058697800147,2256.182,2.6,0.4230769230769231,0.42307692307692313,0.15384615384615385,0.0,1.0,1.0,0.02243874829246832,0.12999999998700001,40.0
C00021,0,71.5,808.6,7,9.399195538183616,1725.3799999999999,3.2857142857142856,0.2608695652173913,0.5652173913043479,0.17391304347826086,0.0,1.0,1.0,0.06175442925201888,0.1857142856877551,20.0
C00022,0,367.90000000000003,640.9,4,8.788245756896453,1638.93,4.5,0.2777777777777778,0.5,0.2222222222222222,0.0,1.0,1.0,0.0,0.0,35.0
C00023,3,135.20000000000002,945.1,5,9.585661686768885,2910.718,2.2,0.5454545454545454,0.36363636363636365,0.09090909090909091,0.0,1.0,1.0,0.0,0.0,44.0
C00024,4,358.8,906.1,3,9.804158809110021,6035.966666666666,3.6666666666666665,0.5454545454545454,0.45454545454545453,0.0,0.0,1.0,1.0,0.0,0.0,47.0
C00025,1,185.9,884.0,2,8.883828763184827,3606.68,2.5,0.8,0.2,0.0,1.0,0.0,0.0,0.0,0.0,50.0
C00026,3,100.10000000000001,858.0,8,10.407568582578515,4138.53375,3.875,0.4838709677419355,0.3548387096774194,0.16129032258064516,0.0,0.0,1.0,0.3289305360865933,0.1624999999796875,31.0
C00027,3,117.0,946.4,7,9.619628164308013,2150.921428571429,3.2857142857142856,0.391304347826087,0.4782608695652174,0.13043478260869565,0.0,1.0,1.0,0.4841086046179223,0.1857142856877551,58.0
C00028,0,200.20000000000002,938.6,4,8.938610385738329,1904.8999999999999,3.75,0.3333333333333333,0.6,0.06666666666666667,1.0,0.0,0.0,0.0,0.0,50.0
C00029,4,145.6,884.0,5,10.296377591510709,5924.822,3.0,0.6,0.26666666666666666,0.13333333333333333,1.0,0.0,0.0,0.0,0.0,67.0
C00030,3,187.20000000000002,945.1,5,9.866195777784391,3853.38,3.6,0.4444444444444444,0.38888888888888884,0.16666666666666666,0.0,1.0,1.0,0.0,0.0,59.0
C00031,2,148.20000000000002,899.6,7,10.324700673862372,4353.597142857143,3.5714285714285716,0.44,0.32,0.24,0.0,1.0,1.0,0.0,0.0,49.0
C00032,4,414.7,507.0,3,9.999669170709536,7339.393333333333,3.3333333333333335,0.7,0.2,0.1,1.0,0.0,0.0,0.0,0.0,30.0
C00033,1,84.5,409.5,6,9.977310341171753,3588.5533333333333,3.6666666666666665,0.45454545454545453,0.36363636363636365,0.18181818181818182,1.0,0.0,0.0,0.04037903853548968,0.21666666663055556,32.0
C00034,4,486.2,800.8000000000001,3,9.083562125444292,2936.0966666666664,2.3333333333333335,0.5714285714285714,0.2857142857142857,0.14285714285714285,0.0,1.0,1.0,0.0,0.0,25.0
C00035,3,140.4,695.5,8,10.04838930689651,2889.69,2.125,0.5294117647058824,0.35294117647058826,0.11764705882352941,0.0,0.0,1.0,0.0,0.0,21.0
C00036,2,106.60000000000001,594.1,7,9.712041897464845,2359.184285714286,2.857142857142857,0.35,0.45,0.2,0.0,0.0,1.0,0.505483614493841,0.1857142856877551,47.0
C00037,1,250.9,769.6,7,10.327580415040977,4366.152857142857,2.857142857142857,0.6,0.4,0.0,1.0,0.0,0.0,0.0,0.0,51.0
C00038,2,210.6,672.1,5,9.566907910147123,2856.636,2.8,0.2857142857142857,0.5,0.21428571428571427,0.0,1.0,1.0,0.0,0.0,52.0
C00039,4,106.60000000000001,777.4,2,9.364924957652681,5835.365,2.5,0.8,0.2,0.0,0.0,0.0,1.0,0.6992760521406374,0.649999999675,21.0
C00040,1,124.80000000000001,926.9,9,10.592596339751369,4426.421111111111,2.2222222222222223,0.75,0.05,0.2,1.0,0.0,0.0,0.0,0.0,54.0
C00041,0,447.2,752.7,4,9.199672673876648,2473.2225,2.25,0.5555555555555556,0.3333333333333333,0.1111111111111111,1.0,0.0,0.0,0.0,0.0,52.0
C00042,2,348.40000000000003,898.3000000000001,4,9.749413453109849,4285.7925,3.0,0.5,0.41666666666666663,0.08333333333333333,1.0,0.0,0.0,0.0,0.0,56.0
C00043,0,608.4,882.7,5,9.22696540704975,2033.328,2.6,0.3076923076923077,0.5384615384615385,0.15384615384615385,1.0,0.0,0.0,0.0,0.0,40.0
C00044,4,72.8,899.6,7,10.57146614474721,5572.117142857142,3.5714285714285716,0.56,0.36,0.08,1.0,0.0,0.0,0.2972166004098905,0.1857142856877551,23.0
C00045,2,22.1,373.1,2,7.1522766868554415,638.005,1.0,0.0,0.5,0.5,0.0,1.0,1.0,0.43529282685838255,0.649999999675,39.0
C00046,2,585.0,907.4,5,9.559369863786836,2835.182,3.6,0.2222222222222222,0.7222222222222222,0.05555555555555555,0.0,1.0,1.0,0.0,0.0,65.0
C00047,0,113.10000000000001,591.5,4,8.068211837550349,797.5975,1.5,0.5,0.5,0.0,0.0,1.0,1.0,0.645116427771951,0.32499999991875,55.0
C00048,1,37.7,509.6,4,9.728829952456621,4198.4725,2.75,0.7272727272727273,0.09090909090909091,0.18181818181818182,1.0,0.0,0.0,0.5031514437691027,0.32499999991875,28.0
C00049,4,0.0,934.7,6,10.660312336875622,7104.825,3.3333333333333335,0.7,0.15000000000000002,0.15,1.0,0.0,0.0,0.5512864614305408,0.4333333332611111,38.0
C00050,2,120.9,475.8,4,8.711482843986046,1517.81,3.0,0.25,0.5,0.25,0.0,1.0,1.0,0.0,0.0,20.0
C00051,1,79.3,917.8000000000001,6,9.832004977164125,3103.2083333333335,3.3333333333333335,0.5,0.35,0.15,1.0,0.0,0.0,0.07345924245068554,0.21666666663055556,50.0
C00052,3,401.7,939.9,6,9.514557238167374,2259.105,3.1666666666666665,0.47368421052631576,0.21052631578947367,0.3157894736842105,0.0,1.0,1.0,0.0,0.0,53.0
C00053,3,521.3000000000001,846.3000000000001,4,9.127154396073655,2300.2,3.0,0.5,0.41666666666666663,0.08333333333333333,0.0,0.0,1.0,0.0,0.0,51.0
C00054,2,0.0,884.0,7,9.257687590838675,1497.6942857142858,2.7142857142857144,0.3157894736842105,0.42105263157894735,0.2631578947368421,0.0,1.0,1.0,0.18058758892238347,0.1857142856877551,59.0
C00055,2,211.9,730.6,4,9.63175034899275,3810.0225,3.0,0.3333333333333333,0.25,0.4166666666666667,0.0,1.0,1.0,0.0,0.0,65.0
C00056,4,79.3,421.2,3,9.53408263955551,4607.303333333333,2.3333333333333335,0.5714285714285714,0.2857142857142857,0.14285714285714285,0.0,0.0,1.0,0.6697968659902525,0.4333333331888889,42.0
C00057,1,27.3,807.3000000000001,5,10.275478259106311,5802.278,3.4,0.6470588235294118,0.1764705882352941,0.17647058823529413,1.0,0.0,0.0,0.6548096799222425,0.519999999896,51.0
C00058,2,436.8,722.8000000000001,3,8.938786209453202,2540.313333333333,2.6666666666666665,0.375,0.5,0.125,0.0,0.0,1.0,0.0,0.0,45.0
C00059,1,221.0,769.6,6,10.272140325020235,4819.118333333333,2.8333333333333335,0.7058823529411764,0.1764705882352941,0.11764705882352941,1.0,0.0,0.0,0.0,0.0,41.0
C00060,2,20.8,808.6,2,8.920502644435238,3741.425,3.0,0.3333333333333333,0.3333333333333333,0.3333333333333333,1.0,0.0,0.0,0.1435466433243826,0.649999999675,45.0
C00061,2,44.2,562.9,3,8.826539392788591,2270.556666666667,2.0,0.3333333333333333,0.5,0.16666666666666666,0.0,0.0,1.0,1.1981000253974137,0.4333333331888889,54.0
C00062,1,124.80000000000001,604.5,4,9.931013707825572,5139.2925,4.25,0.5294117647058824,0.29411764705882354,0.17647058823529413,1.0,0.0,0.0,0.0,0.0,64.0
C00063,1,58.5,817.7,7,10.36193655848948,4518.768571428571,3.4285714285714284,0.5,0.2916666666666667,0.20833333333333334,1.0,0.0,0.0,0.031538522821323904,0.1857142856877551,42.0
C00064,0,201.5,787.8000000000001,5,9.845635427545995,3774.958,4.0,0.3,0.55,0.15,1.0,0.0,0.0,0.0,0.0,44.0
C00065,1,10.4,230.1,2,8.71979275269281,3060.955,2.5,0.6000000000000001,0.4,0.0,1.0,0.0,0.0,1.2505771891450135,0.649999999675,54.0
C00066,0,106.60000000000001,902.2,6,9.933126934055347,3433.443333333333,3.0,0.4444444444444444,0.5,0.05555555555555555,1.0,0.0,0.0,0.08089527228738883,0.21666666663055556,61.0
C00067,0,53.300000000000004,738.4,5,9.52586983157747,2741.77,2.6,0.46153846153846156,0.46153846153846156,0.07692307692307693,0.0,1.0,1.0,0.14865623301734657,0.259999999948,54.0
C00068,0,348.40000000000003,772.2,3,9.022958433018372,2763.4233333333327,3.0,0.2222222222222222,0.6666666666666666,0.1111111111111111,0.0,1.0,1.0,0.0,0.0,36.0
C00069,2,232.70000000000002,765.7,4,9.071081752912592,2174.7574999999997,2.0,0.375,0.375,0.25,1.0,0.0,0.0,0.0,0.0,23.0
C00070,2,141.70000000000002,734.5,7,9.679616861920202,2283.91,2.857142857142857,0.35,0.5,0.15,1.0,0.0,0.0,0.0,0.0,53.0
C00071,0,61.1,937.3000000000001,7,9.384169301617163,1699.6457142857141,2.857142857142857,0.2,0.6000000000000001,0.2,1.0,0.0,0.0,0.1956995239343833,0.1857142856877551,51.0
C00072,2,0.0,821.6,7,9.994434591305403,3129.031428571429,2.5714285714285716,0.4444444444444444,0.4444444444444444,0.1111111111111111,0.0,0.0,1.0,0.1987668936348081,0.5571428570632653,33.0
C00073,3,223.6,748.8000000000001,8,10.319070634210313,3788.0099999999998,2.75,0.5909090909090909,0.18181818181818182,0.22727272727272727,0.0,0.0,1.0,0.0,0.0,45.0
C00074,2,291.2,291.2,1,7.032950774353974,1132.37,4.0,0.5,0.5,0.0,0.0,0.0,1.0,0.0,0.0,58.0
C00075,3,78.0,787.8000000000001,5,10.132188831033334,5027.666,3.2,0.5625,0.3125,0.125,0.0,0.0,1.0,0.007519194791380035,0.259999999948,34.0
C00076,1,161.20000000000002,937.3000000000001,6,9.943286463885226,3468.5049999999997,3.0,0.5555555555555556,0.2777777777777778,0.16666666666666666,1.0,0.0,0.0,0.0,0.0,40.0
C00077,4,92.3,867.1,9,10.586795738544788,4400.818888888889,3.3333333333333335,0.43333333333333335,0.4,0.16666666666666666,0.0,1.0,1.0,0.04196905777889211,0.14444444442839505,52.0
C00078,2,605.8000000000001,841.1,3,8.882866329901876,2402.1400000000003,3.6666666666666665,0.36363636363636365,0.5454545454545454,0.09090909090909091,0.0,1.0,1.0,0.0,0.0,38.0
C00079,0,83.2,884.0,7,9.597614353622923,2104.0857142857144,2.5714285714285716,0.3888888888888889,0.3888888888888889,0.2222222222222222,1.0,0.0,0.0,0.10984499545101978,0.3714285713755102,48.0
C00080,3,323.7,902.2,7,9.887320060123951,2811.1785714285716,3.0,0.47619047619047616,0.42857142857142855,0.09523809523809523,0.0,1.0,1.0,0.0,0.0,37.0
C00081,2,382.2,728.0,2,7.569060853685923,968.16,3.0,0.3333333333333333,0.6666666666666666,0.0,1.0,0.0,0.0,0.0,0.0,66.0
C00082,3,465.40000000000003,830.7,6,9.710232846080784,2747.4066666666663,2.8333333333333335,0.5882352941176471,0.29411764705882354,0.11764705882352941,0.0,0.0,1.0,0.0,0.0,24.0
C00083,3,66.3,487.5,5,9.19973028353083,1978.6919999999998,3.2,0.5625,0.1875,0.25,0.0,1.0,1.0,0.8630163764748771,0.519999999896,55.0
C00084,2,365.3,908.7,3,8.5520099907916,1725.3833333333332,2.6666666666666665,0.5,0.5,0.0,1.0,0.0,0.0,0.0,0.0,35.0
C00085,0,42.9,791.7,4,9.469806595021451,3240.345,3.5,0.3571428571428571,0.5,0.14285714285714285,0.0,1.0,1.0,0.41575711845494734,0.32499999991875,41.0
C00086,2,292.5,887.9,2,6.902400970220212,496.83000000000004,2.0,0.25,0.75,0.0,0.0,1.0,1.0,0.0,0.0,50.0
C00087,4,452.40000000000003,917.8000000000001,5,9.745918704087735,3416.672,3.0,0.4666666666666667,0.4666666666666667,0.06666666666666667,0.0,0.0,1.0,0.0,0.0,22.0
C00088,0,74.10000000000001,635.7,5,9.622995569329683,3021.448,2.2,0.45454545454545453,0.36363636363636365,0.18181818181818182,1.0,0.0,0.0,0.06364537797770714,0.259999999948,25.0
C00089,4,553.8000000000001,631.8000000000001,2,8.777020394108641,3241.265,2.0,0.5,0.5,0.0,0.0,1.0,1.0,0.0,0.0,52.0
C00090,4,20.8,705.9,2,8.501092264366063,2459.5699999999997,2.0,0.5,0.5,0.0,0.0,0.0,1.0,0.11395223555334592,0.649999999675,65.0
C00091,3,106.60000000000001,473.2,4,9.936248503974603,5166.2675,3.5,0.6428571428571428,0.3571428571428571,0.0,0.0,0.0,1.0,0.3949206075759533,0.32499999991875,26.0
C00092,3,260.0,864.5,4,8.774351621317726,1616.3125,2.5,0.5,0.30000000000000004,0.2,0.0,1.0,1.0,0.0,0.0,49.0
C00093,2,456.3,833.3000000000001,5,9.44260777408913,2522.714,3.6,0.4444444444444444,0.16666666666666666,0.3888888888888889,0.0,1.0,1.0,0.0,0.0,51.0
C00094,0,379.6,919.1,4,6.951322302460651,260.8825,1.5,0.0,0.8333333333333333,0.16666666666666666,0.0,1.0,1.0,0.0,0.0,64.0
C00095,2,348.40000000000003,573.3000000000001,4,9.128549887830788,2303.4125,3.25,0.15384615384615385,0.5384615384615385,0.3076923076923077,1.0,0.0,0.0,0.0,0.0,62.0
C00096,2,10.4,540.8000000000001,5,9.686428577586039,3219.33,3.4,0.3529411764705882,0.4117647058823529,0.23529411764705882,0.0,0.0,1.0,0.1452256836049647,0.259999999948,47.0
C00097,3,318.5,893.1,8,10.101416264923527,3047.06375,3.0,0.4166666666666667,0.4166666666666667,0.16666666666666666,0.0,1.0,1.0,0.0,0.0,40.0
C00098,2,49.4,916.5,8,10.16909999748746,3260.44875,2.75,0.45454545454545453,0.5,0.045454545454545456,1.0,0.0,0.0,0.6532672458047128,0.1624999999796875,49.0
C00099,4,9.1,854.1,4,9.59859149934966,3685.75,3.5,0.5,0.42857142857142855,0.07142857142857142,0.0,1.0,1.0,1.0875452757239987,0.6499999998375,65.0
C00100,2,81.9,261.3,3,7.758965476189256,780.4933333333333,3.0,0.2222222222222222,0.6666666666666666,0.1111111111111111,0.0,0.0,1.0,1.1433546304042133,0.8666666663777778,34.0
C00101,2,11.700000000000001,790.4,4,9.655213996114385,3900.4825,3.75,0.33333333333333337,0.33333333333333337,0.3333333333333333,0.0,0.0,1.0,0.0502946109872272,0.32499999991875,51.0
C00102,3,144.3,796.9,7,9.996615808219811,3135.8642857142854,2.857142857142857,0.65,0.25,0.1,0.0,1.0,1.0,0.0,0.0,47.0
C00103,2,275.6,747.5,5,9.70528536335936,3280.6159999999995,2.4,0.41666666666666663,0.08333333333333333,0.5,1.0,0.0,0.0,0.0,0.0,51.0
C00104,2,375.7,947.7,7,9.365014914563382,1667.3971428571429,2.7142857142857144,0.3157894736842105,0.47368421052631576,0.21052631578947367,0.0,1.0,1.0,0.0,0.0,28.0
C00105,0,65.0,947.7,11,10.273084003070007,2631.091818181818,3.090909090909091,0.29411764705882354,0.47058823529411764,0.23529411764705882,1.0,0.0,0.0,0.20288832738292178,0.23636363634214874,35.0
C00106,4,63.7,934.7,10,10.548576201218452,3812.2119999999995,3.1,0.45161290322580644,0.3225806451612903,0.22580645161290322,1.0,0.0,0.0,0.025257199756990818,0.12999999998700001,57.0
C00107,2,704.6,783.9,3,7.555863251731803,636.9733333333334,2.0,0.0,0.6666666666666666,0.3333333333333333,0.0,0.0,1.0,0.0,0.0,36.0
C00108,0,3.9000000000000004,551.2,4,9.616971466724316,3754.1249999999995,4.0,0.375,0.4375,0.1875,0.0,1.0,1.0,0.12516065661105286,0.32499999991875,44.0
C00109,2,62.400000000000006,899.6,7,10.014262085915265,3191.694285714286,3.2857142857142856,0.34782608695652173,0.4782608695652174,0.17391304347826086,0.0,0.0,1.0,0.03559457448932025,0.1857142856877551,39.0
C00110,0,159.9,936.0,3,9.3707732772375,3913.0633333333335,3.3333333333333335,0.30000000000000004,0.5,0.2,1.0,0.0,0.0,0.0,0.0,30.0
C00111,3,114.4,941.2,6,9.26944100958897,1767.97,2.8333333333333335,0.411764705882353,0.35294117647058826,0.23529411764705882,0.0,0.0,1.0,0.1254249223685804,0.21666666663055556,33.0
C00112,4,32.5,847.6,5,10.181271928999502,5280.606,3.0,0.5333333333333333,0.3333333333333333,0.13333333333333333,0.0,1.0,1.0,0.3090956606116681,0.259999999948,55.0
C00113,2,101.4,812.5,10,9.985384079286307,2170.587,3.4,0.2647058823529412,0.5294117647058824,0.20588235294117646,0.0,0.0,1.0,0.09114368601672768,0.12999999998700001,24.0
C00114,3,235.3,903.5,5,9.626797512402518,3032.958,2.6,0.5384615384615385,0.38461538461538464,0.07692307692307693,0.0,0.0,1.0,0.0,0.0,41.0
C00115,3,634.4,910.0,4,9.532028865604646,3448.3875000000003,3.0,0.5,0.25,0.25,0.0,1.0,1.0,0.0,0.0,58.0
C00116,4,31.200000000000003,899.6,5,9.722881922697091,3338.858,2.6,0.38461538461538464,0.38461538461538464,0.23076923076923078,0.0,1.0,1.0,0.019319779397625216,0.259999999948,27.0
C00117,2,399.1,822.9,6,9.542575071477023,2323.3,1.8333333333333333,0.45454545454545453,0.36363636363636365,0.18181818181818182,0.0,1.0,1.0,0.0,0.0,63.0
C00118,2,71.5,655.2,6,10.092241709060621,4025.646666666667,3.0,0.4444444444444444,0.4444444444444444,0.1111111111111111,0.0,1.0,1.0,0.6867262319759523,0.4333333332611111,26.0
C00119,2,10.4,512.2,4,9.261685365027335,2631.465,3.25,0.46153846153846156,0.15384615384615385,0.38461538461538464,0.0,0.0,1.0,0.18270763624063183,0.32499999991875,63.0
C00120,0,84.5,904.8000000000001,6,8.806479476430697,1112.7283333333332,2.5,0.13333333333333333,0.6666666666666667,0.2,0.0,0.0,1.0,0.19707460790816012,0.21666666663055556,62.0
C00121,3,54.6,772.2,5,9.456915252992934,2559.07,4.0,0.44999999999999996,0.45,0.1,0.0,0.0,1.0,0.05341182538968819,0.259999999948,63.0
C00122,2,44.2,930.8000000000001,7,9.912511216542404,2882.8985714285714,3.4285714285714284,0.33333333333333337,0.375,0.2916666666666667,0.0,1.0,1.0,0.14097517924667383,0.1857142856877551,26.0
C00123,4,88.4,782.6,6,10.477960988376122,5920.483333333334,3.0,0.6666666666666666,0.16666666666666666,0.16666666666666666,0.0,1.0,1.0,0.3409487682593386,0.21666666663055556,65.0
C00124,1,118.3,910.0,9,10.265598991917368,3191.797777777778,2.5555555555555554,0.43478260869565216,0.34782608695652173,0.21739130434782608,1.0,0.0,0.0,0.0,0.0,56.0
C00125,0,0.0,867.1,7,10.01358736994083,3189.5414285714287,3.4285714285714284,0.375,0.5,0.125,0.0,0.0,1.0,0.10859559300731951,0.3714285713755102,56.0
C00126,3,101.4,945.1,6,9.796108334001381,2993.7833333333333,3.3333333333333335,0.4,0.4,0.2,0.0,1.0,1.0,0.10349368413433929,0.21666666663055556,51.0
C00127,1,15.600000000000001,899.6,6,9.958484604537686,3521.625,3.1666666666666665,0.42105263157894735,0.42105263157894735,0.15789473684210525,1.0,0.0,0.0,0.015955796921401533,0.21666666663055556,44.0
C00128,0,120.9,729.3000000000001,10,10.664343230794683,4396.879999999999,3.1,0.45161290322580644,0.3548387096774194,0.1935483870967742,0.0,1.0,1.0,0.0,0.0,57.0
C00129,2,460.2,460.2,1,9.033103068434446,8374.810000000001,5.0,0.6000000000000001,0.4,0.0,1.0,0.0,0.0,0.0,0.0,23.0
C00130,2,119.60000000000001,895.7,7,9.716939275733042,2370.7671428571425,3.0,0.38095238095238093,0.42857142857142855,0.19047619047619047,0.0,1.0,1.0,0.0,0.0,38.0
C00131,4,136.5,841.1,5,9.904554982629865,4004.072,3.4,0.3529411764705882,0.47058823529411764,0.17647058823529413,1.0,0.0,0.0,0.0,0.0,35.0
C00132,0,19.5,929.5,6,9.93685124292369,3446.2549999999997,3.3333333333333335,0.3,0.55,0.15,0.0,1.0,1.0,0.8013803873092773,0.6499999998916667,45.0
C00133,1,50.7,882.7,7,10.215621354909842,3903.6785714285716,3.2857142857142856,0.4782608695652174,0.3913043478260869,0.13043478260869565,1.0,0.0,0.0,0.20055083575015503,0.3714285713755102,32.0
C00134,4,19.5,880.1,6,10.384339624063683,5391.34,3.3333333333333335,0.45,0.45,0.1,1.0,0.0,0.0,0.491876262054811,0.4333333332611111,57.0
C00135,0,61.1,878.8000000000001,7,10.224157371771048,3937.144285714286,3.2857142857142856,0.43478260869565216,0.3913043478260869,0.17391304347826086,0.0,0.0,1.0,0.326155070335594,0.5571428570632653,54.0
C00136,2,23.400000000000002,23.400000000000002,1,8.793064288088171,6587.389999999999,4.0,0.75,0.25,0.0,1.0,0.0,0.0,1.2999999999998026,1.2999999987,52.0
C00137,2,169.0,893.1,6,9.393807106137494,2002.125,3.1666666666666665,0.21052631578947367,0.5263157894736842,0.2631578947368421,1.0,0.0,0.0,0.0,0.0,36.0
C00138,3,31.200000000000003,929.5,7,9.945918971238203,2980.8414285714284,1.7142857142857142,0.6666666666666667,0.16666666666666666,0.16666666666666666,0.0,1.0,1.0,0.0877171306855309,0.3714285713755102,58.0
C00139,2,122.2,707.2,6,9.35602819981913,1927.8916666666667,3.3333333333333335,0.35,0.3,0.35,0.0,0.0,1.0,0.0,0.0,59.0
C00140,0,61.1,884.0,6,9.63850195537616,2557.2233333333334,2.6666666666666665,0.375,0.375,0.25,0.0,1.0,1.0,0.04252463935492256,0.21666666663055556,43.0
C00141,1,1.3,834.6,7,9.665507609239652,2251.91,2.5714285714285716,0.5555555555555556,0.3333333333333333,0.1111111111111111,1.0,0.0,0.0,0.5473636030873762,0.1857142856877551,31.0
C00142,3,143.0,552.5,5,9.856751227793822,3817.156,2.6,0.6923076923076923,0.23076923076923078,0.07692307692307693,0.0,1.0,1.0,0.0,0.0,35.0
C00143,0,104.0,591.5,5,9.442440493199948,2522.292,3.2,0.4375,0.4375,0.125,0.0,1.0,1.0,0.17347785268318078,0.259999999948,27.0
C00144,0,152.1,778.7,7,10.277671122010839,4153.5828571428565,2.7142857142857144,0.5263157894736842,0.47368421052631576,0.0,0.0,1.0,1.0,0.0,0.0,64.0
C00145,1,48.1,926.9,7,9.835633139901761,2669.5614285714287,2.857142857142857,0.44999999999999996,0.35,0.2,1.0,0.0,0.0,0.08167762173882592,0.1857142856877551,67.0
C00147,2,158.6,699.4,7,10.092522358297694,3451.522857142857,3.0,0.42857142857142855,0.23809523809523808,0.3333333333333333,1.0,0.0,0.0,0.0,0.0,49.0
C00148,0,40.300000000000004,933.4,9,10.398874714168757,3646.852222222222,2.6666666666666665,0.5,0.375,0.125,1.0,0.0,0.0,0.28366521264761113,0.2888888888567901,30.0
C00149,3,111.8,890.5,11,10.599871489144943,3648.061818181818,2.4545454545454546,0.5555555555555556,0.3333333333333333,0.1111111111111111,0.0,0.0,1.0,0.15934675648438576,0.11818181817107437,52.0
C00150,2,260.0,260.0,1,6.568709734241798,711.45,2.0,0.5,0.5,0.0,1.0,0.0,0.0,0.0,0.0,59.0
C00151,0,28.6,946.4,6,9.932592368246235,3431.6083333333336,3.1666666666666665,0.3157894736842105,0.42105263157894735,0.2631578947368421,1.0,0.0,0.0,0.07097274601559177,0.21666666663055556,30.0
C00152,2,367.90000000000003,367.90000000000003,1,9.124094883437284,9172.69,4.0,0.75,0.25,0.0,0.0,1.0,1.0,0.0,0.0,25.0
C00153,1,62.400000000000006,647.4,5,9.626915534238014,3033.316,2.6,0.6153846153846154,0.23076923076923078,0.15384615384615385,1.0,0.0,0.0,0.5380950748289636,0.259999999948,43.0
C00154,1,29.900000000000002,926.9,11,10.361574205849369,2874.538181818182,3.0,0.4545454545454546,0.30303030303030304,0.24242424242424243,1.0,0.0,0.0,0.2782915643050242,0.11818181817107437,38.0
C00155,3,162.5,890.5,5,9.568414736269325,2860.944,1.8,0.5555555555555556,0.3333333333333333,0.1111111111111111,0.0,1.0,1.0,0.0,0.0,51.0
C00156,0,13.0,937.3000000000001,6,10.055187087904619,3879.2016666666664,4.333333333333333,0.34615384615384615,0.5384615384615385,0.11538461538461539,0.0,0.0,1.0,0.6830476287861342,0.4333333332611111,46.0
C00157,2,94.9,650.0,11,9.522549921432985,1242.1281818181817,2.909090909090909,0.34375,0.53125,0.125,0.0,1.0,1.0,0.05122586528545574,0.11818181817107437,56.0
C00158,3,131.3,910.0,5,9.92425246178852,4083.728,2.6,0.5384615384615385,0.3076923076923077,0.15384615384615385,0.0,0.0,1.0,0.0,0.0,25.0
C00159,0,31.200000000000003,804.7,4,9.159194435152026,2375.0999999999995,3.75,0.39999999999999997,0.5333333333333333,0.06666666666666667,0.0,1.0,1.0,0.30394909688009936,0.6499999998375,35.0
C00160,0,0.0,819.0,7,9.092352690381247,1269.4385714285713,3.0,0.2857142857142857,0.5238095238095237,0.19047619047619047,0.0,0.0,1.0,0.20973197375215258,0.1857142856877551,36.0
C00161,0,139.1,679.9,8,10.519043393363512,4626.5875,3.0,0.5416666666666667,0.4583333333333333,0.0,1.0,0.0,0.0,0.0,0.0,36.0
C00162,0,14.3,946.4,8,9.64698303616158,1934.2537499999999,1.875,0.4,0.4666666666666667,0.13333333333333333,1.0,0.0,0.0,0.04140434004586773,0.1624999999796875,49.0
C00163,0,353.6,930.8000000000001,5,9.694196362707288,3244.436,3.0,0.4666666666666667,0.4666666666666667,0.06666666666666667,0.0,1.0,1.0,0.0,0.0,40.0
C00164,2,33.800000000000004,923.0,6,9.215238357238375,1674.6833333333334,2.5,0.3333333333333333,0.33333333333333337,0.3333333333333333,0.0,1.0,1.0,0.040950627481808395,0.21666666663055556,26.0
C00165,0,156.0,673.4,3,9.26796190078406,3530.713333333333,4.0,0.3333333333333333,0.5,0.16666666666666666,0.0,1.0,1.0,0.0,0.0,28.0
C00166,1,371.8,911.3000000000001,5,9.122606916168563,1831.81,2.6,0.5384615384615385,0.3076923076923077,0.15384615384615385,1.0,0.0,0.0,0.0,0.0,27.0
C00167,3,323.7,873.6,5,9.454363617400633,2552.548,2.6,0.5384615384615385,0.23076923076923078,0.23076923076923078,0.0,1.0,1.0,0.0,0.0,29.0
C00168,1,96.2,734.5,5,10.070838016351576,4728.474,3.4,0.6470588235294118,0.1764705882352941,0.17647058823529413,1.0,0.0,0.0,0.07582188249316478,0.259999999948,24.0
C00169,3,45.5,943.8000000000001,9,10.392770694336205,3624.658888888889,3.111111111111111,0.6428571428571428,0.25,0.10714285714285714,0.0,1.0,1.0,0.0042620102489336386,0.14444444442839505,64.0
C00170,0,166.4,747.5,5,9.08198413652404,1758.8799999999999,3.0,0.3333333333333333,0.5333333333333333,0.13333333333333333,1.0,0.0,0.0,0.0,0.0,28.0
C00171,3,135.20000000000002,726.7,4,9.583197574046828,3629.4425,2.75,0.6363636363636364,0.36363636363636365,0.0,0.0,1.0,1.0,0.0,0.0,50.0
C00172,3,20.8,937.3000000000001,11,10.631424731652585,3765.0081818181816,3.0,0.5151515151515151,0.36363636363636365,0.12121212121212122,0.0,0.0,1.0,0.22736092086241452,0.23636363634214874,47.0
C00173,3,66.3,903.5,8,10.585199094719616,4943.0225,3.375,0.5185185185185185,0.37037037037037035,0.1111111111111111,0.0,1.0,1.0,0.22038390984462897,0.1624999999796875,32.0
C00174,3,61.1,687.7,6,10.100918140879521,4060.728333333334,4.0,0.45833333333333337,0.375,0.16666666666666666,0.0,0.0,1.0,0.13484280529313356,0.21666666663055556,36.0
C00175,0,434.2,886.6,5,9.473721811253622,2602.446,3.0,0.4,0.4666666666666667,0.13333333333333333,0.0,0.0,1.0,0.0,0.0,35.0
C00176,0,15.600000000000001,616.2,3,8.003663916075933,996.9666666666667,3.0,0.1111111111111111,0.6666666666666666,0.2222222222222222,0.0,1.0,1.0,0.3077117255674521,0.4333333331888889,38.0
C00177,2,26.0,577.2,3,8.972277326441386,2626.8433333333332,2.6666666666666665,0.375,0.375,0.25,1.0,0.0,0.0,1.2662616600658498,0.8666666663777778,47.0
C00178,1,365.3,826.8000000000001,5,9.80405664417984,3621.21,3.2,0.5625,0.0625,0.375,1.0,0.0,0.0,0.0,0.0,28.0
C00179,0,387.40000000000003,941.2,6,9.91894250709099,3385.0833333333335,2.3333333333333335,0.5714285714285714,0.4285714285714286,0.0,0.0,0.0,1.0,0.0,0.0,44.0
C00180,3,94.9,713.7,7,9.618530430698502,2148.561428571428,3.142857142857143,0.5454545454545454,0.4545454545454546,0.0,0.0,1.0,1.0,0.28636177163056703,0.1857142856877551,31.0
C00181,3,70.2,930.8000000000001,5,9.919069028392888,4062.614,2.2,0.6363636363636364,0.2727272727272727,0.09090909090909091,0.0,1.0,1.0,0.40626763950498834,0.259999999948,31.0
C00182,0,13.0,932.1,9,9.902001448830825,2218.811111111111,2.7777777777777777,0.4,0.48000000000000004,0.12,1.0,0.0,0.0,0.018073042119652764,0.14444444442839505,34.0
C00183,3,171.6,925.6,10,10.552634255044698,3827.714,3.3,0.48484848484848486,0.3939393939393939,0.12121212121212122,0.0,0.0,1.0,0.0,0.0,35.0
C00184,4,113.10000000000001,832.0,6,10.485426318425812,5964.848333333332,3.0,0.5555555555555556,0.4444444444444444,0.0,0.0,0.0,1.0,0.25073638362975287,0.21666666663055556,53.0
C00185,3,514.8000000000001,877.5,3,8.939801183687344,2542.893333333333,2.0,0.6666666666666666,0.16666666666666666,0.16666666666666666,0.0,1.0,1.0,0.0,0.0,49.0
C00186,4,49.4,300.3,2,9.459659143591663,6415.254999999999,4.0,0.5,0.5,0.0,1.0,0.0,0.0,0.6604000932152612,0.649999999675,42.0
C00187,2,59.800000000000004,59.800000000000004,1,5.511814540810441,246.6,1.0,0.0,1.0,0.0,0.0,1.0,1.0,1.2999999999947285,1.2999999987,25.0
C00188,2,309.40000000000003,685.1,2,8.89278448767254,3639.13,3.0,0.16666666666666666,0.6666666666666666,0.16666666666666666,1.0,0.0,0.0,0.0,0.0,36.0
C00189,0,127.4,764.4,9,9.922578161701667,2264.942222222222,3.3333333333333335,0.30000000000000004,0.5666666666666667,0.13333333333333333,1.0,0.0,0.0,0.0,0.0,62.0
C00190,0,123.5,924.3000000000001,6,9.654529916266428,2598.5433333333335,2.8333333333333335,0.29411764705882354,0.4117647058823529,0.29411764705882354,0.0,0.0,1.0,0.0,0.0,23.0
C00191,1,49.4,897.0,7,10.196594011366841,3830.1014285714286,3.5714285714285716,0.48000000000000004,0.4,0.12,1.0,0.0,0.0,0.03524356497832265,0.1857142856877551,30.0
C00192,3,72.8,664.3000000000001,4,10.136194825326266,6309.8099999999995,4.25,0.7058823529411764,0.11764705882352941,0.17647058823529413,0.0,0.0,1.0,0.36622731112345824,0.32499999991875,43.0
C00193,4,3.9000000000000004,375.7,3,9.420809541577336,4113.856666666667,1.3333333333333333,0.75,0.0,0.25,0.0,0.0,1.0,0.04514239274257286,0.4333333331888889,51.0
C00194,2,414.7,760.5,5,9.39943808534388,2416.118,3.8,0.3684210526315789,0.3157894736842105,0.3157894736842105,0.0,0.0,1.0,0.0,0.0,63.0
C00195,0,141.70000000000002,761.8000000000001,5,9.731280669525946,3367.0199999999995,4.0,0.4,0.44999999999999996,0.15,1.0,0.0,0.0,0.0,0.0,40.0
C00196,2,241.8,864.5,5,10.145043745956693,5092.716,4.0,0.4,0.45,0.15,0.0,1.0,1.0,0.0,0.0,46.0
C00197,0,2.6,715.0,5,9.653477558824687,3114.9719999999998,3.0,0.4,0.4666666666666667,0.13333333333333333,1.0,0.0,0.0,0.6608533238821626,0.519999999896,48.0
C00198,2,722.8000000000001,924.3000000000001,3,8.86491477336315,2359.396666666667,4.666666666666667,0.3571428571428571,0.3571428571428571,0.2857142857142857,1.0,0.0,0.0,0.0,0.0,43.0
C00199,2,96.2,139.1,2,8.140181420379157,1714.2699999999998,2.5,0.4,0.6000000000000001,0.0,0.0,0.0,1.0,1.2306990730744776,0.649999999675,43.0
C00200,2,484.90000000000003,739.7,2,8.362782477783119,2141.8,2.5,0.2,0.4,0.4,0.0,0.0,1.0,0.0,0.0,43.0
C00201,3,46.800000000000004,757.9,7,10.288040858440993,4196.88,4.285714285714286,0.5333333333333333,0.33333333333333337,0.13333333333333333,0.0,1.0,1.0,0.09398951465986657,0.1857142856877551,56.0
C00202,4,443.3,724.1,3,9.636612178295971,5104.79,2.6666666666666665,0.5,0.25,0.25,0.0,1.0,1.0,0.0,0.0,27.0
C00203,4,22.1,891.8000000000001,7,10.630402625839798,5910.397142857143,3.2857142857142856,0.4782608695652174,0.34782608695652173,0.17391304347826086,0.0,1.0,1.0,0.5283672018172207,0.5571428570632653,52.0
C00204,3,81.9,670.8000000000001,8,9.986644636271281,2716.65625,2.875,0.4782608695652174,0.3913043478260869,0.13043478260869565,0.0,0.0,1.0,0.0644052776275953,0.324999999959375,50.0
C00205,1,50.7,872.3000000000001,4,9.028124009649096,2083.3025,2.25,0.5555555555555556,0.3333333333333333,0.1111111111111111,1.0,0.0,0.0,0.15602882922665387,0.32499999991875,30.0
C00206,1,61.1,860.6,8,10.260302886619703,3571.805,3.375,0.4444444444444444,0.37037037037037035,0.18518518518518517,1.0,0.0,0.0,0.021431426127685397,0.1624999999796875,47.0
C00207,1,490.1,811.2,3,9.549699152802976,4679.823333333333,3.6666666666666665,0.6363636363636364,0.36363636363636365,0.0,1.0,0.0,0.0,0.0,0.0,32.0
C00208,2,11.700000000000001,919.1,11,9.725992927341206,1522.3918181818183,2.909090909090909,0.21875,0.625,0.15625,0.0,0.0,1.0,0.19859139117810437,0.3545454545132231,30.0
C00209,3,260.0,665.6,3,9.015356586455828,2742.4933333333333,3.3333333333333335,0.6,0.30000000000000004,0.1,0.0,0.0,1.0,0.0,0.0,28.0
C00210,3,127.4,620.1,4,9.867359213062933,4822.3325,3.5,0.5,0.3571428571428571,0.14285714285714285,0.0,0.0,1.0,0.0,0.0,28.0
C00211,2,85.8,774.8000000000001,5,8.19256493710255,722.596,2.6,0.07692307692307693,0.6153846153846154,0.3076923076923077,1.0,0.0,0.0,0.18586540750289623,0.259999999948,48.0
C00212,3,291.2,834.6,5,9.85033568997499,3792.744,3.2,0.5625,0.25,0.1875,0.0,1.0,1.0,0.0,0.0,63.0
C00213,0,263.90000000000003,756.6,3,8.837576695687865,2295.7599999999998,2.3333333333333335,0.2857142857142857,0.7142857142857142,0.0,0.0,1.0,1.0,0.0,0.0,64.0
C00214,3,105.3,947.7,7,10.075256964089625,3392.44,3.142857142857143,0.5,0.36363636363636365,0.13636363636363635,0.0,1.0,1.0,0.5764793818860855,0.1857142856877551,67.0
C00215,3,40.300000000000004,936.0,5,9.475280546705568,2606.5060000000003,3.0,0.6,0.26666666666666666,0.13333333333333333,0.0,1.0,1.0,0.07415344526350033,0.259999999948,20.0
C00216,2,81.9,432.90000000000003,3,7.878394034803069,879.5433333333334,3.6666666666666665,0.36363636363636365,0.5454545454545454,0.09090909090909091,1.0,0.0,0.0,0.5017452238470336,0.4333333331888889,60.0
C00217,1,13.0,925.6,9,10.322201505808819,3377.678888888889,2.888888888888889,0.5,0.23076923076923078,0.2692307692307692,1.0,0.0,0.0,0.2853647689027644,0.14444444442839505,25.0
C00218,0,118.3,841.1,7,9.77592743914239,2514.8299999999995,3.0,0.42857142857142855,0.42857142857142855,0.14285714285714285,0.0,1.0,1.0,0.0,0.0,36.0
C00219,2,179.4,646.1,4,9.429755380907244,3113.12,4.25,0.3529411764705882,0.35294117647058826,0.29411764705882354,0.0,0.0,1.0,0.0,0.0,30.0
C00220,2,35.1,794.3000000000001,4,8.191122273046997,901.9425,3.25,0.23076923076923078,0.46153846153846156,0.3076923076923077,0.0,1.0,1.0,0.44682421551250573,0.32499999991875,51.0
C00221,3,210.6,820.3000000000001,6,9.952698104520696,3501.305,2.1666666666666665,0.5384615384615385,0.23076923076923078,0.23076923076923078,0.0,0.0,1.0,0.0,0.0,25.0
C00222,1,232.70000000000002,561.6,4,9.396118448118374,3010.1375000000003,3.25,0.5384615384615385,0.23076923076923078,0.23076923076923078,1.0,0.0,0.0,0.0,0.0,55.0
C00223,3,49.4,912.6,5,9.989485874892482,4359.018,3.0,0.5333333333333333,0.26666666666666666,0.2,0.0,0.0,1.0,0.835943967196243,0.519999999896,30.0
C00224,3,76.7,889.2,4,9.709880351755114,4119.6575,4.0,0.5,0.3125,0.1875,0.0,0.0,1.0,0.5416717287783911,0.32499999991875,27.0
C00225,3,78.0,919.1,8,10.312704613259019,3763.97125,3.0,0.5833333333333333,0.2916666666666667,0.125,0.0,0.0,1.0,0.12146449710528072,0.324999999959375,34.0
C00226,3,23.400000000000002,635.7,7,10.192621071130146,3814.9142857142856,3.4285714285714284,0.5833333333333334,0.25,0.16666666666666666,0.0,1.0,1.0,0.4363634082772712,0.3714285713755102,35.0
C00227,2,215.8,215.8,1,8.744924602389284,6277.74,2.0,1.0,0.0,0.0,0.0,1.0,1.0,0.0,0.0,35.0
C00228,1,133.9,721.5,4,9.231939423950584,2554.335,3.0,0.5833333333333334,0.3333333333333333,0.08333333333333333,1.0,0.0,0.0,0.0,0.0,40.0
C00229,0,5.2,924.3000000000001,4,9.052847613620838,2135.4575,3.25,0.46153846153846156,0.5384615384615385,0.0,1.0,0.0,0.0,1.0219615702957068,0.32499999991875,65.0
C00230,3,262.6,712.4,7,10.07519674688235,3392.2357142857145,3.5714285714285716,0.48,0.44000000000000006,0.08,0.0,0.0,1.0,0.0,0.0,25.0
C00231,2,218.4,847.6,2,7.368592020403056,792.2,3.0,0.16666666666666666,0.6666666666666666,0.16666666666666666,1.0,0.0,0.0,0.0,0.0,61.0
C00232,3,339.3,834.6,7,9.969900565715237,3053.1942857142853,3.7142857142857144,0.5,0.34615384615384615,0.15384615384615385,0.0,1.0,1.0,0.0,0.0,20.0
C00233,1,1.3,890.5,10,10.624783561208584,4114.094999999999,2.4,0.625,0.2916666666666667,0.08333333333333333,1.0,0.0,0.0,0.2093928069235103,0.12999999998700001,34.0
C00234,2,462.8,843.7,3,8.343515766233876,1400.6133333333335,3.6666666666666665,0.36363636363636365,0.36363636363636365,0.2727272727272727,0.0,1.0,1.0,0.0,0.0,22.0
C00235,4,72.8,756.6,4,10.167016907253078,6507.3275,3.0,0.8333333333333334,0.08333333333333333,0.08333333333333333,0.0,0.0,1.0,0.33015381506462016,0.32499999991875,35.0
C00236,1,721.5,813.8000000000001,3,9.557623954809046,4717.06,3.3333333333333335,0.6000000000000001,0.4,0.0,1.0,0.0,0.0,0.0,0.0,22.0
C00237,4,29.900000000000002,566.8000000000001,3,9.593097596615461,4887.406666666667,3.3333333333333335,0.6,0.4,0.0,1.0,0.0,0.0,0.6841920936938142,0.4333333331888889,20.0
C00238,4,89.7,491.40000000000003,4,10.06636164395644,5884.192499999999,2.75,0.7272727272727273,0.09090909090909091,0.18181818181818182,0.0,0.0,1.0,0.2501026266560684,0.32499999991875,36.0
C00239,3,107.9,906.1,9,10.664343230794683,5037.247777777778,3.888888888888889,0.5428571428571428,0.3142857142857143,0.14285714285714285,0.0,1.0,1.0,0.23174178227395711,0.2888888888567901,31.0
C00240,3,253.5,491.40000000000003,3,9.012300324434756,2734.1233333333334,3.0,0.6666666666666667,0.2222222222222222,0.1111111111111111,0.0,0.0,1.0,0.0,0.0,45.0
C00241,0,104.0,928.2,9,10.664343230794683,4802.7411111111105,3.7777777777777777,0.38235294117647056,0.4411764705882353,0.17647058823529413,0.0,0.0,1.0,0.03610042598358679,0.14444444442839505,43.0
C00242,2,169.0,878.8000000000001,6,9.748376411613746,2854.2333333333336,3.8333333333333335,0.3913043478260869,0.30434782608695654,0.30434782608695654,0.0,0.0,1.0,0.0,0.0,48.0
C00243,4,161.20000000000002,800.8000000000001,2,9.578291203473041,7223.355,3.0,0.8333333333333333,0.16666666666666666,0.0,1.0,0.0,0.0,0.0,0.0,58.0
C00244,2,15.600000000000001,705.9,4,9.804665613717884,4529.2699999999995,3.0,0.5833333333333333,0.08333333333333333,0.3333333333333333,0.0,1.0,1.0,0.03049967213259364,0.32499999991875,58.0
C00245,3,31.200000000000003,895.7,7,9.896975897654146,2838.4557142857143,1.8571428571428572,0.6153846153846154,0.3076923076923077,0.07692307692307693,0.0,0.0,1.0,0.020012441372797785,0.1857142856877551,46.0
C00246,2,522.6,843.7,2,8.202000138503873,1823.62,4.5,0.2222222222222222,0.3333333333333333,0.4444444444444444,1.0,0.0,0.0,0.0,0.0,45.0
C00247,2,436.8,860.6,4,9.229660529961583,2548.52,4.25,0.411764705882353,0.5294117647058824,0.058823529411764705,0.0,1.0,1.0,0.0,0.0,55.0
C00248,3,159.9,811.2,4,9.988458557715525,5443.1775,3.75,0.5333333333333333,0.2,0.26666666666666666,0.0,1.0,1.0,0.0,0.0,56.0
C00249,3,7.800000000000001,934.7,5,9.587749567937514,2916.802,4.2,0.47619047619047616,0.5238095238095237,0.0,0.0,0.0,1.0,0.4811173332985592,0.259999999948,64.0
C00250,0,378.3,926.9,9,9.746802747858375,1899.8300000000002,3.3333333333333335,0.3333333333333333,0.5,0.16666666666666666,1.0,0.0,0.0,0.0,0.0,57.0
C00251,4,13.0,815.1,5,10.265591333635475,5745.192,3.8,0.5263157894736842,0.3684210526315789,0.10526315789473684,0.0,1.0,1.0,0.07977320862383433,0.259999999948,40.0
C00252,3,58.5,925.6,6,10.149539882452045,4263.054999999999,3.1666666666666665,0.631578947368421,0.3684210526315789,0.0,0.0,1.0,1.0,0.0054077025357009085,0.21666666663055556,59.0
C00253,1,180.70000000000002,353.6,4,9.71337190054116,4134.0675,2.5,0.8,0.2,0.0,1.0,0.0,0.0,0.0,0.0,47.0
C00254,3,24.7,409.5,4,9.671716264105934,3965.3875,3.5,0.5714285714285714,0.2857142857142857,0.14285714285714285,0.0,1.0,1.0,0.0641634014330211,0.32499999991875,56.0
C00255,4,149.5,934.7,7,10.664343230794683,6200.331428571429,3.0,0.6666666666666666,0.19047619047619047,0.14285714285714285,0.0,1.0,1.0,0.0,0.0,39.0
C00256,0,221.0,911.3000000000001,4,9.66444261667264,3936.6475,3.75,0.33333333333333337,0.5333333333333333,0.13333333333333333,0.0,0.0,1.0,0.0,0.0,56.0
C00257,2,293.8,861.9,3,8.964672543033291,2606.94,3.0,0.2222222222222222,0.6666666666666666,0.1111111111111111,0.0,0.0,1.0,0.0,0.0,26.0
C00258,2,88.4,770.9,4,9.381052297038371,2965.1225000000004,3.5,0.42857142857142855,0.3571428571428571,0.21428571428571427,0.0,1.0,1.0,0.5770972362861417,0.32499999991875,40.0
C00259,2,83.2,897.0,6,9.859656347379707,3190.2183333333337,3.0,0.38888888888888884,0.38888888888888884,0.2222222222222222,0.0,0.0,1.0,0.027876775414011477,0.21666666663055556,48.0
C00260,2,206.70000000000002,817.7,8,10.274594108007854,3623.21875,3.0,0.5,0.20833333333333331,0.2916666666666667,1.0,0.0,0.0,0.0,0.0,50.0
C00261,4,267.8,854.1,7,10.600483068744522,5736.175714285714,3.2857142857142856,0.6086956521739131,0.30434782608695654,0.08695652173913043,1.0,0.0,0.0,0.0,0.0,34.0
C00262,2,451.1,802.1,2,8.814144669875168,3363.875,3.0,0.5,0.3333333333333333,0.16666666666666666,0.0,1.0,1.0,0.0,0.0,20.0
C00263,2,525.2,790.4,2,7.667153575851016,1067.995,3.0,0.3333333333333333,0.5,0.16666666666666666,0.0,0.0,1.0,0.0,0.0,33.0
C00264,4,756.6,813.8000000000001,3,9.974309882875591,7155.603333333333,4.333333333333333,0.46153846153846156,0.38461538461538464,0.15384615384615385,1.0,0.0,0.0,0.0,0.0,33.0
C00265,4,438.1,568.1,2,9.521250082027267,6822.83,3.5,0.42857142857142855,0.42857142857142855,0.14285714285714285,0.0,0.0,1.0,0.0,0.0,45.0
C00266,2,341.90000000000003,561.6,2,8.185631677435172,1794.005,5.0,0.4,0.5,0.1,1.0,0.0,0.0,0.0,0.0,30.0
C00267,0,70.2,230.1,3,9.480710961653074,4367.833333333333,4.0,0.25,0.5833333333333333,0.16666666666666666,0.0,0.0,1.0,0.08890021749913467,0.4333333331888889,33.0
C00268,1,239.20000000000002,943.8000000000001,5,9.652318685089302,3111.364,3.2,0.5,0.3125,0.1875,1.0,0.0,0.0,0.0,0.0,31.0
C00269,2,301.6,835.9,5,9.865298027525554,3849.922,3.2,0.375,0.25,0.375,0.0,1.0,1.0,0.0,0.0,22.0
C00270,0,100.10000000000001,834.6,7,10.263332367122171,4094.4485714285715,3.2857142857142856,0.5217391304347826,0.43478260869565216,0.043478260869565216,0.0,1.0,1.0,0.2847431051242105,0.1857142856877551,46.0
C00271,3,0.0,923.0,4,9.869155908383936,4831.005,2.75,0.6363636363636364,0.18181818181818182,0.18181818181818182,0.0,0.0,1.0,1.2762335166284617,0.97499999975625,27.0
C00272,4,166.4,942.5,3,9.136267476130357,3095.013333333333,2.0,0.6666666666666666,0.3333333333333333,0.0,0.0,0.0,1.0,0.0,0.0,23.0
C00273,4,139.1,417.3,3,9.706132354732295,5472.326666666667,3.0,0.6666666666666666,0.2222222222222222,0.1111111111111111,1.0,0.0,0.0,0.0,0.0,63.0
C00274,0,174.20000000000002,919.1,6,9.833083864887334,3106.558333333333,3.6666666666666665,0.45454545454545453,0.5,0.045454545454545456,1.0,0.0,0.0,0.0,0.0,54.0
C00275,3,171.6,312.0,2,8.808932522053407,3346.3849999999998,1.5,1.0,0.0,0.0,0.0,1.0,1.0,0.0,0.0,31.0
C00276,4,169.0,600.6,4,10.13039839867556,6273.34,3.5,0.5714285714285714,0.42857142857142855,0.0,0.0,0.0,1.0,0.0,0.0,42.0
C00277,3,32.5,804.7,10,10.466782279155884,3512.8,2.6,0.5,0.3076923076923077,0.19230769230769232,0.0,1.0,1.0,0.07355280687770233,0.25999999997400003,47.0
C00278,3,209.3,570.7,5,9.854489516762891,3808.532,3.4,0.5294117647058824,0.23529411764705882,0.23529411764705882,0.0,0.0,1.0,0.0,0.0,30.0
C00279,3,81.9,898.3000000000001,7,10.174891603963001,3747.871428571428,3.0,0.5714285714285714,0.2857142857142857,0.14285714285714285,0.0,1.0,1.0,0.34405544480484757,0.1857142856877551,47.0
C00280,2,267.8,841.1,3,7.710362062450827,743.4499999999999,3.0,0.0,0.5555555555555556,0.4444444444444444,1.0,0.0,0.0,0.0,0.0,52.0
C00281,4,66.3,262.6,2,9.171386423238111,4808.475,3.5,0.2857142857142857,0.5714285714285714,0.14285714285714285,0.0,1.0,1.0,0.35972756435248593,0.649999999675,25.0
C00282,1,162.5,735.8000000000001,6,9.600435294986454,2461.7016666666664,2.3333333333333335,0.5714285714285714,0.2857142857142857,0.14285714285714285,1.0,0.0,0.0,0.0,0.0,46.0
C00283,4,120.9,542.1,7,10.105679953253704,3497.238571428571,2.5714285714285716,0.4444444444444444,0.4444444444444444,0.1111111111111111,0.0,1.0,1.0,0.0,0.0,36.0
C00284,2,208.0,208.0,1,8.432349644801652,4592.28,3.0,0.3333333333333333,0.0,0.6666666666666666,1.0,0.0,0.0,0.0,0.0,25.0
C00285,2,148.20000000000002,917.8000000000001,5,9.88504706710335,3926.714,3.2,0.375,0.375,0.25,0.0,0.0,1.0,0.0,0.0,44.0
C00286,2,128.70000000000002,453.7,3,8.16914096476839,1176.4366666666667,4.0,0.08333333333333333,0.5833333333333333,0.3333333333333333,0.0,1.0,1.0,0.0,0.0,41.0
C00287,0,157.3,802.1,6,9.949482384831844,3490.063333333333,2.3333333333333335,0.3571428571428571,0.4285714285714286,0.21428571428571427,0.0,0.0,1.0,0.0,0.0,49.0
C00288,4,59.800000000000004,647.4,6,10.363735941272337,5281.391666666667,4.166666666666667,0.36,0.44,0.2,0.0,0.0,1.0,0.07975745029324406,0.21666666663055556,33.0
C00289,2,26.0,938.6,6,9.633017172105305,2543.235,3.1666666666666665,0.3684210526315789,0.3684210526315789,0.2631578947368421,0.0,0.0,1.0,0.3583947216831871,0.4333333332611111,26.0
C00290,3,144.3,908.7,4,9.649652808067728,3878.85,3.75,0.4666666666666667,0.3333333333333333,0.2,0.0,0.0,1.0,0.0,0.0,49.0
C00291,2,114.4,547.3000000000001,6,9.283847306400054,1793.6266666666668,2.5,0.26666666666666666,0.4,0.3333333333333333,0.0,0.0,1.0,0.0689624187865118,0.21666666663055556,33.0
C00292,1,182.0,947.7,7,10.200680131409719,3845.7842857142855,2.5714285714285716,0.5,0.38888888888888884,0.1111111111111111,1.0,0.0,0.0,0.0,0.0,53.0
C00293,0,240.5,664.3000000000001,4,9.208555780539713,2495.2925,3.0,0.3333333333333333,0.5,0.16666666666666666,0.0,1.0,1.0,0.0,0.0,59.0
C00294,0,288.6,821.6,5,9.92667122236673,4093.618,3.8,0.3684210526315789,0.47368421052631576,0.15789473684210525,0.0,1.0,1.0,0.0,0.0,41.0
C00295,2,387.40000000000003,838.5,2,9.050597585425159,4261.315,3.5,0.2857142857142857,0.42857142857142855,0.2857142857142857,1.0,0.0,0.0,0.0,0.0,50.0
C00296,2,375.7,375.7,1,8.825490795961663,6804.53,4.0,0.75,0.25,0.0,0.0,1.0,1.0,0.0,0.0,57.0
C00297,3,84.5,885.3000000000001,9,9.984494103255994,2409.6177777777775,2.5555555555555554,0.4782608695652174,0.3913043478260869,0.13043478260869565,0.0,0.0,1.0,0.05359079540507791,0.14444444442839505,33.0
C00298,0,85.8,924.3000000000001,8,9.326588007286274,1403.9675,2.0,0.3125,0.5625,0.125,0.0,1.0,1.0,0.0301303270909022,0.1624999999796875,29.0
C00299,3,314.6,791.7,5,10.037911359340637,4575.3099999999995,3.2,0.5,0.25,0.25,0.0,1.0,1.0,0.0,0.0,30.0
C00300,2,348.40000000000003,774.8000000000001,5,9.041422187321345,1688.9560000000001,3.6,0.16666666666666666,0.7222222222222222,0.1111111111111111,0.0,0.0,1.0,0.0,0.0,60.0
C00301,0,192.4,898.3000000000001,8,10.625411676367477,5145.849999999999,4.125,0.3939393939393939,0.4545454545454546,0.15151515151515152,1.0,0.0,0.0,0.0,0.0,61.0
C00302,2,235.3,510.90000000000003,7,9.72135817727412,2381.2671428571434,3.0,0.23809523809523808,0.42857142857142855,0.3333333333333333,1.0,0.0,0.0,0.0,0.0,20.0
C00303,1,1.3,677.3000000000001,8,9.663398737770716,1966.27,2.625,0.47619047619047616,0.38095238095238093,0.14285714285714285,1.0,0.0,0.0,0.28508800927642913,0.4874999999390625,54.0
C00304,1,54.6,612.3000000000001,6,10.450471030611496,5759.941666666667,3.5,0.5714285714285714,0.2857142857142857,0.14285714285714285,1.0,0.0,0.0,0.07335482274849217,0.21666666663055556,31.0
C00305,1,286.0,863.2,7,9.439467585423932,1796.2885714285715,2.857142857142857,0.45,0.44999999999999996,0.1,1.0,0.0,0.0,0.0,0.0,26.0
C00306,1,297.7,947.7,7,8.8535111304199,999.7028571428572,3.2857142857142856,0.30434782608695654,0.43478260869565216,0.2608695652173913,1.0,0.0,0.0,0.0,0.0,58.0
C00307,3,105.3,704.6,7,10.207426635772883,3871.8185714285714,2.5714285714285716,0.6111111111111112,0.33333333333333337,0.05555555555555555,0.0,0.0,1.0,0.03244684207088982,0.1857142856877551,54.0
C00308,2,608.4,651.3000000000001,2,9.01477429243196,4111.345,4.0,0.5,0.375,0.125,0.0,0.0,1.0,0.0,0.0,67.0
C00309,3,66.3,854.1,7,9.804812969468875,2588.535714285714,2.857142857142857,0.44999999999999996,0.4,0.15,0.0,1.0,1.0,0.13728605527117443,0.1857142856877551,26.0
C00310,2,161.20000000000002,735.8000000000001,4,9.843168915151681,4707.0725,3.75,0.26666666666666666,0.5333333333333333,0.2,0.0,1.0,1.0,0.0,0.0,61.0
C00311,2,127.4,943.8000000000001,6,10.024572242838454,3762.2350000000006,3.6666666666666665,0.45454545454545453,0.22727272727272727,0.3181818181818182,0.0,0.0,1.0,0.0,0.0,67.0
C00313,1,14.3,903.5,6,10.367178171600209,5299.6033333333335,3.3333333333333335,0.6,0.4,0.0,1.0,0.0,0.0,0.266915699980053,0.21666666663055556,64.0
C00314,3,96.2,936.0,9,10.56917052066888,4323.931111111112,2.6666666666666665,0.5833333333333333,0.375,0.041666666666666664,0.0,0.0,1.0,0.21345514292806048,0.14444444442839505,47.0
C00315,2,811.2,947.7,4,8.251363930777082,957.9625000000001,3.25,0.15384615384615385,0.7692307692307693,0.07692307692307693,0.0,0.0,1.0,0.0,0.0,52.0
C00316,3,11.700000000000001,887.9,10,10.418916464892982,3348.613,2.4,0.7083333333333334,0.25,0.041666666666666664,0.0,1.0,1.0,0.33097966232585463,0.389999999961,62.0
C00317,1,165.1,768.3000000000001,4,9.582699473947347,3627.635,3.0,0.5,0.5,0.0,1.0,0.0,0.0,0.0,0.0,35.0
C00318,0,132.6,932.1,7,9.23854388729913,1469.292857142857,2.0,0.3571428571428571,0.5,0.14285714285714285,0.0,1.0,1.0,0.0,0.0,35.0
C00319,4,144.3,815.1,4,10.013754412378729,5582.63,3.5,0.5,0.42857142857142855,0.07142857142857142,1.0,0.0,0.0,0.0,0.0,50.0
C00320,0,136.5,943.8000000000001,8,9.725487046540897,2092.23,2.25,0.3333333333333333,0.5,0.16666666666666666,1.0,0.0,0.0,0.0,0.0,39.0
C00321,0,19.5,841.1,7,9.649763652379272,2216.7314285714288,2.7142857142857144,0.3684210526315789,0.5789473684210527,0.05263157894736842,0.0,0.0,1.0,0.04463212245571056,0.1857142856877551,43.0
C00322,2,75.4,466.7,5,9.172352898070683,1925.25,3.0,0.3333333333333333,0.4666666666666667,0.2,1.0,0.0,0.0,0.16329526035578099,0.519999999896,52.0
C00323,0,185.9,612.3000000000001,4,8.7014761567236,1502.6950000000002,3.0,0.41666666666666663,0.5,0.08333333333333333,0.0,1.0,1.0,0.0,0.0,34.0
C00324,2,500.5,790.4,3,8.214281061518346,1230.7733333333333,2.6666666666666665,0.375,0.375,0.25,1.0,0.0,0.0,0.0,0.0,51.0
C00325,4,36.4,806.0,7,10.112176335232721,3520.032857142857,1.8571428571428572,0.5384615384615385,0.38461538461538464,0.07692307692307693,1.0,0.0,0.0,0.042270181731256476,0.3714285713755102,54.0
C00326,4,188.5,663.0,3,9.74668402368111,5698.813333333333,2.3333333333333335,0.8571428571428571,0.0,0.14285714285714285,1.0,0.0,0.0,0.0,0.0,55.0
C00327,2,271.7,679.9,3,8.648908936750335,1900.9733333333334,2.6666666666666665,0.5,0.375,0.125,0.0,0.0,1.0,0.0,0.0,42.0
C00328,1,143.0,934.7,7,10.462385654425091,4996.2699999999995,3.0,0.6666666666666666,0.23809523809523808,0.09523809523809523,1.0,0.0,0.0,0.0,0.0,65.0
C00329,0,75.4,910.0,10,10.208221044710271,2712.427,3.1,0.3870967741935484,0.4838709677419355,0.12903225806451613,0.0,1.0,1.0,0.30985405321506126,0.12999999998700001,47.0
C00330,1,124.80000000000001,549.9,6,10.027820203668425,3774.475,3.1666666666666665,0.5789473684210527,0.3684210526315789,0.05263157894736842,1.0,0.0,0.0,0.0,0.0,27.0
C00331,4,58.5,864.5,5,10.271655349899431,5780.138,2.8,0.6428571428571428,0.3571428571428571,0.0,0.0,0.0,1.0,0.56821598377061,0.519999999896,52.0
C00332,0,263.90000000000003,886.6,4,8.024531598277916,763.4975,2.75,0.36363636363636365,0.4545454545454546,0.18181818181818182,1.0,0.0,0.0,0.0,0.0,63.0
C00333,0,104.0,772.2,6,9.156843599080402,1579.6816666666666,2.3333333333333335,0.14285714285714285,0.6428571428571428,0.21428571428571427,0.0,1.0,1.0,0.8610449995726078,0.21666666663055556,23.0
C00334,3,276.90000000000003,529.1,3,9.350482242169626,3834.4566666666665,3.0,0.6666666666666666,0.2222222222222222,0.1111111111111111,0.0,1.0,1.0,0.0,0.0,63.0
C00335,4,122.2,889.2,5,10.07608994758861,4753.374,2.8,0.5714285714285714,0.42857142857142855,0.0,1.0,0.0,0.0,0.0,0.0,30.0
C00336,3,114.4,808.6,6,10.298322695558758,4946.965,3.6666666666666665,0.7272727272727273,0.2727272727272727,0.0,0.0,0.0,1.0,0.2800582107750146,0.21666666663055556,20.0
C00337,1,66.3,915.2,9,10.536639475688304,4185.528888888889,3.0,0.48148148148148145,0.3333333333333333,0.18518518518518517,1.0,0.0,0.0,0.018594915391018724,0.14444444442839505,66.0
C00338,0,253.5,785.2,4,9.257175292568759,2619.6225,2.75,0.36363636363636365,0.5454545454545454,0.09090909090909091,0.0,0.0,1.0,0.0,0.0,27.0
C00339,0,180.70000000000002,666.9,5,9.170251442031757,1921.2079999999999,3.2,0.3125,0.625,0.0625,1.0,0.0,0.0,0.0,0.0,54.0
C00340,2,126.10000000000001,851.5,5,9.528103682991418,2747.9020000000005,3.6,0.3333333333333333,0.5555555555555556,0.1111111111111111,0.0,0.0,1.0,0.0,0.0,46.0
C00341,3,453.7,911.3000000000001,4,9.35789621070677,2897.245,2.5,0.7,0.1,0.2,0.0,1.0,1.0,0.0,0.0,46.0
C00342,2,286.0,475.8,2,8.918286088658624,3733.1399999999994,3.0,0.5,0.16666666666666666,0.3333333333333333,1.0,0.0,0.0,0.0,0.0,46.0
C00343,0,63.7,941.2,6,10.031103860489424,3786.89,3.3333333333333335,0.45,0.35,0.2,0.0,0.0,1.0,0.047778476093397325,0.21666666663055556,36.0
C00344,2,183.3,183.3,1,5.084071612169438,160.43,1.0,0.0,0.0,1.0,0.0,0.0,1.0,0.0,0.0,45.0
C00345,4,59.800000000000004,941.2,6,10.29854468508776,4948.0633333333335,2.5,0.5333333333333333,0.26666666666666666,0.2,0.0,1.0,1.0,0.46550290046137704,0.6499999998916667,67.0
C00346,2,483.6,483.6,1,6.46404298369047,640.65,2.0,0.5,0.5,0.0,0.0,1.0,1.0,0.0,0.0,67.0
C00347,1,187.20000000000002,867.1,4,10.094502875458812,6052.139999999999,3.5,0.7142857142857142,0.14285714285714285,0.14285714285714285,1.0,0.0,0.0,0.0,0.0,24.0
C00348,2,449.8,757.9,5,9.556390168424207,2826.746,3.0,0.26666666666666666,0.6,0.13333333333333333,0.0,1.0,1.0,0.0,0.0,56.0
C00349,0,35.1,850.2,8,9.817886090240401,2294.775,3.0,0.375,0.5,0.125,1.0,0.0,0.0,0.49829509429026275,0.4874999999390625,31.0
C00350,2,2.6,791.7,5,9.407024951605905,2434.5199999999995,2.4,0.41666666666666663,0.25,0.3333333333333333,0.0,0.0,1.0,0.24228020307902648,0.259999999948,30.0
C00351,3,106.60000000000001,783.9,9,10.291406964561743,3275.246666666667,2.5555555555555554,0.43478260869565216,0.43478260869565216,0.13043478260869565,0.0,0.0,1.0,0.5709064151911011,0.2888888888567901,23.0
C00352,2,508.3,508.3,1,8.842249080249248,6919.54,4.0,0.5,0.25,0.25,0.0,0.0,1.0,0.0,0.0,49.0
C00353,2,169.0,521.3000000000001,4,9.00344534549406,2032.5124999999998,2.5,0.4,0.5,0.1,0.0,0.0,1.0,0.0,0.0,64.0
C00354,2,691.6,796.9,2,8.804256072208423,3330.7699999999995,2.0,0.5,0.0,0.5,1.0,0.0,0.0,0.0,0.0,49.0
C00355,2,556.4,556.4,1,7.014041366166454,1111.14,3.0,0.0,0.6666666666666666,0.3333333333333333,0.0,0.0,1.0,0.0,0.0,41.0
C00356,1,11.700000000000001,943.8000000000001,3,9.869347869061045,6442.576666666667,3.0,0.7777777777777777,0.1111111111111111,0.1111111111111111,1.0,0.0,0.0,0.4222462751704198,0.4333333331888889,53.0
C00357,3,387.40000000000003,803.4,4,9.894616823702922,4955.5925,3.0,0.5833333333333333,0.25,0.16666666666666666,0.0,1.0,1.0,0.0,0.0,39.0
C00358,3,65.0,936.0,9,10.224447594776812,3063.112222222222,2.0,0.6111111111111112,0.3333333333333333,0.05555555555555555,0.0,0.0,1.0,0.2993960028308064,0.14444444442839505,27.0
C00359,4,78.0,767.0,5,9.710317159353776,3297.1659999999997,3.0,0.4,0.4,0.2,0.0,1.0,1.0,0.6195534589401552,0.259999999948,53.0
C00360,0,174.20000000000002,686.4,4,8.961981571520909,1949.95,3.75,0.26666666666666666,0.6666666666666667,0.06666666666666667,0.0,1.0,1.0,0.0,0.0,35.0
C00361,1,232.70000000000002,793.0,4,9.098833226657442,2235.9624999999996,2.5,0.6,0.30000000000000004,0.1,1.0,0.0,0.0,0.0,0.0,45.0
C00362,2,293.8,881.4,4,8.776589980357143,1619.935,2.75,0.36363636363636365,0.2727272727272727,0.36363636363636365,0.0,0.0,1.0,0.0,0.0,41.0
C00363,0,141.70000000000002,720.2,5,9.099143971732733,1789.3260000000002,3.2,0.375,0.625,0.0,0.0,0.0,1.0,0.0,0.0,27.0
C00364,2,32.5,741.0,3,9.103414186852884,2994.9733333333334,4.333333333333333,0.15384615384615385,0.6923076923076923,0.15384615384615385,0.0,0.0,1.0,0.9337917310336727,0.4333333331888889,64.0
C00365,2,707.2,750.1,2,8.883669346179408,3606.1049999999996,3.0,0.3333333333333333,0.6666666666666666,0.0,1.0,0.0,0.0,0.0,0.0,63.0
C00366,0,240.5,923.0,6,8.321436181780426,685.0099999999999,3.0,0.2222222222222222,0.6111111111111112,0.16666666666666666,1.0,0.0,0.0,0.0,0.0,31.0
C00367,3,44.2,809.9,6,9.960230769082496,3527.78,2.6666666666666665,0.5,0.3125,0.1875,0.0,1.0,1.0,0.4158343207342665,0.4333333332611111,62.0
C00368,3,340.6,906.1,6,9.990088553666435,3634.705,2.8333333333333335,0.6470588235294118,0.23529411764705882,0.11764705882352941,0.0,1.0,1.0,0.0,0.0,53.0
C00369,3,70.2,923.0,7,10.147723487288664,3647.4157142857143,2.5714285714285716,0.5555555555555556,0.2777777777777778,0.16666666666666666,0.0,1.0,1.0,0.047021041512364456,0.1857142856877551,40.0
C00370,0,19.5,938.6,7,9.782220078268331,2530.7057142857143,2.7142857142857144,0.3157894736842105,0.5263157894736842,0.15789473684210525,0.0,1.0,1.0,0.6084365512950872,0.3714285713755102,24.0
C00371,2,302.90000000000003,708.5,2,7.575081961127563,974.01,3.5,0.14285714285714285,0.42857142857142855,0.42857142857142855,0.0,0.0,1.0,0.0,0.0,51.0
C00372,2,790.4,932.1,3,8.913081925407363,2475.8399999999997,2.6666666666666665,0.25,0.5,0.25,0.0,0.0,1.0,0.0,0.0,35.0
C00373,3,84.5,812.5,7,10.093630112066085,3455.3485714285716,3.5714285714285716,0.48,0.48000000000000004,0.04,0.0,0.0,1.0,0.3488577129286791,0.1857142856877551,62.0
C00374,2,248.3,929.5,4,7.564020609115754,481.645,2.0,0.375,0.5,0.125,0.0,1.0,1.0,0.0,0.0,46.0
C00375,4,117.0,682.5,4,9.926607221381776,5116.695,2.5,0.7,0.30000000000000004,0.0,1.0,0.0,0.0,0.41468584701646205,0.32499999991875,40.0
C00376,2,564.2,929.5,3,8.71514364491824,2031.17,3.3333333333333335,0.30000000000000004,0.6000000000000001,0.1,0.0,0.0,1.0,0.0,0.0,44.0
C00377,2,770.9,770.9,1,3.6381123370602833,37.02,1.0,0.0,1.0,0.0,0.0,1.0,1.0,0.0,0.0,63.0
C00378,3,65.0,798.2,7,10.262600472195471,4091.452857142857,2.5714285714285716,0.6111111111111112,0.3333333333333333,0.05555555555555555,0.0,1.0,1.0,0.30745952276120186,0.3714285713755102,38.0
C00379,3,74.10000000000001,858.0,9,10.577357107962138,4359.475555555556,2.6666666666666665,0.6666666666666667,0.29166666666666663,0.041666666666666664,0.0,0.0,1.0,0.34795418816941415,0.14444444442839505,34.0
C00380,0,149.5,912.6,11,10.40619067794488,3005.6981818181816,3.272727272727273,0.3611111111111111,0.4722222222222222,0.16666666666666666,0.0,0.0,1.0,0.0,0.0,37.0
C00381,3,22.1,917.8000000000001,6,9.41334896877964,2041.6383333333333,3.5,0.47619047619047616,0.3333333333333333,0.19047619047619047,0.0,1.0,1.0,0.34855128601781843,0.4333333332611111,64.0
C00382,4,178.1,670.8000000000001,4,10.065990256902277,5882.0075,3.0,0.5833333333333333,0.25,0.16666666666666666,0.0,0.0,1.0,0.0,0.0,39.0
C00383,0,279.5,832.0,6,10.187140895544635,4426.408333333334,2.8333333333333335,0.47058823529411764,0.35294117647058826,0.17647058823529413,0.0,0.0,1.0,0.0,0.0,64.0
C00384,0,248.3,734.5,3,9.441556849357186,4200.106666666667,4.333333333333333,0.3076923076923077,0.5384615384615385,0.15384615384615385,1.0,0.0,0.0,0.0,0.0,37.0
C00385,1,106.60000000000001,858.0,5,9.608633825133099,2978.362,3.2,0.5,0.5,0.0,1.0,0.0,0.0,0.025965413203631663,0.259999999948,30.0
C00386,2,55.9,932.1,12,10.493586819090284,3006.8624999999997,3.0833333333333335,0.32432432432432434,0.35135135135135137,0.32432432432432434,0.0,1.0,1.0,0.03987151612907584,0.21666666664861112,42.0
C00387,4,449.8,899.6,7,10.184852086297594,3785.39,2.2857142857142856,0.625,0.1875,0.1875,0.0,1.0,1.0,0.0,0.0,30.0
C00388,2,16.900000000000002,530.4,3,8.959528817233181,2593.5633333333335,3.6666666666666665,0.36363636363636365,0.36363636363636365,0.2727272727272727,1.0,0.0,0.0,0.24846678122374127,0.4333333331888889,36.0
C00389,2,165.1,793.0,10,10.123779040581711,2492.7799999999997,2.5,0.4,0.4,0.2,0.0,0.0,1.0,0.0,0.0,67.0
C00390,2,499.20000000000005,724.1,2,9.358576739544459,5798.4349999999995,4.5,0.2222222222222222,0.3333333333333333,0.4444444444444444,0.0,0.0,1.0,0.0,0.0,44.0
C00391,3,270.40000000000003,917.8000000000001,5,9.93861045805546,4142.788,3.2,0.5,0.4375,0.0625,0.0,0.0,1.0,0.0,0.0,65.0
C00392,0,52.0,859.3000000000001,6,9.126341181068293,1532.22,2.5,0.3333333333333333,0.5333333333333333,0.13333333333333333,1.0,0.0,0.0,0.14084846388463135,0.4333333332611111,30.0
C00393,4,417.3,434.2,2,8.561248353612408,2612.1,1.5,0.3333333333333333,0.3333333333333333,0.3333333333333333,1.0,0.0,0.0,0.0,0.0,64.0
C00394,1,91.0,789.1,13,10.273892161786623,2228.1084615384616,3.3846153846153846,0.34090909090909094,0.45454545454545453,0.20454545454545456,1.0,0.0,0.0,0.03239070325605499,0.09999999999230769,56.0
C00395,2,439.40000000000003,439.40000000000003,1,8.23741844020156,3778.77,5.0,0.6000000000000001,0.2,0.2,0.0,0.0,1.0,0.0,0.0,62.0
C00396,4,468.0,769.6,3,8.841478612401295,2304.7366666666667,2.6666666666666665,0.5,0.25,0.25,0.0,1.0,1.0,0.0,0.0,39.0
C00397,2,122.2,841.1,5,9.204169370452515,1987.4959999999999,3.0,0.3333333333333333,0.4,0.26666666666666666,0.0,0.0,1.0,0.0,0.0,63.0
C00398,3,59.800000000000004,902.2,8,10.455512315694305,4341.79,2.5,0.65,0.15000000000000002,0.2,0.0,1.0,1.0,0.24711487082515948,0.1624999999796875,59.0
C00399,2,11.700000000000001,678.6,6,9.264331274544787,1758.9583333333333,3.5,0.2857142857142857,0.5238095238095237,0.19047619047619047,0.0,0.0,1.0,0.8715416794977262,0.4333333332611111,64.0
C00400,2,68.9,335.40000000000003,3,9.180570617485778,3235.2299999999996,4.666666666666667,0.3571428571428571,0.3571428571428571,0.2857142857142857,1.0,0.0,0.0,0.9037659352399569,0.4333333331888889,62.0
C00401,2,48.1,919.1,6,10.004697114895391,3688.195,2.5,0.4666666666666667,0.26666666666666666,0.26666666666666666,1.0,0.0,0.0,0.003762093200964891,0.21666666663055556,61.0
C00402,4,435.5,933.4,6,10.205084364406401,4506.553333333333,2.6666666666666665,0.625,0.1875,0.1875,0.0,1.0,1.0,0.0,0.0,44.0
C00403,0,457.6,773.5,4,7.993282328101591,740.0,3.5,0.07142857142857142,0.6428571428571428,0.2857142857142857,0.0,1.0,1.0,0.0,0.0,65.0
C00404,2,321.1,773.5,3,9.127266324430929,3067.2766666666666,4.333333333333333,0.38461538461538464,0.23076923076923078,0.38461538461538464,0.0,0.0,1.0,0.0,0.0,61.0
C00405,2,339.3,598.0,2,7.3823359177209795,803.17,3.5,0.2857142857142857,0.5714285714285714,0.14285714285714285,0.0,1.0,1.0,0.0,0.0,63.0
C00406,3,37.7,842.4,8,10.173487971835016,3274.7875,2.75,0.6363636363636364,0.2727272727272727,0.09090909090909091,0.0,1.0,1.0,0.18364088509559084,0.4874999999390625,37.0
C00407,3,46.800000000000004,692.9,6,10.275509279854369,4835.381666666667,2.8333333333333335,0.7647058823529411,0.1764705882352941,0.058823529411764705,0.0,1.0,1.0,0.11011354153704826,0.21666666663055556,55.0
C00408,1,438.1,752.7,4,8.969465546631659,1964.6,2.0,0.625,0.25,0.125,1.0,0.0,0.0,0.0,0.0,62.0
C00409,1,42.9,583.7,7,9.610998612250835,2132.4385714285713,2.2857142857142856,0.5,0.3125,0.1875,1.0,0.0,0.0,0.4869494817133914,0.3714285713755102,42.0
C00410,4,120.9,668.2,3,10.046881153319246,7694.2266666666665,3.6666666666666665,0.7272727272727273,0.2727272727272727,0.0,0.0,0.0,1.0,0.0,0.0,26.0
C00411,3,87.10000000000001,874.9,9,10.350221915128897,3473.6644444444446,2.6666666666666665,0.625,0.25,0.125,0.0,1.0,1.0,0.4037063325377042,0.2888888888567901,55.0
C00412,4,49.4,920.4,5,9.453299099527442,2549.832,2.0,0.4,0.4,0.2,0.0,0.0,1.0,0.6401254670895463,0.259999999948,55.0
C00413,2,127.4,871.0,7,10.191024239419939,3808.8271428571425,3.5714285714285716,0.28,0.32,0.4,0.0,0.0,1.0,0.0,0.0,42.0
C00414,1,158.6,895.7,8,10.295604299687234,3700.15125,3.125,0.48000000000000004,0.4,0.12,1.0,0.0,0.0,0.0,0.0,50.0
C00415,2,278.2,799.5,5,9.178807392328142,1937.718,3.4,0.1764705882352941,0.7058823529411765,0.11764705882352941,0.0,0.0,1.0,0.0,0.0,32.0
C00416,1,35.1,895.7,8,10.351265383476758,3911.9525,2.875,0.5652173913043478,0.2608695652173913,0.17391304347826086,1.0,0.0,0.0,0.18826468368416452,0.324999999959375,65.0
C00417,2,76.7,76.7,1,4.941428113932554,138.97,2.0,0.0,1.0,0.0,0.0,0.0,1.0,1.2999999999906457,1.2999999987,46.0
C00418,2,106.60000000000001,717.6,6,9.6477032922809,2580.8633333333332,2.8333333333333335,0.3529411764705882,0.4117647058823529,0.23529411764705882,0.0,0.0,1.0,0.4870313422252445,0.21666666663055556,43.0
C00419,2,57.2,932.1,5,9.342659905596115,2282.746,2.4,0.41666666666666663,0.25,0.3333333333333333,0.0,1.0,1.0,0.044763017874082815,0.259999999948,22.0
C00420,2,205.4,800.8000000000001,2,7.544120445443098,944.3,3.5,0.14285714285714285,0.2857142857142857,0.5714285714285714,0.0,1.0,1.0,0.0,0.0,51.0
C00421,2,84.5,673.4,5,8.39558359380117,885.2940000000001,3.0,0.26666666666666666,0.6666666666666667,0.06666666666666667,1.0,0.0,0.0,0.24045977946303926,0.259999999948,62.0
C00422,3,50.7,938.6,11,10.16538863282731,2362.450909090909,2.6363636363636362,0.4482758620689655,0.3793103448275862,0.1724137931034483,0.0,0.0,1.0,0.14301672838992543,0.4727272726842975,44.0
C00423,2,286.0,864.5,4,9.205323810044055,2487.24,3.25,0.3076923076923077,0.23076923076923078,0.46153846153846156,0.0,0.0,1.0,0.0,0.0,59.0
C00424,4,2.6,934.7,6,10.345422478166721,5185.548333333333,2.5,0.6666666666666666,0.26666666666666666,0.06666666666666667,0.0,1.0,1.0,0.010924527750038297,0.21666666663055556,35.0
C00425,2,161.20000000000002,739.7,4,9.054312097236947,2138.5874999999996,2.75,0.36363636363636365,0.5454545454545454,0.09090909090909091,0.0,0.0,1.0,0.0,0.0,48.0
C00426,1,6.5,910.0,6,9.942970731242312,3467.41,2.6666666666666665,0.5,0.375,0.125,1.0,0.0,0.0,0.4004216403597882,0.4333333332611111,27.0
C00427,0,301.6,774.8000000000001,6,9.756586613053209,2877.765,3.1666666666666665,0.3157894736842105,0.47368421052631576,0.21052631578947367,0.0,0.0,1.0,0.0,0.0,33.0
C00428,0,169.0,643.5,4,9.322117854790449,2795.41,4.5,0.1111111111111111,0.6111111111111112,0.2777777777777778,1.0,0.0,0.0,0.0,0.0,49.0
C00429,2,126.10000000000001,809.9,6,10.046014798367693,3843.7816666666663,3.5,0.38095238095238093,0.2857142857142857,0.3333333333333333,1.0,0.0,0.0,0.0,0.0,64.0
C00430,0,127.4,422.5,4,8.977682957043122,1980.8125,2.75,0.18181818181818182,0.5454545454545454,0.2727272727272727,0.0,1.0,1.0,0.0,0.0,24.0
C00431,3,431.6,579.8000000000001,3,9.610134765263556,4971.393333333333,3.0,0.6666666666666666,0.1111111111111111,0.2222222222222222,0.0,1.0,1.0,0.0,0.0,66.0
C00432,2,319.8,852.8000000000001,2,8.032655654761465,1539.455,4.0,0.125,0.375,0.5,0.0,1.0,1.0,0.0,0.0,51.0
C00433,3,144.3,601.9,4,9.427592201131205,3106.3925,3.75,0.4,0.4,0.2,0.0,0.0,1.0,0.0,0.0,58.0
C00434,2,790.4,834.6,2,6.598454531216753,366.48,2.0,0.25,0.5,0.25,1.0,0.0,0.0,0.0,0.0,32.0
C00435,3,470.6,921.7,3,8.963837350292488,2604.7633333333333,3.3333333333333335,0.5,0.30000000000000004,0.2,0.0,0.0,1.0,0.0,0.0,53.0
C00436,2,737.1,748.8000000000001,2,9.157447904856411,4741.91,4.0,0.25,0.625,0.125,1.0,0.0,0.0,0.0,0.0,47.0
C00437,3,74.10000000000001,912.6,6,10.18835441600309,4431.783333333333,2.6666666666666665,0.625,0.25,0.125,0.0,1.0,1.0,0.3382780821866164,0.21666666663055556,50.0
C00438,1,127.4,910.0,7,9.406287839629714,1737.6614285714284,3.4285714285714284,0.4166666666666667,0.5,0.08333333333333333,1.0,0.0,0.0,0.0,0.0,42.0
C00439,2,178.1,828.1,7,10.035853516312192,3261.36,3.2857142857142856,0.3913043478260869,0.5217391304347826,0.08695652173913043,1.0,0.0,0.0,0.0,0.0,64.0
C00440,2,131.3,913.9,6,9.166220236229277,1594.5649999999998,3.0,0.33333333333333337,0.3333333333333333,0.3333333333333333,0.0,0.0,1.0,0.0,0.0,52.0
C00441,4,180.70000000000002,938.6,5,10.22537211887594,5518.702,3.4,0.5294117647058824,0.29411764705882354,0.17647058823529413,1.0,0.0,0.0,0.0,0.0,21.0
C00442,2,97.5,97.5,1,6.763353589608416,864.54,2.0,0.0,0.5,0.5,0.0,1.0,1.0,1.2999999999984964,1.2999999987,39.0
C00443,2,241.8,885.3000000000001,5,9.86862018978746,3862.7339999999995,3.4,0.29411764705882354,0.5294117647058824,0.17647058823529413,1.0,0.0,0.0,0.0,0.0,40.0
C00444,4,299.0,735.8000000000001,4,9.20810287063599,2494.1625,1.75,0.5714285714285714,0.42857142857142855,0.0,1.0,0.0,0.0,0.0,0.0,64.0
C00445,1,131.3,858.0,8,10.512471024918868,4596.2787499999995,3.375,0.5185185185185185,0.2962962962962963,0.18518518518518517,1.0,0.0,0.0,0.0,0.0,50.0
C00446,4,92.3,886.6,6,10.495912333617703,6027.7266666666665,3.0,0.5555555555555556,0.2777777777777778,0.16666666666666666,0.0,0.0,1.0,0.2424425902966115,0.21666666663055556,38.0
C00447,4,49.4,791.7,3,9.56829869203537,4767.686666666667,3.0,0.5555555555555556,0.2222222222222222,0.2222222222222222,0.0,1.0,1.0,0.42104172114215976,0.4333333331888889,31.0
C00448,2,162.5,908.7,3,9.0321295545041,2788.8866666666668,2.3333333333333335,0.42857142857142855,0.5714285714285714,0.0,0.0,1.0,1.0,0.0,0.0,24.0
C00449,0,211.9,865.8000000000001,4,8.126559551311965,845.535,3.25,0.23076923076923078,0.5384615384615385,0.23076923076923078,1.0,0.0,0.0,0.0,0.0,39.0
C00450,4,393.90000000000003,885.3000000000001,4,9.980086954214515,5397.797500000001,2.75,0.7272727272727273,0.18181818181818182,0.09090909090909091,1.0,0.0,0.0,0.0,0.0,33.0
C00451,1,315.90000000000003,500.5,2,8.781454117621625,3255.67,2.0,0.75,0.25,0.0,1.0,0.0,0.0,0.0,0.0,40.0
C00452,2,379.6,854.1,5,9.624385896134875,3025.652,3.0,0.4,0.3333333333333333,0.26666666666666666,0.0,0.0,1.0,0.0,0.0,44.0
C00453,3,58.5,886.6,7,9.668977774711415,2259.738571428571,3.857142857142857,0.37037037037037035,0.4074074074074074,0.2222222222222222,0.0,1.0,1.0,0.1358468141384158,0.1857142856877551,37.0
C00454,1,33.800000000000004,949.0,9,10.586078461197705,4397.663333333334,3.3333333333333335,0.4666666666666667,0.4,0.13333333333333333,1.0,0.0,0.0,0.18410456361041777,0.14444444442839505,52.0
C00455,2,365.3,539.5,4,9.093759363595465,2224.645,2.5,0.4,0.4,0.2,0.0,1.0,1.0,0.0,0.0,50.0
C00456,0,223.6,891.8000000000001,6,9.329746090370529,1877.8783333333333,4.0,0.20833333333333331,0.5833333333333333,0.20833333333333334,0.0,1.0,1.0,0.0,0.0,28.0
C00457,4,150.8,728.0,3,9.507566752270884,4486.733333333333,2.0,0.6666666666666666,0.16666666666666666,0.16666666666666666,1.0,0.0,0.0,0.0,0.0,37.0
C00458,2,46.800000000000004,635.7,4,7.7870085127537285,602.025,2.25,0.2222222222222222,0.5555555555555556,0.2222222222222222,0.0,1.0,1.0,0.2372293509404771,0.32499999991875,47.0
C00459,2,137.8,790.4,7,9.767178018734286,2492.921428571429,3.0,0.38095238095238093,0.47619047619047616,0.14285714285714285,0.0,0.0,1.0,0.0,0.0,20.0
C00460,3,301.6,884.0,7,10.219443986183261,3918.63,2.5714285714285716,0.6111111111111112,0.2777777777777778,0.1111111111111111,0.0,0.0,1.0,0.0,0.0,30.0
C00461,3,107.9,603.2,3,9.552470145938031,4692.81,2.3333333333333335,0.7142857142857142,0.0,0.2857142857142857,0.0,1.0,1.0,0.5796855189108032,0.4333333331888889,50.0
C00462,1,865.8000000000001,915.2,2,9.171222133572185,4807.6849999999995,3.5,0.7142857142857142,0.14285714285714285,0.14285714285714285,1.0,0.0,0.0,0.0,0.0,42.0
C00463,2,41.6,830.7,5,9.580873052410958,2896.812,3.2,0.375,0.625,0.0,1.0,0.0,0.0,0.030229093223859187,0.259999999948,26.0
C00464,3,57.2,887.9,9,9.869306996425088,2147.4377777777777,2.7777777777777777,0.36000000000000004,0.48,0.16,0.0,0.0,1.0,0.4895971115965337,0.4333333332851852,55.0
C00465,4,595.4,885.3000000000001,3,9.871789433587551,6458.326666666667,3.6666666666666665,0.45454545454545453,0.36363636363636365,0.18181818181818182,0.0,1.0,1.0,0.0,0.0,42.0
C00466,2,375.7,634.4,4,10.047230256806854,5772.6849999999995,3.5,0.42857142857142855,0.5714285714285714,0.0,1.0,0.0,0.0,0.0,0.0,56.0
C00467,3,279.5,431.6,2,9.128967613510445,4608.75,3.5,0.7142857142857142,0.2857142857142857,0.0,0.0,1.0,1.0,0.0,0.0,37.0
C00468,4,361.40000000000003,917.8000000000001,7,10.275349340355278,4143.95,2.4285714285714284,0.5294117647058824,0.29411764705882354,0.17647058823529413,0.0,0.0,1.0,0.0,0.0,20.0
C00469,2,145.6,887.9,7,10.181376453034634,3772.2557142857145,3.4285714285714284,0.33333333333333337,0.4583333333333333,0.20833333333333334,0.0,1.0,1.0,0.0,0.0,27.0
C00470,0,208.0,751.4,7,10.125878020354131,3568.597142857143,3.0,0.38095238095238093,0.5238095238095237,0.09523809523809523,0.0,1.0,1.0,0.0,0.0,55.0
C00471,2,263.90000000000003,852.8000000000001,6,10.081859235505663,3984.065,2.8333333333333335,0.5882352941176471,0.058823529411764705,0.35294117647058826,1.0,0.0,0.0,0.0,0.0,59.0
C00472,3,26.0,785.2,5,9.522362555872716,2732.1699999999996,3.2,0.5,0.375,0.125,0.0,0.0,1.0,0.3636804444818321,0.259999999948,43.0
C00473,4,27.3,938.6,11,10.620469905018506,3723.9872727272727,2.8181818181818183,0.45161290322580644,0.4193548387096774,0.12903225806451613,0.0,1.0,1.0,0.46285191385771596,0.23636363634214874,42.0
C00474,4,322.40000000000003,726.7,4,9.893163441835975,4948.3949999999995,2.5,0.5,0.4,0.1,1.0,0.0,0.0,0.0,0.0,52.0
C00475,2,497.90000000000003,559.0,3,9.390575587205698,3991.33,3.6666666666666665,0.5454545454545454,0.2727272727272727,0.18181818181818182,0.0,0.0,1.0,0.0,0.0,57.0
C00476,3,59.800000000000004,902.2,6,10.23668407270881,4651.238333333334,2.8333333333333335,0.6470588235294117,0.17647058823529413,0.17647058823529413,0.0,1.0,1.0,0.03985884762588172,0.21666666663055556,29.0
C00477,3,75.4,860.6,4,9.763823105408154,4348.0,3.25,0.5384615384615385,0.3076923076923077,0.15384615384615385,0.0,0.0,1.0,0.4692422953081607,0.32499999991875,28.0
C00478,2,604.5,604.5,1,9.311230409922441,11060.55,5.0,0.4,0.2,0.4,0.0,1.0,1.0,0.0,0.0,62.0
C00479,3,189.8,835.9,5,9.780194426676415,3535.818,4.2,0.5238095238095237,0.38095238095238093,0.09523809523809523,0.0,1.0,1.0,0.0,0.0,51.0
C00480,0,16.900000000000002,924.3000000000001,7,10.015571713744176,3195.8771428571426,3.5714285714285716,0.28,0.56,0.16,0.0,0.0,1.0,0.3648031347530629,0.1857142856877551,26.0
C00481,3,257.40000000000003,882.7,5,10.325342936538386,6098.952,4.0,0.8,0.15,0.05,0.0,0.0,1.0,0.0,0.0,58.0
C00482,3,35.1,886.6,4,9.73141430199824,4209.3375,2.75,0.7272727272727273,0.18181818181818182,0.09090909090909091,0.0,1.0,1.0,0.27078613914895927,0.32499999991875,27.0
C00483,0,13.0,798.2,5,9.625465999969476,3028.922,2.8,0.2857142857142857,0.5714285714285714,0.14285714285714285,0.0,1.0,1.0,0.6269191481325286,0.519999999896,23.0
C00484,4,315.90000000000003,858.0,3,9.871691885376594,6457.696666666667,4.333333333333333,0.5384615384615385,0.3076923076923077,0.15384615384615385,0.0,0.0,1.0,0.0,0.0,41.0
C00485,1,127.4,924.3000000000001,4,9.487438632968319,3297.99,2.5,0.5,0.4,0.1,1.0,0.0,0.0,0.0,0.0,28.0
C00486,1,23.400000000000002,923.0,5,10.028427582366959,4532.122,3.6,0.5,0.2777777777777778,0.2222222222222222,1.0,0.0,0.0,0.049970058175836836,0.259999999948,63.0
C00487,1,231.4,846.3000000000001,5,9.988718011298554,4355.6720000000005,3.2,0.5625,0.25,0.1875,1.0,0.0,0.0,0.0,0.0,58.0
C00488,3,230.1,795.6,4,8.933062652706374,1894.36,1.5,0.6666666666666666,0.3333333333333333,0.0,0.0,0.0,1.0,0.0,0.0,26.0
C00489,3,146.9,832.0,6,9.199161116304147,1647.9716666666666,2.5,0.39999999999999997,0.4666666666666667,0.13333333333333333,0.0,1.0,1.0,0.0,0.0,25.0
C00490,2,161.20000000000002,650.0,4,9.649470403765832,3878.1425,3.25,0.46153846153846156,0.23076923076923078,0.3076923076923077,1.0,0.0,0.0,0.0,0.0,49.0
C00491,3,20.8,795.6,10,10.534022355751963,3757.13,3.2,0.53125,0.375,0.09375,0.0,1.0,1.0,0.3256451333863794,0.389999999961,20.0
C00492,3,88.4,885.3000000000001,6,9.948747206066464,3487.498333333333,3.6666666666666665,0.5,0.2727272727272727,0.22727272727272727,0.0,0.0,1.0,0.5278642427069009,0.4333333332611111,35.0
C00493,2,521.3000000000001,521.3000000000001,1,8.77038008775635,6439.62,3.0,0.6666666666666666,0.3333333333333333,0.0,1.0,0.0,0.0,0.0,0.0,49.0
C00494,0,341.90000000000003,599.3000000000001,4,9.639808424013642,3840.85,2.75,0.45454545454545453,0.36363636363636365,0.18181818181818182,0.0,0.0,1.0,0.0,0.0,52.0
C00495,2,222.3,575.9,3,9.215068178266412,3348.796666666667,3.3333333333333335,0.5,0.3,0.2,1.0,0.0,0.0,0.0,0.0,63.0
C00496,3,10.4,453.7,5,9.300238661155209,2187.926,2.2,0.7272727272727273,0.2727272727272727,0.0,0.0,0.0,1.0,0.8517011087211495,0.519999999896,22.0
C00497,4,221.0,856.7,5,9.904244266156145,4002.828,2.4,0.5,0.41666666666666663,0.08333333333333333,0.0,1.0,1.0,0.0,0.0,66.0
C00498,1,561.6,820.3000000000001,3,9.483277774074047,4379.06,2.6666666666666665,0.625,0.375,0.0,1.0,0.0,0.0,0.0,0.0,22.0
C00499,3,14.3,934.7,7,10.310787642701133,4293.442857142857,3.5714285714285716,0.56,0.32,0.12,0.0,1.0,1.0,0.42718790447890875,0.5571428570632653,48.0
C00500,2,321.1,458.90000000000003,3,7.773506116801951,791.93,3.3333333333333335,0.1,0.6,0.3,0.0,0.0,1.0,0.0,0.0,38.0
C00501,0,61.1,934.7,8,10.056934556269997,2914.49,3.375,0.3333333333333333,0.5925925925925926,0.07407407407407407,0.0,0.0,1.0,0.3778655099176709,0.324999999959375,23.0
C00502,2,886.6,886.6,1,8.240081719456837,3788.85,5.0,0.4,0.4,0.2,1.0,0.0,0.0,0.0,0.0,28.0
C00503,3,163.8,547.3000000000001,6,10.128747263204888,4175.326666666667,2.5,0.6,0.33333333333333337,0.06666666666666667,0.0,0.0,1.0,0.0,0.0,25.0
C00504,0,235.3,886.6,5,9.220586698622235,2020.398,3.0,0.26666666666666666,0.6666666666666667,0.06666666666666667,0.0,1.0,1.0,0.0,0.0,51.0
C00505,4,81.9,887.9,6,10.309686724486825,5003.505,3.0,0.4444444444444444,0.2777777777777778,0.2777777777777778,0.0,0.0,1.0,0.17730144502036813,0.21666666663055556,28.0
C00506,0,492.7,916.5,8,9.91173742853409,2520.585,3.375,0.3333333333333333,0.48148148148148145,0.18518518518518517,0.0,1.0,1.0,0.0,0.0,33.0
C00507,3,20.8,946.4,4,9.588060797997995,3647.1375,2.5,0.6000000000000001,0.30000000000000004,0.1,0.0,0.0,1.0,0.1011267055327568,0.32499999991875,42.0
C00508,4,157.3,592.8000000000001,4,10.160125839454247,6462.6375,4.0,0.5,0.4375,0.0625,0.0,1.0,1.0,0.0,0.0,57.0
C00509,0,154.70000000000002,796.9,7,10.111923880904508,3519.1442857142856,3.2857142857142856,0.3913043478260869,0.3913043478260869,0.21739130434782608,0.0,1.0,1.0,0.0,0.0,63.0
C00510,4,222.3,444.6,4,9.917729650665779,5071.47,2.75,0.4545454545454546,0.4545454545454546,0.09090909090909091,0.0,0.0,1.0,0.0,0.0,39.0
C00511,0,124.80000000000001,822.9,6,9.856892676956443,3181.4133333333334,3.3333333333333335,0.3,0.5,0.2,1.0,0.0,0.0,0.0,0.0,48.0
C00512,0,553.8000000000001,934.7,5,8.262548653039966,774.992,2.2,0.4545454545454546,0.5454545454545454,0.0,0.0,1.0,1.0,0.0,0.0,55.0
C00513,3,145.6,661.7,4,9.64642456145521,3866.3475,3.25,0.6153846153846154,0.15384615384615385,0.23076923076923078,0.0,0.0,1.0,0.0,0.0,45.0
C00514,2,16.900000000000002,757.9,6,9.874477294816524,3237.8549999999996,2.6666666666666665,0.3125,0.3125,0.375,0.0,0.0,1.0,0.4854882321783771,0.4333333332611111,31.0
C00515,0,3.9000000000000004,789.1,6,10.047690488649728,3850.228333333333,2.8333333333333335,0.47058823529411764,0.47058823529411764,0.058823529411764705,0.0,1.0,1.0,0.7203109166252599,0.4333333332611111,51.0
C00516,3,328.90000000000003,605.8000000000001,4,9.067133753510781,2166.1875,2.75,0.4545454545454546,0.36363636363636365,0.18181818181818182,0.0,0.0,1.0,0.0,0.0,36.0
C00517,3,74.10000000000001,696.8000000000001,8,10.374068515092912,4002.1850000000004,2.75,0.5454545454545454,0.40909090909090906,0.045454545454545456,0.0,0.0,1.0,0.02338519458745587,0.1624999999796875,20.0
C00518,2,0.0,0.0,1,8.592666088778445,5390.969999999999,3.0,0.3333333333333333,0.6666666666666666,0.0,0.0,0.0,1.0,1.2999999999997587,1.2999999987,29.0
C00519,2,28.6,722.8000000000001,3,8.976075204121463,2636.8399999999997,3.0,0.2222222222222222,0.6666666666666666,0.1111111111111111,1.0,0.0,0.0,1.1204556716876866,0.4333333331888889,65.0
C00520,1,3.9000000000000004,916.5,8,9.686909898464007,2013.05,3.125,0.44,0.32,0.24,1.0,0.0,0.0,0.06775992896350887,0.1624999999796875,52.0
C00521,2,543.4,700.7,2,8.622225053073253,2776.365,3.5,0.2857142857142857,0.5714285714285714,0.14285714285714285,1.0,0.0,0.0,0.0,0.0,31.0
C00522,3,408.2,895.7,3,9.076933543021855,2916.6966666666667,3.0,0.6666666666666667,0.2222222222222222,0.1111111111111111,0.0,1.0,1.0,0.0,0.0,42.0
C00523,1,224.9,889.2,8,10.011482395305384,2784.98,3.0,0.4583333333333333,0.5,0.041666666666666664,1.0,0.0,0.0,0.0,0.0,44.0
C00524,1,111.8,804.7,5,10.017055494933157,4480.872,3.6,0.5,0.3333333333333333,0.16666666666666666,1.0,0.0,0.0,0.08014274900063738,0.259999999948,67.0
C00525,3,279.5,798.2,5,10.082188395783966,4782.451999999999,3.2,0.625,0.1875,0.1875,0.0,1.0,1.0,0.0,0.0,41.0
C00526,4,568.1,893.1,5,10.25112366907617,5662.668,3.2,0.625,0.1875,0.1875,1.0,0.0,0.0,0.0,0.0,32.0
C00527,2,9.1,876.2,5,9.540446674682737,2782.032,2.8,0.5,0.42857142857142855,0.07142857142857142,0.0,0.0,1.0,0.28567241498298473,0.259999999948,29.0
C00528,2,27.3,904.8000000000001,6,9.710437854472897,2747.97,3.0,0.3888888888888889,0.5555555555555556,0.05555555555555555,0.0,1.0,1.0,0.5019633280809408,0.21666666663055556,50.0
C00529,4,58.5,925.6,8,10.44980212739242,4317.0675,2.375,0.5263157894736842,0.21052631578947367,0.2631578947368421,0.0,1.0,1.0,0.26718504517243863,0.324999999959375,51.0
C00530,3,471.90000000000003,808.6,2,8.714285127113643,3044.1400000000003,2.5,1.0,0.0,0.0,0.0,1.0,1.0,0.0,0.0,43.0
C00531,4,24.7,774.8000000000001,3,9.472136013269694,4330.536666666667,1.6666666666666667,0.8,0.2,0.0,0.0,1.0,1.0,0.6281794173315987,0.4333333331888889,21.0
C00532,3,7.800000000000001,633.1,6,9.860643201931657,3193.3683333333333,3.1666666666666665,0.631578947368421,0.2631578947368421,0.10526315789473684,0.0,1.0,1.0,0.044394242025528705,0.21666666663055556,55.0
C00533,4,13.0,690.3000000000001,8,10.544294575148557,4744.905000000001,2.875,0.5217391304347826,0.34782608695652173,0.13043478260869565,0.0,1.0,1.0,0.23053817726592443,0.1624999999796875,57.0
C00534,2,126.10000000000001,834.6,8,9.87751876347886,2435.7887499999997,3.5,0.21428571428571427,0.4285714285714286,0.35714285714285715,1.0,0.0,0.0,0.0,0.0,56.0
C00535,1,57.2,464.1,3,9.02262429086492,2762.5,3.3333333333333335,0.5,0.4,0.1,1.0,0.0,0.0,0.13522352941174837,0.4333333331888889,45.0
C00536,4,412.1,782.6,5,9.824642918552273,3696.5339999999997,2.4,0.6666666666666666,0.3333333333333333,0.0,0.0,1.0,1.0,0.0,0.0,63.0
C00537,2,507.0,507.0,1,6.034380348084814,416.54,1.0,1.0,0.0,0.0,1.0,0.0,0.0,0.0,0.0,56.0
C00538,2,182.0,908.7,5,9.93576595428307,4131.0199999999995,3.4,0.47058823529411764,0.23529411764705882,0.29411764705882354,0.0,1.0,1.0,0.0,0.0,51.0
C00539,0,196.3,742.3000000000001,4,9.09879409723127,2235.875,2.5,0.30000000000000004,0.6000000000000001,0.1,0.0,1.0,1.0,0.0,0.0,51.0
C00540,2,404.3,734.5,7,9.633426644752848,2180.808571428571,3.0,0.2857142857142857,0.5714285714285714,0.14285714285714285,1.0,0.0,0.0,0.0,0.0,61.0
C00541,2,358.8,665.6,7,9.842829492660648,2688.842857142857,2.857142857142857,0.25,0.55,0.2,0.0,1.0,1.0,0.0,0.0,46.0
C00542,3,383.5,851.5,3,9.03131537555138,2786.616666666667,3.0,0.5555555555555556,0.2222222222222222,0.2222222222222222,0.0,1.0,1.0,0.0,0.0,55.0
C00543,2,174.20000000000002,572.0,2,6.967400597908577,530.23,2.0,0.5,0.5,0.0,0.0,0.0,1.0,0.0,0.0,51.0
C00544,1,260.0,864.5,5,9.94351899465216,4163.174,3.2,0.5625,0.3125,0.125,1.0,0.0,0.0,0.0,0.0,39.0
C00545,3,48.1,443.3,4,8.315052527190307,1020.9749999999999,2.75,0.5454545454545454,0.2727272727272727,0.18181818181818182,0.0,1.0,1.0,0.36891427312119085,0.6499999998375,50.0
C00546,3,137.8,926.9,6,10.044644174067928,3838.5166666666664,3.3333333333333335,0.6,0.2,0.2,0.0,0.0,1.0,0.0,0.0,44.0
C00547,2,260.0,712.4,2,8.528158848235663,2527.065,2.5,0.4,0.6000000000000001,0.0,0.0,1.0,1.0,0.0,0.0,29.0
C00548,2,15.600000000000001,915.2,8,9.433779079727445,1562.83625,4.0,0.25,0.46875,0.28125,1.0,0.0,0.0,0.14139501179345074,0.324999999959375,49.0
C00549,1,547.3000000000001,900.9,4,9.847504859030783,4727.5275,3.25,0.5384615384615385,0.3076923076923077,0.15384615384615385,1.0,0.0,0.0,0.0,0.0,66.0
C00550,0,169.0,679.9,5,9.307413542253677,2203.682,3.2,0.3125,0.4375,0.25,1.0,0.0,0.0,0.0,0.0,65.0
C00551,2,815.1,815.1,1,4.344065128386763,76.02,1.0,0.0,1.0,0.0,1.0,0.0,0.0,0.0,0.0,53.0
C00552,3,349.7,812.5,7,10.173687575566932,3743.3614285714284,3.4285714285714284,0.5,0.33333333333333337,0.16666666666666666,0.0,0.0,1.0,0.0,0.0,45.0
C00553,3,149.5,885.3000000000001,9,10.280548385013676,3239.8733333333334,3.111111111111111,0.5357142857142857,0.2857142857142857,0.17857142857142858,0.0,1.0,1.0,0.0,0.0,38.0
C00554,0,128.70000000000002,942.5,5,8.925310778589425,1503.784,4.0,0.2,0.55,0.25,0.0,1.0,1.0,0.0,0.0,48.0
C00555,1,365.3,942.5,8,10.23838032817959,3494.3512499999997,3.25,0.5,0.38461538461538464,0.11538461538461539,1.0,0.0,0.0,0.0,0.0,26.0
C00556,2,94.9,339.3,2,8.995467523908324,4032.7200000000003,2.5,0.4,0.0,0.6,1.0,0.0,0.0,1.1576670336644799,0.649999999675,23.0
C00557,3,54.6,910.0,4,9.46094577117759,3211.7574999999997,3.75,0.5333333333333333,0.26666666666666666,0.2,0.0,1.0,1.0,1.0578789805892057,0.6499999998375,44.0
C00558,4,157.3,741.0,4,9.679179573539066,3995.095,1.75,0.5714285714285714,0.42857142857142855,0.0,0.0,0.0,1.0,0.0,0.0,63.0
C00559,3,76.7,599.3000000000001,7,10.197645610455245,3834.131428571429,3.2857142857142856,0.5217391304347826,0.2608695652173913,0.21739130434782608,0.0,1.0,1.0,0.30407564834947515,0.1857142856877551,60.0
C00560,4,162.5,735.8000000000001,4,10.07199918983779,5917.459999999999,3.0,0.6666666666666666,0.16666666666666666,0.16666666666666666,0.0,1.0,1.0,0.0,0.0,47.0
C00561,0,214.5,841.1,4,9.542836858624051,3485.8625,2.25,0.3333333333333333,0.5555555555555556,0.1111111111111111,0.0,0.0,1.0,0.0,0.0,33.0
C00562,3,72.8,760.5,8,10.34174828990204,3874.8975,3.625,0.4482758620689655,0.4137931034482759,0.13793103448275862,0.0,0.0,1.0,0.4407837884743906,0.324999999959375,29.0
C00563,2,486.2,929.5,2,5.457498230900349,116.755,1.0,0.5,0.5,0.0,0.0,1.0,1.0,0.0,0.0,48.0
C00564,4,110.5,630.5,5,10.370250310828277,6379.092,2.8,0.6428571428571428,0.14285714285714285,0.21428571428571427,1.0,0.0,0.0,0.22261735682757913,0.259999999948,38.0
C00565,4,354.90000000000003,863.2,3,9.863254967613237,6403.44,3.3333333333333335,0.6,0.30000000000000004,0.1,0.0,0.0,1.0,0.0,0.0,24.0
C00566,2,14.3,785.2,5,9.516218635036566,2715.4339999999997,2.6,0.38461538461538464,0.5384615384615385,0.07692307692307693,0.0,1.0,1.0,0.6196997607011904,0.519999999896,24.0
C00567,2,751.4,751.4,1,8.781342016454042,6510.61,3.0,0.6666666666666666,0.3333333333333333,0.0,0.0,0.0,1.0,0.0,0.0,38.0
C00568,1,24.7,581.1,4,9.668257502886759,3951.6949999999997,2.75,0.5454545454545454,0.2727272727272727,0.18181818181818182,1.0,0.0,0.0,0.12777055162404186,0.32499999991875,67.0
C00569,1,54.6,813.8000000000001,4,9.101134695375425,2241.115,2.5,0.4,0.4,0.2,1.0,0.0,0.0,0.01034697014655536,0.32499999991875,63.0
C00570,1,117.0,741.0,5,9.935653632484874,4130.5560000000005,3.2,0.625,0.3125,0.0625,1.0,0.0,0.0,0.034863006336191306,0.259999999948,22.0
C00571,0,29.900000000000002,820.3000000000001,9,10.202210821027277,2995.7477777777776,2.111111111111111,0.3684210526315789,0.42105263157894735,0.21052631578947367,0.0,0.0,1.0,0.0586794690103321,0.14444444442839505,40.0
C00572,1,35.1,737.1,9,10.285740326900385,3256.738888888889,2.888888888888889,0.5,0.23076923076923078,0.2692307692307692,1.0,0.0,0.0,0.5053845274669615,0.4333333332851852,27.0
C00573,3,100.10000000000001,669.5,8,10.394222299466032,4083.665,2.75,0.5,0.3181818181818182,0.18181818181818182,0.0,0.0,1.0,0.5247163087569461,0.324999999959375,39.0
C00574,1,369.2,764.4,3,8.965845494750937,2610.0,2.0,0.6666666666666666,0.16666666666666666,0.16666666666666666,1.0,0.0,0.0,0.0,0.0,51.0
C00575,3,62.400000000000006,913.9,6,8.14028055412524,571.48,1.8333333333333333,0.36363636363636365,0.36363636363636365,0.2727272727272727,0.0,1.0,1.0,0.562299059751125,0.21666666663055556,20.0
C00576,0,214.5,739.7,4,9.539846976239728,3475.455,2.75,0.36363636363636365,0.4545454545454546,0.18181818181818182,1.0,0.0,0.0,0.0,0.0,48.0
C00577,0,165.1,941.2,7,9.499740467780327,1907.8942857142854,2.857142857142857,0.35,0.45,0.2,0.0,1.0,1.0,0.0,0.0,53.0
C00578,3,127.4,868.4,2,9.05484378682456,4279.45,4.0,0.75,0.125,0.125,0.0,1.0,1.0,0.0,0.0,53.0
C00579,2,6.5,709.8000000000001,4,9.035659550278181,2099.0625,2.5,0.4,0.5,0.1,0.0,0.0,1.0,0.18206115825515176,0.32499999991875,44.0
C00580,2,127.4,941.2,5,9.772865637559423,3509.9979999999996,3.4,0.4117647058823529,0.29411764705882354,0.29411764705882354,1.0,0.0,0.0,0.0,0.0,38.0
C00581,2,40.300000000000004,930.8000000000001,8,9.90577992304598,2505.6125,2.625,0.42857142857142855,0.47619047619047616,0.09523809523809523,0.0,1.0,1.0,0.3535258843895279,0.1624999999796875,48.0
C00582,3,23.400000000000002,340.6,5,9.754767682462854,3447.042,2.4,0.5833333333333333,0.3333333333333333,0.08333333333333333,0.0,1.0,1.0,0.6973142189737928,0.519999999896,61.0
C00583,0,53.300000000000004,928.2,10,10.505324766758806,3650.839,2.7,0.4444444444444444,0.4444444444444444,0.1111111111111111,0.0,1.0,1.0,0.22353935629590288,0.12999999998700001,30.0
C00584,2,44.2,887.9,7,9.303899018741701,1568.5357142857142,2.5714285714285716,0.33333333333333337,0.3333333333333333,0.3333333333333333,0.0,0.0,1.0,0.16429982467723178,0.3714285713755102,37.0
C00585,2,204.1,439.40000000000003,5,9.264074485140535,2110.2079999999996,3.2,0.3125,0.1875,0.5,1.0,0.0,0.0,0.0,0.0,41.0
C00586,2,139.1,837.2,8,10.125614186965587,3121.6987499999996,4.0,0.28125,0.40625,0.3125,0.0,1.0,1.0,0.0,0.0,29.0
C00587,4,293.8,737.1,4,9.81538503501458,4578.085,3.0,0.5,0.41666666666666663,0.08333333333333333,1.0,0.0,0.0,0.0,0.0,53.0
C00588,2,23.400000000000002,898.3000000000001,7,10.231841928304995,3967.5171428571425,3.7142857142857144,0.34615384615384615,0.4230769230769231,0.23076923076923078,0.0,1.0,1.0,0.3106056252524857,0.1857142856877551,25.0
C00589,3,312.0,685.1,5,9.93720758773869,4136.98,2.4,0.6666666666666667,0.25,0.08333333333333333,0.0,0.0,1.0,0.0,0.0,40.0
C00590,3,397.8,694.2,5,9.01118430666023,1638.6439999999998,2.0,0.6,0.30000000000000004,0.1,0.0,0.0,1.0,0.0,0.0,31.0
C00591,3,70.2,919.1,9,10.276226624675767,3225.9011111111113,2.888888888888889,0.5,0.23076923076923078,0.2692307692307692,0.0,1.0,1.0,0.3143473434296114,0.14444444442839505,44.0
C00592,0,215.8,894.4,5,9.654125787994465,3116.9919999999997,2.8,0.3571428571428571,0.5,0.14285714285714285,0.0,0.0,1.0,0.0,0.0,32.0
C00593,3,413.40000000000003,821.6,3,8.97274413188967,2628.07,2.3333333333333335,0.7142857142857142,0.2857142857142857,0.0,0.0,1.0,1.0,0.0,0.0,31.0
C00594,1,50.7,692.9,7,9.94347527915167,2973.565714285714,3.0,0.47619047619047616,0.3333333333333333,0.19047619047619047,1.0,0.0,0.0,0.02435186039271638,0.1857142856877551,27.0
C00595,2,41.6,929.5,5,9.852287937971012,3800.156,2.0,0.5,0.4,0.1,0.0,1.0,1.0,0.4326003458805148,0.259999999948,32.0
C00596,3,5.2,665.6,7,10.036737468049685,3264.2442857142855,2.5714285714285716,0.7222222222222222,0.2222222222222222,0.05555555555555555,0.0,0.0,1.0,0.3958575841881409,0.3714285713755102,36.0
C00597,4,16.900000000000002,869.7,8,10.366752276277834,3973.01,2.875,0.5652173913043479,0.21739130434782608,0.21739130434782608,0.0,1.0,1.0,0.3916240142863851,0.324999999959375,22.0
C00598,2,254.8,664.3000000000001,2,6.759904711703358,430.78,2.0,0.5,0.5,0.0,0.0,0.0,1.0,0.0,0.0,39.0
C00599,2,119.60000000000001,815.1,9,10.215216907446356,3034.9666666666667,3.4444444444444446,0.29032258064516125,0.45161290322580644,0.25806451612903225,0.0,1.0,1.0,0.0,0.0,35.0
C00600,4,132.6,949.0,5,9.97432758363952,4293.438,2.6,0.5384615384615385,0.38461538461538464,0.07692307692307693,0.0,0.0,1.0,0.0,0.0,35.0
C00601,4,219.70000000000002,572.0,3,9.7330544472256,5621.663333333334,3.3333333333333335,0.5,0.4,0.1,1.0,0.0,0.0,0.0,0.0,67.0
C00602,1,39.0,839.8000000000001,8,10.664343230794683,5732.3012499999995,3.25,0.6538461538461539,0.2692307692307693,0.07692307692307693,1.0,0.0,0.0,0.21147758938872477,0.324999999959375,26.0
C00603,1,55.9,873.6,6,8.171398838573717,589.5483333333333,2.0,0.5,0.5,0.0,1.0,0.0,0.0,0.23911497219616173,0.21666666663055556,29.0
C00604,3,184.6,832.0,11,10.288226006566829,2671.2363636363634,2.4545454545454546,0.5555555555555556,0.3333333333333333,0.1111111111111111,0.0,0.0,1.0,0.0,0.0,27.0
C00605,2,152.1,791.7,5,9.822986573205508,3690.416,3.0,0.4,0.26666666666666666,0.3333333333333333,0.0,1.0,1.0,0.0,0.0,29.0
C00606,1,57.2,695.5,5,9.959335135390189,4229.546,3.8,0.5263157894736842,0.42105263157894735,0.05263157894736842,1.0,0.0,0.0,0.38590723448803327,0.259999999948,29.0
C00607,4,9.1,863.2,8,10.643646650454746,5240.5475,2.625,0.5714285714285714,0.3333333333333333,0.09523809523809523,1.0,0.0,0.0,0.3755125299408036,0.1624999999796875,30.0
C00608,0,291.2,687.7,3,9.53385545463614,4606.256666666667,4.0,0.41666666666666663,0.5833333333333334,0.0,0.0,1.0,1.0,0.0,0.0,65.0
C00609,1,42.9,530.4,4,9.202929982738585,2481.2925,2.25,0.6666666666666667,0.2222222222222222,0.1111111111111111,1.0,0.0,0.0,0.4337288933085848,0.6499999998375,24.0
C00610,4,547.3000000000001,820.3000000000001,4,9.71449479266812,4138.7125,2.5,0.5,0.4,0.1,0.0,0.0,1.0,0.0,0.0,31.0
C00611,2,36.4,838.5,8,9.81144901506882,2280.05,3.0,0.375,0.33333333333333337,0.2916666666666667,1.0,0.0,0.0,0.1448071314225486,0.324999999959375,58.0
C00612,3,91.0,655.2,6,9.350554386064568,1917.3666666666668,3.6666666666666665,0.4090909090909091,0.36363636363636365,0.22727272727272727,0.0,0.0,1.0,0.2078596512577834,0.4333333332611111,21.0
C00613,2,70.2,816.4,7,10.290188034438534,4205.901428571428,2.857142857142857,0.55,0.44999999999999996,0.0,0.0,1.0,1.0,0.027436109330731977,0.1857142856877551,53.0
C00614,4,262.6,769.6,5,10.163681771850177,5188.528,3.0,0.5333333333333333,0.4,0.06666666666666667,0.0,1.0,1.0,0.0,0.0,60.0
C00615,2,195.0,924.3000000000001,6,9.828684800617294,3092.9216666666666,2.8333333333333335,0.23529411764705882,0.4117647058823529,0.35294117647058826,0.0,0.0,1.0,0.0,0.0,47.0
C00616,2,358.8,830.7,3,8.854196715450724,2334.24,3.3333333333333335,0.4,0.2,0.4,0.0,1.0,1.0,0.0,0.0,22.0
C00617,1,141.70000000000002,575.9,3,8.541948241081764,1708.1066666666666,4.666666666666667,0.35714285714285715,0.42857142857142855,0.21428571428571427,1.0,0.0,0.0,0.0,0.0,43.0
C00618,1,70.2,737.1,6,10.242320215443737,4677.528333333333,3.1666666666666665,0.5789473684210527,0.3157894736842105,0.10526315789473684,1.0,0.0,0.0,0.3118114374507508,0.21666666663055556,20.0
C00619,0,14.3,458.90000000000003,3,7.372356843313878,530.1266666666667,1.6666666666666667,0.0,0.8,0.2,0.0,1.0,1.0,1.0885348155779824,0.8666666663777778,67.0
C00620,0,189.8,711.1,5,9.487723592848502,2639.1440000000002,3.8,0.3684210526315789,0.5789473684210527,0.05263157894736842,0.0,1.0,1.0,0.0,0.0,21.0
C00621,0,492.7,859.3000000000001,5,9.136887569767138,1858.1599999999999,2.8,0.2857142857142857,0.5,0.21428571428571427,0.0,1.0,1.0,0.0,0.0,31.0
C00622,0,16.900000000000002,872.3000000000001,5,9.605497198507795,2969.034,4.2,0.42857142857142855,0.5714285714285714,0.0,0.0,1.0,1.0,0.6399946245141929,0.259999999948,44.0
C00623,0,130.0,913.9,9,10.04517676696361,2560.374444444444,2.111111111111111,0.42105263157894735,0.5263157894736842,0.05263157894736842,1.0,0.0,0.0,0.0,0.0,26.0
C00624,2,104.0,880.1,6,9.58123542915075,2414.885,2.3333333333333335,0.2857142857142857,0.5714285714285714,0.14285714285714285,1.0,0.0,0.0,0.023242307604708353,0.21666666663055556,20.0
C00625,4,28.6,906.1,9,10.467627092856999,3906.4099999999994,2.6666666666666665,0.5,0.375,0.125,1.0,0.0,0.0,0.20594188639810507,0.2888888888567901,36.0
C00626,2,152.1,270.40000000000003,2,8.355753679138028,2126.795,3.0,0.5,0.3333333333333333,0.16666666666666666,1.0,0.0,0.0,0.0,0.0,51.0
C00627,4,579.8000000000001,783.9,7,9.880921340053748,2793.247142857143,2.5714285714285716,0.3888888888888889,0.3333333333333333,0.2777777777777778,1.0,0.0,0.0,0.0,0.0,36.0
C00628,4,24.7,328.90000000000003,2,9.481662853075095,6557.99,3.5,0.5714285714285714,0.2857142857142857,0.14285714285714285,1.0,0.0,0.0,0.6777771847776012,0.649999999675,24.0
C00629,3,275.6,627.9,4,9.743127467526353,4258.9349999999995,3.75,0.6000000000000001,0.4,0.0,0.0,0.0,1.0,0.0,0.0,63.0
C00630,4,153.4,838.5,5,10.270089510224503,5771.094,3.4,0.5294117647058824,0.29411764705882354,0.17647058823529413,0.0,1.0,1.0,0.0,0.0,39.0
C00631,1,178.1,912.6,4,8.563322676258451,1308.7625,3.25,0.38461538461538464,0.46153846153846156,0.15384615384615385,1.0,0.0,0.0,0.0,0.0,29.0
C00632,3,239.20000000000002,919.1,6,10.050987306767205,3862.943333333333,3.6666666666666665,0.5,0.36363636363636365,0.13636363636363635,0.0,1.0,1.0,0.0,0.0,56.0
C00633,0,128.70000000000002,906.1,6,9.862065899089727,3197.9150000000004,3.6666666666666665,0.36363636363636365,0.40909090909090906,0.22727272727272727,0.0,1.0,1.0,0.0,0.0,48.0
C00634,2,482.3,916.5,3,7.7614299073559225,782.42,3.6666666666666665,0.09090909090909091,0.7272727272727273,0.18181818181818182,0.0,0.0,1.0,0.0,0.0,64.0
C00635,2,54.6,926.9,6,9.606922139794237,2477.723333333333,3.0,0.3888888888888889,0.5555555555555556,0.05555555555555555,0.0,1.0,1.0,0.6164627608408918,0.4333333332611111,53.0
C00636,3,44.2,847.6,5,9.348038446910936,2295.058,4.0,0.5,0.5,0.0,0.0,1.0,1.0,0.9081904683889551,0.519999999896,42.0
C00637,0,466.7,946.4,5,9.794086105523796,3585.282,2.4,0.3333333333333333,0.41666666666666663,0.25,0.0,0.0,1.0,0.0,0.0,54.0
C00638,1,67.60000000000001,811.2,4,9.575097367968134,3600.16,2.75,0.45454545454545453,0.36363636363636365,0.18181818181818182,1.0,0.0,0.0,0.05385823130082734,0.32499999991875,51.0
C00639,3,14.3,881.4,7,10.284404470957764,4181.645714285714,3.0,0.7619047619047619,0.19047619047619047,0.047619047619047616,0.0,1.0,1.0,0.6381313987110804,0.5571428570632653,31.0
C00640,1,345.8,542.1,4,9.588743245489388,3649.6275,3.0,0.5,0.3333333333333333,0.16666666666666666,1.0,0.0,0.0,0.0,0.0,58.0
C00641,0,15.600000000000001,852.8000000000001,6,9.466358387692475,2152.7933333333335,2.8333333333333335,0.23529411764705882,0.6470588235294117,0.11764705882352941,0.0,1.0,1.0,0.10085377447594436,0.4333333332611111,57.0
C00642,2,59.800000000000004,504.40000000000003,4,9.038078842988762,2104.1475,3.0,0.25,0.5,0.25,1.0,0.0,0.0,0.6845821169855388,0.6499999998375,24.0
C00643,0,241.8,638.3000000000001,5,9.135487507074115,1855.56,2.4,0.3333333333333333,0.5,0.16666666666666666,0.0,1.0,1.0,0.0,0.0,25.0
C00644,1,7.800000000000001,890.5,6,9.651876365941115,2591.6566666666668,3.0,0.5,0.3888888888888889,0.1111111111111111,1.0,0.0,0.0,0.08067304439759378,0.21666666663055556,47.0
C00645,2,704.6,704.6,1,8.551581091472036,5173.93,2.0,1.0,0.0,0.0,0.0,0.0,1.0,0.0,0.0,54.0
C00646,2,240.5,573.3000000000001,4,8.286851294062604,992.5775,2.5,0.30000000000000004,0.5,0.2,0.0,0.0,1.0,0.0,0.0,32.0
C00647,0,221.0,916.5,9,9.960919317901032,2353.4733333333334,2.0,0.38888888888888884,0.6111111111111112,0.0,0.0,0.0,1.0,0.0,0.0,20.0
C00648,1,178.1,910.0,5,9.95675624454044,4218.652,2.8,0.5714285714285714,0.2857142857142857,0.14285714285714285,1.0,0.0,0.0,0.0,0.0,43.0
C00649,4,846.3000000000001,856.7,2,9.813246055229431,9136.605,3.5,0.7142857142857142,0.14285714285714285,0.14285714285714285,0.0,0.0,1.0,0.0,0.0,38.0
C00650,4,439.40000000000003,816.4,3,9.46764184210121,4311.116666666666,2.3333333333333335,0.5714285714285714,0.42857142857142855,0.0,0.0,1.0,1.0,0.0,0.0,28.0
C00651,2,37.7,435.5,4,9.515582853949269,3392.135,3.0,0.41666666666666663,0.41666666666666663,0.16666666666666666,0.0,0.0,1.0,0.6322493061154234,0.6499999998375,21.0
C00652,2,860.6,860.6,1,8.79402309147799,6593.71,4.0,0.75,0.25,0.0,0.0,1.0,1.0,0.0,0.0,63.0
C00653,0,507.0,941.2,5,9.710851382546249,3298.928,3.8,0.42105263157894735,0.3684210526315789,0.21052631578947367,0.0,0.0,1.0,0.0,0.0,36.0
C00654,2,107.9,734.5,4,9.692481912822112,4048.5975,4.25,0.23529411764705882,0.47058823529411764,0.29411764705882354,0.0,0.0,1.0,0.02289113699250031,0.32499999991875,43.0
C00655,0,146.9,544.7,3,9.471295182090923,4326.8966666666665,3.6666666666666665,0.45454545454545453,0.36363636363636365,0.18181818181818182,1.0,0.0,0.0,0.0,0.0,30.0
C00656,1,364.0,815.1,6,9.464457646389238,2148.705,3.6666666666666665,0.40909090909090906,0.36363636363636365,0.22727272727272727,1.0,0.0,0.0,0.0,0.0,39.0
C00657,1,208.0,938.6,7,10.11227575714511,3520.382857142857,2.0,0.7142857142857142,0.14285714285714285,0.14285714285714285,1.0,0.0,0.0,0.0,0.0,41.0
C00658,2,5.2,869.7,5,9.018147857178953,1650.096,3.8,0.3157894736842105,0.5789473684210527,0.10526315789473684,0.0,0.0,1.0,0.13456817057915002,0.259999999948,59.0
C00659,2,627.9,627.9,1,6.548448302855056,697.16,2.0,0.5,0.5,0.0,0.0,0.0,1.0,0.0,0.0,51.0
C00660,4,107.9,652.6,3,9.893511456351037,6600.156666666667,2.6666666666666665,0.625,0.25,0.125,0.0,1.0,1.0,0.0460740578380187,0.4333333331888889,24.0
C00661,0,561.6,703.3000000000001,3,8.855285543512775,2336.7833333333333,2.6666666666666665,0.25,0.75,0.0,0.0,0.0,1.0,0.0,0.0,35.0
C00662,3,146.9,804.7,6,9.859979662559194,3191.25,2.5,0.4666666666666667,0.33333333333333337,0.2,0.0,1.0,1.0,0.0,0.0,33.0
C00663,4,136.5,917.8000000000001,4,9.977996515710775,5386.525,2.75,0.6363636363636364,0.09090909090909091,0.2727272727272727,0.0,1.0,1.0,0.0,0.0,46.0
C00664,0,349.7,874.9,3,9.067807443963973,2890.1966666666667,3.3333333333333335,0.4,0.4,0.2,0.0,1.0,1.0,0.0,0.0,58.0
C00665,4,55.9,806.0,6,10.370156879167983,5315.413333333333,2.0,0.8333333333333334,0.08333333333333333,0.08333333333333333,0.0,0.0,1.0,0.5151724795312088,0.4333333332611111,48.0
C00666,4,296.40000000000003,898.3000000000001,6,10.25570025546935,4740.536666666667,3.0,0.5555555555555556,0.2777777777777778,0.16666666666666666,0.0,0.0,1.0,0.0,0.0,51.0
C00667,4,91.0,943.8000000000001,2,9.0563706757704,4285.99,3.0,0.5,0.5,0.0,1.0,0.0,0.0,0.3318374517905628,0.649999999675,32.0
C00668,2,213.20000000000002,217.1,2,8.899391037306055,3663.255,2.5,0.4,0.6,0.0,0.0,0.0,1.0,0.0,0.0,67.0
C00669,4,32.5,510.90000000000003,5,10.24509088823841,5628.608,3.0,0.6,0.2,0.2,1.0,0.0,0.0,0.1482893106075197,0.259999999948,39.0
C00670,2,205.4,205.4,1,6.705382023876393,815.79,5.0,0.4,0.4,0.2,0.0,1.0,1.0,0.0,0.0,34.0
C00671,0,140.4,942.5,4,9.554668101830796,3527.3525,3.5,0.3571428571428571,0.5,0.14285714285714285,0.0,0.0,1.0,0.0,0.0,34.0
C00672,1,83.2,673.4,8,10.552461818007302,4783.8175,3.75,0.5,0.4,0.1,1.0,0.0,0.0,0.020404990365957207,0.1624999999796875,37.0
C00673,3,438.1,900.9,6,9.671431275620188,2642.8383333333336,2.1666666666666665,0.6923076923076923,0.07692307692307693,0.23076923076923078,0.0,1.0,1.0,0.0,0.0,35.0
C00674,2,419.90000000000003,751.4,3,9.031387136014983,2786.816666666666,3.6666666666666665,0.36363636363636365,0.6363636363636364,0.0,1.0,0.0,0.0,0.0,0.0,61.0
C00675,0,339.3,872.3000000000001,6,10.56206088651529,6439.946666666667,4.166666666666667,0.48000000000000004,0.52,0.0,0.0,1.0,1.0,0.0,0.0,28.0
C00676,2,20.8,902.2,7,10.002352316405366,3153.905714285714,3.5714285714285716,0.36,0.4,0.24,0.0,1.0,1.0,0.0553862014173784,0.1857142856877551,23.0
C00677,2,133.9,885.3000000000001,2,6.264216974974207,262.215,1.5,0.0,1.0,0.0,0.0,1.0,1.0,0.0,0.0,35.0
C00678,3,201.5,858.0,10,10.3932184385907,3263.654,2.5,0.52,0.36000000000000004,0.12,0.0,1.0,1.0,0.0,0.0,59.0
C00679,1,136.5,828.1,12,10.664343230794683,4331.468333333333,2.75,0.6363636363636364,0.24242424242424243,0.12121212121212122,1.0,0.0,0.0,0.0,0.0,29.0
C00680,2,154.70000000000002,278.2,2,9.006473574416779,4077.3549999999996,5.0,0.5,0.4,0.1,0.0,1.0,1.0,0.0,0.0,26.0
C00681,2,78.0,741.0,5,8.717678778837861,1221.7959999999998,3.4,0.17647058823529413,0.47058823529411764,0.35294117647058826,1.0,0.0,0.0,0.779645047127216,0.519999999896,35.0
C00682,0,358.8,916.5,3,9.618050957112732,5010.906666666667,3.0,0.4444444444444444,0.3333333333333333,0.2222222222222222,0.0,1.0,1.0,0.0,0.0,49.0
C00683,3,390.0,785.2,5,10.209364710881495,5431.062,2.8,0.7142857142857142,0.2857142857142857,0.0,0.0,0.0,1.0,0.0,0.0,65.0
C00684,1,338.0,939.9,7,9.205189127066474,1421.0885714285712,2.4285714285714284,0.411764705882353,0.4117647058823529,0.17647058823529413,1.0,0.0,0.0,0.0,0.0,20.0
C00685,2,11.700000000000001,647.4,5,9.549372187222273,2806.9759999999997,2.8,0.42857142857142855,0.3571428571428571,0.21428571428571427,1.0,0.0,0.0,1.055644223534433,0.519999999896,62.0
C00686,0,341.90000000000003,842.4,9,9.86489120442642,2137.9755555555553,3.0,0.2962962962962963,0.5185185185185185,0.18518518518518517,0.0,0.0,1.0,0.0,0.0,21.0
C00687,0,141.70000000000002,872.3000000000001,6,9.96522261640704,3545.435,2.8333333333333335,0.23529411764705882,0.6470588235294118,0.11764705882352941,1.0,0.0,0.0,0.0,0.0,30.0
C00688,2,76.7,76.7,1,7.362162920603317,1574.24,5.0,0.0,0.6000000000000001,0.4,0.0,1.0,1.0,1.2999999999991743,1.2999999987,35.0
C00689,3,439.40000000000003,739.7,4,9.337764779871847,2839.4975,2.75,0.45454545454545453,0.36363636363636365,0.18181818181818182,0.0,1.0,1.0,0.0,0.0,61.0
C00690,0,52.0,830.7,5,9.741273870563234,3400.8379999999997,3.6,0.4444444444444444,0.4444444444444444,0.1111111111111111,0.0,0.0,1.0,1.03855720266587,0.519999999896,53.0
C00691,2,707.2,707.2,1,8.111724083300073,3332.32,3.0,0.3333333333333333,0.3333333333333333,0.3333333333333333,1.0,0.0,0.0,0.0,0.0,56.0
C00692,4,92.3,568.1,6,10.387842088161234,5410.256666666667,3.5,0.47619047619047616,0.2857142857142857,0.23809523809523808,0.0,0.0,1.0,0.5013861326357129,0.4333333332611111,33.0
C00693,0,83.2,943.8000000000001,11,10.353309201290358,2850.877272727273,2.8181818181818183,0.3548387096774194,0.6451612903225806,0.0,0.0,1.0,1.0,0.18864595108682053,0.11818181817107437,40.0
C00694,2,535.6,917.8000000000001,7,9.512860563036082,1933.0928571428572,2.142857142857143,0.4,0.26666666666666666,0.3333333333333333,0.0,1.0,1.0,0.0,0.0,63.0
C00695,0,184.6,670.8000000000001,5,9.741307977215916,3400.954,3.2,0.25,0.625,0.125,0.0,1.0,1.0,0.0,0.0,48.0
C00696,3,9.1,811.2,7,10.217150553684053,3909.652857142857,3.5714285714285716,0.48,0.28,0.24,0.0,0.0,1.0,0.3401485773124782,0.1857142856877551,46.0
C00697,2,100.10000000000001,777.4,5,8.535563420771116,1018.3400000000001,1.8,0.3333333333333333,0.2222222222222222,0.4444444444444444,1.0,0.0,0.0,0.08866665357344528,0.259999999948,65.0
C00698,4,327.6,422.5,3,9.704612133489361,5464.013333333333,2.0,0.6666666666666666,0.16666666666666666,0.16666666666666666,0.0,0.0,1.0,0.0,0.0,56.0
C00699,2,278.2,898.3000000000001,5,8.078880458814599,644.924,2.8,0.2857142857142857,0.5714285714285714,0.14285714285714285,0.0,1.0,1.0,0.0,0.0,20.0
C00700,3,133.9,874.9,5,10.034269293330507,4558.676,3.0,0.5333333333333333,0.26666666666666666,0.2,0.0,1.0,1.0,0.0,0.0,23.0
C00701,0,15.600000000000001,925.6,12,10.664343230794683,3952.2491666666665,2.75,0.42424242424242425,0.3939393939393939,0.18181818181818182,0.0,0.0,1.0,0.21172239688834962,0.43333333329722223,48.0
C00702,3,447.2,894.4,10,10.451762417478868,3460.4309999999996,3.3,0.48484848484848486,0.3939393939393939,0.12121212121212122,0.0,1.0,1.0,0.0,0.0,35.0
C00703,2,195.0,863.2,3,9.509829219338862,4496.8966666666665,2.6666666666666665,0.5,0.5,0.0,0.0,0.0,1.0,0.0,0.0,47.0
C00704,2,236.6,942.5,4,9.290622743235799,2708.7325,3.75,0.2,0.5333333333333333,0.26666666666666666,0.0,1.0,1.0,0.0,0.0,39.0
C00705,2,538.2,858.0,3,9.466947325659351,4308.123333333334,3.0,0.4444444444444444,0.3333333333333333,0.2222222222222222,0.0,0.0,1.0,0.0,0.0,32.0
C00706,2,170.3,176.8,2,9.447548551081773,6338.025,2.5,0.8,0.2,0.0,0.0,1.0,1.0,0.0,0.0,58.0
C00707,1,5.2,617.5,3,9.301590502742588,3651.476666666667,3.6666666666666665,0.5454545454545454,0.36363636363636365,0.09090909090909091,1.0,0.0,0.0,0.41639784087347165,0.4333333331888889,32.0
C00708,2,490.1,796.9,2,8.524567931052395,2518.005,3.0,0.3333333333333333,0.5,0.16666666666666666,0.0,1.0,1.0,0.0,0.0,29.0
C00709,2,243.1,436.8,2,6.783642251130882,441.14,2.5,0.0,1.0,0.0,0.0,0.0,1.0,0.0,0.0,38.0
C00710,2,288.6,713.7,5,9.576228543491029,2883.388,2.6,0.46153846153846156,0.23076923076923078,0.3076923076923077,1.0,0.0,0.0,0.0,0.0,48.0
C00711,3,62.400000000000006,722.8000000000001,6,9.658424898270418,2608.685,2.3333333333333335,0.5714285714285714,0.2857142857142857,0.14285714285714285,0.0,0.0,1.0,0.5323558932309744,0.4333333332611111,52.0
C00712,3,24.7,858.0,9,10.4539221794457,3853.236666666667,3.111111111111111,0.4642857142857143,0.3571428571428571,0.17857142857142858,0.0,0.0,1.0,0.07745727761913067,0.2888888888567901,59.0
C00713,2,157.3,547.3000000000001,2,8.902412053844136,3674.3399999999997,3.0,0.3333333333333333,0.6666666666666666,0.0,0.0,1.0,1.0,0.0,0.0,62.0
C00714,1,52.0,508.3,3,7.784340059994234,800.56,2.6666666666666665,0.5,0.125,0.375,1.0,0.0,0.0,0.7134281003294721,0.4333333331888889,32.0
C00715,1,239.20000000000002,873.6,7,10.312250549957717,4299.728571428571,2.2857142857142856,0.6875,0.25,0.0625,1.0,0.0,0.0,0.0,0.0,45.0
C00716,0,36.4,764.4,8,9.60818652945111,1860.6437499999997,2.25,0.3333333333333333,0.5555555555555556,0.1111111111111111,0.0,0.0,1.0,0.6411210501741238,0.64999999991875,29.0
C00717,2,71.5,676.0,5,9.768168276886541,3493.548,3.2,0.3125,0.3125,0.375,0.0,1.0,1.0,0.13669553130512951,0.259999999948,51.0
C00718,0,202.8,859.3000000000001,6,9.718689932826905,2770.741666666667,2.3333333333333335,0.2857142857142857,0.5,0.21428571428571427,0.0,1.0,1.0,0.0,0.0,59.0
C00719,2,120.9,908.7,3,9.718793984747103,5542.06,3.0,0.4444444444444444,0.1111111111111111,0.4444444444444444,0.0,1.0,1.0,0.0,0.0,67.0
C00720,3,88.4,763.1,9,10.099898141160653,2704.3922222222222,3.111111111111111,0.5,0.3214285714285714,0.17857142857142858,0.0,1.0,1.0,0.1988984996834286,0.4333333332851852,58.0
C00721,1,5.2,793.0,5,9.62959266521155,3041.448,3.4,0.5882352941176471,0.4117647058823529,0.0,1.0,0.0,0.0,1.220303487023206,0.779999999844,33.0
C00722,2,24.7,702.0,7,9.686459016348376,2299.5914285714284,3.142857142857143,0.18181818181818182,0.5454545454545454,0.2727272727272727,0.0,0.0,1.0,0.45052599405854393,0.3714285713755102,21.0
C00723,0,33.800000000000004,933.4,12,10.157882453507575,2149.3849999999998,3.0,0.2777777777777778,0.4722222222222222,0.25,1.0,0.0,0.0,0.17544890747817882,0.3249999999729167,42.0
C00724,3,31.200000000000003,839.8000000000001,5,10.150210902370794,5119.1,3.2,0.5625,0.375,0.0625,0.0,0.0,1.0,0.5658132484225522,0.519999999896,62.0
C00725,2,23.400000000000002,527.8000000000001,2,7.269651567943509,717.525,3.0,0.3333333333333333,0.5,0.16666666666666666,0.0,1.0,1.0,1.2572509668643899,0.649999999675,23.0
C00726,2,436.8,713.7,2,7.334388095311307,765.545,2.0,0.0,0.5,0.5,0.0,0.0,1.0,0.0,0.0,29.0
C00727,4,126.10000000000001,592.8000000000001,6,10.111685979759837,4104.691666666667,2.8333333333333335,0.47058823529411764,0.29411764705882354,0.23529411764705882,1.0,0.0,0.0,0.0,0.0,24.0
C00728,4,218.4,891.8000000000001,6,10.224914314361342,4596.8133333333335,3.1666666666666665,0.42105263157894735,0.47368421052631576,0.10526315789473684,0.0,1.0,1.0,0.0,0.0,45.0
C00729,2,133.9,435.5,2,7.3939828356881865,812.585,3.0,0.16666666666666666,0.6666666666666666,0.16666666666666666,0.0,1.0,1.0,0.0,0.0,32.0
C00730,3,59.800000000000004,608.4,2,8.832969887927536,3427.81,1.5,1.0,0.0,0.0,0.0,0.0,1.0,1.1904192472743251,0.649999999675,45.0
C00731,2,137.8,907.4,4,8.443645677561033,1161.115,3.5,0.35714285714285715,0.5,0.14285714285714285,0.0,0.0,1.0,0.0,0.0,40.0
C00732,2,198.9,746.2,2,7.975557783256717,1453.99,4.5,0.2222222222222222,0.2222222222222222,0.5555555555555556,0.0,0.0,1.0,0.0,0.0,48.0
C00733,2,278.2,607.1,3,9.200312258097993,3299.74,3.3333333333333335,0.5,0.5,0.0,0.0,0.0,1.0,0.0,0.0,67.0
C00734,2,413.40000000000003,752.7,3,7.28078672305746,483.71,2.3333333333333335,0.14285714285714285,0.5714285714285714,0.2857142857142857,0.0,1.0,1.0,0.0,0.0,57.0
C00735,0,18.2,780.0,5,8.133945439856298,681.444,2.6,0.15384615384615385,0.6153846153846154,0.23076923076923078,0.0,0.0,1.0,0.20373999917815588,0.259999999948,66.0
C00736,2,315.90000000000003,894.4,6,9.610256110777625,2485.9983333333334,2.1666666666666665,0.38461538461538464,0.6153846153846154,0.0,0.0,1.0,1.0,0.0,0.0,42.0
C00737,0,10.4,911.3000000000001,8,10.47299086878691,4418.3475,3.25,0.5,0.34615384615384615,0.15384615384615385,1.0,0.0,0.0,0.003962878655424796,0.1624999999796875,26.0
C00738,2,157.3,890.5,6,9.562363914902328,2369.7366666666667,3.3333333333333335,0.30000000000000004,0.4,0.3,0.0,0.0,1.0,0.0,0.0,61.0
C00739,0,81.9,880.1,5,9.786878452547551,3559.532,2.8,0.5,0.35714285714285715,0.14285714285714285,0.0,0.0,1.0,0.055320081403956736,0.259999999948,44.0
C00740,0,2.6,369.2,6,9.64533127207232,2574.7483333333334,4.166666666666667,0.28,0.56,0.16,0.0,0.0,1.0,0.19249370003151164,0.4333333332611111,64.0
C00741,0,179.4,741.0,8,9.900835539054995,2493.25375,3.25,0.3076923076923077,0.46153846153846156,0.23076923076923078,1.0,0.0,0.0,0.0,0.0,27.0
C00742,3,137.8,830.7,6,10.015141622170963,3726.92,2.8333333333333335,0.5882352941176471,0.3529411764705882,0.058823529411764705,0.0,0.0,1.0,0.0,0.0,39.0
C00743,3,7.800000000000001,276.90000000000003,3,9.241506619449199,3438.523333333333,3.0,0.6666666666666666,0.1111111111111111,0.2222222222222222,0.0,1.0,1.0,0.8474510860765961,0.4333333331888889,61.0
C00744,1,22.1,907.4,7,10.138809445891736,3615.0457142857144,4.0,0.39285714285714285,0.42857142857142855,0.17857142857142858,1.0,0.0,0.0,0.05607627170887164,0.1857142856877551,29.0
C00745,0,1.3,782.6,8,9.67957120269004,1998.33,2.5,0.35,0.5,0.15,0.0,0.0,1.0,0.12912550729858627,0.324999999959375,26.0
C00746,4,117.0,665.6,8,10.664141267197346,5349.06125,3.25,0.5,0.4230769230769231,0.07692307692307693,1.0,0.0,0.0,0.2124812788412123,0.1624999999796875,20.0
C00747,0,235.3,730.6,6,10.198845713295007,4478.525,3.3333333333333335,0.45,0.39999999999999997,0.15,0.0,1.0,1.0,0.0,0.0,38.0
C00748,3,28.6,839.8000000000001,5,9.96093961770075,4236.338,2.4,0.75,0.16666666666666666,0.08333333333333333,0.0,1.0,1.0,0.07002193875936857,0.259999999948,64.0
C00749,2,375.7,587.6,2,8.140303878284406,1714.48,4.0,0.375,0.375,0.25,0.0,1.0,1.0,0.0,0.0,53.0
C00750,3,68.9,850.2,8,10.063102845558697,2932.52375,3.375,0.5185185185185185,0.4074074074074074,0.07407407407407407,0.0,1.0,1.0,0.10188958401444738,0.324999999959375,20.0
C00751,3,110.5,774.8000000000001,6,10.082546710154931,3986.805,2.6666666666666665,0.5625,0.1875,0.25,0.0,1.0,1.0,0.01939063151236728,0.21666666663055556,37.0
C00752,2,72.8,829.4,5,9.5224847866057,2732.504,4.4,0.2727272727272727,0.36363636363636365,0.36363636363636365,0.0,0.0,1.0,0.3143535745967571,0.519999999896,60.0
C00753,3,94.9,845.0,5,9.969849566349911,4274.254,3.2,0.6875,0.25,0.0625,0.0,0.0,1.0,0.36162062432413417,0.259999999948,57.0
C00754,0,44.2,738.4,5,9.931445559625418,4113.21,2.6,0.46153846153846156,0.38461538461538464,0.15384615384615385,0.0,1.0,1.0,0.030329256225671418,0.519999999896,60.0
C00755,3,20.8,919.1,7,9.739542312222868,2424.967142857143,2.7142857142857144,0.5263157894736842,0.3157894736842105,0.15789473684210525,0.0,1.0,1.0,0.0995541618531444,0.3714285713755102,39.0
C00756,4,254.8,843.7,4,9.773090670767013,4388.485000000001,3.0,0.5,0.25,0.25,1.0,0.0,0.0,0.0,0.0,66.0
C00757,0,153.4,846.3000000000001,5,9.485678571336658,2633.7519999999995,2.4,0.25,0.6666666666666666,0.08333333333333333,1.0,0.0,0.0,0.0,0.0,25.0
C00758,0,175.5,819.0,5,9.203282523858604,1985.734,3.2,0.25,0.625,0.125,0.0,1.0,1.0,0.0,0.0,22.0
C00759,4,315.90000000000003,845.0,6,9.602959995648943,2467.9249999999997,3.0,0.4444444444444444,0.38888888888888884,0.16666666666666666,0.0,1.0,1.0,0.0,0.0,29.0
C00760,1,31.200000000000003,508.3,5,9.373636249571602,2354.5699999999997,2.4,0.75,0.08333333333333333,0.16666666666666666,1.0,0.0,0.0,0.07184488038154978,0.259999999948,61.0
C00761,3,76.7,440.7,5,8.19323710004023,723.082,2.6,0.46153846153846156,0.3076923076923077,0.23076923076923078,0.0,0.0,1.0,0.24736751848331248,0.259999999948,50.0
C00762,2,85.8,855.4,6,9.863776919391643,3203.3916666666664,3.5,0.3333333333333333,0.42857142857142855,0.23809523809523808,0.0,0.0,1.0,0.0870659483308011,0.21666666663055556,35.0
C00763,3,35.1,768.3000000000001,8,9.974439836453469,2683.7,3.0,0.5416666666666667,0.20833333333333331,0.25,0.0,0.0,1.0,0.08525543093489935,0.1624999999796875,30.0
C00764,3,136.5,798.2,3,9.473055344169298,4334.5199999999995,2.0,0.8333333333333333,0.16666666666666666,0.0,0.0,1.0,1.0,0.0,0.0,38.0
C00765,1,185.9,858.0,9,10.34247544059502,3446.858888888889,3.111111111111111,0.5357142857142857,0.25,0.21428571428571427,1.0,0.0,0.0,0.0,0.0,35.0
C00766,1,42.9,854.1,5,9.742871517268535,3406.2759999999994,4.2,0.5238095238095237,0.38095238095238093,0.09523809523809523,1.0,0.0,0.0,0.415566325218484,0.519999999896,33.0
C00767,4,27.3,812.5,5,10.092551329397368,4832.272,2.8,0.5,0.42857142857142855,0.07142857142857142,0.0,0.0,1.0,0.397985833578888,0.259999999948,50.0
C00768,3,191.1,930.8000000000001,5,9.91750090525448,4056.2479999999996,2.6,0.6923076923076923,0.23076923076923078,0.07692307692307693,0.0,1.0,1.0,0.0,0.0,48.0
C00769,0,245.70000000000002,937.3000000000001,6,10.297839133540595,4944.573333333333,3.3333333333333335,0.5,0.35,0.15,0.0,0.0,1.0,0.0,0.0,56.0
C00770,1,513.5,793.0,5,10.167978400375333,5210.87,2.8,0.6428571428571428,0.3571428571428571,0.0,1.0,0.0,0.0,0.0,0.0,34.0
C00771,2,15.600000000000001,848.9,6,9.99438391485467,3650.351666666667,2.5,0.4666666666666667,0.4666666666666667,0.06666666666666667,0.0,1.0,1.0,0.38776569928648935,0.6499999998916667,24.0
C00772,3,143.0,894.4,9,10.109589517370479,2730.73,2.3333333333333335,0.5714285714285714,0.3333333333333333,0.09523809523809523,0.0,1.0,1.0,0.0,0.0,28.0
C00773,2,79.3,449.8,2,9.49047050014499,6616.01,3.5,0.7142857142857142,0.2857142857142857,0.0,1.0,0.0,0.0,0.6480173851006386,0.649999999675,29.0
C00774,2,261.3,643.5,4,9.064073367487817,2159.5675,3.0,0.25,0.5,0.25,0.0,1.0,1.0,0.0,0.0,41.0
C00775,2,29.900000000000002,807.3000000000001,6,9.718996644400153,2771.5916666666667,2.5,0.33333333333333337,0.13333333333333333,0.5333333333333333,0.0,0.0,1.0,0.3719898614213631,0.21666666663055556,30.0
C00776,2,192.4,904.8000000000001,4,9.176479509127873,2416.5150000000003,3.0,0.3333333333333333,0.41666666666666663,0.25,0.0,0.0,1.0,0.0,0.0,34.0
C00777,4,377.0,832.0,5,10.369964344797337,6377.268,2.8,0.5,0.42857142857142855,0.07142857142857142,1.0,0.0,0.0,0.0,0.0,48.0
C00778,0,126.10000000000001,925.6,6,9.583497829886339,2420.355,3.3333333333333335,0.44999999999999996,0.5,0.05,0.0,1.0,1.0,0.0,0.0,64.0
C00779,3,89.7,845.0,6,10.057835212961434,3889.4883333333332,4.0,0.4583333333333333,0.45833333333333337,0.08333333333333333,0.0,0.0,1.0,0.37060277422949933,0.21666666663055556,51.0
C00780,2,114.4,834.6,6,10.079887863302618,3976.2183333333337,3.6666666666666665,0.45454545454545453,0.36363636363636365,0.18181818181818182,0.0,1.0,1.0,0.04159106789491181,0.21666666663055556,61.0
C00781,3,58.5,793.0,7,10.275201097719735,4143.335714285714,3.2857142857142856,0.5217391304347826,0.391304347826087,0.08695652173913043,0.0,0.0,1.0,0.29510356562258167,0.1857142856877551,23.0
C00782,2,387.40000000000003,724.1,2,7.403688560247421,820.515,3.0,0.3333333333333333,0.5,0.16666666666666666,1.0,0.0,0.0,0.0,0.0,30.0
C00783,0,31.200000000000003,819.0,7,9.919318577962136,2902.5914285714284,3.0,0.38095238095238093,0.5238095238095237,0.09523809523809523,1.0,0.0,0.0,0.06518638024937001,0.1857142856877551,25.0
C00784,1,644.8000000000001,946.4,6,10.183505833011148,4410.346666666666,2.0,0.8333333333333333,0.16666666666666666,0.0,1.0,0.0,0.0,0.0,0.0,51.0
C00785,0,22.1,618.8000000000001,6,9.322893756815434,1865.0533333333333,2.8333333333333335,0.23529411764705882,0.5294117647058824,0.23529411764705882,0.0,0.0,1.0,0.6890848519076586,0.21666666663055556,55.0
C00786,3,110.5,421.2,3,9.52654211472586,4572.69,2.0,0.8333333333333333,0.0,0.16666666666666666,0.0,1.0,1.0,0.6584184947298958,0.4333333331888889,36.0
C00787,0,74.10000000000001,842.4,7,10.22051590464813,3922.8328571428574,3.5714285714285716,0.4,0.6,0.0,0.0,1.0,1.0,0.03371073309630709,0.1857142856877551,26.0
C00788,4,213.20000000000002,929.5,5,10.065969006331697,4705.505999999999,3.0,0.5333333333333333,0.4,0.06666666666666667,0.0,0.0,1.0,0.0,0.0,35.0
C00789,2,669.5,895.7,2,7.150364145807342,636.7850000000001,2.5,0.6,0.4,0.0,0.0,0.0,1.0,0.0,0.0,40.0
C00790,3,28.6,850.2,3,9.3551841624688,3852.53,3.0,0.5555555555555556,0.2222222222222222,0.2222222222222222,0.0,1.0,1.0,0.5663569135087361,0.4333333331888889,35.0
C00791,3,101.4,889.2,9,10.120142095702207,2759.7,3.3333333333333335,0.5333333333333333,0.33333333333333337,0.13333333333333333,0.0,0.0,1.0,0.08928579193390226,0.14444444442839505,43.0
C00792,2,128.70000000000002,825.5,5,9.462182549861653,2572.5860000000002,3.2,0.3125,0.25,0.4375,1.0,0.0,0.0,0.0,0.0,44.0
C00793,0,28.6,627.9,8,9.94919917332612,2616.80625,2.875,0.3913043478260869,0.4347826086956522,0.17391304347826086,0.0,1.0,1.0,0.40798282257234336,0.324999999959375,25.0
C00794,0,344.5,904.8000000000001,6,9.042235280653506,1408.6083333333336,3.5,0.23809523809523808,0.6190476190476191,0.14285714285714285,1.0,0.0,0.0,0.0,0.0,30.0
C00795,4,81.9,830.7,4,10.257996853161279,7127.155,3.0,0.75,0.25,0.0,1.0,0.0,0.0,0.28626646958006785,0.32499999991875,57.0
C00796,3,42.9,904.8000000000001,6,8.682215983631863,982.6833333333334,2.3333333333333335,0.5,0.2857142857142857,0.21428571428571427,0.0,1.0,1.0,0.44369464561312666,0.4333333332611111,23.0
C00797,4,141.70000000000002,885.3000000000001,7,10.038913150021349,3271.3542857142857,2.4285714285714284,0.47058823529411764,0.3529411764705882,0.17647058823529413,0.0,0.0,1.0,0.0,0.0,43.0
C00798,2,392.6,521.3000000000001,2,7.4521355942747824,861.27,2.5,0.0,0.6000000000000001,0.4,0.0,0.0,1.0,0.0,0.0,65.0
C00799,2,46.800000000000004,767.0,6,9.674001429572064,2649.64,3.1666666666666665,0.2631578947368421,0.5263157894736842,0.21052631578947367,1.0,0.0,0.0,0.06500474278266324,0.21666666663055556,64.0
C00800,1,2.6,848.9,8,10.323688223659738,3805.5425,2.75,0.5909090909090909,0.2272727272727273,0.18181818181818182,1.0,0.0,0.0,0.010626113096883999,0.1624999999796875,65.0
C00801,1,44.2,900.9,6,9.173691947649509,1606.5249999999999,3.0,0.38888888888888884,0.4444444444444444,0.16666666666666666,1.0,0.0,0.0,0.10220465497475377,0.21666666663055556,60.0
C00802,2,0.0,773.5,3,8.925018179482691,2505.5733333333333,3.0,0.2222222222222222,0.6666666666666666,0.1111111111111111,0.0,0.0,1.0,1.2131214146594242,0.4333333331888889,24.0
C00803,2,127.4,611.0,3,8.908544500118785,2464.63,3.0,0.3333333333333333,0.3333333333333333,0.3333333333333333,0.0,1.0,1.0,0.0,0.0,42.0
C00804,1,32.5,934.7,10,9.9361609169652,2066.326,2.1,0.47619047619047616,0.42857142857142855,0.09523809523809523,1.0,0.0,0.0,0.4026413547523284,0.12999999998700001,25.0
C00805,4,162.5,695.5,6,10.38324037854754,5385.416666666667,2.6666666666666665,0.625,0.375,0.0,1.0,0.0,0.0,0.0,0.0,25.0
C00806,3,16.900000000000002,938.6,8,10.417641431510964,4180.4325,3.5,0.5,0.39285714285714285,0.10714285714285714,0.0,1.0,1.0,0.01619156630324685,0.1624999999796875,49.0
C00807,0,239.20000000000002,812.5,4,8.736433133552445,1556.1625000000001,3.25,0.46153846153846156,0.46153846153846156,0.07692307692307693,1.0,0.0,0.0,0.0,0.0,31.0
C00808,2,304.2,304.2,1,8.770142504766174,6438.09,4.0,0.75,0.25,0.0,1.0,0.0,0.0,0.0,0.0,44.0
C00809,2,98.8,547.3000000000001,4,8.928886861695423,1886.465,2.5,0.4,0.5,0.1,0.0,1.0,1.0,0.0731104208135225,0.32499999991875,60.0
C00810,1,301.6,926.9,2,8.895850150764565,3650.305,3.5,0.5714285714285714,0.42857142857142855,0.0,1.0,0.0,0.0,0.0,0.0,24.0
C00811,2,408.2,618.8000000000001,2,8.717767154927277,3054.76,3.0,0.3333333333333333,0.5,0.16666666666666666,1.0,0.0,0.0,0.0,0.0,35.0
C00812,2,68.9,885.3000000000001,5,9.493285241579587,2653.864,2.2,0.36363636363636365,0.5454545454545454,0.09090909090909091,1.0,0.0,0.0,0.6258787187285689,0.259999999948,26.0
C00813,2,46.800000000000004,795.6,4,8.132680049860774,850.7275,2.5,0.2,0.4,0.4,1.0,0.0,0.0,0.21196329024270052,0.32499999991875,28.0
C00814,2,132.6,419.90000000000003,3,7.373493574611918,530.73,3.3333333333333335,0.1,0.9,0.0,0.0,0.0,1.0,0.0,0.0,62.0
C00815,3,89.7,871.0,6,9.959045241454817,3523.6,2.6666666666666665,0.625,0.3125,0.0625,0.0,1.0,1.0,0.42063930828317536,0.21666666663055556,59.0
C00816,2,109.2,906.1,7,10.013835908212412,3190.3342857142857,3.142857142857143,0.40909090909090906,0.5454545454545454,0.045454545454545456,0.0,0.0,1.0,0.3722878569822789,0.1857142856877551,65.0
C00817,3,16.900000000000002,669.5,6,9.200826255967483,1650.7183333333332,2.6666666666666665,0.375,0.375,0.25,0.0,0.0,1.0,0.2882867155813693,0.4333333332611111,37.0
C00818,2,504.40000000000003,504.40000000000003,1,8.792525316236024,6583.84,3.0,0.6666666666666666,0.0,0.3333333333333333,0.0,0.0,1.0,0.0,0.0,42.0
C00819,2,6.5,932.1,6,8.968394917474352,1308.3316666666667,2.6666666666666665,0.3125,0.625,0.0625,0.0,0.0,1.0,0.018380532968829466,0.21666666663055556,39.0
C00820,2,74.10000000000001,523.9,3,8.385767009850504,1461.0733333333335,3.0,0.3333333333333333,0.3333333333333333,0.3333333333333333,0.0,1.0,1.0,0.3420521899424756,0.4333333331888889,67.0
C00821,3,154.70000000000002,943.8000000000001,7,9.998642265710687,3142.2257142857147,3.857142857142857,0.48148148148148145,0.4074074074074074,0.1111111111111111,0.0,1.0,1.0,0.0,0.0,43.0
C00822,3,97.5,835.9,6,10.246876172880375,4698.888333333333,2.6666666666666665,0.6875,0.1875,0.125,0.0,0.0,1.0,0.34692251677966573,0.21666666663055556,46.0
C00823,2,35.1,691.6,5,9.615510769994927,2998.9159999999997,3.2,0.4375,0.1875,0.375,0.0,0.0,1.0,0.5835485888900801,0.259999999948,31.0
C00824,0,143.0,919.1,8,10.286487532035107,3666.57,3.25,0.4230769230769231,0.46153846153846156,0.11538461538461539,0.0,0.0,1.0,0.0,0.0,22.0
C00825,2,357.5,929.5,6,9.997734895001624,3662.6049999999996,3.6666666666666665,0.36363636363636365,0.5454545454545454,0.09090909090909091,0.0,1.0,1.0,0.0,0.0,62.0
C00826,3,89.7,902.2,6,10.419458914254665,5584.05,3.6666666666666665,0.5909090909090909,0.18181818181818182,0.22727272727272727,0.0,0.0,1.0,0.01736654698053631,0.21666666663055556,58.0
C00827,0,141.70000000000002,824.2,6,10.00664639629211,3695.3916666666664,3.1666666666666665,0.3157894736842105,0.5789473684210527,0.10526315789473684,0.0,1.0,1.0,0.0,0.0,55.0
C00828,1,266.5,819.0,5,8.418956132477032,906.234,2.8,0.35714285714285715,0.42857142857142855,0.21428571428571427,1.0,0.0,0.0,0.0,0.0,33.0
C00829,2,27.3,646.1,7,9.283973660056672,1537.5885714285716,2.4285714285714284,0.29411764705882354,0.4117647058823529,0.29411764705882354,0.0,0.0,1.0,0.10583957068209719,0.1857142856877551,22.0
C00830,2,145.6,790.4,6,8.664106890210757,965.0450000000001,3.1666666666666665,0.15789473684210525,0.6842105263157894,0.15789473684210525,0.0,1.0,1.0,0.0,0.0,66.0
C00831,2,200.20000000000002,908.7,5,9.636855694832633,3063.62,4.0,0.2,0.44999999999999996,0.35,0.0,0.0,1.0,0.0,0.0,44.0
C00832,3,67.60000000000001,902.2,4,10.168606097411658,6517.6775,3.0,0.75,0.16666666666666666,0.08333333333333333,0.0,0.0,1.0,0.31525313273016675,0.32499999991875,65.0
C00833,0,9.1,414.7,7,9.695468423348816,2320.404285714286,3.0,0.3333333333333333,0.42857142857142855,0.23809523809523808,0.0,0.0,1.0,0.4104627087767088,0.5571428570632653,63.0
C00834,2,330.2,903.5,6,9.979855825427277,3597.7000000000003,3.3333333333333335,0.5,0.44999999999999996,0.05,0.0,0.0,1.0,0.0,0.0,25.0
C00835,2,105.3,837.2,6,10.169258315984356,4347.953333333334,3.0,0.5,0.3888888888888889,0.1111111111111111,1.0,0.0,0.0,0.036022465742501224,0.21666666663055556,52.0
C00836,0,556.4,769.6,3,9.49609659116246,4435.56,2.6666666666666665,0.375,0.5,0.125,1.0,0.0,0.0,0.0,0.0,23.0
C00837,1,66.3,882.7,8,10.509519532535146,4582.7325,3.25,0.5384615384615385,0.2692307692307693,0.19230769230769232,1.0,0.0,0.0,0.22260359949003616,0.1624999999796875,61.0
C00838,1,461.5,500.5,2,9.124845662446598,4589.79,3.0,0.8333333333333333,0.16666666666666666,0.0,0.0,0.0,1.0,0.0,0.0,35.0
C00839,2,330.2,802.1,6,9.739260105529633,2828.33,3.0,0.38888888888888884,0.5,0.1111111111111111,0.0,1.0,1.0,0.0,0.0,50.0
C00840,1,72.8,682.5,4,9.921038627381545,5088.280000000001,3.5,0.5714285714285714,0.21428571428571427,0.21428571428571427,1.0,0.0,0.0,0.12731084963877148,0.32499999991875,29.0
C00841,4,83.2,915.2,9,10.664343230794683,4836.17,3.0,0.5555555555555556,0.2962962962962963,0.14814814814814814,1.0,0.0,0.0,0.19634136563069546,0.14444444442839505,62.0
C00842,4,128.70000000000002,820.3000000000001,4,9.136012221738891,2320.6675,1.25,0.6000000000000001,0.4,0.0,0.0,1.0,1.0,0.0,0.0,47.0
C00843,3,50.7,934.7,8,9.75099524684602,2146.28875,2.25,0.5555555555555556,0.2777777777777778,0.16666666666666666,0.0,1.0,1.0,0.12187904586462783,0.324999999959375,65.0
C00844,0,196.3,707.2,4,9.137654618758715,2324.4825,3.25,0.23076923076923078,0.6923076923076923,0.07692307692307693,0.0,1.0,1.0,0.0,0.0,30.0
C00845,3,44.2,743.6,12,10.664343230794683,3922.7233333333334,3.4166666666666665,0.4390243902439025,0.43902439024390244,0.12195121951219512,0.0,1.0,1.0,0.1890253114970257,0.21666666664861112,49.0
C00846,3,96.2,822.9,3,8.991665570907674,2678.2766666666666,2.6666666666666665,0.5,0.375,0.125,0.0,0.0,1.0,0.1606921366102132,0.4333333331888889,38.0
C00847,2,33.800000000000004,673.4,6,9.695251702203434,2706.5516666666667,3.3333333333333335,0.4,0.44999999999999996,0.15,0.0,1.0,1.0,0.2162782778332198,0.4333333332611111,29.0
C00848,0,335.40000000000003,774.8000000000001,5,9.219240646762902,2017.6799999999998,2.4,0.41666666666666663,0.4166666666666667,0.16666666666666666,0.0,0.0,1.0,0.0,0.0,29.0
C00849,4,158.6,878.8000000000001,5,9.963472911243905,4247.084,2.8,0.42857142857142855,0.42857142857142855,0.14285714285714285,0.0,0.0,1.0,0.0,0.0,31.0
C00850,4,44.2,859.3000000000001,7,10.07460406665515,3390.2257142857147,2.0,0.5714285714285714,0.2857142857142857,0.14285714285714285,0.0,0.0,1.0,0.7678478634797697,0.5571428570632653,34.0
C00851,2,269.1,516.1,4,9.616592503633383,3752.7025,2.5,0.5,0.2,0.3,0.0,1.0,1.0,0.0,0.0,49.0
C00852,0,1.3,921.7,6,10.299933779190747,4954.941666666667,3.6666666666666665,0.45454545454545453,0.36363636363636365,0.18181818181818182,1.0,0.0,0.0,0.05912424128773601,0.21666666663055556,33.0
C00853,0,68.9,711.1,8,9.977821534861912,2692.79125,4.125,0.2727272727272727,0.5151515151515151,0.21212121212121213,0.0,0.0,1.0,0.07102518622637055,0.1624999999796875,65.0
C00854,4,137.8,904.8000000000001,10,10.664343230794683,4560.357,2.7,0.5185185185185185,0.4074074074074074,0.07407407407407407,0.0,1.0,1.0,0.0,0.0,51.0
C00855,4,146.9,319.8,2,9.492108239947386,6626.855,3.5,0.5714285714285714,0.2857142857142857,0.14285714285714285,1.0,0.0,0.0,0.0,0.0,41.0
C00856,2,1.3,926.9,7,9.293052436820602,1551.6128571428574,2.2857142857142856,0.3125,0.4375,0.25,0.0,0.0,1.0,0.13355733987398055,0.3714285713755102,26.0
C00857,4,7.800000000000001,921.7,6,10.2921631692912,4916.586666666666,2.5,0.7333333333333334,0.26666666666666666,0.0,1.0,0.0,0.0,0.38098596180546734,0.21666666663055556,26.0
C00858,3,20.8,765.7,3,9.487371170471567,4397.0233333333335,2.6666666666666665,0.625,0.375,0.0,0.0,1.0,1.0,0.6337769415217542,0.4333333331888889,34.0
C00859,2,31.200000000000003,269.1,2,9.378436221506155,5914.75,5.0,0.4,0.6000000000000001,0.0,0.0,1.0,1.0,0.6014891584597319,0.649999999675,20.0
C00860,0,6.5,705.9,7,9.641567439418822,2198.6357142857146,2.0,0.3571428571428571,0.5,0.14285714285714285,1.0,0.0,0.0,0.0324027562546883,0.1857142856877551,22.0
C00861,4,40.300000000000004,750.1,5,10.045031818671706,4608.005999999999,2.2,0.7272727272727273,0.18181818181818182,0.09090909090909091,0.0,1.0,1.0,0.5543838267571459,0.519999999896,58.0
C00862,3,217.1,945.1,10,10.664343230794683,5191.451999999999,3.4,0.5588235294117647,0.2647058823529412,0.17647058823529413,0.0,1.0,1.0,0.0,0.0,64.0
C00863,2,92.3,807.3000000000001,7,9.959238198157445,3020.8114285714287,3.142857142857143,0.3181818181818182,0.40909090909090906,0.2727272727272727,0.0,1.0,1.0,0.4184451386760597,0.1857142856877551,61.0
C00864,3,213.20000000000002,945.1,7,9.998217564075388,3140.891428571428,2.2857142857142856,0.5,0.3125,0.1875,0.0,0.0,1.0,0.0,0.0,67.0
C00865,0,267.8,923.0,8,9.709585398726976,2059.22125,3.75,0.3,0.39999999999999997,0.3,1.0,0.0,0.0,0.0,0.0,35.0
C00866,0,19.5,765.7,12,10.035460105801656,1901.7116666666668,3.0833333333333335,0.2972972972972973,0.5675675675675675,0.13513513513513514,0.0,1.0,1.0,0.061840254437447055,0.10833333332430556,59.0
C00867,3,62.400000000000006,839.8000000000001,8,9.218516853260319,1260.1375,2.0,0.4375,0.3125,0.25,0.0,0.0,1.0,0.2029648550257211,0.324999999959375,32.0
C00868,3,163.8,733.2,3,9.541277317098718,4640.573333333333,3.0,0.6666666666666666,0.3333333333333333,0.0,0.0,0.0,1.0,0.0,0.0,62.0
C00869,1,62.400000000000006,665.6,4,9.459352819397726,3206.6450000000004,2.5,0.7,0.3,0.0,1.0,0.0,0.0,0.08285630308312247,0.32499999991875,48.0
C00870,0,52.0,863.2,4,9.861967397691995,4796.400000000001,3.25,0.3076923076923077,0.5384615384615385,0.15384615384615385,1.0,0.0,0.0,0.700598469685561,0.32499999991875,46.0
C00871,4,2.6,653.9,6,10.582512481872495,6573.013333333333,3.6666666666666665,0.5454545454545454,0.2727272727272727,0.18181818181818182,1.0,0.0,0.0,0.46646264219757994,0.4333333332611111,45.0
C00872,0,211.9,747.5,4,9.047869676609242,2124.8525,3.25,0.3076923076923077,0.6153846153846154,0.07692307692307693,1.0,0.0,0.0,0.0,0.0,22.0
C00873,0,28.6,728.0,5,10.003864872673471,4422.152,3.6,0.38888888888888884,0.4444444444444444,0.16666666666666666,0.0,0.0,1.0,0.22072723868378022,0.259999999948,38.0
C00874,2,78.0,322.40000000000003,4,7.788443703370198,602.89,3.0,0.08333333333333333,0.6666666666666666,0.25,0.0,0.0,1.0,0.8607764268768512,0.6499999998375,48.0
C00875,2,97.5,604.5,6,9.448954041553733,2115.646666666667,3.3333333333333335,0.3,0.3,0.4,1.0,0.0,0.0,0.12026291409717753,0.21666666663055556,64.0
C00876,3,42.9,902.2,6,9.820938205866387,3069.0533333333333,2.3333333333333335,0.5714285714285714,0.21428571428571427,0.21428571428571427,0.0,1.0,1.0,0.12505028695058384,0.21666666663055556,57.0
C00877,0,27.3,728.0,6,9.852821955841996,3168.4883333333332,3.8333333333333335,0.4347826086956522,0.4347826086956522,0.13043478260869565,0.0,1.0,1.0,0.6175573209726922,0.4333333332611111,33.0
C00878,1,167.70000000000002,910.0,6,9.82429606580456,3079.3766666666666,3.1666666666666665,0.5263157894736842,0.42105263157894735,0.05263157894736842,1.0,0.0,0.0,0.0,0.0,58.0
C00879,2,179.4,629.2,4,9.540417201508536,3477.4375,3.25,0.38461538461538464,0.3076923076923077,0.3076923076923077,0.0,1.0,1.0,0.0,0.0,28.0
C00880,3,2.6,811.2,7,9.959856543752904,3022.68,3.5714285714285716,0.52,0.32,0.16,0.0,1.0,1.0,0.11627571748060302,0.3714285713755102,20.0
C00881,3,16.900000000000002,945.1,10,10.39824659727814,3280.1059999999998,2.1,0.7619047619047619,0.14285714285714285,0.09523809523809523,0.0,1.0,1.0,0.00373024530304802,0.12999999998700001,63.0
C00882,2,187.20000000000002,898.3000000000001,6,10.062287976955401,3906.846666666667,3.3333333333333335,0.35,0.4,0.25,0.0,0.0,1.0,0.0,0.0,54.0
C00883,4,58.5,806.0,4,9.971096667072878,5349.485,3.0,0.5833333333333333,0.3333333333333333,0.08333333333333333,0.0,1.0,1.0,0.38139475108349774,0.32499999991875,25.0
C00884,2,57.2,903.5,5,9.771954732862111,3506.8019999999997,3.4,0.4117647058823529,0.4117647058823529,0.17647058823529413,1.0,0.0,0.0,0.4090252600517276,0.519999999896,21.0
C00885,3,130.0,815.1,7,9.96754767801074,3046.0185714285717,2.0,0.5714285714285714,0.3571428571428571,0.07142857142857142,0.0,1.0,1.0,0.0,0.0,56.0
C00886,3,195.0,907.4,6,10.00435679752017,3686.94,3.1666666666666665,0.631578947368421,0.15789473684210525,0.21052631578947367,0.0,0.0,1.0,0.0,0.0,55.0
C00887,2,390.0,843.7,6,9.09839377115027,1489.9866666666667,2.8333333333333335,0.23529411764705882,0.5294117647058824,0.23529411764705882,0.0,1.0,1.0,0.0,0.0,43.0
C00888,2,552.5,647.4,2,8.763775105663832,3198.61,2.0,0.5,0.5,0.0,1.0,0.0,0.0,0.0,0.0,64.0
C00889,2,330.2,874.9,2,7.5484927527243375,948.4399999999999,3.5,0.0,0.42857142857142855,0.5714285714285714,1.0,0.0,0.0,0.0,0.0,27.0
C00890,2,314.6,347.1,2,8.116007911762727,1673.315,5.0,0.3,0.4,0.3,0.0,0.0,1.0,0.0,0.0,62.0
C00891,2,347.1,360.1,2,8.849060556156191,3483.42,5.0,0.2,0.8,0.0,1.0,0.0,0.0,0.0,0.0,20.0
C00892,3,126.10000000000001,834.6,8,10.51404655930409,4603.52625,3.75,0.5333333333333333,0.3333333333333333,0.13333333333333333,0.0,0.0,1.0,0.0,0.0,30.0
C00893,2,400.40000000000003,867.1,6,9.238831614287088,1714.6683333333333,2.3333333333333335,0.3571428571428571,0.42857142857142855,0.21428571428571427,0.0,0.0,1.0,0.0,0.0,53.0
C00894,0,300.3,949.0,8,10.092288903379096,3019.3775,3.375,0.3333333333333333,0.4074074074074074,0.25925925925925924,0.0,0.0,1.0,0.0,0.0,49.0
C00895,0,54.6,877.5,9,10.235109473944629,3095.9466666666667,3.4444444444444446,0.29032258064516125,0.5161290322580645,0.1935483870967742,0.0,0.0,1.0,0.010528856368469936,0.14444444442839505,63.0
C00896,4,18.2,921.7,7,10.317007466752063,4320.231428571428,2.7142857142857144,0.5789473684210527,0.15789473684210525,0.2631578947368421,0.0,1.0,1.0,0.39734752966274967,0.3714285713755102,64.0
C00897,2,244.4,715.0,7,10.22801154952721,3952.348571428571,3.0,0.42857142857142855,0.5238095238095237,0.047619047619047616,1.0,0.0,0.0,0.0,0.0,55.0
C00898,4,201.5,738.4,5,10.15431241655556,5140.14,4.0,0.4,0.45,0.15,0.0,0.0,1.0,0.0,0.0,33.0
C00899,3,135.20000000000002,698.1,7,10.45716948420305,4970.2757142857145,2.857142857142857,0.65,0.2,0.15,0.0,0.0,1.0,0.0,0.0,27.0
C00900,3,201.5,865.8000000000001,7,10.339965421556695,4420.565714285714,3.142857142857143,0.5,0.3181818181818182,0.18181818181818182,0.0,1.0,1.0,0.0,0.0,26.0
C00901,3,11.700000000000001,555.1,6,10.244506935201068,4687.768333333333,3.8333333333333335,0.4782608695652174,0.3913043478260869,0.13043478260869565,0.0,1.0,1.0,0.2594517433846361,0.4333333332611111,51.0
C00902,3,52.0,874.9,7,10.620384218154628,5851.478571428571,3.5714285714285716,0.64,0.28,0.08,0.0,0.0,1.0,0.39184667611481866,0.3714285713755102,41.0
C00903,3,53.300000000000004,949.0,7,10.220705247349152,3923.5757142857146,3.7142857142857144,0.5,0.38461538461538464,0.11538461538461539,0.0,0.0,1.0,0.019072325790286084,0.1857142856877551,37.0
C00904,3,10.4,847.6,4,9.922703242912647,5096.757500000001,3.25,0.6153846153846154,0.23076923076923078,0.15384615384615385,0.0,0.0,1.0,0.7451985404445501,0.32499999991875,28.0
C00905,1,205.4,890.5,6,10.08293874376952,3988.3683333333333,3.1666666666666665,0.5263157894736842,0.21052631578947367,0.2631578947368421,1.0,0.0,0.0,0.0,0.0,54.0
C00906,2,127.4,782.6,6,9.881880287861003,3261.9149999999995,2.0,0.5,0.16666666666666666,0.3333333333333333,1.0,0.0,0.0,0.0,0.0,64.0
C00907,3,622.7,859.3000000000001,3,9.448602657087456,4229.806666666666,1.6666666666666667,1.0,0.0,0.0,0.0,1.0,1.0,0.0,0.0,66.0
C00908,3,16.900000000000002,573.3000000000001,5,9.816719782235616,3667.3599999999997,2.2,0.6363636363636364,0.36363636363636365,0.0,0.0,1.0,1.0,0.046423912569257104,0.519999999896,48.0
C00909,4,26.0,949.0,3,9.709962874474698,5493.329999999999,2.6666666666666665,0.625,0.375,0.0,0.0,0.0,1.0,0.769573646585904,0.4333333331888889,20.0
C00910,2,109.2,639.6,3,7.135774922811107,418.36999999999995,1.6666666666666667,0.0,0.6000000000000001,0.4,1.0,0.0,0.0,0.0903705651296776,0.4333333331888889,45.0
C00911,3,55.9,848.9,8,10.119649186894048,3103.1324999999997,2.5,0.65,0.2,0.15,0.0,0.0,1.0,0.05476953530021459,0.324999999959375,26.0
C00912,0,94.9,933.4,4,9.051727919897003,2133.0675,2.75,0.18181818181818182,0.7272727272727273,0.09090909090909091,0.0,0.0,1.0,0.11558846590648027,0.32499999991875,64.0
C00913,3,62.400000000000006,891.8000000000001,8,10.54412306521393,4744.09125,3.375,0.5555555555555556,0.4444444444444444,0.0,0.0,1.0,1.0,0.41172371526368695,0.1624999999796875,35.0
C00914,0,28.6,908.7,9,10.364696685819117,3524.312222222222,3.0,0.37037037037037035,0.5185185185185185,0.1111111111111111,0.0,0.0,1.0,0.03387217237973197,0.2888888888567901,51.0
C00915,0,356.2,806.0,5,9.626951135855913,3033.424,2.8,0.42857142857142855,0.42857142857142855,0.14285714285714285,0.0,0.0,1.0,0.0,0.0,40.0
C00916,2,735.8000000000001,735.8000000000001,1,7.410691865967863,1652.57,5.0,0.2,0.6000000000000001,0.2,1.0,0.0,0.0,0.0,0.0,58.0
C00917,3,279.5,886.6,8,9.972736991106931,2679.13375,2.75,0.5454545454545454,0.3181818181818182,0.13636363636363635,0.0,1.0,1.0,0.0,0.0,62.0
C00918,3,40.300000000000004,828.1,5,9.270599750628865,2124.024,3.0,0.4666666666666667,0.3333333333333333,0.2,0.0,1.0,1.0,0.14790087117658296,0.259999999948,41.0
C00919,4,13.0,941.2,6,10.400113029761288,5477.056666666666,3.5,0.47619047619047616,0.3333333333333333,0.19047619047619047,1.0,0.0,0.0,0.750113838515433,0.4333333332611111,26.0
C00920,4,83.2,620.1,4,9.837472742219735,4680.335,3.25,0.46153846153846156,0.3076923076923077,0.23076923076923078,0.0,1.0,1.0,0.1591191656152733,0.32499999991875,54.0
C00921,4,52.0,800.8000000000001,8,10.664343230794683,6043.304999999999,2.625,0.6190476190476191,0.38095238095238093,0.0,1.0,0.0,0.0,0.1734661124996965,0.1624999999796875,28.0
C00922,0,197.6,899.6,4,8.588551529646127,1342.2075,2.0,0.375,0.5,0.125,0.0,1.0,1.0,0.0,0.0,61.0
C00923,2,429.0,429.0,1,4.801969761962699,120.75,1.0,0.0,1.0,0.0,0.0,1.0,1.0,0.0,0.0,32.0
C00924,3,46.800000000000004,906.1,7,9.708813618283571,2351.5800000000004,3.142857142857143,0.5,0.3181818181818182,0.18181818181818182,0.0,0.0,1.0,0.4988843367316261,0.1857142856877551,24.0
C00925,3,28.6,946.4,10,10.524877956253562,3722.929,2.7,0.5185185185185185,0.25925925925925924,0.2222222222222222,0.0,0.0,1.0,0.5021144104547657,0.25999999997400003,20.0
C00926,3,282.1,767.0,5,9.147318566710025,1877.646,2.6,0.46153846153846156,0.46153846153846156,0.07692307692307693,0.0,1.0,1.0,0.0,0.0,33.0
C00927,2,335.40000000000003,850.2,6,10.197423901165145,4472.161666666667,2.6666666666666665,0.5,0.1875,0.3125,1.0,0.0,0.0,0.0,0.0,26.0
C00928,3,257.40000000000003,603.2,5,10.016017258029464,4476.222,4.2,0.5714285714285714,0.42857142857142855,0.0,0.0,1.0,1.0,0.0,0.0,27.0
C00929,3,50.7,553.8000000000001,3,9.02328643511474,2764.33,3.6666666666666665,0.5454545454545454,0.2727272727272727,0.18181818181818182,0.0,1.0,1.0,0.5102345474912534,0.4333333331888889,30.0
C00930,2,347.1,634.4,6,9.658343122039527,2608.471666666667,3.6666666666666665,0.36363636363636365,0.36363636363636365,0.2727272727272727,1.0,0.0,0.0,0.0,0.0,38.0
C00931,3,176.8,842.4,6,9.519103665739035,2269.4,2.5,0.4,0.4,0.2,0.0,0.0,1.0,0.0,0.0,52.0
C00932,0,23.400000000000002,726.7,8,9.67572836554533,1990.665,2.875,0.34782608695652173,0.5217391304347826,0.13043478260869565,0.0,1.0,1.0,0.08032818178849277,0.324999999959375,35.0
C00933,0,478.40000000000003,789.1,3,8.108888054240646,1107.6266666666668,2.6666666666666665,0.25,0.625,0.125,1.0,0.0,0.0,0.0,0.0,27.0
C00934,2,708.5,832.0,3,9.62781573404298,5060.08,3.3333333333333335,0.5,0.2,0.3,0.0,1.0,1.0,0.0,0.0,60.0
C00935,1,22.1,660.4,6,9.755260128872855,2873.9500000000003,2.3333333333333335,0.5,0.42857142857142855,0.07142857142857142,1.0,0.0,0.0,0.6130423864947423,0.21666666663055556,67.0
C00936,0,40.300000000000004,791.7,7,9.820471637592442,2629.39,2.4285714285714284,0.4117647058823529,0.4117647058823529,0.17647058823529413,0.0,0.0,1.0,0.4484408931348852,0.1857142856877551,54.0
C00937,1,124.80000000000001,782.6,5,9.905227038752372,4006.764,2.4,0.5833333333333333,0.3333333333333333,0.08333333333333333,1.0,0.0,0.0,0.0,0.0,59.0
C00938,0,11.700000000000001,898.3000000000001,11,9.263992980990885,959.1072727272727,2.8181818181818183,0.16129032258064516,0.5806451612903226,0.25806451612903225,1.0,0.0,0.0,0.48291403558986834,0.3545454545132231,22.0
C00939,2,159.9,325.0,2,7.319467499850768,754.2,3.0,0.0,0.8333333333333333,0.16666666666666666,1.0,0.0,0.0,0.0,0.0,29.0
C00940,2,757.9,928.2,3,9.237330830300621,3424.193333333334,3.3333333333333335,0.2,0.4,0.4,0.0,0.0,1.0,0.0,0.0,44.0
C00941,4,2.6,752.7,7,10.364527376652134,4530.4914285714285,3.2857142857142856,0.43478260869565216,0.34782608695652173,0.21739130434782608,0.0,0.0,1.0,0.00910680140659578,0.1857142856877551,52.0
C00942,4,101.4,906.1,5,9.835810243888213,3738.048,2.0,0.6,0.2,0.2,0.0,1.0,1.0,0.013008179670244308,0.259999999948,58.0
C00943,3,84.5,601.9,4,9.486074096367123,3293.4925000000003,3.25,0.5384615384615385,0.15384615384615385,0.3076923076923077,0.0,0.0,1.0,0.3152679867951486,0.32499999991875,31.0
C00944,2,92.3,695.5,5,9.602770897813887,2960.95,3.6,0.2777777777777778,0.5,0.2222222222222222,0.0,0.0,1.0,0.027998108715106437,0.259999999948,47.0
C00945,0,42.9,890.5,6,9.188148953789556,1629.9216666666669,2.5,0.2,0.5333333333333333,0.26666666666666666,1.0,0.0,0.0,0.3155762086725727,0.6499999998916667,43.0
C00946,2,42.9,469.3,3,8.4347307251535,1534.4099999999999,3.3333333333333335,0.2,0.7,0.1,1.0,0.0,0.0,0.1876701794174552,0.4333333331888889,56.0
C00947,0,70.2,839.8000000000001,7,10.192521835339273,3814.535714285714,3.5714285714285716,0.4,0.52,0.08,0.0,1.0,1.0,0.29660063478984355,0.1857142856877551,58.0
C00948,2,28.6,934.7,5,10.080941448133112,4776.492,3.4,0.4117647058823529,0.47058823529411764,0.11764705882352941,0.0,1.0,1.0,0.06835673544517322,0.519999999896,56.0
C00949,3,131.3,923.0,9,10.005988633905575,2461.9744444444445,2.7777777777777777,0.6,0.28,0.12,0.0,1.0,1.0,0.0,0.0,59.0
C00950,2,211.9,795.6,3,8.821909356423799,2260.0666666666666,2.0,0.3333333333333333,0.6666666666666666,0.0,0.0,0.0,1.0,0.0,0.0,61.0
C00951,4,74.10000000000001,299.0,3,9.311506101809128,3687.866666666667,2.6666666666666665,0.5,0.375,0.125,0.0,1.0,1.0,0.20970543042045903,0.4333333331888889,49.0
C00952,2,464.1,872.3000000000001,3,8.04019556106503,1034.0733333333335,3.3333333333333335,0.3,0.5,0.2,0.0,0.0,1.0,0.0,0.0,41.0
C00953,4,33.800000000000004,800.8000000000001,5,10.022643423200936,4505.982,2.6,0.5384615384615385,0.15384615384615385,0.3076923076923077,0.0,0.0,1.0,0.06486350810988305,0.259999999948,47.0
C00954,0,101.4,856.7,5,9.596386819063682,2942.1059999999998,2.6,0.38461538461538464,0.46153846153846156,0.15384615384615385,0.0,1.0,1.0,0.5547768843134439,0.259999999948,21.0
C00955,0,27.3,841.1,7,10.271351169177057,4127.414285714286,2.857142857142857,0.5,0.5,0.0,0.0,1.0,1.0,0.025623479245047036,0.1857142856877551,60.0
C00956,3,78.0,765.7,3,9.838843425822484,6249.006666666665,3.0,0.7777777777777777,0.2222222222222222,0.0,1.0,0.0,0.0,0.793068498353296,0.4333333331888889,37.0
C00957,2,5.2,798.2,10,10.40436586544439,3300.2400000000002,3.0,0.3666666666666667,0.4,0.23333333333333334,0.0,0.0,1.0,0.708324788500209,0.25999999997400003,47.0
C00958,0,91.0,926.9,6,9.906018347371578,3341.6133333333332,2.1666666666666665,0.46153846153846156,0.38461538461538464,0.15384615384615385,0.0,1.0,1.0,0.7403978018601423,0.21666666663055556,27.0
C00959,1,504.40000000000003,929.5,6,9.929322439312134,3420.405,3.3333333333333335,0.44999999999999996,0.35,0.2,1.0,0.0,0.0,0.0,0.0,67.0
C00960,0,375.7,942.5,7,9.907446704739588,2868.3342857142857,3.4285714285714284,0.2916666666666667,0.4583333333333333,0.25,0.0,0.0,1.0,0.0,0.0,46.0
C00961,0,24.7,760.5,7,9.870629077356618,2764.644285714286,3.857142857142857,0.25925925925925924,0.48148148148148145,0.25925925925925924,1.0,0.0,0.0,0.5103453763878427,0.3714285713755102,32.0
C00963,1,239.20000000000002,884.0,5,9.60221082340191,2959.2920000000004,4.6,0.5217391304347826,0.2608695652173913,0.21739130434782608,1.0,0.0,0.0,0.0,0.0,61.0
C00964,4,41.6,898.3000000000001,6,10.41155557761942,5540.09,2.8333333333333335,0.6470588235294118,0.1764705882352941,0.17647058823529413,1.0,0.0,0.0,0.21645117678593018,0.21666666663055556,60.0
C00965,1,206.70000000000002,932.1,8,10.40718100271084,4136.93,3.125,0.52,0.32,0.16,1.0,0.0,0.0,0.0,0.0,65.0
C00966,3,237.9,946.4,9,10.466339811729387,3901.3844444444444,3.4444444444444446,0.4516129032258065,0.4193548387096774,0.12903225806451613,0.0,1.0,1.0,0.0,0.0,22.0
C00967,0,133.9,930.8000000000001,8,10.075320125095894,2968.5724999999998,3.125,0.36,0.52,0.12,1.0,0.0,0.0,0.0,0.0,61.0
C00968,1,261.3,947.7,7,10.361029481328263,4514.671428571429,4.0,0.5357142857142857,0.3214285714285714,0.14285714285714285,1.0,0.0,0.0,0.0,0.0,21.0
C00969,2,176.8,798.2,7,10.359930271875825,4509.711428571429,3.142857142857143,0.45454545454545453,0.2272727272727273,0.3181818181818182,1.0,0.0,0.0,0.0,0.0,47.0
C00970,0,13.0,549.9,5,10.210447114423335,5436.944,3.4,0.5294117647058824,0.35294117647058826,0.11764705882352941,0.0,0.0,1.0,0.3002076902024262,0.259999999948,56.0
C00971,0,3.9000000000000004,919.1,6,9.92808699005413,3416.181666666667,4.333333333333333,0.3846153846153846,0.5,0.11538461538461539,0.0,0.0,1.0,0.7027833707125887,0.21666666663055556,59.0
C00972,2,250.9,869.7,4,9.13913541276913,2327.9275000000002,3.0,0.41666666666666663,0.3333333333333333,0.25,0.0,0.0,1.0,0.0,0.0,48.0
C00973,1,94.9,505.70000000000005,2,8.918721226078539,3734.765,3.0,0.6666666666666666,0.0,0.3333333333333333,1.0,0.0,0.0,0.20741961006914658,0.649999999675,52.0
C00974,3,162.5,796.9,8,10.118354950779135,3099.1187499999996,3.125,0.48,0.36,0.16,0.0,1.0,1.0,0.0,0.0,28.0
C00975,0,94.9,729.3000000000001,6,8.188539113193077,599.7433333333333,2.1666666666666665,0.38461538461538464,0.5384615384615385,0.07692307692307693,0.0,1.0,1.0,0.7402658359407246,0.4333333332611111,23.0
C00976,2,497.90000000000003,787.8000000000001,2,8.552942501600906,2590.49,1.5,0.3333333333333333,0.0,0.6666666666666666,0.0,1.0,1.0,0.0,0.0,49.0
C00977,0,231.4,715.0,4,9.290436309002242,2708.2275,2.5,0.5,0.5,0.0,1.0,0.0,0.0,0.0,0.0,23.0
C00978,4,373.1,791.7,5,10.015111213686636,4472.168,4.0,0.4,0.4,0.2,0.0,1.0,1.0,0.0,0.0,32.0
C00979,4,105.3,837.2,5,10.542329803019742,7576.945999999999,3.2,0.75,0.125,0.125,0.0,0.0,1.0,0.22524595001732295,0.259999999948,50.0
C00980,3,75.4,856.7,4,9.628245119277933,3796.69,2.25,0.6666666666666666,0.2222222222222222,0.1111111111111111,0.0,1.0,1.0,0.6561178947977939,0.6499999998375,37.0
C00981,3,426.40000000000003,928.2,6,9.786913286023873,2966.3799999999997,3.8333333333333335,0.4347826086956522,0.34782608695652173,0.21739130434782608,0.0,1.0,1.0,0.0,0.0,42.0
C00982,2,625.3000000000001,872.3000000000001,3,9.04426217461643,2822.933333333333,3.3333333333333335,0.4,0.5,0.1,0.0,0.0,1.0,0.0,0.0,55.0
C00983,1,193.70000000000002,696.8000000000001,3,7.647633362029689,698.2266666666666,2.3333333333333335,0.5714285714285714,0.42857142857142855,0.0,0.0,0.0,1.0,0.0,0.0,40.0
C00984,1,253.5,856.7,9,10.398351463241854,3644.9444444444443,3.111111111111111,0.5357142857142857,0.3214285714285714,0.14285714285714285,1.0,0.0,0.0,0.0,0.0,51.0
C00985,4,206.70000000000002,947.7,2,9.929671248031601,10264.795,4.0,0.75,0.0,0.25,0.0,0.0,1.0,0.0,0.0,48.0
C00986,4,78.0,941.2,10,10.661661884834267,4268.652,2.5,0.52,0.24,0.24,0.0,0.0,1.0,0.045114195300997945,0.25999999997400003,48.0
C00987,4,614.9,653.9,2,9.743402717049998,8520.215,4.5,0.5555555555555556,0.4444444444444444,0.0,0.0,1.0,1.0,0.0,0.0,49.0
C00988,1,366.6,642.2,6,10.664343230794683,7416.465,3.6666666666666665,0.6818181818181819,0.13636363636363635,0.18181818181818182,1.0,0.0,0.0,0.0,0.0,26.0
C00989,0,169.0,917.8000000000001,4,9.47808245769841,3267.275,2.5,0.30000000000000004,0.5,0.2,0.0,1.0,1.0,0.0,0.0,25.0
C00990,3,22.1,617.5,4,9.677158307283106,3987.0274999999997,3.5,0.5,0.2857142857142857,0.21428571428571427,0.0,0.0,1.0,0.07678163744794357,0.32499999991875,28.0
C00991,2,167.70000000000002,847.6,7,10.213317661425187,3894.695714285714,3.2857142857142856,0.34782608695652173,0.43478260869565216,0.21739130434782608,1.0,0.0,0.0,0.0,0.0,40.0
C00992,3,65.0,930.8000000000001,11,10.628102149667153,3752.5190909090907,3.272727272727273,0.5555555555555556,0.41666666666666663,0.027777777777777776,0.0,1.0,1.0,0.1977111133345286,0.11818181817107437,62.0
C00993,0,70.2,720.2,6,8.710711826303408,1011.0933333333334,3.1666666666666665,0.21052631578947367,0.5263157894736842,0.2631578947368421,0.0,0.0,1.0,0.28348355575477974,0.21666666663055556,53.0
C00994,4,304.2,856.7,7,10.2038639598933,3858.0485714285714,2.4285714285714284,0.47058823529411764,0.29411764705882354,0.23529411764705882,1.0,0.0,0.0,0.0,0.0,55.0
C00995,2,256.1,811.2,5,9.349800529688496,2299.106,4.0,0.25,0.4,0.35,0.0,0.0,1.0,0.0,0.0,53.0
C00996,3,379.6,926.9,5,9.877928176915187,3898.858,3.2,0.5,0.25,0.25,0.0,1.0,1.0,0.0,0.0,45.0
C00997,0,29.900000000000002,676.0,8,10.239598652526785,3498.61125,3.0,0.4166666666666667,0.45833333333333337,0.125,1.0,0.0,0.0,0.3765198262596203,0.324999999959375,22.0
C00998,0,612.3000000000001,834.6,5,9.777149653159254,3525.068,3.6,0.2777777777777778,0.5555555555555556,0.16666666666666666,0.0,1.0,1.0,0.0,0.0,60.0
C00999,1,401.7,926.9,5,10.0221755119588,4503.874,3.2,0.5625,0.375,0.0625,1.0,0.0,0.0,0.0,0.0,62.0
C01000,4,182.0,687.7,3,9.811518634494531,6080.556666666666,2.3333333333333335,0.7142857142857142,0.2857142857142857,0.0,0.0,0.0,1.0,0.0,0.0,37.0
C01001,3,40.300000000000004,574.6,5,9.618828240271426,3008.882,2.2,0.5454545454545454,0.18181818181818182,0.2727272727272727,1.0,0.0,0.0,0.6834111806311658,0.779999999844,42.0
C01002,3,222.3,483.6,4,9.161411648207812,2380.3725,2.5,0.5,0.30000000000000004,0.2,0.0,1.0,1.0,0.0,0.0,60.0
C01003,0,171.6,934.7,5,9.318818024311575,2228.96,2.4,0.3333333333333333,0.5,0.16666666666666666,0.0,1.0,1.0,0.0,0.0,67.0
C01004,4,72.8,802.1,6,10.664343230794683,7835.813333333334,3.6666666666666665,0.6363636363636364,0.22727272727272727,0.13636363636363635,0.0,1.0,1.0,0.33399508836350683,0.21666666663055556,24.0
C01005,0,59.800000000000004,934.7,6,10.145907318105678,4247.596666666667,3.5,0.38095238095238093,0.5238095238095237,0.09523809523809523,0.0,1.0,1.0,0.04759212856838858,0.21666666663055556,31.0
C01006,4,139.1,842.4,5,10.119289822465646,4963.228,3.6,0.4444444444444444,0.38888888888888884,0.16666666666666666,0.0,0.0,1.0,0.0,0.0,63.0
C01007,0,1.3,540.8000000000001,6,9.520783925290482,2273.2166666666667,2.1666666666666665,0.38461538461538464,0.46153846153846156,0.15384615384615385,0.0,0.0,1.0,1.0239836355237422,0.6499999998916667,41.0
C01008,3,29.900000000000002,832.0,5,9.396020449287638,2407.8740000000003,2.4,0.5833333333333334,0.16666666666666666,0.25,0.0,1.0,1.0,0.07137200700700524,0.259999999948,46.0
C01009,2,70.2,897.0,7,10.0139129201493,3190.5800000000004,3.0,0.3333333333333333,0.47619047619047616,0.19047619047619047,1.0,0.0,0.0,0.3848912826418311,0.1857142856877551,40.0
C01010,3,40.300000000000004,559.0,5,9.966364694347034,4259.384,3.0,0.6000000000000001,0.26666666666666666,0.13333333333333333,1.0,0.0,0.0,0.8421793855636946,0.779999999844,50.0
C01011,2,343.2,899.6,6,10.04506784071807,3840.1433333333334,3.5,0.3333333333333333,0.2857142857142857,0.38095238095238093,0.0,0.0,1.0,0.0,0.0,43.0
C01012,1,7.800000000000001,408.2,3,9.850075699798307,6319.596666666667,4.0,0.6666666666666667,0.25,0.08333333333333333,1.0,0.0,0.0,0.5018203693378901,0.4333333331888889,67.0
C01013,1,11.700000000000001,838.5,7,9.45346927898876,1821.6185714285714,2.2857142857142856,0.4375,0.375,0.1875,1.0,0.0,0.0,0.526570483235825,0.3714285713755102,21.0
C01014,0,110.5,904.8000000000001,3,7.872900934833525,874.7233333333334,2.3333333333333335,0.42857142857142855,0.5714285714285714,0.0,1.0,0.0,0.0,0.9956492910135412,0.4333333331888889,61.0
C01015,3,179.4,898.3000000000001,3,8.980220039424866,2647.793333333333,2.3333333333333335,0.5714285714285714,0.42857142857142855,0.0,0.0,0.0,1.0,0.0,0.0,49.0
C01016,2,131.3,770.9,5,9.96387873534309,4248.808,3.0,0.4,0.26666666666666666,0.3333333333333333,1.0,0.0,0.0,0.0,0.0,32.0
C01017,2,110.5,637.0,5,9.747086926811166,3420.666,3.0,0.26666666666666666,0.4666666666666667,0.26666666666666666,1.0,0.0,0.0,0.07499919606298451,0.259999999948,29.0
C01018,4,193.70000000000002,591.5,5,9.349818795902914,2299.148,1.8,0.5555555555555556,0.4444444444444444,0.0,0.0,1.0,1.0,0.0,0.0,56.0
C01019,2,68.9,882.7,7,9.950110131093084,2993.3614285714284,2.7142857142857144,0.42105263157894735,0.3157894736842105,0.2631578947368421,0.0,1.0,1.0,0.36118587178387784,0.3714285713755102,67.0
C01020,2,247.0,612.3000000000001,2,8.84554684707706,3471.2,4.0,0.5,0.125,0.375,1.0,0.0,0.0,0.0,0.0,67.0
C01021,3,354.90000000000003,861.9,3,8.90623890264452,2458.9533333333334,2.3333333333333335,0.5714285714285714,0.42857142857142855,0.0,0.0,0.0,1.0,0.0,0.0,59.0
C01022,2,2.6,785.2,4,8.214018390696179,922.8375,2.5,0.3,0.30000000000000004,0.4,0.0,1.0,1.0,0.3103081528437265,0.32499999991875,47.0
C01023,0,146.9,880.1,7,9.569130976326303,2044.9957142857143,2.857142857142857,0.4,0.45,0.15,1.0,0.0,0.0,0.0,0.0,27.0
C01024,4,32.5,803.4,10,10.664343230794683,5436.483,2.9,0.6206896551724138,0.27586206896551724,0.10344827586206896,0.0,1.0,1.0,0.3426587372755449,0.25999999997400003,38.0
C01025,3,110.5,889.2,5,9.754182115538718,3445.024,3.6,0.5,0.3888888888888889,0.1111111111111111,0.0,0.0,1.0,0.39910438940335974,0.259999999948,47.0
C01026,2,22.1,852.8000000000001,8,10.34213530952683,3876.3974999999996,2.75,0.5,0.18181818181818182,0.3181818181818182,1.0,0.0,0.0,0.025280495614806487,0.1624999999796875,51.0
C01027,0,302.90000000000003,934.7,9,10.06037120866487,2599.576666666667,2.6666666666666665,0.3333333333333333,0.5833333333333333,0.08333333333333333,0.0,0.0,1.0,0.0,0.0,54.0
C01028,2,158.6,473.2,4,9.59747245239748,3681.6275000000005,3.75,0.26666666666666666,0.5333333333333333,0.2,0.0,1.0,1.0,0.0,0.0,41.0
C01029,4,68.9,880.1,3,9.802551678144397,6026.2733333333335,3.6666666666666665,0.5454545454545454,0.36363636363636365,0.09090909090909091,1.0,0.0,0.0,0.4514156344274432,0.4333333331888889,62.0
C01030,2,70.2,802.1,8,10.279143757130031,3639.74125,3.25,0.38461538461538464,0.46153846153846156,0.15384615384615385,0.0,1.0,1.0,0.2910081863648861,0.1624999999796875,40.0
C01031,2,117.0,759.2,4,9.500438772753906,3341.1475,3.5,0.21428571428571427,0.3571428571428571,0.42857142857142855,0.0,1.0,1.0,0.05504815336646654,0.32499999991875,45.0
C01032,3,44.2,789.1,3,9.464608101632965,4298.056666666666,2.0,0.8333333333333333,0.16666666666666666,0.0,0.0,0.0,1.0,0.632926508646882,0.4333333331888889,23.0
C01033,0,517.4,949.0,5,8.248751496724717,764.37,3.2,0.1875,0.5625,0.25,0.0,0.0,1.0,0.0,0.0,37.0
C01034,0,41.6,933.4,7,10.046908011760966,3297.6142857142854,3.2857142857142856,0.3913043478260869,0.4782608695652174,0.13043478260869565,0.0,0.0,1.0,0.425539329298652,0.3714285713755102,22.0
C01035,1,230.1,856.7,4,9.395128052053508,3007.1575,3.0,0.5,0.3333333333333333,0.16666666666666666,1.0,0.0,0.0,0.0,0.0,37.0
C01036,2,154.70000000000002,842.4,4,8.515650001310652,1247.8225,3.25,0.23076923076923078,0.46153846153846156,0.3076923076923077,0.0,0.0,1.0,0.0,0.0,39.0
C01037,4,49.4,867.1,6,10.188050515619897,4430.436666666667,3.8333333333333335,0.43478260869565216,0.34782608695652173,0.21739130434782608,0.0,0.0,1.0,0.3955938504180402,0.21666666663055556,49.0
C01038,1,345.8,899.6,2,8.855112951298539,3504.5699999999997,2.0,0.75,0.25,0.0,1.0,0.0,0.0,0.0,0.0,61.0
C01039,2,37.7,920.4,8,9.844035805133512,2355.5775,2.25,0.38888888888888884,0.2777777777777778,0.3333333333333333,1.0,0.0,0.0,0.020164375827158087,0.1624999999796875,64.0
C01040,0,198.9,798.2,8,10.223025423035859,3441.10375,3.375,0.37037037037037035,0.5185185185185185,0.1111111111111111,1.0,0.0,0.0,0.0,0.0,48.0
C01041,0,40.300000000000004,851.5,8,9.380787539770333,1482.1687499999998,3.125,0.39999999999999997,0.56,0.04,0.0,0.0,1.0,0.03205227137597929,0.1624999999796875,44.0
C01042,2,84.5,84.5,1,8.81315588469924,6721.1,5.0,0.4,0.4,0.2,0.0,1.0,1.0,1.2999999999998064,1.2999999987,57.0
C01043,0,236.6,787.8000000000001,5,9.911502844090924,4031.9900000000002,2.4,0.5833333333333333,0.41666666666666663,0.0,0.0,0.0,1.0,0.0,0.0,47.0
C01044,4,163.8,440.7,3,9.274617608982028,3554.293333333333,4.0,0.41666666666666663,0.3333333333333333,0.25,0.0,0.0,1.0,0.0,0.0,54.0
C01045,4,201.5,903.5,3,9.470405071392557,4323.046666666666,2.6666666666666665,0.5,0.25,0.25,0.0,0.0,1.0,0.0,0.0,53.0
C01046,3,55.9,943.8000000000001,7,9.936266407557037,2952.2057142857143,3.142857142857143,0.40909090909090906,0.40909090909090906,0.18181818181818182,0.0,1.0,1.0,0.45020435083886673,0.3714285713755102,58.0
C01047,3,67.60000000000001,557.7,7,9.621119999641358,2154.132857142857,3.0,0.42857142857142855,0.38095238095238093,0.19047619047619047,0.0,1.0,1.0,0.11426241782406879,0.1857142856877551,39.0
C01048,0,66.3,885.3000000000001,11,10.272896029832143,2630.597272727273,2.272727272727273,0.44,0.48,0.08,0.0,0.0,1.0,0.019065182915597147,0.11818181817107437,45.0
C01049,4,131.3,917.8000000000001,4,10.233617217507486,6955.4925,3.5,0.5714285714285714,0.2857142857142857,0.14285714285714285,0.0,1.0,1.0,0.0,0.0,41.0
C01050,3,184.6,717.6,7,9.81018790026614,2602.4871428571428,3.4285714285714284,0.5833333333333334,0.2916666666666667,0.125,0.0,1.0,1.0,0.0,0.0,29.0
C01051,4,63.7,712.4,4,10.159668121924517,6459.68,3.0,0.6666666666666666,0.25,0.08333333333333333,1.0,0.0,0.0,0.31584621838851473,0.32499999991875,35.0
C01052,3,245.70000000000002,893.1,5,10.091622594895869,4827.786,2.2,0.8181818181818181,0.18181818181818182,0.0,0.0,1.0,1.0,0.0,0.0,67.0
C01053,2,45.5,899.6,5,9.576641831969493,2884.58,3.4,0.29411764705882354,0.35294117647058826,0.35294117647058826,0.0,0.0,1.0,0.7859488729727874,0.779999999844,30.0
C01054,2,395.2,395.2,1,8.700942062445762,6007.57,3.0,1.0,0.0,0.0,1.0,0.0,0.0,0.0,0.0,55.0
C01055,3,35.1,850.2,8,10.299213050921201,3713.52875,3.5,0.4642857142857143,0.2857142857142857,0.25,0.0,1.0,1.0,0.06912421238154987,0.1624999999796875,36.0
C01056,2,48.1,769.6,5,9.623311241251898,3022.402,2.2,0.36363636363636365,0.36363636363636365,0.2727272727272727,0.0,1.0,1.0,0.6691485778529349,0.259999999948,38.0
C01057,4,28.6,705.9,6,10.218757311098539,4568.596666666667,2.5,0.5333333333333333,0.3333333333333333,0.13333333333333333,1.0,0.0,0.0,0.9961789141668961,0.6499999998916667,66.0
C01058,2,395.2,842.4,4,8.251948181583352,958.5224999999999,2.25,0.2222222222222222,0.3333333333333333,0.4444444444444444,0.0,0.0,1.0,0.0,0.0,63.0
C01059,2,427.7,941.2,5,9.918228863541152,4059.2019999999998,2.6,0.38461538461538464,0.3076923076923077,0.3076923076923077,0.0,0.0,1.0,0.0,0.0,21.0
C01060,3,15.600000000000001,813.8000000000001,5,9.9468592537898,4177.104,2.2,0.7272727272727273,0.18181818181818182,0.09090909090909091,0.0,0.0,1.0,0.8292305865498762,0.519999999896,25.0
C01061,1,171.6,915.2,6,10.140225874765836,4223.531666666667,3.3333333333333335,0.7,0.15,0.15,1.0,0.0,0.0,0.0,0.0,28.0
C01062,0,37.7,582.4,10,9.917488579123797,2028.0990000000002,2.9,0.20689655172413793,0.5517241379310345,0.2413793103448276,0.0,0.0,1.0,0.43167379896146924,0.25999999997400003,49.0
C01063,3,266.5,718.9,4,9.92841087021935,5125.9325,3.0,0.5833333333333333,0.25,0.16666666666666666,0.0,0.0,1.0,0.0,0.0,29.0
C01064,2,196.3,652.6,3,8.921673815078579,2497.2066666666665,2.6666666666666665,0.25,0.625,0.125,0.0,1.0,1.0,0.0,0.0,28.0
C01065,1,240.5,899.6,7,9.32691022758271,1605.0514285714287,2.0,0.5,0.3571428571428571,0.14285714285714285,1.0,0.0,0.0,0.0,0.0,47.0
C01066,0,105.3,929.5,6,9.483896389862998,2190.885,2.1666666666666665,0.38461538461538464,0.46153846153846156,0.15384615384615385,1.0,0.0,0.0,0.13622333744885923,0.21666666663055556,56.0
C01067,3,18.2,696.8000000000001,8,10.0731856003846,2962.2425,3.0,0.4583333333333333,0.375,0.16666666666666666,0.0,0.0,1.0,0.4101889446930657,0.324999999959375,44.0
C01068,0,210.6,881.4,6,10.276249356300692,4838.961666666667,3.8333333333333335,0.43478260869565216,0.4347826086956522,0.13043478260869565,0.0,0.0,1.0,0.0,0.0,36.0
C01069,4,16.900000000000002,949.0,12,10.484358413857603,2979.2408333333333,2.0,0.4166666666666667,0.45833333333333337,0.125,0.0,0.0,1.0,0.35926378336314546,0.3249999999729167,27.0
C01070,0,98.8,947.7,7,10.1682838571949,3723.1871428571426,3.7142857142857144,0.2692307692307693,0.5,0.23076923076923078,0.0,0.0,1.0,0.06284189697689642,0.1857142856877551,59.0
C01071,4,27.3,829.4,3,9.653259248494402,5190.486666666667,2.6666666666666665,0.75,0.25,0.0,0.0,0.0,1.0,0.7444953780826753,0.4333333331888889,64.0
C01072,4,349.7,871.0,7,10.261157101691067,4085.5514285714285,2.142857142857143,0.6000000000000001,0.33333333333333337,0.06666666666666667,0.0,1.0,1.0,0.0,0.0,22.0
C01073,2,638.3000000000001,638.3000000000001,1,6.695984313962894,808.15,2.0,0.5,0.0,0.5,0.0,1.0,1.0,0.0,0.0,24.0
C01074,3,27.3,947.7,9,10.664343230794683,4872.394444444445,3.3333333333333335,0.5666666666666667,0.3666666666666667,0.06666666666666667,0.0,1.0,1.0,0.18610658004106617,0.14444444442839505,20.0
C01075,4,371.8,917.8000000000001,6,9.930116338313386,3423.1216666666664,2.1666666666666665,0.46153846153846156,0.38461538461538464,0.15384615384615385,1.0,0.0,0.0,0.0,0.0,52.0
C01076,0,33.800000000000004,471.90000000000003,3,9.17417522581972,3214.603333333333,2.6666666666666665,0.375,0.5,0.125,0.0,0.0,1.0,0.8462487336435655,0.4333333331888889,65.0
C01077,3,200.20000000000002,920.4,7,10.39100227620724,4652.041428571429,3.2857142857142856,0.5217391304347826,0.34782608695652173,0.13043478260869565,0.0,1.0,1.0,0.0,0.0,26.0
C01078,0,26.0,651.3000000000001,3,8.441965207668241,1545.5533333333333,3.6666666666666665,0.18181818181818182,0.45454545454545453,0.36363636363636365,0.0,0.0,1.0,0.3164275577678078,0.4333333331888889,42.0
C01079,2,65.0,845.0,6,9.971067693255392,3566.22,3.8333333333333335,0.21739130434782608,0.4782608695652174,0.30434782608695654,0.0,0.0,1.0,0.08735696806889427,0.21666666663055556,55.0
C01080,0,98.8,873.6,5,9.575394512192185,2880.984,3.0,0.4,0.5333333333333333,0.06666666666666667,0.0,0.0,1.0,0.012974803053400298,0.259999999948,42.0
C01081,3,189.8,889.2,9,10.164237437671183,2884.117777777778,3.111111111111111,0.39285714285714285,0.39285714285714285,0.21428571428571427,0.0,0.0,1.0,0.0,0.0,38.0
C01082,4,15.600000000000001,273.0,2,9.312961940139498,5539.86,2.0,0.75,0.25,0.0,1.0,0.0,0.0,0.00836573487416574,0.649999999675,62.0
C01083,0,3.9000000000000004,651.3000000000001,7,9.771573137612535,2503.902857142857,3.142857142857143,0.40909090909090906,0.5454545454545454,0.045454545454545456,0.0,1.0,1.0,0.055746856906814295,0.1857142856877551,38.0
C01084,3,206.70000000000002,939.9,7,10.216506176546536,3907.1342857142854,2.857142857142857,0.6000000000000001,0.35,0.05,0.0,0.0,1.0,0.0,0.0,56.0
C01085,3,219.70000000000002,834.6,6,10.079349121802279,3974.0766666666664,3.6666666666666665,0.5909090909090908,0.3181818181818182,0.09090909090909091,0.0,1.0,1.0,0.0,0.0,49.0
C01086,1,135.20000000000002,793.0,8,9.921198287468018,2544.54625,2.625,0.42857142857142855,0.3333333333333333,0.23809523809523808,1.0,0.0,0.0,0.0,0.0,35.0
C01087,4,101.4,807.3000000000001,4,9.953049799525278,5253.804999999999,2.5,0.6000000000000001,0.4,0.0,1.0,0.0,0.0,0.009179394743428373,0.32499999991875,66.0
C01088,2,260.0,562.9,2,8.256080343600198,1924.9850000000001,4.5,0.2222222222222222,0.4444444444444444,0.3333333333333333,1.0,0.0,0.0,0.0,0.0,20.0
C01089,1,2.6,559.0,6,9.579984155789392,2411.865,3.3333333333333335,0.65,0.25,0.1,1.0,0.0,0.0,0.10737099022263497,0.4333333332611111,29.0
C01090,1,106.60000000000001,794.3000000000001,10,10.49590265633704,3616.601,3.3,0.6666666666666667,0.15151515151515152,0.18181818181818182,1.0,0.0,0.0,0.3138762611634429,0.12999999998700001,57.0
C01091,2,46.800000000000004,930.8000000000001,2,7.915603704336657,1369.35,2.5,0.2,0.2,0.6,0.0,0.0,1.0,0.3329342388723362,0.649999999675,50.0
C01092,2,19.5,932.1,7,10.306311843420602,4274.268571428571,2.857142857142857,0.4,0.30000000000000004,0.3,0.0,0.0,1.0,0.2866772192936507,0.1857142856877551,20.0
C01093,3,170.3,868.4,7,9.740267789276439,2426.727142857143,3.0,0.38095238095238093,0.42857142857142855,0.19047619047619047,0.0,0.0,1.0,0.0,0.0,54.0
C01094,3,72.8,915.2,4,9.53390682899058,3454.87,2.75,0.5454545454545454,0.36363636363636365,0.09090909090909091,0.0,1.0,1.0,0.5965606520650129,0.32499999991875,65.0
C01095,1,356.2,651.3000000000001,4,10.00104974012088,5512.15,3.5,0.5,0.2857142857142857,0.21428571428571427,1.0,0.0,0.0,0.0,0.0,39.0
C01096,3,31.200000000000003,860.6,6,10.331548116388085,5114.096666666667,2.6666666666666665,0.6875,0.1875,0.125,0.0,1.0,1.0,0.2487620166220216,0.21666666663055556,32.0
C01097,0,13.0,540.8000000000001,4,9.319286252524869,2787.505,3.75,0.4,0.6,0.0,0.0,0.0,1.0,0.4265811182401084,0.32499999991875,62.0
C01098,3,11.700000000000001,912.6,9,9.984879964333738,2410.547777777778,2.5555555555555554,0.5217391304347826,0.4782608695652174,0.0,0.0,1.0,1.0,0.2853447787109576,0.2888888888567901,47.0
C01099,2,189.8,625.3000000000001,6,10.213424390393309,4544.296666666666,3.1666666666666665,0.42105263157894735,0.47368421052631576,0.10526315789473684,0.0,0.0,1.0,0.0,0.0,24.0
C01100,0,119.60000000000001,838.5,5,9.214787468965923,2008.714,3.2,0.1875,0.625,0.1875,0.0,1.0,1.0,0.0,0.0,42.0
C01101,2,10.4,13.0,2,9.280628271219259,5363.585,3.5,0.42857142857142855,0.14285714285714285,0.42857142857142855,0.0,1.0,1.0,1.2999999999998788,1.29999999935,62.0
C01103,3,100.10000000000001,835.9,6,9.72245895950416,2781.205,3.0,0.3888888888888889,0.4444444444444444,0.16666666666666666,0.0,0.0,1.0,0.051028600912191475,0.21666666663055556,37.0
C01104,2,28.6,936.0,5,9.35054395594377,2300.816,2.6,0.3076923076923077,0.38461538461538464,0.3076923076923077,0.0,0.0,1.0,0.05725768596879914,0.519999999896,39.0
C01105,3,42.9,889.2,5,9.966071665060792,4258.136,3.2,0.5625,0.4375,0.0,0.0,0.0,1.0,0.43807501686181755,0.259999999948,37.0
C01106,2,109.2,822.9,5,9.632917563005407,3051.578,3.0,0.4666666666666667,0.4666666666666667,0.06666666666666667,0.0,1.0,1.0,0.013852963941933397,0.259999999948,53.0
C01107,4,425.1,432.90000000000003,2,9.126925066817247,4599.344999999999,4.0,0.375,0.375,0.25,0.0,0.0,1.0,0.0,0.0,27.0
C01108,0,231.4,926.9,9,9.888718525391765,2189.532222222222,2.7777777777777777,0.36000000000000004,0.44,0.2,0.0,1.0,1.0,0.0,0.0,56.0
C01109,2,422.5,525.2,3,8.074010639678761,1069.6499999999999,4.333333333333333,0.3076923076923077,0.38461538461538464,0.3076923076923077,1.0,0.0,0.0,0.0,0.0,35.0
C01110,2,15.600000000000001,228.8,2,6.221146675261775,251.14,1.5,0.0,1.0,0.0,0.0,1.0,1.0,0.30175798359420697,0.649999999675,50.0
C01111,0,26.0,916.5,6,9.71514872824526,2760.9466666666667,3.0,0.4444444444444444,0.5,0.05555555555555555,0.0,0.0,1.0,0.043707713779329097,0.21666666663055556,34.0
C01112,3,211.9,943.8000000000001,10,10.107191778551995,2451.7709999999997,2.7,0.4444444444444444,0.2962962962962963,0.25925925925925924,0.0,1.0,1.0,0.0,0.0,63.0
C01113,2,24.7,499.20000000000005,3,6.814422143537029,303.2966666666667,1.3333333333333333,0.25,0.5,0.25,1.0,0.0,0.0,0.21825495389528596,0.4333333331888889,31.0
C01114,3,215.8,846.3000000000001,5,9.859266036183872,3826.767999999999,2.4,0.5833333333333333,0.3333333333333333,0.08333333333333333,0.0,0.0,1.0,0.0,0.0,39.0
C01115,2,97.5,925.6,2,7.767683045269362,1180.9950000000001,2.5,0.4,0.6000000000000001,0.0,1.0,0.0,0.0,0.18774126901460728,0.649999999675,59.0
C01116,1,356.2,637.0,3,9.52392627441781,4560.743333333333,3.0,0.5555555555555556,0.4444444444444444,0.0,1.0,0.0,0.0,0.0,0.0,37.0
C01117,1,159.9,616.2,6,9.305164069830987,1832.2749999999999,3.1666666666666665,0.47368421052631576,0.42105263157894735,0.10526315789473684,1.0,0.0,0.0,0.0,0.0,34.0
C01118,4,70.2,456.3,3,9.102009894789997,2990.7700000000004,3.3333333333333335,0.4,0.4,0.2,0.0,1.0,1.0,0.6440515318796782,0.8666666663777778,20.0
C01119,1,1.3,945.1,7,10.205091760741222,3862.7885714285717,2.5714285714285716,0.7777777777777778,0.2222222222222222,0.0,1.0,0.0,0.0,0.30181978082450056,0.1857142856877551,26.0
C01120,4,639.6,920.4,5,10.237045905060427,5583.505999999999,2.4,0.6666666666666667,0.25,0.08333333333333333,0.0,1.0,1.0,0.0,0.0,40.0
C01121,2,71.5,599.3000000000001,4,10.118772304220043,6200.825,3.75,0.5333333333333333,0.39999999999999997,0.06666666666666667,0.0,1.0,1.0,0.6874025230513404,0.6499999998375,61.0
C01122,4,57.2,720.2,10,10.664343230794683,5994.654,3.0,0.7,0.26666666666666666,0.03333333333333333,0.0,1.0,1.0,0.15551911753371997,0.25999999997400003,33.0
C01123,3,166.4,887.9,8,10.45384951271806,4334.57625,2.5,0.55,0.25,0.2,0.0,0.0,1.0,0.0,0.0,31.0
C01124,1,29.900000000000002,864.5,10,10.001689003131364,2206.27,2.9,0.41379310344827586,0.41379310344827586,0.1724137931034483,1.0,0.0,0.0,0.107966930611389,0.25999999997400003,48.0
C01125,1,9.1,900.9,8,9.788630980604589,2228.61,2.5,0.55,0.45,0.0,1.0,0.0,0.0,0.22307301412089697,0.4874999999390625,42.0
C01126,4,32.5,917.8000000000001,4,9.770037299476845,4375.1050000000005,2.5,0.4,0.30000000000000004,0.3,0.0,1.0,1.0,0.48529172442715746,0.32499999991875,24.0
C01127,3,235.3,687.7,5,9.683596207062827,3210.224,3.0,0.4666666666666667,0.26666666666666666,0.26666666666666666,0.0,0.0,1.0,0.0,0.0,46.0
C01128,0,124.80000000000001,841.1,7,9.86167704876822,2740.0042857142857,2.4285714285714284,0.47058823529411764,0.47058823529411764,0.058823529411764705,1.0,0.0,0.0,0.0,0.0,60.0
C01129,0,426.40000000000003,873.6,4,9.766121387992026,4358.005,3.25,0.46153846153846156,0.46153846153846156,0.07692307692307693,0.0,0.0,1.0,0.0,0.0,65.0
C01130,4,295.1,874.9,6,10.540324929672666,6301.474999999999,2.8333333333333335,0.5882352941176471,0.23529411764705882,0.17647058823529413,1.0,0.0,0.0,0.0,0.0,28.0
C01131,0,74.10000000000001,733.2,6,9.347707274619012,1911.915,3.0,0.2777777777777778,0.5,0.2222222222222222,0.0,0.0,1.0,0.18879735762309963,0.4333333332611111,22.0
C01132,2,105.3,828.1,5,9.77141566574319,3504.9120000000003,3.4,0.23529411764705882,0.3529411764705882,0.4117647058823529,0.0,1.0,1.0,0.13238671898180995,0.259999999948,41.0
C01133,0,235.3,902.2,9,10.244751504814868,3125.9433333333336,3.2222222222222223,0.27586206896551724,0.5517241379310345,0.1724137931034483,0.0,0.0,1.0,0.0,0.0,36.0
C01134,2,592.8000000000001,787.8000000000001,2,9.387748209534168,5970.09,4.5,0.3333333333333333,0.6666666666666666,0.0,0.0,1.0,1.0,0.0,0.0,22.0
C01135,2,161.20000000000002,240.5,2,8.933660222475254,3790.985,2.5,0.4,0.0,0.6,0.0,0.0,1.0,0.0,0.0,40.0
C01136,3,410.8,803.4,2,8.938553958143121,3809.585,3.0,1.0,0.0,0.0,0.0,0.0,1.0,0.0,0.0,35.0
C01137,4,153.4,899.6,6,9.897067487953692,3311.8350000000005,1.8333333333333333,0.5454545454545454,0.18181818181818182,0.2727272727272727,1.0,0.0,0.0,0.0,0.0,51.0
