customer_id,0,1,2,3,4,5,6,7,8,9,10,11,12,13,14,15,16,17,18
C00001,1.3019782302734062,-0.34528837374530796,-1.675661946661865,2.118967806860962,-1.4460890282144467,1.8396656627636032,1.6490199983989156,-1.097410351424386,0.08537198421024016,-0.07896059366009013,-0.7825484212392693,-0.8292358579323259,-1.4821763378706323,-0.4718643037167407,-0.9459366233068969,0.7613147159433917,-1.5314889117636101,-0.34784828897199876,0.924810241639499
C00002,-0.22350718762128716,-1.017467933668123,-1.8615069504512125,1.9953074443053311,2.011271473636219,-1.3203023972631536,-0.011487439242166409,-0.8642457370507548,-0.04179900327028776,-0.5210808133217387,0.8184260439647066,0.7920331962010283,-0.528370304165044,-1.0641681123942248,1.059483064803361,-0.03664997897615557,1.2969523473763405,0.09029715858825896,-0.24042384202960684
C00003,-3.4863241167902665,-2.134040046968575,-1.1498429866738094,-1.1989911797756998,-1.6982549431728613,1.271822886767806,-1.1960044602610627,-2.6837961269739967,-0.05102833156682507,-0.284631022302777,2.4227976539736082,-0.6774348490419909,1.628440521499097,-1.7833982656289418,-1.166334960598699,0.15490341839184946,-0.40181904045904737,-0.20622698105979828,0.5087746234662599
C00004,0.3892745693521561,1.0103921765717447,-0.7698742558249462,-0.7771416308310695,3.149818559399547,-1.6077941609242254,-0.7152564894212982,-2.4833669367304623,-0.643944529617526,-0.7947615469013268,-0.035369210599932664,0.981484089903972,-0.9205850300116711,-1.0963860072718647,-0.28564675416516094,0.6247445766833881,-0.3446441776884678,-0.09423540344800677,-0.6897564681777313
C00005,2.371928648595273,1.268689357858937,-0.01305612790577525,-1.7846401774093164,1.6023187825254952,-1.630322327580225,0.06440107682111725,-0.7859999964512011,-1.1758388008883807,-0.6252174356131447,-0.21788511611603742,-0.2764121665126814,-1.0584000283639114,0.6987813098363334,-0.04606189065886818,0.42400744144727626,-0.4403539484131662,-0.5570413962499404,0.22932551986380525
C00006,0.17231008231636816,6.402773901071086,-0.665288643194552,-1.094141486364046,0.6744116435133982,-1.5799813348102711,0.0970130654776581,0.5232920510833015,0.02072068703464041,-0.889387958446458,1.389314562911251,0.6590935861628769,1.2267386966370781,0.39563944792090905,1.4067197693228548,-0.5194616153459732,-3.024296507540272,-1.0080482810873852,-2.10481545076519
C00007,-1.0261302728753965,-0.8057892373429436,-1.4777668630055765,1.8715298210398583,0.24091432714394168,0.855528023391605,-0.9060623735672162,0.5984518424443699,0.5363569073466637,1.5974620550259333,-0.5309067415844451,-0.6137061407699214,0.832579473623523,-1.5289399303400588,-0.48628905231619013,0.6057615975730577,-0.87257704298558,-1.2576499923724067,2.084011763430724
C00008,-3.4473580673981354,4.05604401991162,-0.16167013238985017,-1.6590457529296656,-2.5315072531113008,-1.6740967614731008,-0.3560462265438888,2.1964749482472525,1.1487675091408538,0.2743071259842758,0.5784262065321372,0.6613539065476617,0.008674836875976482,1.1791393680968003,1.9144521165649924,-1.2194603505849548,2.175302578800267,-0.947948393011988,-0.13659472339248996
C00009,-0.3814268196200493,-2.4893548102851573,3.092018573044473,3.468332945822157,-1.0508991671085883,-1.8844147883582432,0.04090718963002281,-0.6241868205554965,0.5534066437961705,1.4890816670628713,0.4992754587204466,-1.079793480063114,-1.4707735821057475,0.5297560129691244,-0.6389211424491635,0.8411224092369117,-2.0024349836891213,-0.7590423602902706,0.1774636967885408
C00010,1.1737612777962625,1.88388678317558,-0.6545415000162503,-1.9822739802032714,0.9132627472416257,1.0967146550626425,-1.5932336657019217,1.4047004987964795,0.9342589534907111,-0.609955041601141,0.9711350346027282,1.5749639802783613,-0.8864068072858996,1.1775645096754992,-1.015849873243033,1.6766128219738958,-1.167781357162955,-1.5726164461897456,1.7101485075379834
C00011,-1.29867094843233,-0.7684932189685589,-1.5404963900361823,-1.934333872647892,0.24222588819516258,-2.1941138209488025,-0.04700100137207168,1.7217859286578425,1.0072344568217089,2.0257292940721854,0.9320795156334579,-1.3515295380880414,-0.283030785086806,1.1947328510279815,0.7048439312407152,1.1856843640539896,-0.5851186120435855,0.35878492310865145,-0.007434285312444329
C00012,0.9782166815183864,0.5589970700160605,0.6419937655874535,-1.557094848900442,2.3531734881110173,1.3473915117142339,0.40062833810676746,-0.3322888664760854,-0.006824500310954942,0.16179773427014063,0.5753977561575631,0.8578691674055279,-0.28811171729023705,-1.3069525139203564,1.321955275895575,-0.7229243860359791,1.2169483807447519,0.3395500074368155,0.36156280805935403
C00013,0.46993387906232814,-0.3246568683832395,1.0480483584247346,-0.45766601170559795,3.1070651012599075,1.2795971699243454,-0.2461889734157713,1.3602053784404842,2.4020759605553335,-1.3113118280127836,-0.0563570710635707,0.025112389973194534,-0.9368914259559056,0.434629092677833,-0.8029088682324977,1.1688456956182551,0.7006326716796855,-0.5431584013184271,-0.6881709604572158
C00014,2.2242946645423682,0.498976961280488,-1.7575186563789638,1.9509115235538261,0.8620631904985064,-1.3608964549654747,-0.0819164859337438,-0.504091252502863,-0.2134402882162523,-1.339360616253707,-0.002635241038953344,0.12312434824761777,-0.7293212222812255,-0.6764904502549614,0.5415171472093229,-0.5382105308252398,-0.14992502371143265,-0.5803745042965389,-0.08595650269422915
C00015,-12.014187443420584,4.761465319618812,-1.8667533927418076,0.3497514477383677,1.288001098558445,-0.1345162038680532,5.522339636750577,3.1015146981160333,-4.644719336798613,-0.44968848495788427,-4.216878897366229,4.16544252291057,2.0346802930354584,-2.3068669646116025,-1.1857842153538098,1.7816971435019768,-1.5233479410314736,2.7144495526177614,1.2505336262158577
C00016,0.7782882992898135,2.0040834071423808,-0.6022258836386299,-1.710670873029372,0.33807582845149287,-1.342642913393095,0.5759208463691966,-0.04368163798868004,-0.55687268689321,0.1954029663872034,1.547908495538551,1.532825234727225,-0.810516088279548,1.87023976221154,-0.7319063136787584,-0.8367458292404425,-0.3306757693861693,-0.17960045044945303,0.7165139998328075
C00017,1.0636483279508193,3.8210134118027876,2.2970398366347236,-0.5240407587100774,-1.1595128462123612,0.846818756389372,-1.102452769304909,-1.0259298130957222,-0.5605928589746757,1.2711687512000027,-1.4846626281422202,0.631630816487754,-0.21214271786843,1.1363495489026307,0.7994264150637798,1.1017579601661622,-0.6775669267045452,-0.29870164447708314,-2.000854776383284
C00018,-2.717357780264632,-1.4830603655367425,-1.3309172201916375,-0.05677915515145906,-1.2628004945832292,-1.3715113410033997,-0.9143910411524924,-4.588276318906282,0.8036263569228963,-0.7105962998398142,2.8722525667486742,-1.2491027505601588,4.233619885777973,0.21053473448938467,-2.9043149325302027,-0.260467968597161,-0.2926135847029765,0.851504935167422,-0.45578365839155843
C00019,2.240111127852131,3.1602368257291795,0.3545773269912416,1.990792699070963,1.1491589303870544,1.3596590176959844,-0.18182719540440018,0.6843597957884716,0.43415107882544085,-0.6396796703382924,0.23652266976531133,-0.35205131554395913,0.2342705441824744,-0.005634787722105755,1.046394744830981,-0.07184090783742716,-0.5097398555553582,0.74801128423477,0.8321517156249602
C00020,1.6521507062203644,-0.9838697403228416,0.25041735040194113,-1.592025419528442,0.7061609906848861,1.3484019997672552,-0.6474503418885096,0.853468401195609,-0.9078725272366296,-1.4397168153957849,-0.40412888064942903,-0.4412174626161892,-1.2625238661548686,-0.010449767559852835,-0.030602895803847275,-1.447464461055765,0.16325207500101308,-0.8761549801636573,0.49627546786346965
C00021,0.05565349358744045,-2.46718878530511,0.28947339590420224,-1.2849356616594199,0.15153250384808156,-2.0501590651938533,-0.2053074065839524,0.8957587043951383,0.19249790306656092,1.0707090016176917,-0.9802635108724517,0.07054300128482091,-1.388944619150184,-0.288723185828239,-1.1286874410286512,-0.8226577667454933,-0.8061715925673149,-0.3217346619501452,1.0300162701484432
C00022,-2.336878853563904,-2.3241180846837306,-0.7724161007643359,-1.3412108630798558,-1.3769430025902674,-1.948476184893259,-0.41188498293578096,1.6809803634467888,-0.5160697407270092,1.816378047013489,2.0579705956620757,-0.05375662273878345,-0.18079600707976062,-1.0347871373390132,-0.4723143002906381,0.16875001276923843,-0.48298048017179146,-1.112344460647029,0.870874406860847
C00023,1.5183327001815596,-0.042869684743873177,-0.6774132211294815,-2.0197849058635002,1.528477923351818,1.3473410983474352,-0.7660040379587088,-0.4857997629297126,-0.2207202031862383,-1.2135202396309726,-0.9459686613051831,0.47588441208566507,-0.35249434309200556,1.1213404074541309,0.21448625890045223,-0.2630032370947664,0.6565726369846497,-0.3532664474085839,0.8663637716851019
C00024,1.0764633260270142,1.131387281982371,-1.3299891989536687,-1.842087280981537,-2.2744270415853842,0.7196516716084862,-2.7801411578635316,-1.3269530694896452,0.13321608249993014,1.11895654811484,1.027372154115159,0.7871724027754664,2.9123443320299045,-0.4033384029992574,-0.3254612417352666,0.8602309941907813,1.0670584865630717,-1.0232563667517052,0.5828486218881566
C00025,-1.3368548582260658,3.6383994014377348,-1.411064101016615,1.3913017645899635,2.612260423319846,1.4474787428551774,-1.011800350219552,-2.590143884247168,-0.06151398299988795,0.2845755370124998,-0.09890815685293773,2.10859311126866,0.3828728766451545,2.5680621206713945,0.8332762508385114,0.2796726286736249,-0.19374632213163998,1.2698354519811021,1.3890174087866645
C00026,2.376364920478634,-0.356764996204336,1.1052074607200044,-0.10990734098666752,-0.015757264099842842,-1.4796164942681855,-0.6677684498861811,1.2657958654893815,-0.1614855843986673,-1.2685334980098537,1.6646992299689332,0.9461496990164903,0.5153751830188327,-1.0959790046217246,-1.1264210901893021,0.22710166067094809,-0.02192425367127435,0.7845134275564732,-0.5554743881701322
C00027,0.5895652087813372,-2.3190212033475115,1.4892998730296827,-1.0661129356625736,1.0774226269098992,1.2472934585434194,-0.7039188306243699,0.567449159409829,0.3472139723996202,-0.44672244694144375,1.6583162675441845,-0.7433887469143586,-0.4652907357528429,-0.6299707170911011,0.7910741107471767,0.9701341813191793,1.6694737668711017,0.4613249148449645,0.20978556425475645
C00028,-0.8581206091567063,-3.3389578136116493,-1.57838973857666,2.1451609325926277,0.35279118159885725,0.609084968957198,-1.892359975571141,-0.23411539906385065,0.30440142603466797,2.859821213453931,1.4671570937701266,0.05619115179722049,1.0398192760174758,-1.7263503847645019,0.3002515207408852,0.8598317193636921,0.24346818921081206,-0.3830929596216821,-0.31352428175856273
C00029,1.9331791389016861,2.0122757557174205,-1.6208205887398663,1.4210306937538677,-1.7185734764509613,-1.3259378301479936,-0.40129523463972994,0.24223749714263484,-1.5634278462081423,-0.31910467040839624,-1.5375583542322249,0.7137561558742463,1.5546513005749998,0.7599878049327762,1.800397140986273,0.9354500869735096,1.158434346640549,-0.9072889641579595,-0.36634742835406087
C00030,0.9388721165159007,-0.7845984368592822,-1.1072611061025968,-1.3179511939140243,-0.29682186761331375,-1.2660629970933466,-1.096343297614113,-0.470958733934427,1.3572815671280105,-2.824840125806464,1.2768344956222557,0.31248641332426397,-0.11329272746542336,0.14843362808411717,0.9183467275296218,-0.28038858841974157,0.5606954728257986,0.3217059462981824,1.6213509781763473
C00031,1.7379782531180261,-0.37824529072229646,-1.0064019948309884,-1.8471439320018765,-1.6088639752957798,1.7046001733039617,0.7238062767667351,1.0979297777755326,0.04774497191472382,-0.41489302122023597,-0.5347116235319099,1.6911054043819311,-0.4379396242935328,-0.09179097203611201,0.7794041230395755,-0.15461354593088375,-0.37037863750832817,0.2502844279086253,0.7849499206605622
C00032,-0.26504691637170186,4.799025850553874,-1.7393642709989794,1.3609726178714279,-1.5272082262014524,-1.6456097157352951,0.5985721466132151,1.0935497293679324,-1.2511800208371022,2.0180805697076223,0.029048264995293293,-0.2561700400249127,-0.030566756109418034,2.0186289605509296,-0.5266628644926163,0.2092459681110197,0.2320391030296127,-0.8622023546478713,-0.7282197397958063
C00033,0.536107562289178,-0.0818098931594726,-0.36090305932615274,2.4885987793349096,0.35478131777693583,-1.312651167446939,-0.17352325973213567,1.4611041993370215,1.1175752500071225,-1.622968896515841,1.3752760173919123,0.1520458353129447,-0.7873988207267902,0.24102870638947899,-0.4854697874332569,-1.7480624592383418,-0.06544672861077379,-1.2952050314987973,-0.33977106960809467
C00034,-0.3823414638489765,1.3326943512493477,-1.4068734387410784,-1.573336192861071,-1.1302439784879295,0.8023833259359685,-0.6929411370562117,-1.8881629052163549,0.9184136964330385,2.274842756859411,-0.6066573239708025,2.288817248792166,-2.412794450721886,-1.428574775303922,-1.28321501662578,-0.5054612170425214,1.882937603300351,-0.06296854128506461,0.3209971248808031
C00035,1.8593870933858434,0.9414755976065511,-0.5851901209290313,-1.1089851698932398,0.8687590119429205,1.3389305599170636,-0.46104372514704434,0.075088553252373,-1.9904559924497676,-0.6690979724178755,-0.831778532185596,0.2679131009051168,-0.1061334112183926,0.6498925764118789,-1.5245607269589345,-1.2778655750236683,-0.8844972578053972,-0.5241984384352804,-0.7721961822474533
C00036,0.16346064128272642,-1.9836048081386446,1.7665989682333894,0.12490776741876287,-1.2950603623399017,1.6138449759259224,0.5277436135032841,-0.035069924443420386,-0.22691699106749136,-0.42820880093795394,0.3114830641228362,-0.5679078025249336,-0.666581887327111,-1.28491082176185,0.027099725877926667,-0.3192743392382629,-0.2468948594850965,0.06560785926727289,-0.9019652569599386
C00037,1.3644765382214605,1.521129547677217,-1.8026969497958976,1.6919093993967649,0.7591319640664909,-1.515876494251239,-0.6625382611636089,-0.7340544347767713,-1.287899847912509,-0.7455214795315781,1.0721692360410693,-1.044929021087644,1.6064772339480229,0.37208399721205887,0.26766896043596805,-0.5077509471011569,-0.3005881792078216,0.07649008239369821,-0.219293168223898
C00038,-0.2137016503704189,-2.0645803403442815,-0.7564265386900434,-1.2371400622556503,-1.6444856208712886,-0.9809867787767959,1.5346267715755608,-1.0887140668366562,0.15069805631465527,-1.067905035081597,0.015090106874384269,-0.6389493430620532,-1.0689585095189214,0.31669490577189524,0.6917355600051042,-0.6206931290882632,-0.12346422608548588,-0.35275764693457357,0.305832959624152
C00039,-0.7087462184385445,4.50621886427602,3.2187254679552915,-0.0874088837229196,-1.0107804421537114,0.7417250815636299,-0.7320390308284469,-1.8609802392885404,-0.5797587052282236,3.5467175936201096,-0.15613406703812593,2.753406309461405,-0.7642872789232161,0.5177719752180496,-1.2650068221120545,0.3247704214170413,1.471996025324739,0.9585584696110946,-0.19986926847046602
C00040,2.519886951382128,3.8749522823430045,-1.774544031285767,1.2358537278438562,1.938964316569129,1.5069208939617906,0.6311592560076437,0.27032941439857433,-0.6036096483690417,-0.6025065276175818,-0.9781911105841102,-0.17505359575293625,0.8620577126595272,-0.5090824243731709,0.606451311470673,-0.12575178385012475,-0.8801189577131131,0.7007746122676003,0.3842321106913678
C00041,-0.055388375831077696,0.05309207422098298,-2.314173670422091,1.7175537072344873,0.9419252781315919,-2.144616201442657,-0.6354729244550722,-0.6705917683403724,0.5857402582120164,1.6957536544843779,-0.8652220625470102,1.7228909917463529,1.583262054885046,-2.087945935634498,0.5938053700286519,-1.1990771034769143,-0.1116284673561128,0.2796356933273371,-0.6262451865745169
C00042,0.35296183075660525,-0.10945855994478784,-2.0427636387863326,1.6587667835513296,-1.18879634300167,-0.9635056387487839,0.36010096456861956,-0.9661963770305899,-0.876400943049873,-0.9994934444743526,-0.14618786261194003,0.8626707798408286,1.6044737633807291,1.0528638882212802,0.9156860092737168,1.098733574437925,-0.3870565425654,0.2954228589106198,-0.07659069600714319
C00043,-1.5790659253039077,-2.0666890609216315,-2.4006562467783246,1.6736757945337934,0.7284643213560829,-1.9716038672487817,-0.5878627592400602,0.8912005772140736,0.35839501273704677,1.1504769118077427,-0.6062105592900513,0.01106965367928716,0.5496746568136863,-0.11991066094208512,-0.2978388441615539,-0.05265257241496443,0.528538842745722,1.1305200980462498,-0.2850603262040944
C00044,2.97731399559575,0.9658651614110085,0.6272914501666415,2.3320333594354743,-1.7067526773658594,-1.669920171553257,-0.7078688923326735,0.5456419653844651,-0.8299100549250983,0.5684644621245238,-0.11743592598878248,-0.47261137824351485,0.5881358333309946,0.016964312997653157,-1.5625731642268907,0.7891524788113148,1.154110684096301,0.0719672520679925,-0.015469224035249002
C00045,-5.890576654233648,1.1779305558964877,2.9519459762680524,-0.7822975166832835,1.157715005175007,1.7731649450153175,4.646439298301235,-1.4698276733220874,2.0784968353514657,1.3796242509061214,-2.0515746552693965,-1.7578609155227194,-0.10387342188770962,-0.5787855128236435,-0.8034652687836291,-1.921080309723392,-0.2712155160775719,-0.9102168165410144,2.42720908963385
C00046,-1.6191236529458535,-2.918538412397459,-1.4105139348476612,-1.5800298209750392,-1.141049603428905,1.237118911599466,-0.9662823309835342,-1.8768222713588267,-0.6701260355418547,0.19300086507583633,0.6222802196582213,0.2534458219743569,-1.6537140843614004,-0.8200565092478432,1.5853043047681485,1.7306938468007782,-0.6583960675885941,0.9524696009503999,-0.2483333203224174
C00047,-1.9206252724530808,-0.8615607431484223,2.150687822914158,-0.8778574108470303,0.9204163841764054,-2.375069062358057,-0.8010058929423327,-1.7868069949818866,0.08253293424088924,1.5407549954183157,-0.8492873297788367,-0.30472558055007476,-0.12143248476399873,-1.9496898405166156,0.8411483989284083,-1.0905245504527408,0.26567148518365913,-1.0908475102598814,0.9181717424753952
C00048,0.9138213799374107,2.687316255619647,1.7488055437138559,2.2520801921072415,1.8587839149904688,1.3427892930994838,0.04988102731690883,0.12325031950853824,-0.5583026488841817,0.3353958614797005,0.5409407160605001,1.0627222545612762,0.33057058160342967,-0.4372376964460507,-0.8191335415384804,-0.27083911245107156,-0.7640235586622696,-1.0299094463759249,0.287022141230038
C00049,3.6377966273130795,3.8119379750478317,2.9430007931089026,2.5540657855868467,-1.6230098420295924,-1.5555194130847803,0.6127502964068201,0.819537753364461,-0.42357637625007843,0.7871793337622167,-0.9854627984950007,-0.11641477857232772,-0.19654127970059834,0.19468060684569397,-0.1778550069472078,2.644990330122,0.4450845387391843,1.2887887475675732,0.3033129012110693
C00050,-1.3547093675203046,-2.4908232697709614,-0.20254083963598143,-0.8723312755993922,-2.2907888499530045,-0.9654318333202476,1.832090914881523,-1.839877093484846,-1.1739587805613523,0.4205106130117538,0.9015671314572784,0.8151096576705943,-2.1715740998466333,-0.14845980854721225,-1.2832091198355033,-1.81374702421987,-0.285694701777649,-1.159102304964751,0.279411362396117
C00051,1.427710596618751,-0.07583278948763408,-0.6605791912377733,1.9018568100428557,1.392622566026672,1.4559377571598844,-0.8724836618003048,0.908034462741226,0.6167213118505475,-1.2329096100536872,0.049502785416595876,0.6512763471512903,0.2652946616287442,0.12188895375706889,0.5437371228010264,0.0671442648990071,0.5278682277040418,-0.1371539668338323,0.42511530910219997
C00052,0.25449910558322075,-0.005803842938346316,-1.515235038636056,-1.9777443074795302,1.3824795680194082,1.472346959478787,0.2448933480030764,0.9395356466024293,0.8438061707251221,-0.7370867760612841,0.7608965676154245,1.3701005367867327,1.0345248756616965,-1.1933586638314988,0.302398728832144,-0.2693256805096544,1.094455101949937,0.6025579671876166,0.3802466998681342
C00053,-0.127702649625812,-0.35428840234159603,-1.5582622439986251,-1.0227122110970117,1.3000988524288999,1.0628001307427226,-0.45888951825759106,-0.48670651585895647,-1.1926755072134254,1.1710447902048993,1.4907812517504782,0.416612962437856,-0.22583336758126393,-1.234989943694495,0.20857203073985564,1.4505349911505707,0.180960447991768,-0.44408716010001886,-1.759228562713573
C00054,0.4903017704815143,-2.508515291168133,0.5248211917877463,-1.2024852235379793,-1.0206134862424374,1.7789588188984267,0.8387214604451826,-0.7030574910928599,-0.4026309992535693,-1.1267569198114973,-0.4698257502632612,-0.6542192218166772,0.5216517531073516,-1.7232718216817704,0.6768677103860447,-0.4749600014116783,0.3225331982296791,-0.6218536262479247,1.1154820094871356
C00055,0.9887885494393837,-0.8625837531640014,-1.0258480959037544,-1.6347269204898052,-1.2321006987665672,-0.6283266434230796,2.236650596073524,-0.6570135070708418,0.38757977369789126,-2.296409068538811,-1.0647777556838363,1.0305893385793803,1.250084858666668,-0.4446936360160542,1.5429056962416838,0.09813625274741741,-1.3419164059101263,-0.7856415456443168,0.49844345944451607
C00056,1.4241631232274392,2.886086301599976,2.641451887055113,0.43778179549741875,-2.1140473578998726,-1.7030274097268088,1.4063507257373618,-1.8345171324616363,1.033009810855791,1.3328369074334194,-0.35082838525421595,-1.1017625874787584,-1.4536564892791108,0.02876982739870985,-0.08517678034973179,-0.6047243711416439,0.42773200725895666,-0.6406162649434767,-1.1306818440411597
C00057,3.081474502287276,2.1945272876479938,2.9118762412508064,2.8031671858502603,0.8318930001035703,1.253219778724849,0.5210081447534679,0.5905564585992246,0.33413990411323136,0.6643167135928717,1.056956404291082,-0.5980426567053427,-1.4198395033210118,-1.0560607838464506,0.7427592923985237,1.3611950457239903,-0.2665287651417234,0.8507043999838445,0.5527072939206921
C00058,-2.5242659938294416,-0.4770606296240117,-1.225277559041757,-0.7582144626120866,-0.08787519198815373,1.4849780012792382,0.43838737133451045,-1.8065193844619842,0.5117521088910709,1.0405784390930446,-0.131885837716419,2.0528284960586967,-0.711870952613202,0.5431735919190819,0.24178930338304902,-0.2966145498911148,-0.14538616408440286,1.5169125290638592,-1.2387079411427548
C00059,1.57779380742825,2.8705143574120187,-1.70027620204988,1.5489141890915108,1.584101719132721,1.355876288834434,0.020416960977226645,-0.25023681319585134,-0.1086718859124843,-0.22266353596073568,-0.11834888178013199,-0.2953095086136246,-1.0633829023310732,0.6013136584664793,0.11544633866950246,-0.5370962161446249,-0.758341620205206,0.5083317288565816,-0.019504152450848827
C00060,-0.9594788399704365,0.14915935357376686,0.3070375793989048,3.088066702677759,-1.5783658681883983,-0.8153536089873308,3.969955873536788,-2.1362728034992893,0.7053029699104311,2.711604692472786,1.9680800881931046,0.47165078953786116,-1.6017106892477517,-0.35773901906487515,0.20666313858860189,-0.4001220413892237,0.18459795648815328,0.5569051346080297,1.3006498129467206
C00061,-0.770097724740824,-2.360355768719515,3.9468300316555,0.7413823523049319,-1.4122872521093566,-0.8162418217490446,0.9078019431827578,-2.9353059299193394,-0.05446805585106155,-2.0197275749430545,0.27946881877461477,-0.6166227076267367,1.9421703821416532,1.124059213033943,0.3798640070551551,-0.2104003575952536,0.04056165556112277,0.20755310765091106,-0.6180494905588707
C00062,0.658621316429561,1.341503902077175,-1.3211422981432328,1.6570428334943879,-0.04315887028996312,1.6218891623892497,-0.2456251997862575,1.945983658651126,-0.24973654719719418,-0.21706194837122916,2.1531659232658433,-0.4006160830957086,1.47369424655853,1.3631844518095626,1.5993457440717016,0.2463102753846648,-0.07649491320793886,-1.27513627412167,0.031290733382980294
C00063,1.576931336578317,0.5313687335624667,-0.7883093073608697,1.7575189029779996,0.7502605121979075,1.5584305245170729,-0.1712851050858905,1.906321301105051,-0.4294333664746705,-0.16897882649961599,1.2093454406235227,0.2657856400007112,1.3132048075421574,0.66177476598085,-0.08707541674853411,-0.3213972957556547,0.4382590031113806,-0.32289941760814206,0.24892046231724052
C00064,-0.36511250453629424,-1.2289444063547708,-1.4150684459507554,1.7579394294122441,-0.7998176984951567,-1.6415896268193788,-0.5605695430541557,1.2747500787061044,-1.0741477482736446,1.2180981210855364,0.1317402933296325,-0.3799771721502747,0.3586073418083084,2.2151377582162,0.6631653293716125,0.5580055969240514,-1.3906483734131092,0.0712903913190011,0.9858602061126974
C00065,-1.8422526552881964,1.0890186098394503,4.321811121953935,3.69533211801185,0.6093645322823936,1.2654842244546531,-0.9878373025236794,-3.578790157039884,0.9417844291449952,-0.3372594881279635,2.041174198524263,-1.7596060669130356,-1.3593977501892172,1.7166651982784924,0.9912434193262574,-2.177297367188015,0.22436286805104125,0.3078097176887963,0.6228362333637426
C00066,1.574039333423531,-1.6651051186984924,-0.6288845462116914,1.8513521148094292,-0.043672998833753675,0.8846624399349424,-2.3583087869044537,0.19881414348378484,-0.16839577803284683,0.02354489252146082,-1.581131266153662,-0.22155132205858322,0.9501918176806206,0.6031130340020611,1.6208823412839244,-0.627671839459723,-0.5159070847790913,0.17445371536349905,0.7374889946247092
C00067,1.464638017799242,-1.3936552368849695,0.60297190476009,-1.362123170261766,0.6204983702372254,0.536193938720685,-1.1296900945662025,-0.10914846361572089,1.784465735628969,0.8795388081079859,-1.271271772816263,-0.5945213859732408,0.1456715686258256,-0.6700922208337879,1.0446762980697872,-0.8632097253396944,-0.5857730536626756,-0.7512709494607024,0.1707540390691365
C00068,-0.7590694031696554,-2.0693460021883574,-0.8455971973221271,-1.8433428415124065,0.30652175618514155,0.6639896261597867,-0.873550729010022,-0.2814238164763719,1.043301959219169,1.3220899958765029,-0.4326998061770557,-1.9203994285889343,2.046244066267818,1.5934267160260565,-0.627889225293918,0.3303756326606337,-0.9620688229329326,-0.36515410836635026,0.021814786584661218
C00069,0.10277466266379642,-0.05868338186899913,-1.8088430079045654,2.0713226456747718,-0.4089603060935226,-0.9928849616857056,2.4637891239452365,-0.7150849532442178,1.185895459739635,-0.3891337911651362,-1.05379405859697,-0.17217973695987568,0.48181634404185175,-0.3320723447964415,-1.8080892113804174,-0.5266784955862209,-0.038097461834508885,-0.46738458757746004,0.2810283528680998
C00070,-0.2312590878746378,-2.5503283658182516,-1.2876452312793585,2.209024791253237,-1.200368534579133,-0.8373592570235202,-0.15860578636882727,-0.8873376105548797,-0.7961713763982,-1.9594808500124592,-0.4010153981900422,1.1756331022055924,-0.0928171401291922,0.08750415030475762,0.8513262667614612,-0.5109010931732219,-0.08077306419655673,-0.025813268747260348,0.07561189808913102
C00071,-0.9410503100212725,-2.750618335562415,-0.08318148436794359,2.105313300961471,1.910719827039639,-1.789104111857737,0.22273911031687033,0.8398915966914843,0.3028066449067556,1.0679744767098296,-1.2826415952752717,-1.2569513456901387,0.5479888370935517,-0.09374997842516213,0.6335502669882047,0.5240872735676206,-0.28041719292266815,0.5488674490398892,0.3978971757362713
C00072,1.6571162069607253,-1.6892842783039572,1.6261222905233945,0.0555359404313918,-1.0277346275970791,1.6202913245990744,0.1374688201636403,-1.182113360114553,0.22053775419623517,-1.3978275288097652,-0.9851082071256226,-0.5297913149711445,-1.1917363815367807,0.2852086535353516,-0.6446419840682649,-0.5482248092259899,-0.579488938533092,0.34556752428183035,-0.628863634749063
C00073,1.3312348886210317,1.7590871791188079,-0.9963881668973638,-1.1622984229752578,1.2450278361194311,1.4672498073983467,0.6049532904864262,1.248385005805257,-0.8600245234898508,-0.25199093459940963,-0.0284848219425285,-0.019603451994416356,-0.7159611833157324,0.11102516082938983,0.15513049336855192,-0.3621987700154894,-0.5152371168401012,0.21469128163519705,-0.749949938313614
C00074,-9.937280615786689,2.243540273657017,0.2877281866391405,-0.2706362391469959,-1.3689852940500238,-1.5859526516107163,-1.6199174642822807,-0.45035914611453753,-1.2479799259021571,-2.751610437688399,2.7784295603549536,-3.2353372140573313,3.8725505538960063,-3.026037460833221,-0.502683887916597,-0.5075594429405574,-1.1153181182632768,-0.8950018396997838,-1.7422391140916846
C00075,2.4566613960754986,0.32776502546053066,-0.26839331350031825,-0.6394421302303432,0.46011991694223786,-1.321995900537615,0.3081733188680036,0.2546196222911335,-0.4336164165210172,-0.6871563302076635,1.4727881174122086,0.21355118255192237,1.6783140108093404,1.0565636758988743,-0.7398314907631287,-0.11445844495850371,-0.23851535594451706,-0.8928318200063988,-1.2736952022620143
C00076,1.6593528524794212,-0.3595282086951155,-1.6949309214409167,1.9389741333222992,1.3037941563358981,1.4155491549253134,-0.37447563962786923,0.02504139882301518,0.08848051469673988,-0.12830074548427792,0.4722283147016453,0.6182250948536834,-2.005860750055812,-0.678662788813265,-0.042896084912416095,-0.09937169576587766,0.649167717784801,0.12905550593427664,-0.04352576547206335
C00077,2.235650912107334,-0.21014355100620843,-0.10846417039438523,-1.51063361461329,-2.3272721241437813,1.190865046931733,-0.9599724651335603,0.33033105030345344,-0.46722428957963946,0.1550699214100869,-0.6144816484878094,-0.6025411972620667,-0.9979060937738141,0.10878479197477992,0.6695528695917925,-0.24667955552565238,1.2996463024981655,-0.19057116023407097,0.46358830237375825
C00078,-1.3506591946132795,-2.71031685964573,-1.4932099269824723,-1.6123089759712785,-2.119364091752409,-0.987548901498636,0.9274917798637975,-1.2084268917656316,-1.5590452683377911,-0.15748765581780202,1.655124775340046,-0.2611826377887521,-0.3571743800223813,2.166362638752317,-0.24516731408893258,1.4147064570385073,0.46532409683509246,0.3180233060564858,-0.5681804567211985
C00079,0.40041694221998936,-2.4180668185405834,-0.014889066295359823,2.0811248101980646,0.5664520457765726,0.9659079805121584,-0.7145582026275691,1.3006861357727408,-0.665369730501306,1.956922273063644,-1.2331280600504702,1.4538381454965417,-0.9348105392368422,-1.09127113475053,0.9016826392188443,-0.687356640036846,0.526686335987884,0.037668893369988715,0.39269664891430733
C00080,0.8576384829426591,-0.9979852681880496,-1.0265444566539053,-1.7337893300093528,0.6501731839483318,-1.4716568942907906,-1.183865384928731,0.1808554066954158,-0.3710152937715508,-2.0909261812494857,0.4543261737883732,0.9225604566634233,-0.29000239134792205,0.3293457244635623,-0.43465435443352296,0.36137084656447505,0.29834619209495744,-0.1256196263153963,0.6642879920187359
C00081,-5.25940755653056,-1.3561769993181827,-1.5610015433191125,1.787190955907991,3.9225446711673957,-2.332374516429107,-0.7429845783309211,-0.5018210150739688,3.0882407552564586,2.6568004123651328,-0.21515718927205732,0.9390533250260314,2.7917505337061774,-0.2688378021658858,1.4584166569491022,-0.22901073400307956,1.4582570720168373,1.2537268256268743,-1.3721445404743782
C00082,0.1708344364859636,0.8884041699297234,-1.487717564389923,-1.0194298324704154,1.4213686480421657,-1.423241291114446,0.08461320852135844,-0.022321939442237995,-0.560612805470045,-1.004594724241486,0.07797210630456076,0.9563888931595035,-0.9463048985301292,0.9572617484844819,-1.2898324765191076,-0.27655154772860535,0.005801653005302614,1.037589895898577,-0.9815335070965728
C00083,-0.3475389776624813,0.7952355300437738,3.6824956149391417,-0.8316536672007506,1.9828453927054421,1.3621415094985605,0.6334234952895665,0.5837108307339628,1.201370595974886,-0.1409994434412504,0.7479256128446142,1.7709946941779313,-0.7961289971584237,-0.41175543985442936,1.340811069438533,-0.4460356613133279,0.43096556931326363,-0.07626380255453158,0.15348522566633369
C00084,-1.4600388408528193,-3.013515843217986,-1.5611299769753368,2.3321655629287035,0.2474539771893035,-1.043661907220022,-0.24656278999676012,-2.8702085781942475,0.6344943293695094,-1.8774004796447916,-0.18718255717877838,-0.671404308088376,-1.430676312959944,1.058429809625063,-0.6101734561438368,2.3397928923130347,0.17940784709745114,-0.18115721170303922,-0.6805028966645569
C00085,0.1313501737531912,-1.5049153640089463,1.6236718507595662,-0.9556827092523407,0.9724141418078709,-2.10253368747543,0.4366484175652361,1.2345590471207586,3.002434615160768,1.3072042669678339,-0.21157434832125346,-0.671459903877015,-0.5877938926420143,0.6092403614811169,0.32452159509269246,0.13850713427706318,-0.06080415198509275,0.3386435413964944,0.5017551210319353
C00086,-5.668764686196797,-1.5821819938705721,-0.22236604656467732,-1.758681794819835,1.085032798508261,-2.1428334405013376,-1.818751068383993,-1.6187070555129832,0.04624114071281339,1.2138928826797595,-1.9299230128417018,2.539880318890368,0.3677854853278246,1.0607103816732193,0.7881642738685134,0.02852077527237915,1.1911206892748267,0.9892284231322687,1.4437755510601509
C00087,0.3116131604761909,-0.30640222274767026,-1.5504911325627067,-0.6593291411111506,-2.3257537692244545,-1.6366780090590594,-0.7356231086611389,-1.4556534766521136,-1.4412185810739637,0.7852469437081219,0.291452169310711,-0.22297877786139556,-0.12118849288672749,0.7892823708522598,-1.9122605522806966,0.1530098874459453,1.7403686522125275,0.399812776056786,-1.3077567489511916
C00088,0.8809611013542884,-0.5160490058476366,-0.28330638338144415,1.975452150536449,0.36999558023079493,-1.787481478384525,0.5927680188048239,1.0675228360535054,-0.9278755597253658,1.952923557675956,-1.4558511698883303,0.48118043249338277,-0.578366382043553,0.4268335198293254,-0.5815580790704178,-1.4445477038762358,-0.5520398363034108,-1.1451864727777141,0.5052276313035393
C00089,-2.328398028083849,1.8473259731024396,-1.2148781906694976,-1.5177709627360612,-3.1908655613413597,-1.6894422241863454,-1.2532798074565903,-3.947336535972825,-1.908206783724633,0.5751469760841531,0.20246115355987215,-1.2257445951321246,-0.7808224817605487,1.6608471615121272,0.28179321735946355,-0.9452370468912382,1.1987325624610414,0.055058343055510155,1.6917105473710927
C00090,-2.0808573776898447,0.8938910916374088,1.6478303721945406,-0.19493901753440576,-1.3305760836758924,1.0667898777442444,-2.2237544062808134,-2.0201238904333376,0.7194461115620115,0.952759184638505,-0.9653411996803384,2.468530693304207,0.19925743128550863,1.407146213980383,1.558501186246188,-0.5608930125047373,2.5683729271692215,-0.8201844255371946,1.0997328942752267
C00091,1.0809587979559228,1.8826910116736673,1.8592477873899873,0.17197613059920214,0.2715176003434251,-1.9107718743077724,-0.9688864941094786,-1.1729553657690956,0.026212235902086812,0.23653003842479428,1.8942016217327662,1.6937692056918654,-1.118081612443306,-0.9392241019356848,-0.8714554753936742,-0.302942013826869,-1.5013045889249264,-0.42975866465223195,-1.2177278673186014
C00092,0.3187484453435728,-1.0001556917696421,-0.8400939583836522,-1.689471655429748,1.461962886519096,-1.2377643104142413,1.2707402097933438,-0.8472218495257858,-1.198418605812616,-0.4792087418416398,0.3232749307099304,-0.20018017918949352,-1.3289203944036851,-0.31580385864407445,0.43169056901083536,0.8562087927846419,0.7702715771127492,-1.2399198729951384,0.1450993181380867
C00093,-0.26143217453389295,0.604376540090612,-1.6649885269747384,-1.8009121895502997,-0.9141898299867247,-0.7875508017768668,2.92023730008559,0.15010326580771077,0.4674492286889696,-1.1424766848380457,-0.05107030186073001,-0.05959499921710484,0.7216872069188346,-0.6896659703960015,0.24506472148105132,0.4146689896487674,-0.8818354914337042,0.4046424809566062,0.8834151947239433
C00094,-5.680779054211177,-4.131769471509297,-0.11299477828739103,-1.809382483808396,2.565457009750943,-2.095018949208542,-1.0887850444478901,-0.7852365615028283,-0.3956285789558718,0.6828683499690773,-2.7694611181486026,0.551654160430802,-0.260154350080095,-1.0499618851100394,1.430145649904984,2.470619734831215,0.18921890627277668,-0.5421638294559589,0.929104103062643
C00095,-1.1564748946446226,-2.050640810964292,-1.6105233119986557,2.2466287786540953,-1.5610092429709632,1.8285619638026995,0.9136578823136167,-0.5141474653251967,0.615139311678415,-0.6197872989412581,-0.3623267569236013,0.0793097278024621,-1.434518464230687,-0.97833915934057,1.4227369635791534,0.32239388061441204,-1.057084039379442,-0.6626291300055549,-0.4269809275146761
C00096,-0.3464400681954651,-1.398363383796952,0.6633834940918123,0.06719525005651879,-1.7677361084876881,1.7805306030341193,1.3684426703484092,-0.21472257090554064,0.729517230911862,0.5082645391955044,1.607241446723668,-0.3420123044911045,-0.04202666866815094,0.034134126187571286,0.17169776451775204,-1.3536408138663505,0.010087182562932324,-0.10115048082068379,-1.1659727493362035
C00097,1.6281099647408255,-0.9717737891784417,-1.1872491639259433,-1.7348632658451293,0.29684358780096715,-1.3640730520734348,-0.16643111003523806,0.3420441172904446,-0.9504806776619236,-1.986541798868208,0.5875679483507917,-1.0775783957355203,0.28655088720996036,-0.056941451438357035,-0.5634418662243205,-0.3067354917788372,0.23056763015279735,-0.21829661826189764,0.6141807013652302
C00098,1.644296517428531,-1.4507367931245398,2.092163500470338,2.563454602104041,-0.7423875135727129,1.6069065711325352,-0.6703829857219946,-0.7306274972534271,-1.1070183146846304,-0.7252914840262566,-0.9033854607433591,0.15819854012335266,-0.4461551790210791,0.14603540565774825,0.571987316773097,0.6793471857860555,0.15674912858441428,2.171984049827851,0.3051539451275253
C00099,2.0526819074756872,-0.15470657988975065,4.6516915612523135,-0.1397526375985691,-2.7433161656433924,-1.761511977521702,-0.8511784513822533,-2.314228175872075,-0.9917435415142871,0.6656119371776973,0.564734555074824,0.5006676107321876,0.282486798877154,-1.1325701020101198,1.4749880615880024,0.767449793944219,1.819250540742054,0.2278707449409393,1.0004005364502995
C00100,-3.508574574597258,-2.661280598351315,5.103298331609531,0.9340240048299536,-1.1582732950563261,-1.2181829617766815,-0.0953247418345739,-0.6350924529097545,0.711877225453581,-1.8468118240062417,-0.3601663758277667,2.505913791833388,-0.5698857085567518,0.7305925329722317,-0.03209736980564364,0.05286442378857584,-0.516999625235764,-1.5944238404843594,-1.3564470174702328
C00101,0.6354373338760279,-1.132586162500567,0.1393145542817528,-0.22196583377186294,-1.3393322353473867,1.9548402460638996,2.4285676155269362,0.1293304697339638,0.7618926038648693,0.9958436631083075,0.924842232801981,0.40879164432025955,-0.7829594115674314,0.18809507855242036,0.726221113293686,0.12657058393547324,-0.44984424211000457,-0.060338875623483876,-0.585228121971984
C00102,1.7369961338866204,0.7647361573098785,-0.6686966072559034,-2.0554630926894695,1.4697919799965884,-1.3568540549300618,0.47330924220583065,-0.5065746964755649,-2.6269505649319655,-0.3315274368537795,0.30082361233483784,0.6784285701563706,0.056970733062095644,0.32841538729631015,0.6169970524271746,-0.4362294698541024,-0.283659630530471,-0.5511192740104035,-0.05850650089894532
C00103,0.3031070385851949,1.162816357386604,-1.9570808231206396,1.5654981382208095,0.5502428953326164,-0.5738899803030256,3.9871882736435755,0.40147791255770976,0.23126982556252715,-0.453863118991945,-1.8523388849435674,1.5865146637648109,1.006735998886657,-1.2014500749848194,0.5606427722464405,0.3214024763009661,-1.2204989319932518,-0.07931215896596686,-0.3321531931323587
C00104,-0.3552350240468951,-2.243430132745074,-1.3057974067465918,-1.6788527621185751,-0.5393329033631735,1.4919239711330323,0.34105480248728437,-0.0990138815207741,0.572185916235702,-0.7011789079366789,0.20792065481845115,-0.39851737107763413,2.199934710074065,-1.2952835182359785,-1.9813659721050245,-0.35262907087692885,0.7186668571747385,0.3063071804782444,0.22949019352988298
C00105,1.6296656922070654,-2.7531967560204404,0.05793427531110781,2.265658900503376,-0.5089231616854423,-1.6819295091651718,-0.9352906581274011,1.3372850290677676,-1.3608653402013868,-0.006115994065898627,-0.6520491874259975,0.11050798024914156,1.8509508088173328,-1.0822189284497339,-0.6703306519560852,-1.01900657297017,-0.32589188941661057,1.0887461400104177,0.6263417890735222
C00106,2.1319314441716233,0.16587780096610763,-1.0947050066959565,1.8270044043689224,-1.2198719147139168,1.3386325968060804,-0.9363729639365088,1.557090440184278,0.14680945264418255,-0.24863649736072255,-1.422006802444197,0.08104693051380697,0.453239660488716,-0.9265464150929846,0.718480046502043,-0.24992615709690905,1.8707194503595153,-0.1399030226651843,0.2802836680944939
C00107,-4.180041995440898,-1.7196786494263794,-1.580239367747072,-0.7070899064816479,-0.8117925373118604,-1.1332901536078959,1.4930336786828375,-0.7311809866609298,0.7374661291381432,-2.4254293765812958,-2.3098417671767777,-0.45412585916939613,1.275795734498869,-1.4755389310827218,-1.5518386687034182,0.6340105890308383,-0.1610594793834789,0.36002251126026347,-1.3717958745389118
C00108,-0.457769066504382,-0.9928606128016527,1.0798578039848825,-1.2133130295283405,-0.24235354742473714,0.8148643499765146,-0.7703183864838979,1.3933277009909277,2.1364155417587365,1.2197768246833818,0.7397834058338001,-0.2805026100654883,1.1868727772373333,1.0549585650958482,0.5002451937483731,-1.1065035358452449,-0.8395869550000514,-0.5900208248943071,0.5034583490521668
C00109,0.19936911960364215,-2.6635855756533937,0.022885485501661102,-0.5144530005491877,-1.2186312122983187,1.8381661013248953,0.5542724247461251,0.37038839434533616,-1.1795285781646985,0.1802127083116664,0.5879638788333061,0.4367964524943548,-0.48577029573058883,1.0227680154555947,-0.14950934144302855,0.6460826804743487,0.122837040525561,0.3622561190316546,-1.016882351802947
C00110,0.8450993830184963,-1.1083421404342393,-1.6777697724232585,2.038978198484557,-0.5312772637857147,-1.9534024044418334,-0.5067681142837382,0.4619043065468099,0.6619569031074312,1.4123827050521098,-0.40036522965002985,0.36068028645530537,0.7045981353451708,-0.9644183246135758,-0.9262005833921201,1.2674936730358293,-1.5304228454114406,-1.2396947114262462,1.4839034501833024
C00111,0.32375429165954217,-1.660337314232663,0.15275633846613962,-0.6695386098560298,1.7532653479532436,-1.0529526739291126,1.4624714052962986,1.3989417685662633,-0.8771735620966067,-0.43298352164705545,0.5069490804251996,0.10256114912692693,-0.2505896276845249,1.178481914590349,-0.748902678114083,0.501899389151583,1.5468433449219208,-0.21203687478086966,-0.8576687305548066
C00112,2.6169652148714992,1.6212647588720113,1.2371443089968959,-1.2422915132579193,-1.8277212742596332,-1.779538675260278,-0.11405375800694756,-0.19632915347551336,0.1569073540067399,0.40728288455521683,-0.46519057899648575,-0.199706869828796,1.4820003075244426,-1.1642280815891792,0.47229286822602223,0.3718954454915453,1.286152434814341,-0.9562686551039162,0.7487740815538413
C00113,0.13683199182126626,-2.755003741839724,0.1704044748047817,-0.3985026166326066,-1.4112483659426225,1.7796090176217383,-0.046899100435117635,0.7337381386353027,-0.9138236739474789,-1.131406014722462,-0.4390244802829476,0.4395612927879491,-0.9491562949735086,0.36364637980948966,-1.2963688967618834,-0.6831293478963963,-0.35837048423713713,0.8648015338177808,-0.48270571582572136
C00114,0.8501120164052266,0.8905592174622543,-1.0472807562428181,-1.1394571366253718,0.524027311008701,1.3165441022884068,-0.5451868867222903,-0.9972183474773547,-2.0499295848087633,0.6762676818813415,0.6028650643346236,1.2155095366852897,0.6833536706799747,0.7872086187672406,-0.2230130544702394,0.3777738950545115,-0.22228998025047716,0.19017319962593027,-0.752799838926814
C00115,0.2874094409521444,0.5874672392368273,-2.0020780633054684,-2.1828311203441335,0.6528632394222391,-1.117939452059359,1.2491910269425996,0.817500872019069,-0.10400059346673468,-1.3309263909986004,0.5629770085159701,-0.25744909719353,0.30884325691716136,1.5325136907546517,0.9425140134702813,0.30545851898469695,1.1674527218331712,0.797401178219852,0.36858359844624594
C00116,1.9798423466561195,-0.44095173038272434,0.10431616613872328,-1.3317164703934956,-2.0752215976129427,1.21884202947392,-0.8245208325322047,-1.2154685280773754,0.27923956046835385,0.06518524041183087,-1.489194515947395,1.1573285800496949,-0.10970265852287837,-0.2752362166998327,-1.2204237683343768,-0.8462022274521673,1.3156526650492373,-1.1019739696088002,0.8879117427217873
C00117,0.41076689639487896,-1.4864580730820232,-1.253777381682681,-1.5755762751348221,-0.6356408187726965,1.5166189487834048,1.019401577361956,-1.5884470514284916,-0.3327540308206295,-0.36674340353278184,-0.7705261224157144,-1.1682401928970776,-1.9152306788733031,-1.9778620527391608,1.1192610491146762,0.2563262842615814,0.020134065979508457,-0.29985522381431073,0.034446935910150356
C00118,1.4912598583059897,-1.1483476783146733,3.536783179642761,-0.1265895275996887,-1.9479182050658481,-1.4675970950956023,1.2740105797286436,-1.4931785766937906,-0.7008091252809193,0.546548524151009,1.4598515018065155,-0.8359470447759613,-1.5956472478844401,-1.745517054368117,-1.2190083091847554,0.30767393001705173,-0.613428007237067,0.47683669859463534,0.09154322704614201
C00119,-0.17923013921739986,-0.5867395304517814,0.875019280477242,-0.4305289711411019,0.028220296844330413,-0.6418098301837424,3.704052720612146,0.8914437630912443,-0.4345913063771129,0.7028767384493605,0.4824722546913556,1.848631968744854,1.3755506545245684,-0.6268807646166221,1.6538246190965475,0.023809645633975578,-0.19640983003191478,-1.4434889418635788,-2.0067058384491876
C00120,-1.7732707582149183,-3.21456297574898,0.7786917363861693,-0.9331566480533008,0.7491393188560974,1.1984416494801169,-0.2037967261789988,0.8114828851415502,-1.613961026713261,1.322644215584793,-1.6099012779788793,-1.0854582100834602,1.5333839084334404,2.1882267815335235,1.4701428917139798,0.417891231886772,0.13968530002137666,0.551136258679661,-0.44209664758524825
C00121,0.005980789444243037,-1.1075508714590412,0.3423635367488846,-0.6761257149358288,0.6723754338591443,1.5191841865091185,-0.964532131757991,1.1852478181678856,-0.35728116086343875,-0.3772185487646061,1.3947785973027245,1.4249342177638367,-0.000946438195652977,1.6310841774169031,1.80321201363104,0.30074067163182755,0.8517216569961099,-0.34264305501407455,-0.8798783015312195
C00122,0.41931745154560407,-1.9542278893660652,0.35106046195765145,-1.0896800169305503,-1.8810664741075882,-0.7701559197569066,2.1555817360369636,-0.2415282395291725,-1.0092631195366322,-0.22045921314501463,0.8290692072328723,0.34289519891552034,-0.8626554935208217,0.6951219582365025,-1.051619235366105,-0.13700285623042743,0.07059120370413986,0.7803576454738185,1.0661042278652275
C00123,2.610161529886244,2.4783652980697872,1.6568347423812053,-1.667870705036942,-1.1218534032572813,1.1605997613086634,0.06126127633612991,0.929169580706784,-0.19168179918642383,0.5913228171278384,-0.4736261906222187,-1.3758476462908928,2.2773033610374873,0.07432794807267933,1.2079453745289652,0.9834183992784974,1.3700712585421626,-0.2889680736909192,-0.23660909707113723
C00124,1.9151534687647367,-0.6434860145287326,-1.6918280339561094,1.7747531329766923,0.4927928026632815,-1.061212296516455,-0.032883718294059096,0.3610378704125229,-1.8584519586285306,-1.5259872401986825,0.176916628347623,0.279813708233562,1.1220279143287981,-0.5434753429249618,0.6425665145301259,-1.1612019112820837,0.7997652872677724,0.10996294697047601,0.5451415137251725
C00125,1.0943612700427956,-2.3557547602404605,0.7870614217476526,-0.47547747541195595,0.0636307648739702,0.8372545768425803,-1.4688593885264807,1.6903603507695057,0.6385679032131546,0.5422558942537342,-0.13424856299002608,-1.1947305516380156,1.4650675579419672,0.15160841377535764,0.8628885180098443,0.25383080484951226,-0.5992598143516337,-0.2742402104994968,-0.3538250593307901
C00126,1.5585251974176113,-0.6060823778960537,0.13931536450133725,-1.491763803704302,0.4520162351001677,1.3429777527013527,-0.3608183067794101,0.5617198250329027,0.3588471002211736,-0.8589606737842771,0.6805928395142172,0.07559991681090213,-0.11200485488976057,-0.4920985373780537,0.44158349301590655,0.5414710945553287,0.2106692978533551,-0.5006110113918185,0.9919104337826881
C00127,1.8868094231066586,-0.9742053517553131,-0.8552748224645772,2.17832721822413,0.5852213032117847,-1.2205084693321677,-0.2292396734089718,0.38594682428630595,-0.16484471311198529,-1.3437291781491065,0.3549509560946722,0.6165757056450195,-0.14574673223650397,0.1771172997436485,0.18512985886727626,-0.7300875250752674,0.812812567412538,-0.48090487091596057,0.5426280152576274
C00128,1.623089495535776,-0.19850693141598902,-0.8406639354536343,-1.8278370205208032,-0.2052606486099501,-1.9143507753647047,-0.11793638084725955,1.775837942258614,0.18610218776507906,0.42141890918127783,-0.7899096278781235,-0.28814504322972434,0.7704430049140498,-0.2707086736281411,1.3064412044294318,-1.7761803600529749,-0.9237101681668836,0.609588500115415,0.5616591317435438
C00129,-6.667548736020577,5.900253663807107,-0.8386629961964384,1.32827927320966,-4.0863825086444585,-1.9119632235824735,-2.6508324247334616,4.5691387843858235,-3.406954187514209,-0.1586121664877119,1.3532768188242832,-0.40549548197671836,0.08993445923154685,1.8828545169857538,-1.0891222027101752,0.6236857949585651,0.6691348044096814,-0.46213671711064397,-0.4514204218534315
C00130,0.7098174187942538,-2.624585335566571,-0.697275660582196,-1.261033854793663,-1.0103307798036711,1.6677334461634807,0.37370593811830133,-1.0493805684093234,0.26801391224714494,-1.1643020379092366,0.03860928613296211,-1.1798032634918225,-1.0820504969611038,-0.8918753399238395,-0.6251111459522992,-0.46213903232538456,-0.027732941732865862,-0.04442300887568312,0.5373956513023294
C00131,1.6774103719682225,-0.705466767029942,-1.533636694575387,2.1585009835574205,-1.7007507534719521,1.1478434674090812,-0.6307706135703997,-0.03288459692881366,0.6315941769030824,1.2272519307313106,-0.7142175082637864,-0.16478033459814262,-1.91217557089015,-0.4798699047013079,-0.4932366456636354,0.2276990456663847,1.3914877894704298,-1.0508989430493494,-0.3643474014918542
C00132,1.4917596694473099,-1.4556329143030884,4.503746330690135,-1.0647644048922866,-0.33822264218245657,0.7747078822332204,-1.1756193536618984,1.581594773425746,-0.9346174217397433,0.8639142784699039,-1.4013633044565006,-0.20859457157190456,0.9203816260616888,1.0017375724761004,0.6537269224893363,1.3057887890880122,-0.9943269986293841,0.925561951091549,1.806524277364095
C00133,3.076004577510166,-0.7683501235653236,0.4388546805079043,2.377708759391556,-0.008859864398963961,-1.3224788892513244,-0.09271884680077866,0.12025591317090663,-2.426165507566788,-0.5228220713295376,0.3825062974622358,0.48106458115972045,-1.7472545225376344,-0.3998743714576542,-0.34226238568841616,0.2426128845315885,-0.22777680619314994,-0.7021884835681018,0.40084547291237893
C00134,2.7406772366377123,0.6740164842367997,2.168973415844,2.7255049783709437,-1.8591901182582662,1.0152335788547164,-2.249264574920332,0.3357862933445485,1.6772340236064982,-1.0879904305780912,-1.6994481617886095,0.21795133267241978,0.25742808644032394,-0.6051477041202692,0.8862974981433093,0.6284031484357604,1.4900116644244077,0.7501731904481914,0.37065770152784266
C00135,2.5036565287526646,-0.6526710890813617,1.7857854469173429,-0.03847657824393106,-0.9828294419987469,-1.9031267580858071,-0.3539397312438133,0.7213070915299321,0.3767631967374045,0.04543393859057972,-0.6071352294001049,-0.42985581914893245,1.1282860299832254,-0.7380734805346961,0.7856671249380158,-0.11528082308238405,-1.2420672589007755,0.8364015641306788,-0.049254557929884174
C00136,-6.58178789329091,6.490932345347437,6.832370615003298,3.9116658031906795,-1.339276084516181,-2.168952176506752,-1.169286194344952,1.052624796028744,-2.4435383851790293,0.061025487843803565,3.515005184557844,-0.8185585792800627,-3.170729082463211,-2.973649463875066,1.2661254818563523,-0.958431182084534,-1.4159065443590209,-0.6915514974661533,-0.2891139577238211
C00137,-0.3708703113670758,-2.3218640952771374,-1.608169257023935,2.0384804663340863,-0.8055806334201056,1.9039462785026333,0.6504992891198054,-0.4332156761152162,0.4002937065731703,-1.0742451822836885,-0.015996702335287622,-1.2348958166251405,2.405733565529553,0.05056845919852776,-1.236676282291769,-0.43173014048310526,0.04586621825062185,0.2384777086853707,0.3475490114766498
C00138,1.8328464221967724,2.4458766563539087,0.6435025053891049,-1.9620896636053151,1.889679123997696,1.4226721048350117,0.8344712620781987,-0.25431466619179494,-0.8535260162318691,-0.44071163034823846,-1.120131748264434,-0.2556525011305517,0.005857638971426706,0.2983240467529334,1.088542866264483,-0.2552726442355129,0.06482668495609785,-0.05084752950418129,1.4441740593880952
C00139,-0.11658144658661089,-2.2215686828104824,-0.7987112513449012,-0.4155971100229208,-0.5815394116369126,1.8817583354055647,1.1944620504484482,0.03043034114849782,0.5150888878487436,-0.7037038765017752,0.23925192462379893,0.6972310243128658,0.270715262212177,-2.334367789569954,0.7473076250303455,-0.19211261506617544,-0.42939889675573123,-0.6854673975117974,-1.166048271119966
C00140,0.8501849753562686,-1.9461889830530288,0.1929441878942475,-1.7944785608429679,1.0742268117665548,-1.7312663823544083,1.3010899277365577,1.5369359566337721,-0.9246194366149361,1.7175035734108592,-1.3301322862687597,-0.23992198405340748,-0.05264898271178551,0.2353999901817468,0.5216371158753585,0.1396658212352746,-0.2201418588117832,-0.8405973116691654,0.4131067697923929
C00141,0.6546727813501753,-0.39001154455113257,1.4857195213334338,2.1871940179154814,2.1350965711644294,1.468036815637338,-0.6959450224347695,0.15769064121247073,-1.3715748316408671,-0.297953211067056,0.2716528588194128,0.2088777626865086,0.25644943912655144,0.6606325888289903,-0.8050717495883967,-0.1744661659580317,0.9446988031038499,0.5697382425013284,0.3610931930123916
C00142,1.2028355901404448,2.5688092140854377,-0.4163051718263814,-1.9688091750669532,1.4336038172193593,-1.5337373861200423,0.39607177094151563,-0.016281905126678608,-0.25991867645411887,-0.7970691998335866,0.1438474395155844,0.9927146273532889,0.5337652640403574,0.886805117821193,-0.2007318862743943,-0.10841850728087782,-1.2078871432977731,-1.4204387785815464,-0.3871765170850689
C00143,0.03935842778915461,-1.3536315341098168,0.7959142370600736,-1.1534618017997866,0.010073329364849368,-2.1039183873306335,0.10732591985725617,0.7517002877702034,0.4420749716487449,1.8827148452461824,0.5000652443718587,-0.35913535092083354,-0.13190580829479176,-0.12689999714545344,-0.7421069777858827,-1.1641742761542604,-0.4716193971424291,-0.9362339109028353,0.2223788180319327
C00144,1.1384401939908908,-0.5872241595677223,-0.7289319070340381,-1.7380192162434394,0.4797255492156406,-2.296074289227449,-1.405123649093712,-0.7947321121824044,-0.4742430668155732,0.8891056767880312,-0.48092862282099913,-0.6209480840384646,1.2417503723061996,-1.3317845345037094,1.5817742702567936,-0.4819451796575554,-1.401830211750322,-0.23704670337570935,-0.1417512664774347
C00145,1.3080996080354552,-0.021928434815330758,-0.8992611072327924,2.0050266645055053,1.5256891450463217,-1.122533008496828,1.0438548123419817,0.4385346893872374,0.11554351481315857,-0.9694734687019335,0.5188312441739763,-0.952352906241861,1.1753186051618345,-0.15447776602464258,1.3465176869251458,-0.4863833122059193,1.138848846609149,0.281314261378152,0.3051957168625085
C00147,0.9299362235548317,0.20460883974301167,-1.537820194884418,1.8346874739540713,-0.672112051330126,1.9731076841342765,1.8616807943531124,0.9097871374818368,0.4889818470720227,-0.8434209005109388,-1.1495586260016275,-0.12257102076071011,-0.7279190183309945,-0.42556099283940624,0.5616777452003051,-0.19971341448897365,-1.0436402986596764,-0.13505619793519966,-0.0736351384866743
C00148,2.4880005186301655,-1.420726462996912,0.684561183042142,2.2799422995920815,0.49737278330027773,-1.9690636537241537,-0.7442710012205692,0.5865207685447196,-1.2671742537081765,1.3154022753286976,-0.9175182589636195,0.7765080097981656,0.7103645207870618,-1.3380273752037433,-0.6462485613909977,-0.7243765844437925,-0.4244993747757125,1.0909298075518437,-0.0014661057439863121
C00149,2.4690838238252755,0.1379898263449458,0.24957031401821836,-0.503604064060011,0.7929916513447902,-1.3261904031539307,-0.4611879423739393,0.1764490943828626,-0.8448557756570919,-2.4111424021137373,-0.5456820311963413,-0.47329459604340424,-1.1146561501243537,-0.1360351567614314,0.5229182261816555,-1.019534224980331,0.2745950639907189,1.621616174739824,-0.2381498981776398
C00150,-9.953055235376306,3.4381129203471708,0.14973034682236652,2.008200788264808,0.29992466266406187,-2.148769939673325,-2.8227203275076342,0.01137090553494547,-0.1736894956614848,-2.8918359293012426,-2.5152461202176513,-2.527745078030047,-0.722005242729219,-0.5567100167489388,1.076541311683943,-1.1197816323440823,-1.698789964648663,-0.300529015501033,0.47297806865330716
C00151,1.0189529070006593,-1.520619484397289,-0.7083519087806149,2.1272443120336892,-0.17114036882623523,-1.7344771297070332,-0.47531189833257415,1.1114726859645085,0.3780853928712809,0.6053432761552967,-0.5729767159885053,1.0490782780463868,2.295558427198354,-0.6902277101670896,-0.9562580721321959,-0.6701719813240969,-0.6208375864082574,0.07818925474348071,1.0434551677131794
C00152,-5.950585439676309,8.66158579617683,-0.03680088917149494,-1.8165354410748806,-2.7815454196801306,-2.531074319288238,-2.8508550921058506,3.100250284726669,1.578716448509126,-1.8622871963491172,-0.7498676943754007,0.2635669280868026,-1.7561466837007285,-1.1146601926347095,-1.0723534434308384,0.024200639671460165,-0.9306424795073909,-0.41200332974598464,0.07985800693446857
C00153,0.4387135747998949,1.1038469996712008,1.4648349207419735,2.271020094534097,1.616639642833184,1.4557944399265803,0.055995669241444494,-0.39393927419503,-1.2420033942011,0.7610356604571413,0.5599396642708167,1.2865442520189625,-0.8390432416166669,0.3236245887307744,0.4318790728874055,-0.6027240532469845,0.4455568860146623,0.38090378167424144,0.16984837659096472
C00154,2.9624816615277423,0.14275850805548387,0.1618567925136757,2.1899873710294355,0.6068744542000228,-1.1066091347453155,0.33770715948296043,0.9815037436911271,-1.1023907184545416,-1.9953553025575348,-0.6783181514077083,0.14480900792532025,-0.4421859063040302,-0.4952583130403413,-0.3690173071697457,-0.6873054870395531,-0.006684130915763876,1.1940640745642401,1.041471649357626
C00155,1.5221754199339168,1.2823977490727032,-0.8626607759951677,-1.9716570777570483,0.5285013131765324,1.3258885054436649,-0.3879789520732593,-2.014539731915425,-1.4424761386459202,-0.31869862456099857,-0.3967229332817815,0.37516993522268616,0.4711243253981988,0.1353350419549185,0.40036338014614764,-0.8506169104273245,-0.04912639609679167,-0.2313339062473362,1.2658572369818877
C00156,1.0798287819918753,-1.528051798471465,3.189874124397946,0.20843908694005603,-0.49788115846790987,0.6035227803011634,-1.344971934754961,1.2800735576179623,0.8005230633128156,1.8040153409794213,1.488184551128014,-1.4044900800420188,2.339031847946923,-0.7077174268422298,-0.16055726095235773,1.3501532719856875,-0.8715547513343295,1.65614017930291,-0.32180731089776704
C00157,-0.6211566806595945,-2.7488946296007644,0.15730619245580282,-1.2261436847220688,-0.6635639670531388,-1.0210879168563813,0.4944203370954449,-0.29109024636797387,-0.33618958879244065,-2.257409147604572,-0.1658312296518854,-1.081273173827152,0.2613930607001452,0.07757117140175734,0.7696638925337507,-1.5195756418469843,0.4240214193698708,0.3226297824331131,-0.020386770904792163
C00158,1.821798808226086,0.2348780010607169,-0.9155988495102222,-0.9307471063643639,0.6274262201444499,1.3896225912555396,-0.47914475809132184,-0.22212957212181708,-1.1686606237015909,0.0020271093300710586,0.3886130686398666,0.9803988185286678,0.08052602050352096,0.3529119283400686,-1.3672186326417683,-0.38910594064013954,0.07811998632235055,-0.28967511529555817,-0.44497009763763173
C00159,-0.04083938860636571,-2.62206059615789,2.3521227727015406,-0.8664085141747784,0.04152981125968759,-1.9839030468483951,-1.4250430791727606,0.7935342759600401,1.44533461353038,-0.3654524534781006,-0.3386736578829296,0.43648609029412205,-0.3677783003218724,1.3070671042441107,0.14970945458110105,1.3829474983397403,-0.8844915252582087,-1.1563586791866372,1.066065511438292
C00160,0.04427799084430323,-3.267272902027389,0.6384600136485569,-0.24039211079968256,0.522099852754388,-1.8424946974950758,0.18893368899170318,1.5055489837369884,0.4786105028811706,0.8167527251176497,-0.6926476997697375,-0.5593063248657247,-0.12916031699372393,-0.4834647951710468,-0.4156676089681784,-0.2099583737536331,0.1213867571846745,-0.3876558049918052,-0.9969031075539695
C00161,2.0419369216155574,-0.6022760170108659,-1.3300251691036893,1.7084519559155915,0.6347521740920721,0.4621253355153283,-2.3489525868063605,0.09077174485312149,-0.6696873118606305,1.2872216348500887,-0.7858372528154126,-0.7887755297551137,1.3723542098764883,-1.0664860617372258,-0.31710358658504306,-1.118330736310452,-1.9578810096673445,-0.5824748246230605,-0.8828401098370241
C00162,0.972901950186572,-1.8429566482357151,-0.6883125529540417,2.0815293016790117,0.5047553099768933,-1.679254342882112,-0.8688648262411947,-0.6424863305442756,-0.5529711729842866,-0.7240994833079993,-2.652437067353787,-0.9024039116472121,-0.6388291918336372,0.07089480984852933,0.6435863739193106,-1.0980853073750245,-0.5089542531794078,0.4274699607535833,1.4451624494449156
C00163,0.022797992648143646,-0.46258577041338905,-1.2151161491129887,-1.9352801376821553,1.0167533698583602,-2.2661416466711177,-0.8659753460175008,-0.05418533074025208,0.5904168327324366,1.3183916317052091,-1.049166889997053,0.7449697012533075,0.42370954026683794,-0.326977101800358,0.05269884620520326,0.08500562836097568,-0.8404206482873732,0.6167032054651351,0.5713768404615461
C00164,0.14005118223911048,-2.4974996592588683,0.2857596829978202,-1.6542260131415378,-0.3442352010250549,2.022467542872321,2.3162365787827217,0.09816431738350216,-1.848341057092171,0.6707598606001944,-0.6914854366501483,0.9158241539247279,-0.2306828818493705,0.5163103333007157,-0.9943617919580716,-0.22807426390928615,0.6903382860686511,-0.4916653616098458,0.4669504821830746
C00165,-0.3721441510570941,-1.7178938710722935,-0.4372056744936647,-1.510732888467383,-1.0220993197936092,0.8383358464643373,-1.570578394807323,0.49233458069288655,1.040816551800145,1.0438247372577878,0.8814754056952857,-0.05534889376704506,1.4387405830156772,1.249707389165841,-0.8549623984734893,-0.1429964626957201,-1.3523858258995998,-1.0104574416770808,1.0395456984293383
C00166,0.5063325638639127,-0.5089642279259495,-2.0254775484546643,1.9095460104047548,1.9457550726370585,-1.5053027508818586,0.5858563177009884,-1.2826481755181207,-1.7651836394034928,0.9197875798909212,0.7066052169716898,1.0197602757150661,-1.557029733177711,-2.1057931856869954,-1.2364931836076873,0.1267664891639426,0.5117521021624477,-0.4341528611475174,-0.23659232329967753
C00167,0.9945519868714355,0.8952865143435971,-1.1736558975707596,-1.7622818640772246,0.7953401899783507,1.3016933357890064,-0.20252347978568927,-0.3092596310183709,0.5677698469919139,-1.2684887422959126,-0.01879581458542237,-0.251313676867384,-0.44396605712904974,-0.8851602267842084,-1.422556414023305,-0.34462053440013357,-0.10763183605057969,-0.5542322842740337,1.5972687184386927
C00168,1.6751650215240639,2.5919962033310986,-0.32348746875797607,1.8084915806178647,1.667741676005261,1.3437220865601431,0.6946728312249507,1.0967739375079832,-0.06483987346458148,0.5668359035333099,0.42543390284710725,-0.16884393706191908,-1.131858943067279,0.4275358521454629,-0.963455259145236,0.7713758940386892,-1.263125152320534,-0.9641703837148279,0.28274246767477434
C00169,1.7093364465410021,0.1439120879710858,-0.3864782321628361,-1.651315833411768,1.5812478036466828,-1.3639281483231935,0.2813424070628118,0.271733925185727,-0.498032064774499,-1.082666564128129,1.349134653869231,-0.8180374175596411,0.21262602764672578,-0.2864480402302239,1.3519434478007197,0.047693662764273614,0.6124072596221037,0.2033527197126477,0.3106389171367934
C00170,-1.052848034193901,-2.5498496810967026,-1.0372216553311053,1.6840743268591478,1.5549926758254302,0.8157176122598258,-0.3795803356951247,1.8869357444818593,-0.31205332527697127,2.827489665741114,-0.6099462521945076,-0.6569089892515801,-0.506441538034748,0.7057701162610759,-0.6237975113781101,0.1448663957470019,0.22119298355672715,-0.8922010776190966,-0.26361906262990736
C00171,0.5620819881625542,1.0939348762294998,-0.4813658411860757,-1.733975741767329,1.8183615422540222,-1.5559774148633623,-0.04246616531872781,-1.02610017320988,0.11428058052640128,-0.7933278630244633,0.3793943144933299,-0.6566535006168289,-0.8614229946143258,1.2188751582584942,0.7542082248111207,0.1466332239216815,-0.11437369601152542,-0.8761885875217792,0.441086551533971
C00172,2.6913380591316436,-0.7847111800661136,1.2673160432355575,-0.3699115383752639,0.5982345545266775,1.40780723973994,-1.3221857577128475,0.5812203337400526,-0.9964710971321089,-1.7052598074137728,-0.03628991575380229,0.10474182697126291,-1.1591411130857157,-0.10004382705099413,0.3247653918315144,-0.2847349088848655,0.21048844027718389,1.6853122116039914,-0.5964817700723228
C00173,3.370257560946816,0.32465022943674615,0.882116493140708,-1.2408659493057843,-0.3816721768206969,-1.5932011365711287,-0.20967972529418927,0.02241946929296916,-1.7689366818694967,-0.37798940461215996,1.0259620954743391,0.3180165950436677,-1.1684491892425026,-0.8431905246293211,-0.5955823963567658,0.12090644198875716,-0.5706492939884895,0.167249108039534,0.9164350546582193
C00174,2.1617873281235886,0.14258619588561633,0.43808909862263695,-0.4137848441278358,-0.42109316882055003,1.355700162991264,-0.0670502651942457,0.7484825858227524,-1.1216917948941256,0.38978060794028996,1.349256454189494,0.21921830386528382,-1.5063489180330991,0.1934066132762559,-0.15111925809328747,-0.5438487417095071,-0.7096059374089492,-0.5415281139878644,-0.7139395590540355
C00175,-0.4836524171488653,-1.321071781450244,-1.464680055946792,-0.9460282727336957,1.3202927618716462,0.559475364800812,-0.6725028027315524,1.4866622632499407,2.0581498067314667,1.4769670020143821,-0.6010976975657998,-1.4049394536956987,0.2589290256593027,-0.3887848163880944,-0.8662467634887145,0.29782441760577344,-0.21180795035043581,0.6461162063804128,-1.1028858604114202
C00176,-2.8567382838283506,-2.7810402933765976,2.1391487751934206,-1.015828447639035,0.2048983847152631,-1.9749650058089987,-0.2127586748137254,0.2250462755468614,-0.9221384985431996,1.7192812402389397,-0.0858345626461364,0.009976983440054113,1.2113765070754918,-0.9403823852450789,-0.30318979379109934,0.5764003218803173,-1.0193496351973648,-2.7057165298690617,1.9790206204372756
C00177,-0.07339036906355109,-1.4353668617373845,4.689942938661287,3.6945594530301,-0.6478529418648744,-0.7634051597808087,1.0984978415950097,-1.917753959943762,2.099862933656471,-2.944508601597957,-1.2287775043135516,1.2815140098605342,-0.27857411573827107,0.7703556352314066,0.7389987190240827,0.656618999789321,-0.7653780784748181,0.28005204835472286,0.27394684927250007
C00178,0.76860016471412,2.5811279207747195,-2.0576146061461107,1.383064480274731,1.3423105091139393,-0.9185438678696991,2.431716685050548,0.9886272256175324,-1.1787367891628535,-0.1963987476380714,0.3342358926197532,0.2920455527254702,0.9104496904681254,0.4591629380011457,-1.1335134347311788,0.9631457252389619,-1.0257362628365656,-0.23116569694586453,0.25772465943927425
C00179,0.683412908941572,-0.26041831570380813,-1.3687665356882015,-1.014143833547132,0.3312377492557708,0.4783903971820166,-2.4840504400051913,-1.1027490563660993,-0.24465356043870656,0.8985190425624038,-2.0499691929930877,0.898423096954681,-1.2061952588910765,-0.5602303225931111,0.36386653180378886,-0.3477683873426409,-1.1855346940785538,1.2883405716353458,-0.38899491558802046
C00180,0.5460949410936928,-0.6649043042709656,1.2716578200880735,-1.4648166339909123,2.058020624088296,0.8985459483226822,-1.317106233389354,0.3170934480444919,-0.5712775305624233,0.3449460188999912,0.6398582897468803,1.0533878529068839,-0.8053319203074759,-0.5413060352861535,-0.5301132168361483,-0.19379271437980788,0.5069670589440479,-0.633104412597495,-0.4657755490233475
C00181,1.9201988255096956,1.9218030990177868,1.5961279047511319,-1.303033412512426,0.5069723126222296,-1.429707635127822,0.8780222362686195,-1.3418714022827585,-1.4807354950617513,-0.11119871906542457,0.500258562298718,-0.64522682720063,-0.7168293396751194,0.9797325736811849,-0.7950047353509989,0.9283899581584196,-0.31953514791128407,0.32394800821050035,1.4465525430608506
C00182,1.0829862756610753,-2.51834954309772,-0.6652991410728547,1.8702523456091578,0.24566879547741172,0.9402055798673932,-2.0936080130932764,0.8874195835223588,-1.1197693852170216,0.38202252787958696,-1.417539724979566,-0.021236226560507814,0.5887186095535534,-0.14312720164133802,-0.4330884262155627,-0.9222624349848253,-0.3820942573284413,0.013330798542084545,0.8407717478518544
C00183,2.2760712064154256,-1.0166852608727646,-1.0171076334992184,-0.739242776276581,0.17094402475978943,1.371220474666481,-1.642115135806538,0.5428750802427188,-0.6989255902650511,-1.9385648188533104,0.5003771155840029,-0.2894691164366443,-0.371542810553935,-0.04877333370487697,-0.8015644107865378,-0.719993998811347,-0.03988596535062197,0.7407887741126529,-0.8215435769692054
C00184,1.7979097233981645,1.3801336913307503,1.00055258535919,-0.30293870025485425,-1.0555341768136004,0.7382723708680011,-2.438557189664888,-0.25737425040505907,2.3805758849430014,-0.3964312440290666,-1.3000861672137691,0.3906293479920363,0.012783015341807391,-0.14150393229302322,0.5202435072269613,0.20405052135004337,1.2933159970932002,1.0190923533532734,-1.1971449109394272
C00185,0.06232131302140739,1.705601936390252,-1.5769220226193403,-2.107710923791693,2.6955086322920243,1.0369461479219562,0.2169051591707448,-1.3712381985659687,0.5470739779506525,0.6141936673322923,0.12098099097398377,1.1737920841212803,0.2844213859031611,-2.0817903730966565,-0.015686806348628395,0.5469872402238943,0.3298049703932332,-0.39000513869820685,0.27716508096072723
C00186,-1.7896504075104105,2.7654320648701844,2.9959243217188045,3.249783420586149,-2.6056149859229962,0.7219239858228022,-2.169865387140762,-0.009311510309634355,2.8342467881735613,0.6621400361330001,1.647147127345539,-0.8036305883011106,1.9126337132781857,0.5726499680322212,-0.3476006138550947,-1.1419420046903996,1.6132667315323783,-0.4914608049028172,-0.5895101687263815
C00187,-13.997129875881834,0.6538294282757632,8.467938765590633,-1.0241714043854466,3.4777438730999495,-0.3426263528740172,-3.261558976314768,1.2506517129914778,-3.4591494406772627,2.908641845927138,-3.683154138650555,4.6874228278545,0.5344849492370058,-1.2537173752437607,-0.012426403617951366,-0.8021884436302668,-1.072471343608376,-1.607517532583518,-0.5217356164021765
C00188,-3.222166284366045,-0.2560502489823619,-1.6052709633465818,2.1494544869161554,0.1666551263202281,-2.0943893993281226,-1.5329266549862182,-0.7273260456512436,2.2293286657083633,1.419963282511618,0.19263824836153223,1.0303396761309034,2.322666701237227,0.13803984180961176,-0.797349643555289,-0.7822589335334695,-1.2911262794499667,0.5899420147006412,2.197933994088874
C00189,-0.3859369626652849,-2.677767913958944,-1.1325627809838303,1.7403707585420585,1.1627569413045076,0.8504003163370772,-1.5690224690763541,2.5655548130935646,0.8772950319207514,0.673822528674529,-1.1826386486065041,-0.3837858070423678,-0.3355734340012239,0.09320673175531094,1.781934545578048,-0.18837645044368426,-0.058907991430785345,0.29404387970473045,-0.26436154417114494
C00190,0.4073666531970328,-1.237216327075975,-0.8095377983596219,-0.7941489994889946,0.06613894873168508,-1.7509113542098655,0.7550996216113364,0.5009637350350895,-1.1776212455490316,1.9238718493279965,-1.5292395338557063,1.4655581984310255,-0.9282089668443583,-0.497837259656672,-0.9888005856905577,0.10500330522696659,-1.6063496219086564,0.235644043836437,-0.048751440219208526
C00191,2.378119254271048,-0.6146752557946266,-0.9386721199931223,2.1212768521685397,0.5456990628733004,-1.3708885120981757,-0.9161588885687619,0.6731402965901478,-0.14392104129003558,-1.5271254703073487,0.8442414255299624,1.152213174790968,1.0997411085536188,-0.28747620517463274,-0.9588557822318606,-0.7033990559581,0.2969031011487751,-0.4075554739145294,0.16283800582912816
C00192,1.9240187393638795,3.338321147344528,1.5637799243089487,-0.19554067022964988,0.6063920056116051,1.1983733063935955,-0.05699529655288321,0.266135715917091,1.5310418618732804,-0.011118227856327106,1.8201703834262535,0.6146662808612765,0.06531161312684648,-0.4552010155898277,0.07661181638659462,0.7903274882065322,-1.7439692713445545,0.36369911468327937,-0.5962838482568071
C00193,0.28070178708318233,5.124693090860499,1.0106928393517463,-0.7998966747130911,0.7556325608139394,-1.2931576086824357,2.447151420554953,-0.7989723691365426,1.3630433262599253,-0.019376776759027298,-3.0443335233706494,-0.2289038368929217,0.6831669377226441,1.521014370319781,0.7116240477006395,-0.6996582067837658,-0.12181184105050155,-1.9257346202321564,-0.9448762581310662
C00194,-0.7520772117402968,-0.7070640951595999,-1.5164409299666475,-0.8015500660518675,-1.633685522907827,2.048466151010952,1.5481035643212402,0.030464176807877642,0.1146480527965227,-0.7024714394390055,0.14259849065511312,0.4136137532784887,-0.09994844902320438,0.5856778816071878,1.3735236649889537,-0.06100688575368409,-0.38590356252867325,1.210289580296613,-1.0779633087134612
C00195,0.7742472091980137,-1.9403471757859099,-1.4905931818709957,2.027126790628663,-0.37078812649971477,-1.826840743753514,-1.197623723963128,1.2752223525935473,0.305807663070087,0.7201078860383785,-0.13260160733644658,1.4013477456945114,0.13883077578804365,-0.11770745975254006,0.3783777299672022,-0.5196247631867384,-0.7238142976870904,-0.4868520665183783,0.19120320865011814
C00196,0.6750823001627934,-1.4552488015347604,-1.0027385599135017,-1.422839033310505,-1.9924192335604853,1.4666522253162453,0.2682526757755501,0.31964519040924494,0.051779919227737614,0.6249926948924359,1.5802411584621343,-0.3451823883270594,-1.719582275661516,-0.5050360614151438,0.32628716237573896,1.0233921369536445,-0.4167793327468466,-0.39214671842748716,0.7284417695396266
C00197,0.8102992605979293,-1.063132785450388,2.42152617886004,2.952132550894861,-0.4589130936228151,0.7887393109184953,-1.5111383545549488,-0.05602812360774624,1.4776118216156817,0.6988587389786034,-0.5423819516352056,-0.2746121627394439,0.36781125167130596,-0.2985068011940638,0.5869799701124335,-0.863698356202254,-0.48775948296082067,0.8464414496503917,0.8590183904132838
C00198,-1.6409940356944288,-0.7775212338239661,-2.915685400193188,1.8407709412025632,-1.3882903300312501,1.8123979893805418,0.23051439962541695,0.7868854707070607,1.9811455071259536,-1.537521677834315,1.0633095643269115,-0.48378814748198185,1.2392170299063383,-0.3553919692488821,-0.7178092325028741,1.3459115504849943,-0.14825105485684534,0.8405244449225839,0.8214822427230062
C00199,-4.610866836174526,-1.0093295687563828,4.908930643890466,0.9823914282222529,-1.974800632982586,1.4493831864110165,-0.5875261349663076,-3.4921203874537383,-1.2753539037435877,0.5121178661583854,1.85004340277889,0.21720490104225362,-1.0073212111814618,1.5945318757831486,0.37026683135647287,-1.451312678387776,-0.7783295119944638,0.05170194173285837,-1.268892907089148
C00200,-3.3384082745994053,0.9476411935005984,-1.4552466784696994,-1.0625043552185371,-0.45552384519793077,1.9798167807785596,2.905199894875274,-0.31097481919938996,1.269554951853422,0.6883716238110873,-1.415744732221629,1.8748258816675276,0.9616328940456031,1.3761758290328487,-0.1735531215333323,-0.6603995462479125,0.18946790024455645,1.9407973570995711,-0.7288245402259186
C00201,1.5608198299161067,0.242894249841608,0.3069585920930896,-1.4291756942523737,0.783184767947495,-1.3807738371457627,0.5198494508947302,1.5516606070794299,0.16492986375398186,-0.6562111689604045,1.8304699172850585,-0.6691450278832899,-0.893981582831665,0.7116157527466754,1.2669335792147605,0.1016948134584685,0.06605727596460317,-0.34181108065838656,0.5840837120818866
C00202,-0.07433681329573752,2.71944131807632,-1.3007671743119835,-1.9458415196181458,-1.3036585597680856,-1.6939096052007658,1.4324799450637782,0.719112940362267,0.6294833530447465,1.5155619601694514,-0.9533862509482718,0.6110934040877851,-0.6151480821348789,0.36308163735955734,-1.132851508191918,0.30445288200245996,1.4253957681270626,-0.7423446137680276,0.13268949274922365
C00203,3.8081902653904316,1.5436113344058227,3.770992632421094,-0.9584700272039066,-2.5560783546572052,1.065206205652531,-0.9993765032875582,0.0556644670739628,-0.4043659343054826,-0.180465219911735,-1.1362054863833282,-0.31335359460244966,1.7235813227177064,-0.16374506688103177,0.41028949594226943,0.7410961805844033,0.792593767898446,1.060122591152823,0.8428501458295663
C00204,1.2695391276199153,-1.1045497223976601,0.4800637619184402,-0.25507306613062575,0.9945723843831815,-1.3198308809112507,-0.10860141965392515,0.26868407665891914,-0.09470175221941836,-1.9810684158938336,0.19265459775181434,-0.11088336185117811,-1.4584301987196489,0.07093379496254851,0.6716367464430445,-0.8867246847944191,0.2004580435241933,-0.32773468121667,-1.2761672731455813
C00205,0.5986867500656635,-0.06822029635299671,0.02697202484105883,2.093319112681478,2.7309050222708176,1.2577665343175672,-0.5625121060732601,-0.7594610558385916,1.011681091950765,-0.48675887029741594,0.19722121989996244,0.26154895181006627,1.7356219463118467,-0.5177633285802676,-1.3648786952983076,0.5057688263344428,0.49082746099623487,-1.1768135875875616,-0.019887692469060515
C00206,1.141741176501729,-0.054765088041423486,-0.821424580450214,1.8922009256393348,0.7087292855367159,1.499602867136694,-1.038214235061597,1.7058908511768087,0.22882564818668005,-1.1647311140793244,0.4640184644955231,0.8344789586457586,0.004995011096064146,0.23289412311307137,0.364319886436427,-0.05986787855305955,0.3054637859336451,-0.017842722797269863,0.7516181753902461
C00207,0.37995197341335574,1.9085499184952524,-1.9616043689690783,1.1879783728324596,0.7397814107139498,1.2126869927997963,-1.7885986907421396,-0.4068453191177701,-2.153865023215397,0.15763132843394148,1.1513215003216122,0.7277462070660954,1.7976990124431167,1.5806816451680765,-0.7401251058189272,1.4702518223378003,-1.1032009065136752,-0.6692821272334547,0.27411193624331115
C00208,-0.13088078215064639,-3.7711823912428617,1.2894876231202776,-0.05788859861199021,-0.5371252328428078,-0.9705590897019303,1.125613065427816,-0.05688627586257034,-1.5190917577160736,-1.134279304969796,-0.3189135202645108,-0.9453225217403756,-0.9210788828187995,0.41888378415498856,-1.006515320964849,0.9019474019374473,-0.25734383043613696,0.7792075096625356,-1.1168220670657278
C00209,-0.05471668758765817,1.4216033945223572,-0.9185930986067785,-0.8159943285825935,2.110275307881141,1.17346721776465,-0.3597280824618367,-0.17717117818220451,2.0686554653373452,-0.6226536194580868,0.8524052866091065,-0.21485946748492177,0.7782468939296397,0.463293198584278,-1.401933521195696,0.03904744544964348,-0.5736172381325364,-0.6550989341588412,-1.0517078915680105
C00210,1.0945069422568041,0.07728934716321516,-0.602864428361014,-0.4304677845368838,-0.6516368366670495,1.3984768638754626,-0.6960309766266205,-0.5862247582597717,-0.7709719904007497,-0.12268395446733744,1.6329082141391507,-0.19733819163409472,-1.8466582564118368,0.8983900670953081,-0.8415771874545429,-0.8226762988188338,-0.6988055469403586,-0.819640210563029,-0.4933574671340613
C00211,-2.8233407595431803,-3.010820886491859,0.23707504009068084,2.533827013981477,-0.923669807515186,1.9815998999095628,1.4234027447826927,-1.1046699240692734,-1.19708824440458,-0.050968250745171535,-0.7747898769766617,-0.9727041845689569,-1.0184532938750388,-0.6792002372443731,0.13488684638149995,-0.24315501654086735,0.5957782595075874,-0.39107859796067407,0.779828573459387
C00212,1.042346000434795,0.34629165358296576,-1.157432102669485,-1.7553950801329419,0.4114543577614955,1.5079231901554013,-0.2873753278652611,-0.7395264132643229,-0.11807265210437272,-1.3394958853603463,1.0623025501778691,-1.304012448888947,0.19395466537435085,0.16980919576669998,1.138875882246385,-0.5935383936906404,0.36045690009016634,0.09044082126937786,0.5865120491484853
C00213,-1.3550870165294213,-2.716869877048347,-0.5808620766825778,-1.578592771379044,0.22342455981916257,-2.265089673404887,-1.655074805073096,-2.0279174497499404,-0.7167489590853664,2.065915915454541,-0.1236537507851538,1.26591615518939,1.0335842738666137,-0.5612963427272886,1.706780083724704,0.6994638011744297,-0.5872940444160981,-0.8649569841248749,0.015126660903928195
C00214,2.2178120448758416,-0.4340964996309287,1.997965893290805,-1.1611948507059833,0.9031191762094697,1.2342380741904206,-1.0362765648728456,0.45072274114501615,0.6847739095817176,-1.410919448312071,0.70459251096599,-0.30654529195237895,0.9507971679986812,-0.8984574703763912,1.3159043645287773,0.13659314547405646,1.2017580120470108,1.3178449931016045,0.8933154035282376
C00215,0.8357601691101398,0.9019034632836732,0.47556108817347786,-1.9088443538056221,2.0589145735879097,1.2889401585758782,0.7913124279188997,0.1130924628217328,-1.719682738630351,1.6947906939874324,0.4978205796344564,0.9168586076627998,-0.6268629871632047,0.886573475456666,-1.2389254303256623,0.1255324101712443,0.3824077838456364,-0.5487879452048564,0.8050768713033505
C00216,-2.8269607102040246,-1.718696761453532,1.4692737032117449,2.984969902477958,1.7051058688938783,-1.4237311962435562,-0.0764116849485193,0.1498917547396023,1.8141267412576867,-0.2303570387031362,1.701138884209931,1.4278921817968424,-1.423082296084636,0.17045934423717532,1.7021021917942467,-0.6845794683344102,1.9453666799433502,-1.0021203819298843,-0.9052645617369931
C00217,2.1522781403632854,-0.04247168422787348,0.3461430834811988,2.243084476733946,1.1645381595807036,-1.0785486504383024,0.6323343812027684,1.1198771947989514,-0.6477543268720258,-1.2934564823597028,0.23470449093227538,0.7678676462945052,0.3247271841593105,-0.1929653278320179,-1.3387441420614798,-0.33919352414037024,0.5617002629130178,1.0550709911217155,0.41979129815174876
C00218,0.13797451189617915,-2.0192773698507813,-0.5936633818892806,-1.529626785181608,0.6085104050198881,-2.0029710236357503,0.15680300125739027,1.2398408311685074,0.26271123268218777,1.3702492539562723,0.16508553280893268,-1.7260181490187678,-0.41759444634770587,-0.37812356875328285,-0.4480373207230406,-0.31634211305606175,0.026837599036646814,-0.3921746010963328,0.604196044113381
C00219,-0.5780330036183668,-0.8307709445600644,-0.8152957158977407,-0.5035588988007492,-1.1455908423334253,1.8275721053157978,2.405777583770073,1.4902111479948068,0.8300401765904766,1.0440356178657157,1.425464080759448,-1.143428944492698,-0.9759978547876599,0.5390843041922458,-0.96211450482993,0.288185316937437,-0.4728521343120419,-0.6457422886186872,-0.8872186653063641
C00220,-1.9996785362082015,-3.0466932518521594,1.7240917994274636,-1.1445973294146996,-0.4169821773814355,1.9686471121338478,1.4365392729375408,0.5909043757670682,0.7184507292692602,-0.46963779480015583,-0.38325335885097517,1.7404534005123646,0.31827809665647844,0.694979985502276,0.8157700981579019,0.41553538395764805,1.412852243260095,-0.42905916369629055,0.34749094429428035
C00221,1.8933781699063608,1.2617454506754977,-1.2080802700781461,-0.6345313716073878,0.46047810141286566,-1.325015774268615,0.7172822505420856,-1.3153362171110323,-0.6601026618029159,-1.260119736233823,-0.06272403173595435,-0.15604146096778984,0.03614666765753057,-1.0734153331145713,-1.7763589473057317,-0.8499298848058836,-0.935029482781375,-0.23782513215704648,-0.2690721677739812
C00222,0.19558042307100199,0.618620706441383,-1.602508787372735,1.9409716732299633,1.4425090188531653,-1.2580911023377013,0.15088105190898055,0.7855595041382174,1.0008567529735553,-1.3572008559545596,1.2050543083504675,1.0390221182624606,1.592293873618431,-1.185636638341386,0.6052048477686199,-0.4887348788628375,0.083857454300026,-1.5138769435018695,-0.3196814662453295
C00223,2.8152453211090913,1.083623554984541,3.651387993511843,0.32567898725405914,0.8584662242158938,1.2070588948516454,0.9538270744954456,0.13031408938582564,0.921819097231738,0.43011111836814947,1.0386558783169881,-1.1332876652920902,-0.08893730221107887,-0.6950609393002671,-1.3324130506220848,0.6212171961814054,0.3768247668451388,1.6428122860471985,-0.5600680236239862
C00224,1.0288186197467433,0.3811061127878578,2.0024099443430963,-0.4667018930643321,0.8672343905083498,-1.1624403643685715,1.1460865283092108,2.308962284989363,-0.6949928768469944,0.3054195309004935,1.5891010790022368,1.0884185870483338,0.620947197735598,2.3966705308335254,-0.82475228478474,1.5814340041838875,0.6820645447632281,0.3172580661328742,-0.24865005843977847
C00225,3.1039581481189424,0.13615264926173737,0.29739694194888017,-0.5025567903109368,1.0377701788644338,1.188605439093141,-0.32670169171931923,-0.10096249496831394,-0.5990178381361101,0.03538600786540816,0.48901415477408267,0.4642998914741725,-0.39140980069967635,-1.108663810139721,-0.7376426381966992,-1.1488373350801326,0.185713581042288,0.5666129227820624,-1.07443276220355
C00226,1.7823189255621754,0.6647203116421889,2.612139105395408,-1.0229325775914295,1.3019922579836603,1.166677480736476,0.06838075429240989,1.1323695156599127,0.5303885775009125,-0.13266906536211895,1.3127489726611035,-0.25762800311413975,-0.6227987612379277,-0.5042488099151303,-0.40359461441971434,-0.07032586205863439,-0.11181391544068006,-0.04952139680327788,0.023783487509667103
C00227,-5.999056239257995,10.503395461761675,0.5640830590860628,-2.1102711174259676,-0.8945374805795415,0.40487424064297184,-2.0488797705350366,1.0475900481724363,1.0585799139217307,-1.839007089799515,-2.8529447366434013,-1.2335154811743034,-1.3061699184076843,-1.3036668780304974,-0.5919279460513261,-1.2492036510223348,-1.0612836915714037,-1.0255917593914479,-0.1279546735688953
C00228,0.5825714280188439,1.0268715624890954,-1.2360199596428698,1.500011675814657,2.157414684478459,1.4369563231419669,0.8332958811261809,-0.41058613497714413,-1.7185707097087894,1.593624103630129,0.5028936781182677,-0.5298419949020318,-0.5857952093654748,1.3443767494051142,0.15930605734829234,-0.240299122495729,0.12497763834801869,-0.7824361566318682,-0.5079707136556986
C00229,0.040545656947803536,-2.3689795623528984,2.4757962324249623,2.8925593553549973,1.582766551524269,-2.199440643256862,-0.67453894838788,-0.1305334024314405,0.8127855088941434,2.367779860887727,0.4324644929153696,-0.25297104433587053,0.4296783555625286,-1.3514624989088067,1.7451599966779876,1.9094842035143655,0.5471554606065466,0.2720532200104589,-0.2606614799786724
C00230,1.153049544906559,-0.9631770819901184,-0.937434505208726,-0.42175595493055174,0.12847975102187817,1.0651430696012074,-1.7509030860287154,-0.7627660814234084,-0.7408745068458227,-0.3165301387335166,1.353601361193101,0.818176981707537,-2.1483665797775595,-1.1366372428234504,-1.185943872323056,-0.8569206168680975,-0.7284983652933334,0.0015960730903768503,-1.3779900022005036
C00231,-4.988737322196537,-2.3055177178032067,-1.173621708166113,2.3730124030316877,-1.60203257731636,-0.6576536878323569,0.8771325599647135,-2.54499659994853,-1.741784677527178,0.35574126279319584,1.2690424429849356,-0.34274495397569815,-0.1547234211381556,1.3682560705193483,0.9075944642114712,0.6765653139834393,1.0268361522090699,0.28818771870445753,2.5552680559418546
C00232,1.1580441049297077,-0.6239149553603922,-1.0350146197463017,-1.9127462243931164,0.49428758753803426,1.3224391449018986,-1.2065871957935863,0.9481279632819662,-0.5457447493748553,-1.0979213631414684,0.785562940791621,1.3260834001694939,-0.22627804419110253,0.7893335964999905,-1.4180971725046907,-0.7188246006103085,0.22642272702042612,0.2067771307580826,0.16177238331326224
C00233,3.115107471347498,1.4643534949399322,0.40570988062517127,1.6438224576398721,1.3564915231553032,1.3430145587769948,-1.099209464590938,0.9019490269673728,-2.1461367733027203,-0.9145467524520895,-1.0481901814459793,0.4319691355963782,0.7947041900887294,0.0940201506100885,-0.5567528213059658,-0.2087815776063985,-0.32865327972802316,0.43234604737441257,0.5233013944004576
C00234,-2.8975428373552115,-0.2620154793632154,-0.8364504297916504,-1.7103287545541694,1.109428811099067,1.2209503187830848,-0.8471168224401157,1.6288961786895932,1.3077783069531208,-1.2384418662050305,1.0111786936889344,1.0068221896108038,0.3485634937164248,-1.5855957328205226,-2.0959482248763868,1.5700359837781221,0.7399618369863353,-1.1571630955852215,1.1623921354237097
C00235,2.2733016931542838,4.05396152047215,1.499253883073635,-0.5575327481507135,-0.8081969523458172,-1.5627600136204216,0.8404024325167987,-0.6068600274714423,-0.29003603298082514,1.0975414442279439,-0.8990334761165092,0.3874478454390523,-0.006289267393145263,1.6228568923114695,-0.22926581200792662,1.0538269327214334,0.36412358497201747,0.16714655095151054,-1.4155783179460497
C00236,-0.004254811968861479,1.7749553302866103,-2.446211520934197,1.0535675690385204,0.6025781325139088,1.0616287021671973,-1.8852303508915593,0.028045773263486846,-2.3107298737949256,0.15043709831572477,0.8782704299165511,0.9291291840318737,1.5402788516945272,1.2343699209513865,-1.490208746145666,1.0981988686927762,-0.7725868451045638,-0.019242619966028017,-0.801013204102923
C00237,0.7433084258926209,1.3431809268436075,2.5505137334521213,2.849143588969111,-1.2657098885499065,0.890430727475503,-0.3731519875782328,-0.9399240581530602,-0.01820287185116439,3.3860822597200517,0.8924759697024547,-0.018567359005201182,-1.2545148862239486,1.2404217146502197,-1.1537043459222533,0.8353925155568328,1.4123559127995513,-0.6493895426296317,-1.1818614576546607
C00238,1.7855261107478775,4.750846941235679,1.2129668772069284,-0.5421959174656238,-0.9998695107347074,0.9814927715925115,1.1955516850411076,-0.7692084212053762,0.07019496496661787,2.6942439116544907,-0.36980946312171276,0.07702889340063876,0.3989005161160843,-0.4848545363727688,-0.48340978844007076,0.2915959964762878,-0.7998712793490522,-1.0106935261637717,-1.9964232214462312
C00239,2.8413931810603867,1.1025357840849521,1.332425060487835,-1.343695337335413,-0.3354105463653929,1.197438426046171,-0.4194431296153621,1.2445321910652567,-0.9671902298895779,-0.05368139043122127,1.5902597683203175,-0.782687064180827,-0.5628576294171395,-0.017331952771861982,-0.8506172274053035,0.24740895303615681,-0.40291719100301926,0.9269046596726148,1.2494069394061798
C00240,-1.4127719982175546,1.110427595196991,-0.8238204174237417,-0.4784993492177719,2.729607825808008,-1.4955514879295704,1.6881613195310141,-0.9009605035796253,1.1186977088353,1.2237157020727218,1.990270708435332,-0.3852504249077849,-1.8963055590148512,0.29207310443822815,0.2906595970573478,-0.9044547411364698,0.601052589636464,-0.038828259238162154,-2.2457625086753845
C00241,1.6241392495600984,-1.316678713858407,-0.35162531429950655,-0.6237689520090002,-1.0293674995107003,0.8651378242695041,-1.574465039210072,2.095299734773207,0.601114160861827,0.25081153811176027,-0.28207772951397825,-0.6376900307277327,-0.026820121690726173,0.17045137698867488,0.1440489277016063,-0.009837580776813524,-1.2796876746979242,1.0724732399625507,-0.18449408052602914
C00242,0.4981910790630696,-2.220517566871871,-1.2142121198983475,-0.4720167165798582,-0.9598966109032555,-0.777977872161723,1.6963997904838186,0.7706709846860885,0.39472151015771384,-1.2527410390796136,0.8785579851011109,0.13437140104511075,0.9380055863764931,-0.8040263888237081,-0.07033144667263401,0.11981551684026626,0.2178023299460541,-0.014817936783153511,-0.8268977344033815
C00243,-0.8869024042987436,6.67815251503502,-1.5016809256369337,1.2927374762801283,-0.8485631752170674,0.9488568254204763,-1.4419738292556188,-1.57132849868779,-0.18077026801376436,2.3936277583321486,0.172138889877531,1.2634807728360085,3.2335672521843595,0.665547410627005,0.6956480957118995,1.0444056732160978,-0.023842566893404006,-0.11734148257065902,1.4183493512095724
C00244,1.0285950358836373,1.0246548363841674,0.13530547592236353,-1.376304762930024,-0.5789478316147169,-0.8768757556619171,2.9993613035077087,-0.22374886534537614,0.8135745861288265,0.2469456355790057,0.31584058907514134,2.0460601549890174,0.8300411362457475,-0.9119842612484038,1.3037180193334383,-0.40663014678213133,-0.40790593854247265,-0.7629045762777165,0.3608366879869775
C00245,1.94065716131121,0.32327084821838004,-0.30843340336751673,-0.558501101240035,1.8028812372136138,-1.5280499175150655,0.018714242047963545,-1.2803571998582763,-0.6622181377041284,-1.0448351952368473,0.14758196731242598,-0.6100197719784823,0.6731755768399418,-1.517214192191102,-0.3860356756319601,-0.7296998007191858,0.19716125433037754,-0.5362983480745286,-0.573752648755639
C00246,-3.7499056163399778,0.18662593440445488,-2.308381238623176,2.050148186234963,-1.097546054074889,2.1433211189551713,1.3150356147196582,0.23636138153486955,3.180255454004188,-1.3089686560582356,0.03789786083357384,1.6538263088535923,-0.11929574432636104,0.6097729861307463,-0.077529760893019,0.4283913139512237,-0.35406527977068575,1.9722832739548024,1.9360559461490163
C00247,-0.9229154919020242,-2.1483549829500377,-1.2226569299888546,-1.4397088650536876,-0.6080709687805917,1.343600555989213,-0.09392099145361443,-0.34159422258894173,1.381489052717222,-0.20855723815392782,1.2990950889564732,-1.5294407257037368,-1.6293505243471549,-0.333405914366092,0.7208555023072726,1.796062047390314,-0.07917638657734496,-0.2016738517911915,0.1367764941320118
C00248,1.8152067809840244,1.6329037343828205,-0.8970182539772615,-2.1330076172741848,0.4164975153089759,1.5004771127268153,0.587542726096882,1.497068868131606,-0.1359852908757806,0.024422408742343932,1.053935991198653,0.8129849567723325,1.41493198826192,0.4234750395371806,1.0304499851301403,0.8649080970761013,-0.46486386407542324,-1.1556354625367296,0.43304205498656473
C00249,-0.1717299362393221,-1.395823991731997,1.719080494312798,0.07078197811840749,0.2723723768577533,-1.40030452351256,-0.9328676533299478,-0.8763506200528045,-1.4547210865687177,0.1370323743484518,3.2237447038623603,-0.08491503821691515,0.16466676327969654,0.5552429957971775,1.3790873942691615,1.4679598997953682,0.760663704422604,0.7348968294759667,-0.2955936833783144
C00250,0.30689263461551275,-1.9791715750560033,-2.0785637913554353,1.636309472067718,0.2618833913156242,-1.7666461230515138,-0.4366371761627541,1.9507137556168923,-0.24256713478565178,-0.1126532440189754,-0.9215768964178331,-1.7816053850291056,1.0623123226704307,-0.2507460208760829,0.8219867425215948,0.18588321438390057,-0.20405373820947006,0.6536645414970709,0.15651053574023832
C00251,1.9261717290491833,1.2888506342069856,0.2452303831543002,-1.1490067412957672,-2.0074150050736264,-1.8799248901796812,-0.9230814214561859,0.278043372819481,2.0352122903457737,0.03007016384726279,0.9446989608297646,0.03950647338813005,2.140054914400269,-0.7956218495645745,-0.7181376961908548,0.1537382449313993,1.10083345572458,-1.284561592745859,0.5877517570804858
C00252,1.636361872299256,0.5048735233409527,-0.05369914606949837,-1.4519070542673909,1.1328711695478433,1.0219880954146667,-1.3078533336750384,-1.5211024306056058,-0.20235448868498618,-0.3635722356131025,1.291881524022028,-1.3500724511690663,-1.0406772821796246,-0.7784584260743501,1.0277704322194907,0.6930326442390504,-0.5884397992924184,-0.5815998915596328,0.9218910125515831
C00253,-0.2741707831584485,4.095969195632331,-0.7478758152744949,1.4133519965058228,1.6602667399182818,1.363209843304793,-0.9215329358636904,-0.9219480319564107,-0.8994217471830284,-1.087126661686852,-0.508366042450723,-0.13268676737948165,-0.03965474696433829,2.3191801216247376,0.8994477308802405,0.029368075639557262,-2.249172473787285,-1.215284301424999,-0.7268166065887979
C00254,-0.07945621912061258,1.672403842182796,0.8437849153415357,-1.0686229283452244,0.9248996708658439,-1.4645915731773778,0.6070611487038795,0.44224150225392406,2.0879116308811505,-1.0725798992993385,1.5804946863516793,-0.46839376148363165,-1.2807649211908987,0.6331141560302744,1.2906099537966003,-0.8727458503970341,-0.5154501753382413,-1.4418141372678213,0.7919236122307071
C00255,2.4922659878702116,3.5198518541115233,-1.0332653027906642,-2.011688488489983,-1.6431350856868367,-1.6795282694225449,0.8381589717338003,0.09263461951087269,-0.8618497106037222,1.4400477683814126,-0.8036741223144455,0.365328021449813,-0.6909565620305433,0.3000242203472842,-0.07971981660048769,1.0441169391432372,0.15122131597245206,-0.213274117039655,0.4357036257077812
C00256,0.0019522359459227501,-2.362404708744437,-1.0332793021396254,-0.4474037094346029,-0.5985212184328896,0.7685787521275985,-1.320446954978969,0.3395172931266462,1.3596594662409618,1.4190642732610017,0.5675264073796876,-1.0925490485688643,-1.3734453686790027,-0.09702892976727961,1.0307013304203658,1.3199244994954538,-0.912558494986303,0.2589115632051375,-0.4915063401365967
C00257,-1.6021575118226867,-2.904708386656594,-0.9136124614562595,-0.6644521401934139,-0.9127349986668888,-0.9945066588975058,0.6924040311456164,-0.36651978224671844,-0.07141650739255798,-0.013696059626725,0.12568197681068163,1.9389414309142576,0.29661507140679677,2.6292275904921647,-1.0097683486270728,0.8641402230939532,0.7169754769865115,0.4532953420620176,-1.05653409836715
C00258,0.5037134322501706,-1.9586618160164642,2.0955954182940486,-0.8063461770817777,-1.2704217467340646,1.7141733570956972,1.0229035175989631,-0.5861739571359287,0.43201865406876605,-0.3225746121232024,1.1073910146038897,-0.3066817803484987,0.5616793663300037,-0.09641313036519378,-0.3065858398948494,0.985085293837871,0.005370215258526913,-0.3488813152414096,-0.05388315610141786
C00259,1.0283500800044802,-1.890800761542058,-0.25713331271669587,-0.322165636079514,-1.402154025632299,1.7398158398472756,1.0799856492271742,-0.1929395930431475,-0.046605450299794876,-0.04240189328942371,-0.026042537118503826,0.1232481807730086,-1.3816307563289787,-0.7572651291029147,0.31202110577184794,0.40399384424751195,-0.052917521128746724,-0.08657998994263728,-0.7968130877746904
C00260,1.2015413694819737,0.6771511796580458,-2.003098862528919,1.866142716722747,-0.8666178151859137,-0.8037113421425712,2.0793230166043144,0.6156501875405994,0.505315898624015,-1.3045500386496522,-0.5560304865142692,0.3536976890204588,0.8184087665339818,-0.6958170704521879,0.32048545642465853,-0.4708479427024504,-0.5019093130935223,0.7173524070724735,0.003924511524868942
C00261,2.134590581307083,2.0631362466046332,-1.9132717145511213,1.761800260833267,-1.2749489760990576,-1.6968833440204314,-0.17662406751482407,0.8040870908202852,0.07046635145486889,0.4425927723046356,-0.8137020371507222,-1.1055309803196145,-1.2295168072780136,0.2506257130582417,-0.6263860086232209,0.8129546434071857,0.7298912760556716,-0.527215147943489,-0.03177132584043009
C00262,-0.8576100020022887,0.22191228898155632,-1.3518851717277076,-1.737879021490819,0.23116301734120365,1.494282831683262,-0.1665240213158366,-1.1604265043287476,0.8691684137601285,-0.023195201644823884,1.3475136891948154,1.4184128065137738,-0.2233761877228234,3.112209449842888,-1.4660490308314962,-1.4034231248956532,1.4594561265675137,1.419485746479124,0.47224837982723006
C00263,-5.4319385657874735,-0.14826541026664417,-1.034894966239315,-1.0486473943254901,0.46079656452539175,0.8964129803573999,-0.5462818032278085,1.8308311065065546,0.9717287073011837,1.7565839194850739,-0.02900179881635315,-1.31117363197428,0.7549598765028773,1.8895962084329658,-1.1511070857834234,0.04658874386172116,1.13828735963232,1.0005019701839457,1.1043426304385702
C00264,0.19931618681676483,2.16937736592522,-2.9811968058431,1.6358138036326848,-3.288979787996263,-1.750809305735211,-1.0026581413212818,0.45841339686562926,-0.9703213228528678,0.7628143750386306,1.169611318386535,-0.29691590726266603,0.7869294287788989,0.10023775648073961,-1.0549004364704693,1.1008646571418772,0.17663654360974815,0.06101557579913087,-0.28855611968697165
C00265,-0.9266367067759986,2.5257936553911855,-1.613284913598836,-0.36720830855078906,-3.324256128497316,-1.8650281300589888,-1.2377481341674204,-0.8623936797259437,2.4769325218165616,0.10327064100910131,0.8431980082359218,1.7979423978793627,1.5497700473957543,-0.2173557622637456,-0.3348853086684746,-1.3399685240202184,1.0754175646881412,0.6462056889909865,-1.6319664585216431
C00266,-4.906734145039446,1.396479010024673,-1.0154447167018756,1.6382859896151816,-0.12660312623833803,-1.0744616367521713,-0.19600485332697565,2.1097681367758696,-2.166564464980211,0.6022788787106962,3.094934305861598,0.7622645567818027,0.8721271890372114,3.67477221389982,-0.6254276609793629,0.4893671455106827,0.7170476435015651,-0.4431392986106459,1.650156946448872
C00267,-1.711803162304284,-1.318845242254747,1.2834576976891057,0.09167097720771644,-1.8102670856370877,0.6732704467026087,-1.469405305138619,0.5501572712114502,0.3599479336652362,2.5919674192046247,2.0071510737971914,0.7181314514826227,0.6525181769006665,0.5070032713052135,-0.20403625323589802,-2.365638607863179,-1.7140474930061882,-1.0533643240427948,-1.0654944574117284
C00268,0.7313339320143956,-0.4059772261085146,-1.7609260628158172,1.798337249333174,1.5500887129164214,-1.160818358189723,-0.030364541110256736,1.0317944867430446,0.8532956301064356,-1.5948685168233798,0.009775757976680672,1.555356659536833,-0.6944233322789266,1.0758063345176785,-0.6004294381316904,0.6387100608557582,0.785502269705291,0.14996711194877227,0.2256994910800884
C00269,0.07646274588931917,-0.9034593328906243,-1.1418590163029574,-1.461663493979957,-1.1792146615079702,-0.8910575123553657,2.3773128106911927,0.16565641135132497,0.4131177242842664,-0.3309276578635874,0.16499792323239434,1.643762992337268,-1.3243155651405571,-0.32540894112072277,-1.2871077714317223,0.47636777893988463,-0.6801589865709893,0.1705566051588153,0.6199275728862661
C00270,1.1655939216186673,-0.7108589166491658,1.258692950849846,-1.588325912668435,0.40195522665353567,-2.050736701509706,-0.30843530591556645,1.8620423208203047,-0.332818922905142,1.4613728409508309,-0.2778967526728206,-0.47167706485031435,0.26273981045951156,1.2959179179253513,0.8312087437562916,0.49990388446046313,-0.19750414830964044,0.7371787547353043,0.15996176130376746
C00271,3.2899384168440267,1.287993979709076,6.531549507616414,0.7169206344494268,1.4239334703759914,-1.3856123549641592,1.0838875947053401,0.5685042970579889,1.1013505969441044,-1.185712433464443,-0.15747810130503767,1.2311176894792046,-0.008071532168753968,0.6886107781555131,-0.8774432701131543,2.343502293690475,0.20810697944999362,1.683814759343967,-0.6200870155150408
C00272,0.5012503337162765,0.615041190700991,-0.585306392806337,-0.7980104868915686,-0.4625884173057387,1.1120158879890971,-1.664308992750321,-3.0353652053019244,-0.7601384035142836,0.5852140369564673,-1.8455356555866869,0.6254979623600272,-1.0811321451613092,1.0365712115359214,-1.4679631150880306,1.1359661269908568,1.0380899999504645,-0.8146301386656042,-0.6976330995225724
C00273,-0.031115412748694428,3.75570092827946,-1.0797950002433325,1.891899848113528,-2.2141880970570367,1.203485572463215,-0.4769979212348983,-1.1124743701945365,-1.233137223981739,1.8957022487811657,0.10756898787175052,-0.9810757801415753,-1.093978845097643,0.21831807101521694,1.5699184013568732,-0.4495922136153678,0.011123423819023875,-2.0074238959031967,0.8275266903247744
C00274,0.36646544563179073,-1.6576216211057393,-1.6295424122709918,1.9435143799180674,0.3584856329530501,0.6513306368603397,-2.174921238678743,0.6973009090329175,1.030619401829755,1.2982279215073567,-0.12357365764325322,-0.2705581789739387,-0.3545810078793013,-0.6985938798652022,0.9903349074446223,-0.08248039566775281,-0.2527799833999317,0.4641480056164565,0.3900273408496986
C00275,-2.1327381289133576,5.968033136707569,-0.06971565234882424,-1.9524998226904924,4.557502772223336,1.0153145246979385,0.3469571813082745,-2.203590679639046,3.1988789756603726,-0.35310166840221424,-0.8058999345023807,-0.30362349731686716,-0.6267757988336765,1.9136222644970409,-0.5679812304503368,-2.044634464362271,-0.9390712571090349,-0.041323272198332345,0.08908879100165537
C00276,1.0665192193459614,2.0790351510289184,-0.7511216742664619,-0.5646020877246837,-2.111428181053745,-1.8035790445745619,-0.8979020980239215,-0.3633279492507592,1.031867635710313,0.3336518126635324,-0.14466822912745528,-0.27028895788572227,-0.8684887226415678,1.6165141226295772,0.1453446292386575,0.6011795428036939,0.12702845048440667,-1.012137776665897,-1.3693896891899662
C00277,2.743710022853656,-0.3115656124012566,0.48609913775413643,-1.5116417442844343,0.7625941263283347,1.3352581281278508,-0.20953495120922563,0.7538784494740299,-0.6050696569256055,-1.1192253718921794,-0.44580423829715576,-0.028869210931869043,-1.448504886126338,-0.7448850545997119,0.4913222042819608,-1.4786964527340505,0.38837011908097085,-0.06383853192086861,0.43324860577914526
C00278,0.9294778788477279,0.646881515940026,-0.8243724580086336,-0.7515637454465284,0.6930809090820121,1.4325928437524176,0.13417809247110937,0.9274348886555762,0.20027228141790496,-0.5727671725373753,1.021501166048617,-0.12439324375275747,-0.2037551811188606,0.14762474703756434,-0.9836937774545403,-1.054894139943919,-0.5026792957842371,-0.8684532917298144,-1.1782360131235956
C00279,2.5193051775287354,0.5823045141895423,1.303160205532144,-1.4287745906032374,0.7072365545550929,1.3042709014393314,-0.19865828140830433,0.28642368319121,-0.5599708453250836,-0.645750793220356,0.2373152034986992,-0.3942980717905396,-0.9329348093840155,-0.03730445176771934,0.3902689282407898,0.18529298081108223,0.17502480539874715,0.5199307728827555,0.8784036092260066
C00280,-3.3741376169381936,-3.791612531215595,-1.1657550607281184,2.005376446209107,0.08239004330996905,2.144779841606721,2.6167542073704886,-0.46613789632708125,-1.3447929831069594,1.316148421255487,-0.48357125072676194,0.463961940937273,-0.6894391870202652,-0.9465128975668506,0.5351325284976777,2.2381891188514444,0.2731815726859954,-1.037436165244545,-0.2149959225650012
C00281,-1.9948784350222588,1.27080372569315,2.884427323523596,-0.6398333626269366,-3.1598275390769595,1.025568023049107,-1.6150527425208443,-0.7457916654099976,1.4901148341764214,0.8185141261847126,0.2349352969127826,1.9673204970313185,-0.22690021840274643,2.6873611659104664,-0.6606017736603899,-1.851912860805994,0.6005173854854425,-1.0404864189959502,0.9539598901779758
C00282,0.7049915596639645,1.2531198775689765,-1.2611665703770818,1.2565799271297386,1.0485017007477182,1.727584151451909,0.37613939461496204,0.08860887431119323,-3.1802460187740618,0.17930142046000205,-0.3261715962497515,-0.25871910732766795,0.4628689741325754,2.0325515944679555,0.4551666565155689,-0.8773494386025144,0.3341429218968921,-0.4508235704449599,0.38453667429320204
C00283,0.9810609447553708,0.0703100951271985,-0.3268226627410209,-1.4446963746750905,-1.8224673939934484,-1.6319321697542648,-0.8882216678847724,-0.34390205336706053,0.22192557251230036,-0.9226963468505646,-1.5055298833986854,0.41709726953639265,-1.0815521513224642,0.8270889944183785,-0.20975039717230023,-1.6741693238753785,1.1341071730406127,-1.1253230502921896,-0.08168944826210876
C00284,-8.206505237062274,7.671238876241489,-0.1183129809953737,0.992516808666401,-1.804837874459575,2.3271995616772463,3.560574662683345,3.416189996304751,-3.891458385781629,-0.6243546959895648,-2.159857182039414,0.9811197121228246,1.3785234872617524,0.15253828906084788,-0.9603826847310752,-1.2576335688806495,-3.6280342495254008,-0.1464462518617042,0.7432496455714147
C00285,0.49668036012460376,-1.504009311067451,-1.0784383664441164,-0.5232141381269939,-1.2139199979889286,-0.9842918806075872,1.334708337849376,0.8678081648184484,0.6132937190938219,-0.5462789765621195,0.4866178512082009,1.3342256013999867,0.16764107207357493,-0.7743896624095643,-0.14351481855736964,1.3740846264891793,-0.12590428974502296,-0.4047593149353026,-0.5353741199280864
C00286,-4.044803949620806,-2.611242615396582,0.12121782213678681,-1.1930545699499457,-1.3104154898551266,-0.9209763439750562,1.320223691706513,1.3120751354318734,0.7263393319919668,-0.8174796355474842,0.9465902730130595,1.660157310777799,1.3183350342273277,-0.45751173308814574,-0.20846542719056751,-0.1842102159994871,0.33972041116791113,-1.8929269652644405,0.3270744419168611
C00287,1.3135251004053945,-0.6968027416917013,-1.0150995242214877,-0.9778036067963386,0.48125823438113174,0.8149210130861579,0.09741659883650337,0.6682618344493936,0.5697901731723218,1.2445255623274352,-1.4823904944260982,-1.8489753003873033,1.5640496538735504,-0.4281120191636058,0.11873885072048157,-0.838964194432423,-1.103783297268124,-0.05909015005928378,-0.9380593213197328
C00288,1.5330462918524546,0.9329125992300736,0.18524563536321212,-0.11960758746095394,-3.175372180633328,1.0081614266636596,-1.289944769957504,0.3348111454103273,1.3767898508886875,0.2940911467435169,0.8333295758060311,-0.3972431182156999,1.2439628308248976,-0.776459005190355,-1.253584390478818,-0.2108920791770785,-0.17325677757965213,-0.9594594819686404,-0.7750903343869918
C00289,1.0450149366873318,-2.3266082523404066,1.600198216927663,0.07225717241827864,-1.4708343427047825,-0.7890578902927208,1.2108509958332987,-0.007900344815703998,-0.3699899322037831,-1.6393646242531568,-0.6533789265716627,1.965969538763732,-0.7566516678535689,0.15046621445581596,-0.9740580722476726,0.5285159816101478,-0.12314598271354599,0.47858619121395524,-0.32012334042969043
C00290,0.9441537548648469,0.10570646870988362,-0.9316265949159173,-0.7278491074588576,0.1750119859808327,1.5075203032683737,-0.601541989532285,0.3782042305801733,0.24014641540055556,-0.3904028300541966,1.1915281353255183,1.1449115779000436,-1.0198896598503697,0.3767700093730595,0.4997860314268269,1.3472959105862459,-0.567918995463754,-0.42831357377291907,0.3660916719797375
C00291,-0.23767212962980597,-1.6100493528611077,0.12272043267916205,-0.3060780852597662,-0.8939937757751351,-0.7743017926370948,2.9670447479610513,-0.21985943146463643,-0.7246127521099519,-0.48393922446022486,-0.5354868192296725,-0.3970800333661254,0.2471252962829648,0.04710560357319607,-0.8420138520371999,-1.7105859748715382,-0.34548852585369083,-0.6134046720762948,-1.2330951284139402
C00292,2.505296199274264,-0.02454931892552495,-1.823571352101117,1.7727006403107608,0.7275612430562332,-1.3630214595230055,-0.3720998604050208,-0.015529297670934777,-1.0566076392338513,-1.3545926232824237,-0.3818082974303393,0.250637167479286,-0.5131970563940302,-0.7123177199377082,0.6981293223464086,0.14274852951006686,0.12706769500353776,-0.3975412149651762,0.2592141485202273
C00293,-0.23929302132383393,-1.6957340513877242,-0.8459580178783578,-1.609391779520977,-0.05255981510165854,-1.9248110606013038,0.2651091684226114,0.3339697300704323,0.5572984644862518,1.2707471141210478,0.016840628059138264,-1.0111559368297318,0.9689887970515856,0.07171951015319114,1.2244728346235578,-0.7644747646950274,-0.28633760123776836,-0.7609208282624789,0.22117103604523466
C00294,0.5323127553858167,-1.1777930192289279,-1.1132708239115554,-1.4774923145761036,-0.7342205330103507,-2.194316565947185,-1.030268629758316,0.6435717960040529,0.8750375921865241,1.042850069250602,0.2089364238396515,0.6646190477646637,-0.5793508447980208,-1.2943775693222854,0.14305032211711652,0.13983865746628496,-1.4576908956186658,-0.24046879658047945,1.0379089180053602
C00295,-1.3069950173884928,1.1481020853736796,-2.2328649511149394,1.8787978647947103,-2.2125661890921573,-1.3195517611744834,0.9565178553012552,-0.3410481293415003,-0.302707237167935,3.0405423212260034,0.4301424344345149,2.5434239865898736,-0.25150940120168663,0.7926432386768382,0.5881053582076132,-0.23793770679443596,2.3348454900162707,0.5343658714169998,1.1456792069627368
C00296,-6.883242792055854,6.507386722903025,-0.06890226755020411,-1.799443653175262,0.17017871619009378,-2.136989220049105,-2.2380265065418157,3.638264408103695,1.2462168948055432,-2.9277964004431607,1.4017568763946624,-0.5830908243341397,-1.665625207772669,-1.2914842510952773,1.0901978582076566,-0.4932866653363061,-0.3483059572184087,0.00824247531356411,0.09006592305892827
C00297,1.1368027931485905,-1.3517504820368371,-0.0349800807373241,-0.6987651626615128,1.3968437958270914,-1.2330173277983265,-0.042864503331265714,0.9600116249318424,-1.320122281786626,-1.450469197545455,-0.057660377032239175,0.4003528236971234,-0.7404190394781808,0.8619801884955248,-0.6342918836076789,-0.30615485187250663,0.8641180777933326,0.174545784441179,-0.8125387229237679
C00298,-0.3409192522893371,-2.8740355577451426,0.18511045345851776,-1.667567834177556,1.5906383873169263,0.6727884862585024,-0.7125252077937431,0.3417818868698366,0.08500853998486162,1.4031915391918428,-1.4849974415951568,-1.4931271215189459,0.032590333258138635,0.1320671222718681,-0.9995595390048858,-0.6276305021527772,0.1439835094744459,0.14053001138301038,0.5719376443199515
C00299,1.3078170962695241,1.550292792266354,-1.2780384265485911,-1.8396147442627917,0.042476984069568215,-1.3034573000264247,1.7327998788610541,0.7425413405654481,-0.6884175564278839,0.40656027020351443,1.1544768379191783,0.19854375513421563,-0.8944644418041494,0.787450632444292,-0.7277932043037784,-0.5367145764355473,0.038095722022054086,-0.00015101250677424403,0.673506041120217
C00300,-1.8150958389063874,-4.131141748415597,-0.8556094346514149,-0.25367224657088266,-1.3968101819452257,-1.10070109155639,-0.32225077372936856,-1.2099944679793497,-0.49475583310473237,-1.4482467403285004,0.4306444880205604,0.35983853066695726,-1.3713875045662285,-0.14566097724746654,1.1912154720149577,1.9397536002163096,-0.7185505718146045,-0.2630758092078747,-1.2376241433840358
C00301,1.2566254480830479,-0.6255394133001083,-1.9678785726049353,1.9245734923695794,-1.3334798071754141,-1.8493850211181306,-0.5620097487407911,1.1861460621886684,-1.0448586219821325,1.7510884469024066,1.1253011162024926,-1.0370198385155989,0.47733295280502724,-0.49733997289340304,1.4127600331853944,-0.2471605624488018,-1.1083658201102817,0.8569163991785628,0.8397741270392471
C00302,-0.5282681348834428,-1.7640982935869507,-1.1572364491140414,1.9574662839163874,-0.7087423560094218,1.9621668735469842,1.2115684947041616,1.3561527320832165,0.044479511588029375,-1.4256423340166176,-1.2291252271200939,-0.6769998600853517,-0.6602613163893233,0.7740337197698434,-1.4794286418409188,-1.1531572713338838,-0.8603523610596514,-0.6716734825105936,-0.3350318875762743
C00303,1.2111135687746446,-0.8297583685461476,1.2975921985313967,2.4039273672470904,1.4955837438316495,1.4316505373807396,-1.1461000927010139,-0.0030426722552016677,-0.3383746625858335,-1.8131846583952165,-0.6220125464768519,0.565363742940422,-0.45724566507192116,-0.6037621443830953,0.9830049570852292,-0.8191711124513972,0.16788329621181472,-0.5488232732903487,-0.0018440046666305984
C00304,1.405266245008641,1.8856370582692499,-0.3488636742723433,2.0370556975999063,0.21173391920690185,1.3279323096111373,-0.5208173054375679,0.8520968982532827,-0.26273284387985396,0.6044470971728501,1.9812920102198341,0.6999656569050559,0.869675693177162,0.6084223406136029,-0.6780739011399991,-1.1955709088598416,-0.4162478603681888,-0.17863077578435163,-0.020001833083662164
C00305,-0.33724467338403163,-0.425638906755966,-1.707478149326089,1.9024418911003076,2.401727637637784,-1.481978868985352,0.3513913378184874,0.617115660103895,0.6202609217194847,-0.6043827958576208,0.45898006471062064,-1.2322089304300785,-0.5905935545437576,0.17063505504469687,-1.5073475159428347,-0.3075480507769776,1.1350480757036847,0.32930391838573553,-0.10797435406120938
C00306,-1.0895475152689194,-1.7235873750635424,-1.54165023731743,1.6604015860965342,1.3846105398932902,1.6482886844599882,-0.09535108007927486,1.7566600147490008,-1.0363207461127928,-0.6742392516882099,0.11860297310431187,-0.06584298330717892,-0.7936445186906039,-0.7116849397470476,0.8764535909241649,1.10012929937195,1.4270454648659792,-0.28945752318024914,0.3078662965645636
C00307,1.6311030876944346,1.631666230967376,-0.23220919650916008,-0.7503384113783145,0.480313832964437,-1.4345547610199696,0.07509009943845242,-0.6700822153778945,-1.8295966309320568,-0.48834103796796297,0.371408902927616,-0.03520312301329287,0.03828245167837526,0.38757352683706836,0.8191550451235297,-1.3523687635713841,-0.2905615649736844,-0.06646393524842871,-0.4446260135907083
C00308,-3.1351171920010663,1.187237425600058,-1.9518656581647957,-0.711479709482506,-0.38273491463256626,0.48988973382186135,-0.817708928264378,0.25357385280967604,1.3987437159666145,3.1559918178172484,3.06938703966232,-2.5085850051423457,1.5945113854313822,-1.155578987846433,0.8917121031385504,-0.8422932098324536,-0.592384945408406,1.3038633687930414,-0.18182690928605047
C00309,1.1646269315128661,-0.5379400220105851,0.47753224738512823,-1.489994613795069,0.6683838773615137,-1.4027704905523033,-0.06744820147775708,0.12340721710469096,-1.5646448302086462,-0.6413652134376037,0.8386413946374051,0.9989963947323679,0.5835028865834712,-0.01936744205246261,-1.226295122635427,-0.5139914765353679,0.2947158172720286,-0.5683104204771611,0.9824880789705489
C00310,-0.17190765768001404,-1.8709918991734193,-0.8069699180832408,-1.0920623210921867,-2.0872987835797,-1.1325074288784132,-0.11808407836236696,-0.23374331061472312,2.4541862398773495,-1.9440305372809041,0.9088037613274174,1.402432226122303,0.33544239496041295,-0.30766400472768585,1.2597021867659643,0.6370695426610812,-0.6189993561196987,-0.456094298232831,0.7848430078996572
C00311,0.8301226333932812,-0.9324574655261706,-1.2047601592987267,-0.6618336448879831,-1.0388575263672553,1.9970258959328548,1.3663585432460916,0.5303798824675494,1.0262023785011685,-0.8800897898090121,0.3700957025321437,0.4352057906101836,0.358001746860823,-0.634137194825745,1.4556290375240362,0.8810036183976431,-0.294053941754966,0.6706625107754625,-0.8617137548627022
C00313,2.227723344931954,1.416953399842663,0.5790705589421427,1.8731928099840869,0.7118399756573903,1.143186493228761,-1.9667033195097827,0.1910243350773499,-1.6205969469898136,0.4668476508150269,0.4466983732852004,2.388135993499756,0.4491606614719432,-0.25976108292830924,1.9331994203928977,0.7402068187259294,-0.1095731909246398,0.3875231870488134,0.5645332099439717
C00314,2.5744746997436145,1.053316644592891,0.5705063755862051,-0.4771406536822249,0.5204117883300388,-1.534266060299434,-0.6920470643027281,-0.3152511614064609,-0.9969427998504025,-1.4222864400123378,0.03776309763509059,-0.22140922604955493,-0.44759828567396104,-0.14674293149123763,0.1147756410362805,-0.10916272658483064,-0.24911031414695237,1.405417345035144,0.0037734735912332536
C00315,-3.591778405682249,-3.8061162906504133,-1.972542137782374,-0.6936314654232448,-0.845501621833249,-1.3518045736416107,-0.2480531370308718,-0.9078863297188302,-0.5676337752147806,-0.9347970658662029,0.6220278005866626,-0.16763453722857347,0.4062892885493285,-0.6186921814406904,-0.07965576988750764,1.9758832182310264,0.8008413108057187,1.142280162595927,-2.0295804082935036
C00316,2.3655338457950448,1.6555336841314399,2.212486845513554,-1.5832739343001792,2.503824498893077,1.117256087364999,-0.06032835373063244,0.15587105046282973,-0.9691534322236314,-0.45074643872625875,0.0008908708820964855,-1.8823799518482558,0.6111777211019598,-0.5661314205465734,1.1117999600645028,0.34666338183514345,0.10461222971581717,0.8499593408014529,0.3646890840719329
C00317,0.8727196133052089,0.10365994095964488,-1.1697176321546623,1.758643257852023,1.304374833681471,1.232071033957649,-1.2772537865325273,-0.17800253950727235,-0.275051880348021,-0.502308345920855,0.08790279754723437,-1.0337953948094962,-0.9531940934860083,1.3644692643025715,-0.3763056113087366,0.8728667281105835,-0.3889207659186571,-1.3555235659449976,0.2381776161902412
C00318,0.25551608591601,-1.9500759953199664,-0.49431252836380335,-1.9796632404646364,1.1634455101952486,0.6427022871239871,-1.183787562427441,0.7611998141650987,-0.13679167783255852,1.1296877137110528,-2.30451544492662,0.3932838205930965,0.18063673069661526,-0.8309524652295619,-0.453209184290569,-0.5291804058013477,-0.20209739147588104,-0.446478030862898,1.134002406743222
C00319,1.2496978778785484,0.7436181318008104,-1.2829497955617337,1.797806092733348,-1.7139379206503758,1.140046565373447,-2.2931752646210852,0.6106199848488263,1.1252509552020535,-0.5179931460209073,-1.3445804289721635,1.1832863905000652,-0.5467926786713218,0.9198775097996137,0.8266561720777363,1.74126883021493,0.7648684827638041,-1.3246600937333142,-0.23111350988996374
C00320,-0.04164401530343775,-1.7894336979665564,-1.4011313134177177,1.7140806705160083,2.0532881953192312,-1.8397237759210565,0.4432811038941713,1.5768407981615764,0.7499033483952471,0.8717191211793173,-1.9947164185030892,-1.5413685709893747,-0.3296573599614822,0.3270811266231719,-0.15969075912392003,0.13996088253665587,-0.024283748654817344,0.507106863679172,0.22061274297891123
C00321,0.18217700386070929,-2.632859163812604,0.3825191605956027,-0.7783024705948712,0.5118120257221394,0.9690030513141608,-1.3936842173973258,0.4693200185494789,-0.6060340495624955,0.31173247604147736,-1.3806155638369546,-1.8387863584310893,0.5039259874827275,2.428437623197863,0.2699493028214946,-0.17021596540411515,-0.5509756741543093,0.1951606813058372,-0.7741542587409198
C00322,0.03457938557962592,-1.9234752088087308,0.7339781772961969,2.8597670646386413,-0.8077731689752544,-1.0630678106208358,1.602429664833571,-1.7548556545427192,-0.8989588896917861,-0.17409720048756197,-0.5282078307470023,0.8121528861964166,-2.200998173117777,-1.6063651200393738,1.2228502773199232,-0.948198482693762,-1.0979298627355754,-1.4716240532828149,-0.7448343522936969
C00323,-2.288719313426368,-1.6644616909079162,-0.010939468723084858,-1.5785162782139286,0.9616248448799325,-2.1249217548902193,-1.1777784972952166,1.218561743200596,0.44580331030928855,0.9098644172730622,-0.43314710492541997,0.35439371360199406,-0.9798820124205165,-0.028593620985636534,-0.1937834634119212,0.7577806851242649,-0.777639832616846,-1.897928836383124,1.3595824146273663
C00324,-2.0700629692260657,-1.8885531635867847,-2.121023890031457,1.8668816529264753,-0.08908715057600723,-0.8567108902829327,3.264537464160996,0.5498935760584523,-0.8677772584093391,1.408735470821668,0.7122569788316447,-0.8840910195875753,-0.7725615146077977,-0.43679920325187027,0.3049380939118026,1.0008604584209404,1.9998712166037962,-0.6443981223573314,-0.7396584486041072
C00325,2.137649631080173,1.2315810100996765,-0.28277811315290025,2.337159420670844,-1.2582102682078096,-1.5920513224553565,-0.28941339048174436,-2.1833264922026276,-0.6592961987755284,-0.32745316625964355,-2.243713671842509,-1.3428092822440778,-1.5019909013557229,-0.5425781553157886,0.6951971904481132,-0.7539764458087415,0.8013095238041975,-0.848191875708863,0.7916033699423785
C00326,1.0765972944700857,5.835411056103665,-1.5099198511975949,1.4691389840601674,-0.01112884916003043,1.0105528967861015,0.1051175815360443,-1.193836734829544,0.7944109313251875,1.448866598151614,-1.5739771460341012,0.28871707851837963,0.8745980236758912,-1.5534466166103045,0.6101220634748743,1.4470762136195938,-0.6818529371954765,-1.813745124154122,-0.10275791231797553
C00327,-2.386213530573744,-1.802963786491301,-0.8599641379724755,-0.2754980102087893,-0.010490332712543304,1.6255260200529882,-0.6595051975725564,-2.3287865426192016,2.2087891069652894,-1.1677685642359719,0.395505940981474,1.7677854273896005,0.5956861637014869,-0.06254296103192221,-0.40808232117671234,-0.9515466589429227,0.6866320727525935,0.8530202516262078,-1.5120437374961542
C00328,2.166177583708614,2.259179946216581,-1.6881398727183639,1.2466196452052158,1.2780977788655379,-1.2247815702997007,-0.14119112408889803,0.9083791037576464,-1.489815372908515,-1.0271591431260645,-0.6209396340291344,1.8239401285709504,0.2337465208350902,0.9519696803610512,2.087134895208641,0.7469961204165118,-0.35971041610159127,0.25593582465427744,0.3162556418747412
C00329,1.6894485671868575,-2.0574478626902892,1.2033663527359213,-1.5179313614563956,-0.5153212194822898,0.7916783137661018,-1.427381777220471,1.1290096478060443,-1.3586192065514453,1.0265133980321386,-0.876984679666712,-0.06170624987483654,0.2163778159920822,-0.14887740133170677,0.6330174025366251,-0.5461505196691471,-0.35611313231324476,1.3153612582787082,0.6607714363864329
C00330,0.007768781925526026,1.208641050617571,-1.0598896115318637,1.9595558243095395,1.806665328304117,-1.577069827041879,-0.3665442054999324,0.5193815453616277,0.16962531159105892,-0.0018226731032140381,0.5764204508921971,1.418599609277764,-1.5970375374306331,0.5187376387272687,-0.5188452705128808,-0.9628660506181725,-0.23355469799624295,-0.4714385649549117,-0.4295321973128602
C00331,2.4494355442991047,2.8836093881953695,3.175323094177966,0.023977988807914595,-1.1042587576108311,-1.947044637025193,-0.056815872624777816,-0.514601066131732,0.4070049938963942,1.0100315754062739,-1.003991739349252,-0.4989076930886469,-0.6001720847437139,-0.09437608521003386,0.6131311271655295,2.3626473996090147,0.5984702065336025,0.6048997955701213,-0.909321402423485
C00332,-2.56497639787699,-2.424775566245761,-1.3195232226575857,1.5673922093346355,1.1732355128657452,1.136378872616679,-0.539189136234266,0.5928156241906761,-0.9236511000482557,1.7463612563269375,-1.3095692362341385,0.3087782130123644,0.26101555194305104,0.3926376654871021,1.6950336652660443,0.13113401995629925,1.3918616882289045,0.20274426609285798,-0.0446706663891448
C00333,-0.6024719420728727,-2.9044267406492783,2.72283840413528,-0.5588045954831738,0.05862846874959105,-2.0528717723419763,0.30013556705977507,-0.2624718277510453,0.7616959652159926,0.9080462762713981,-1.0551437963936732,-1.7339512272013355,-1.1872790867303857,-0.2536126874370307,-1.3722531358394483,-0.24779735838879677,-0.40653002584556025,0.6578755442830266,1.255805794428019
C00334,-0.47664549262593353,2.4649400085837883,-0.9887665095453853,-1.484542780131093,1.349745156560934,-1.5312032814895356,1.8742825050388512,-0.7834733049851929,1.1320578019507803,0.8205419808294836,2.264335756398192,-2.156331065299115,-1.5560309596216464,0.30628625350120914,1.3796000521191678,-0.9241973923748871,0.36194990761132056,-0.40063033746615073,0.20310249863666674
C00335,1.9872563185973853,0.7875899245910946,-1.4667022609836935,1.9908533493506417,-0.8246473868832253,-1.8115596821855615,-1.5618967824853645,-0.8886788600399029,0.7654295671761101,-0.5498614445004097,-1.5638029122000323,-0.3700273044590644,-0.24221846305679004,0.09096341423373412,-1.0574024803687672,0.9921263011741002,0.7429097793536631,-1.4220728205730182,0.10457732467479797
C00336,1.911107808286571,2.2877711443087416,1.1691291660871022,-0.7199012557462049,1.470013754267348,-1.7057326031761053,-0.5126936349122238,0.1808095565480286,-1.8763320602841231,0.3083945825138775,1.2143986176409085,1.4469862899316102,0.991902566612993,0.23705900649468778,-1.4423918769169388,1.0541725617856603,-1.3588434905905635,0.19176936789175805,-0.9992817413256082
C00337,2.2710294293952042,0.16446403895322198,-1.2955751658560553,1.974779393666353,0.34275450675668917,-1.1818063313980973,0.23420134253788188,0.7109701996461114,-1.0629493113456265,-0.8167302374861758,0.5226756360059439,0.42782173157205955,-0.44308943454647026,-0.6169886942468602,1.7001964642267782,-1.131646176591743,0.8328932680941765,0.5961612061611345,0.6367345679381691
C00338,-0.47114720771941965,-1.79902861215418,-0.7820645699091867,-0.9823880460655353,0.3983948538398161,0.8124343965471686,-0.9663199211044108,0.5617101685885849,0.07199610182259988,1.5263642751382436,-0.39970875992089033,-1.3050488528851107,1.648261312659521,1.8610396820431683,-1.2266857804216051,0.06459436099649002,-0.5571642961687547,-0.2232072764273655,-0.9114957707848217
C00339,-1.6640647077371042,-2.1791252674375867,-0.9348862586545614,1.5379762898922666,1.244991561018586,0.8269884421011038,-1.0867728747397074,1.7447512799131122,-0.5976158573523325,2.460500444302359,-0.545687019185268,-0.28036571431681717,0.33496052659794806,1.454646851718081,1.3790387052372666,0.3056394737052739,-0.03259205754755528,-0.6013990777655106,-0.5268756544188372
C00340,-0.5912808592420514,-3.0623660853191077,-0.5420523822345354,-0.6089831215824318,-0.7170485031547763,1.6721307933001635,-0.8309611693173453,0.6122699120292054,0.6580467985596086,-0.9828056522921661,-0.0020665695788711514,1.7047254666527634,-0.46776377362821026,0.8945602742508362,0.4323301641133315,1.2626086568317363,0.09941598124104928,-0.21620411393530253,-0.9308389079198716
C00341,0.16021648969522115,2.369327347105196,-1.7456068577578703,-2.166147805728036,2.596598150759515,-1.4014660002538042,2.34537323047514,-0.6037813671985273,-0.22523633828296635,0.8086651711665533,1.5473521153234886,-1.362270169122012,2.2805031593317184,-0.4034433959141948,-0.567437564069964,-0.2331643932439231,0.9920639822421632,0.38445063469354784,0.098083139063601
C00342,-1.839298120246585,1.5592893781135018,-1.6528190167140084,1.9466969849229405,-1.3487064457883853,2.1144134956631326,2.7215790728071694,-1.1569628222315358,-0.3670758995297627,1.9048064069134074,1.0623211324840007,1.1455176320006837,-0.2619239385854457,1.321059288884447,0.5322073513279796,-1.5083081507516898,-0.3382001647453117,0.5109279120569971,0.050495282090411334
C00343,0.8675133145720307,-0.8056386380300786,-0.18714264598302557,-0.6287788768189787,-0.12660682506891216,-1.8358775040678699,0.09352952513133668,1.8724153670574524,0.3453898942710219,1.4792831148595325,-0.13282764120315388,1.155231682798977,0.5204437988886713,-0.007493656275618817,-0.22071960267092813,0.1933733798397618,-0.47191777804209356,0.3885768230134086,-0.29581246416492596
C00344,-14.186782258406877,1.9880706384253906,1.4360662693508188,-1.4888004993525923,2.4468015099350757,2.5985806012494437,4.215168204980002,2.916453566955883,-3.9139169244083787,0.20070113224714312,-3.8791183563378904,6.828061478980031,1.0183753359151708,-3.3018983469477794,0.35470609398486064,-0.9754472077959772,-0.5881121072465123,-0.5767205089709693,-0.9890599637991739
C00345,2.7110261145734893,1.6337446291555067,2.830576371286725,-0.9306875684992254,-1.3301796578802663,-1.6582963653212166,0.8517533363300972,-0.24265724267832525,0.6524960684820466,0.1572841370934253,-0.8217538421617177,-0.6362396597477963,1.599567080813784,-1.1621028065571384,1.223069928369084,0.9739248713334971,1.8324862206277768,0.40539119879357083,0.2960787991568783
C00346,-10.331757379196361,3.179811370093649,0.4537565073803919,-2.3191795096777184,-1.2531081150028909,1.48387550024404,-1.2712217474181844,-0.8383553467154841,-4.770613864213195,-1.9934057183251355,-1.1429734428194605,-1.6371721834059998,0.7915008661307215,0.6253233153795104,1.3903672076939992,0.35822545203700307,-0.5107797442223901,0.0320898051377718,0.33104196532033425
C00347,2.2477527054858526,3.364953925398727,-1.6925772123707048,1.6334806872362717,1.1864333119124704,1.2922718405915299,-0.07540996621268566,0.4708847056735417,1.2945308961505582,-0.515095201338257,0.03662395131465892,0.15708478149446634,-1.2703289498730201,0.6070076134599874,-1.0400751301725126,1.6213666137323943,-1.766762283384378,-0.4783844094574622,0.3596874279401039
C00348,-1.1317831797279996,-2.50712524002777,-1.1660002909454554,-1.516000099667309,-1.8087043572318255,-1.2238708370192883,-0.04704285833867571,-1.0259464431147247,-0.7487283664726176,-0.7764736101274753,0.5666464690397709,1.710043103520902,0.21900319055973186,-0.28335077787218327,0.9450582336085226,0.6488929840162647,-0.14312708899606302,0.08567671825086098,-0.26460586325089375
C00349,0.4695450977465791,-2.1876256567946384,1.8349126400361935,2.8062797338734806,0.7716501057872575,-2.1324689824693883,-0.3327743277756192,0.9554427337149138,-0.11680794900706304,2.0486902021255964,0.3772971248822763,-0.5401357722735693,0.5185381520011071,-1.854466625870219,-0.886736587440166,0.1486753918084949,-0.05044867392831127,0.5304258427521769,0.04404406889132733
C00350,0.4364662668477596,-0.3033610821423291,0.7197750159890001,-0.4224923966726224,0.14713539594811328,-0.7184378952521191,4.104384563226122,0.3854120043398533,-0.3476445237592057,0.5239600112158461,-0.7812291323148063,-0.6457078191909061,-0.11688688726166889,0.5491699666542683,-0.9823812480713163,-0.6993874094414971,0.3709300166807791,-0.013707018185699223,-0.5478452937728551
C00351,2.7536985083074548,-0.17936932486745644,2.8894371012517612,-0.3903843241434802,0.18042027944865952,1.3456253033065404,-0.6060542681096864,1.2024039105378164,-2.1707525274401,-0.6699406566716438,-0.3145657166243435,0.4552447083080575,0.5166586946897275,0.8274563689839053,-1.3884481388966365,0.1932434308884568,0.0002461397716716063,1.1836310055863113,-1.0909553548342554
C00352,-6.025142254254041,6.61625393113858,-0.6447582928002588,-1.4094156126745374,-5.429943730016143,1.258783084983788,-1.3671402349664037,3.4371286946789192,-3.651588713647314,-0.6142073226400045,0.1261059137721404,-0.9280886905669535,0.6045523334832579,0.8750787642289013,0.1555930952368625,-0.15642828441336454,0.19210017786984507,0.16541313631629104,-0.4644508980438571
C00353,-1.0429476683312562,-1.5573780751259292,-0.5111231911161541,-0.2560222000565922,-0.17617621071123607,-1.0221772749282099,0.5579052083257788,-3.3993326461989466,0.3081258263560411,-2.40440818652069,-0.7936442486340499,-1.6194971561986415,0.30356661389753825,0.11592485854616526,1.1872944569812849,-0.7574607179367967,-1.4094452847941132,-0.5487397509864764,-1.4136557335281397
C00354,-2.790379827112232,1.941053911771332,-2.7684233476038944,1.6793442842959476,0.2549753972982993,2.199280906353447,2.0393295699372294,-1.7440664949500075,2.5903325993177604,-1.5641078220098252,-1.8346841150993884,2.520431121574642,-0.12769873716111374,0.06102657467111786,0.24739256131862403,-0.521776974690996,-0.4384746106464942,2.793434473164942,0.5659536232936933
C00355,-11.292929325806297,0.7896571620899877,-0.2632751524730788,-0.9700425228626917,1.944496700352596,-2.2513715875281473,-0.16999371041989011,4.7949678796968795,1.9305030608757114,-0.5220905116823208,-1.9852513536723622,-1.970792892268759,-0.2481128517459424,-1.592364266339898,-0.6909504759763703,-0.4642488997388041,0.34680995167849843,1.174022347595104,-0.6975691773971492
C00356,1.136345099637984,3.9998692128750974,1.3349911392165197,2.1202868143346034,1.0040613616719296,-1.491172330927416,0.4191671985765797,-0.13109303900465696,-1.5793535084775243,0.8628041237655816,1.0106591173382817,2.1544519920790037,1.1317550187319918,-1.3288527897413576,0.8345731596265842,1.8326285323322695,-0.08862778592930416,-0.09438193000252262,0.7031235852004919
C00357,2.0434638725964263,0.6784134037273771,-1.36246466807513,-1.9412624744565767,0.7474295965860256,1.2775773351890822,-0.03761885906690518,0.018531132458150704,0.34600497849460765,-0.47905926295328816,0.29379032849748177,0.10521736177706402,-1.086109202804586,0.659092648561072,-0.05756207292759464,-0.3297386036326563,0.127272585286063,-0.27559026245150664,-0.026757641461554016
C00358,2.161971608112066,0.34053367388995687,1.1640544082050057,-0.6745104421171528,1.8440820187390248,1.2211830793032152,-0.7986854243189607,0.08900536349861052,-1.3064002088450475,-0.7699201306385245,-0.7966561903395486,-0.35554626073248513,-1.0035056328358174,0.19071727287391993,-1.2202457633194679,0.054536908280019766,0.17992500405802483,0.9565149407801081,-0.4788876408147715
C00359,1.923062238648768,-0.3684969484852889,2.335295479256904,-1.1590984424395847,-2.349693804596544,1.3533944502977782,-0.19684726081288229,-0.12156074196559952,-0.9323137554771994,0.47571269527661764,-0.9428774108687192,-0.4221900647086611,0.15485816681974232,1.0431907292339717,0.7728097711314408,-0.019345160210135624,2.030245449038886,-0.3812427278133382,0.5360481623146378
C00360,-1.7958689469154938,-2.537105842630824,0.0008105029694767412,-1.6355130951023722,0.48617019657249533,0.4914046070074008,-2.823600557534954,1.297910532523449,1.6061363358881875,0.7491303962894809,-0.8666990034085342,2.2597878355352115,-0.7755351844795858,0.36679492334774805,0.21613943688532902,1.3664344891163163,-1.4640617699868148,-1.1910212322623754,0.5708268051518196
C00361,0.16449981547416295,0.24136179465592908,-1.355186386692502,1.4526356135550658,3.3678216144293955,1.3627564288714444,0.33253134538271945,0.6086463257162139,0.1787780226578816,0.2410040845981887,-0.22777902294080926,-0.5379815252041196,-0.6191365904595275,0.6392686629378245,0.24944542574660064,1.3194033059780457,0.5792437177408991,-1.2443979540028514,-0.6354316020403141
C00362,-0.785212299591327,-0.15163304758784973,-1.492971733024152,-0.5652954296691658,-0.8657512805211922,1.9024691557340472,2.06176468670888,-1.417960605405405,1.4503120515751085,-0.31762529012653035,-0.5428421297462267,1.0077062247984074,0.4455085420277048,-0.9906469269974644,-0.6978984486454554,-0.7957909575989295,-0.16318796866700455,1.317126178233837,-0.4268240127437528
C00363,-1.1800107734135876,-3.152801702197617,-0.2300024550212335,-0.7506425040567002,0.9221770828268755,0.6211206519575174,-2.4487832590883714,0.7723183557207998,0.3802726185838685,1.2015432524665384,-0.4221732023411498,0.6265841517597404,0.5823801046092947,1.0597014700694039,-0.7985897932425567,0.031087871086317435,-0.2624657674993593,-0.47820876598177325,-1.6703884924631731
C00364,-1.4310332930913277,-1.9161080676544473,3.182679495274331,0.7358007877185101,-1.7351335586173382,1.46905606893912,0.27948989867375484,-1.0104845470322907,1.9719842700663344,0.4519595357983235,2.297579505589378,-0.8293959280900985,1.0644616484051905,-0.4683604451506954,0.97138363477036,1.6673675517161994,-0.6543034363870518,0.6507732156371504,0.08649843433637036
C00365,-3.5145569062518334,0.019813526950959517,-2.591623875013047,1.8768457536881011,0.6101727867162332,-2.3355831616208076,-0.8089155457148572,-0.6934207436823254,1.8545712902023563,2.295392847654566,0.4845666969615665,-1.320725299881999,-0.8086627108731442,0.7348412812332885,1.4907912184916379,-0.07507922119592665,-0.1894010892851949,2.3538904544796684,-0.4502272755093422
C00366,-2.518168070287534,-3.53086014510057,-1.1553561785910555,2.0167732093694704,0.2744117268076609,-1.6470590104441898,-0.6810540085641593,0.6131786299136454,-1.1597059895416237,0.5333977933748094,-0.8217851905854153,-0.8329814656711031,-0.5833737878685183,0.659209409787439,-0.7278509274744086,0.7225448391910558,0.3800161694671932,0.057170144006626324,0.6207766215787169
C00367,2.2559168397568765,0.04759591791659888,2.1267424997206064,-1.1069192616050334,0.8555939134363739,1.3016330478327987,0.665412716950839,0.13948081253166517,-0.361474787862516,-0.057375527229161706,0.505871373008443,-1.4244813209352074,-1.167075886623775,-0.7795274469085515,1.3297744133953242,0.07617453669320824,0.5711975486927274,-0.321854885180588,0.7579495888485399
C00368,1.0094336970569353,0.6932913234952293,-1.2810120610519296,-1.8858315086714839,1.1822436300267887,1.2240237208217566,-1.272876665806109,-1.4724967889043976,-0.4177705596925713,-0.9150215441886034,0.7946139177098103,0.9494324298544032,0.4279927416244328,-0.8410612942547958,0.5001714136318266,-0.6037034558914214,0.06411707749830026,0.735336914451807,0.3611735099848187
C00369,2.200343774537195,1.0875330329960409,-0.11173605490495199,-1.7878173879383032,0.7612131434387595,1.2578895387689542,-0.048938652228161086,-0.07530575129313034,-0.9066309728529467,-0.20553929474363292,0.680542281885161,-0.4386108607518223,1.4612990059378057,-0.7579332293321486,-0.6461516648579521,-0.24916359910869632,-0.1864488790122532,-0.6090955776864009,0.9751143654827711
C00370,1.4889221238555206,-1.9032849117601949,2.728492963143282,-1.1606953302127394,0.4534618764193734,-2.033687822057096,-0.09343517453075727,0.8361573278590615,-0.6651247653141419,1.0353810075037602,-1.632007937060896,0.504434784506732,0.6777457261770433,0.09411215739318987,-0.9353985120608093,-0.05607017802823882,-0.5044213387777342,0.8825607040579497,0.8053406951479497
C00371,-5.30403470283295,-2.0154215456697044,-0.7916325375508623,-0.33021187536456126,-1.2896813125373736,-0.6575378522185604,2.3457671085977627,-0.31910272751757607,-0.6415190470383276,1.7618033566992553,1.521840322056173,4.696520025733832,-0.7177777732731188,-0.6869433363391847,0.660808530545821,0.47822314238554253,0.9259138193236305,0.5897634094108836,0.22663468944258724
C00372,-2.138250676880532,-2.521584373567033,-2.0560147603546217,-1.0731895482185965,-1.0523469707183668,-0.8914352166058828,0.9765862601483293,0.004648002633146753,-0.9115523611748776,-0.8632981623274336,-0.39018932161699,2.3367170638424453,0.22882681493485146,1.3009292500222556,-0.6416383826701438,1.7282231519426692,0.45896348056151975,1.2407398934026088,-1.5075144228059596
C00373,0.9728186979549857,-0.6145648830802769,1.177914033277691,-0.15473787442718862,0.7739204268883132,1.0093403877434919,-2.2641512780393773,0.5459280943418059,1.2715692036722481,-1.013066575836671,1.6276238896195294,0.9193657556083668,0.9746421309125818,-1.4129837136462298,0.9373134931472282,0.18307143037637189,0.6331087953150848,0.803942983239848,-0.9418213897001003
C00374,-2.2212688990715397,-2.3947271331440176,-0.31590164500824447,-1.9522279488802994,1.8058721892445242,-1.0946631591894487,0.058256200121326374,-0.6444681430713778,-2.3366492651240978,-1.2766960784725594,-0.4494211407537158,0.4983380965342832,0.3306050179427953,1.728527148443581,0.17673580923437468,0.7231939678911754,2.3327246478000685,-0.9221124481358279,0.5570951558549151
C00375,1.1174672403210109,3.540583771798676,1.1054487537659297,2.217948976592118,-0.21256890041172857,-1.7322501455154165,-0.2160644087551767,-0.5167186235924158,1.711058369347835,0.09598668550982281,-1.7709931679995836,-0.006748830926610741,0.20589196761435857,1.9519791460010165,0.04030498270230809,0.5439240187078028,1.0860531729377056,0.274719273679268,-0.28411884129909376
C00376,-2.3646777763959803,-2.3223256936678407,-1.3412716485107905,-0.7991261885745151,-0.7785896609723975,1.717236057709018,-0.4159764875887681,-0.6223818125740331,0.6461184734601252,-1.8764182567281833,-0.050153898087917155,-1.853274907167317,0.040945539432492635,1.9151123284285099,-0.46575434251828784,2.511388913953924,-0.21378214365354095,0.4342283570510584,-0.327389890568057
C00377,-15.66694136582926,-0.9564666722024383,0.6887326493850507,-2.327564496856643,1.1624325042506067,1.3905368922013097,-2.577629383497884,-4.128946939770494,-5.699564523768694,-2.550961025617721,-2.530448425461498,-2.5456706050329556,1.1616779832284037,1.322956044542175,0.5586261877836891,3.156393894514016,-0.6289710915353725,1.463718348320588,0.27068448088323127
C00378,2.146564271142724,1.1229840106619586,1.7670250436787391,-1.1161624378314152,1.1422531901639215,0.9170533595334991,-0.411572160511079,-0.22202904075858573,0.49916998554196085,0.15279589654151898,0.7602730767656201,-0.6695926033744417,-1.0744731955525895,-1.0221653353661653,-0.40904119052297705,-0.2974646416711228,0.23223550309891303,0.3114627041815355,0.30805503537997336
C00379,3.2539427767125844,1.6222298852515613,1.3796980450661926,-0.3246750414254242,1.2151338215984384,0.9623645747159695,-0.984944138749222,-0.9170826887283524,-0.3955461745940127,-0.3925827076894499,0.17373771441877012,-0.4633250707818866,0.030209983491650643,-1.4238369827599375,-1.0158928191331338,-0.9245937391724444,-0.4603344680415828,1.903255763752419,-0.8986274899983411
C00380,1.588361645397454,-2.2880040757584044,-1.0302684046865704,-0.5390054334189366,-0.25407854435947325,-1.8671143438738511,-0.8633231422243071,1.8654052891779658,1.0346499251682817,-0.9110362957983937,-1.3316094787948354,-1.0683009209297516,-1.1822241601062822,-0.18589928154654295,-0.31445614503402386,-0.830582669677,-0.7198058653732194,1.1985925901376877,-0.4074049960610174
C00381,0.6499811147889502,-1.7154371268095057,1.737407954186115,-1.146749916275133,1.1537337207867315,1.5565720326681494,0.11365099645231973,0.24283964926259446,-0.5250616348746678,-0.4771822048668696,1.4723692217194249,-0.5904194657261417,-0.7814049677843271,0.2339918378836014,1.5800965425826945,0.649106910859796,1.2517276279044718,-0.17300451588626678,0.6755848652247349
C00382,1.2111072131777942,2.6575552538634826,-0.9253924357769692,-0.6285547246481086,-1.190828839033275,-1.7252647735350786,0.7638986249883543,0.3663516882864878,1.2883815914000454,0.8622720807178965,-0.8148032519696805,-0.41936426093647294,-1.5304159739224417,-0.43871130278915993,-0.31391247677202117,0.6294253049013624,0.39113608135181493,-1.287188449816618,-1.1704803619270858
C00383,1.8052016057090767,-0.1269247015703898,-1.412823220758266,-1.126714902780636,-0.29267798679534285,0.8456970301255243,-0.1721764714113235,0.8431465692134094,-0.5342075040220126,1.674879589531646,-0.9264241544098797,-1.1681530909877254,0.5921209401415021,-0.4245410573248029,1.5184296111367885,-0.7155878114035582,-0.9646602219714668,0.3969323243705181,-0.9308628211454318
C00384,-0.5192533903147848,-1.347639722583922,-1.3615177416524937,1.826881925925,-0.7856014945557137,0.908750551885908,-2.0184797586562637,2.198472933625492,1.370586978767189,0.7994574979134798,-0.11820004317020037,0.7277675295122155,-0.07211787007814273,1.59660618271737,0.1989529904023109,1.1796709781278336,-1.3421922145760354,-0.7809436391465692,1.055613300621541
C00385,0.11413701704316799,-0.7518051287977658,-0.4527862097056553,1.9102089457968967,1.0567863916329705,-1.4217020532421432,-1.6067267119121864,-0.5147709396269579,-2.2523372010039604,-0.3017592317351873,1.2509177165421266,1.9212776692684275,1.7270781153396744,1.007187878413071,-0.7929367585577568,-0.04815998789022606,0.565068853217963,-0.7564747509122502,0.44794744539435505
C00386,1.4061219374803118,-1.9239651722008748,0.08897733913852325,-1.5227551408643731,-0.7081002378721112,1.8229741251590155,1.0704605110313465,1.514540552134416,0.035271471842670224,-1.4886532231348648,-0.7235217753704821,-0.2344697282505649,0.2289664692188678,-0.8896613066630448,-0.27522071426061,-0.3479373504008304,-0.22752195855830754,0.6904282808665201,0.716113786820081
C00387,2.0282849162913346,2.0973544648970366,-1.603646295693206,-1.9758344568826047,-0.9943558010061757,-1.7451909957561518,0.9292399631502256,-0.17566642756215636,-0.4079826617496202,0.3823536082171045,-1.5581867902387316,-0.862557405387119,-0.5777440628667051,-1.0881247028846783,-1.3153683170740398,0.4015024056345833,0.998462159904516,-0.5101138766764027,-0.10184122596105603
C00388,-1.403773219983206,-1.0319882905765592,0.7504410727456784,2.904925635799652,-0.47640521359167826,-0.790992640424794,2.7262669844247647,1.1040168753461352,2.5046690193653847,-0.4089997101152697,1.166307805906583,-1.4759045403673103,-0.7508112255968488,0.9988398377513958,-0.45022528602388256,-0.1841698990720663,0.5159176400498307,-1.2305416514062595,0.7178424878834178
C00389,0.9543295088857521,-1.5373476603781517,-1.1085971539840964,-0.5818038450154378,-1.3287008775235094,-0.9069613375794184,1.5246686705853003,-0.7122895381427394,-1.6270296869143548,-0.8702608944064725,-0.20735437196553538,-0.26275455401854264,0.10650756009698788,-1.1220209599235942,1.3913213605478483,-1.0875979401335123,-0.04352028293603125,0.8283536728763664,-1.2103870133234382
C00390,-2.6230267913469745,1.1233954222724138,-1.7719560945402177,-0.2711470517548019,-2.701529853765745,-0.6189693954727052,1.804987492759262,-0.36744518589793385,3.2841154235920684,-2.361441389644881,0.8015895556958809,0.5166714663659372,-0.21740445099386738,1.6853450522781477,-0.15083717900801788,0.017825693270637828,-1.7492213915312915,2.504556408977003,0.7891901872348173
C00391,0.7224308021931959,0.30898072932699566,-1.254149134110699,-0.8561448707048217,-0.4152211452311132,1.4147100534869708,-1.7593835456682747,-1.1213578584001997,-0.5144948877000571,-1.2437907771815435,1.1410948400409036,0.37195976748924103,0.7433741493686826,1.164832071928908,1.327474070554306,0.2392225229495631,-0.051542143285880304,0.9601017353292427,-0.35734013217735544
C00392,-0.6481178725697865,-3.098223714006856,0.547674316011367,2.179502012523279,1.2283926486195165,0.9226043407394682,-1.190685742759742,0.32467912679987704,-0.26303417608494417,1.3040166816172334,-1.0641518317473393,-0.2433518829439474,0.5732384162714798,0.6752738613231548,-0.6521661011396453,-0.23774175234534514,0.14818180534294645,-0.19792479293834062,0.11800322209077713
C00393,-2.8690045993587288,2.7407816163670717,-1.6967076952280238,2.078348840435988,-1.8907456917132515,1.4364264445858295,0.2539028364419692,-2.9722482349457793,0.40621674922201395,0.09294692135050886,-2.0505165085240233,-0.8773569472079615,-1.0604284449058243,-0.32110679615113874,1.1309536485177083,-2.5150270128109034,0.46350854034294464,0.3667535999554193,0.30709824616746356
C00394,1.2944813966953796,-1.9914523944926794,-0.7513880768855156,1.9153707714627108,0.33099058001791115,1.6309106635795663,-1.1406573488698624,1.8122080786021264,-2.1551780135588987,-1.359416040895273,0.42117836793068764,-0.03132346287894035,-0.6711540460276507,-0.5089771828686334,0.9895767419486787,-0.6662456306929444,0.46299186544977033,0.09169992815106659,0.19470298295906735
C00395,-7.6504772259801594,3.425056402862515,-0.4902005336988344,-0.40373002261383856,-1.4248456049253597,0.9910580843794583,-1.2429196166146401,2.9942328435060346,-2.023260967483129,0.38282134506697035,4.436087669638573,-0.8291109821187039,-3.5761208545139125,-3.8820211683403842,1.058891696068383,-0.4634199228110119,0.43864654049575535,-0.027824362818014616,-0.9429540290980026
C00396,0.3429423288109188,1.4858832470033532,-1.3860849571370086,-1.9670054614102777,-2.5361710613731034,-1.2695911938533362,1.3216755486902785,-1.1889150731577491,-1.9181395759510171,0.8544045797929893,-1.0700253996490443,0.759835276093127,-0.0598880304622345,1.1042404581869072,-0.26240330825351066,0.06353159888725135,1.4200844941580117,-0.908973304432692,0.42283115106530134
C00397,0.10004460066415387,-2.7313871819295703,-0.8343150289688339,-0.43552829971092555,-0.47040488105799266,1.8703221278204984,0.651899279808199,0.08791255631497073,1.7044325806263823,-1.556450850602296,-0.9081367825990638,0.7782993350167291,-1.0969884169253348,-0.9239274025844386,1.3250185336479472,0.4408338772345388,0.27586575496895255,-0.296504266397795,-0.8846310968894007
C00398,2.4166320724713746,2.1852394782509177,0.8394686413873007,-1.4337185080098431,1.1632034007662564,-1.4297012113796215,1.3564288309472217,0.14462818672707833,-0.5142283495198476,-0.22756609220813662,0.24595796708278206,0.06431385813218102,-1.3203294813943651,-1.3173011686812668,1.1917475847890358,0.22968523050830317,-0.024342090268781553,0.8673788960381958,1.0385114847241552
C00399,-1.037177412623284,-2.396733144663474,3.4350496255121064,0.3851230092143788,-1.3321294860167314,1.7696077890036357,-0.043521867893814375,0.3796082513460377,0.6310351028638379,-1.2389054540347608,0.6640866625938727,0.2677274040704227,0.8848317528941546,0.023572562537520932,1.2827863534375101,0.8689026227001315,0.14849479831655954,0.4871566234309411,-0.27069205318990697
C00400,-0.5490272805974517,-0.183873624493454,2.7003164906170634,2.9808933759829386,-2.0800791019599703,1.9861280519827984,1.1322499337614016,0.859554819492733,0.9981083349141999,-0.8014545851035665,1.7313642069387554,-0.672974946923503,2.1524825542889547,0.7298253922164273,1.3707078131720338,-0.014228273044254764,-1.0528937095454356,-0.8345918050512338,0.31110068399691965
C00401,1.6260549451849158,-0.7531841538680354,-1.0254977347510958,1.726641425003933,-0.7764379316469822,2.042720287997248,0.8701647489357075,-0.15224714999821434,-1.2082812785956396,-0.6391465747023611,-0.9905466581660841,1.4305683474088355,2.027600267117486,-0.37866066498108053,1.225626779077233,-0.4705130327839619,0.13124031713723253,-0.2269246625486409,0.2723977981854008
C00402,1.1081407783759063,3.32884755711418,-1.5336123620381357,-2.1920765321484614,-0.44185767222413586,0.919299400948114,0.5156038839364661,-0.015545938876971057,0.2516983752632023,1.5837950730735844,-1.4361403994054966,-0.9563272639691153,-1.0048607024208793,-0.8277136885469415,-0.2278155199333031,0.7453564670589231,0.6861173028124933,0.10340878332427163,0.7568652610118991
C00403,-3.537639769583978,-4.244162189372497,-0.8507370944209965,-1.3524344803690993,-0.03644955559257249,0.7902249812220643,-0.38474842376066004,0.4758809347087427,0.35965883988930053,2.0897398444777795,0.4456513908562151,-1.1682651594010907,-1.7366928361541119,-1.8949989568566963,1.4791175521364421,0.8574767459694788,0.40631280908327777,-0.36990255825509405,0.3263539152365468
C00404,-0.5136283885343226,-0.8802534143577461,-1.402910202060111,-0.556780290499824,-1.0155795959570004,2.035867787868989,1.459212464561304,0.33049284892392305,2.4533695052594666,-1.5506178322252921,0.8280154396374814,-0.02468014951244083,1.3808168046290514,-0.48598879850031657,0.7487119521955343,1.312253904700369,-0.9662907912947954,-0.1575366043416951,-0.6821565216612714
C00405,-5.182823683512246,-1.8834769663107052,-0.527581866568646,-1.220049387680064,-0.07066603441881456,0.7305438629625024,-2.2807356374106056,-1.2251497589348492,2.3257312042676306,0.6935137999986714,1.4048059530763772,-0.021077663152140918,2.0152482404919407,-0.4441970808953588,0.9098638892076498,-0.831886416890008,0.1970962764172446,0.25742138963456707,1.3406285880284858
C00406,3.4131776896097934,0.37399994815240484,1.324735130638677,-1.2809424682280948,1.481568107787503,1.0549288107685868,-0.057317139310229595,-0.6478329366157747,-0.4328178480154389,-0.5662388556432376,0.4431352031830824,-1.7774694616753441,0.21924135618264454,-1.4379322652063704,-0.7199618325360891,-0.5639249466365617,-0.34453194438833773,-0.7737520149276353,-0.042600768143075306
C00407,1.4006954652303527,3.1938491518284615,0.5912236954259386,-1.435030399832589,1.0661408976023048,0.9173183373808086,-0.3412778809594997,-1.2256681789681239,-0.3942568325871534,1.0184229669350533,1.4102184555300021,0.26466648924552044,-1.3797550521879336,-1.8769024720159173,0.9830033041886372,0.21756412095807895,-1.3164199464086952,-0.5370674854027678,0.634871824846761
C00408,-1.2508959780017959,0.7408879905091692,-1.9996591941652206,1.611078300248935,3.085824239518776,1.178964966441915,-0.4296204942271466,-1.2205574956270127,0.33894747288503746,0.5761017990897397,0.8529047167624745,0.7446005076062979,1.3936899543489591,-1.8705067961480604,0.7518566028470568,-0.20484330820057567,1.1784880213698554,-0.006135106050997929,-0.8461364875341366
C00409,1.4487246713202204,0.031138742994359547,1.635192612667639,2.336905456534135,1.110014806772495,1.5253781451201471,-0.7089867380994526,-0.7415127043770116,-1.486951750703605,-1.737987209996667,-0.4207690582496496,-0.32972235003531075,1.7406373071208172,-0.37459196830641517,-0.29228917195015364,-1.2998170338719643,-0.365102413182544,-0.7358002778017173,0.08190219651298852
C00410,1.4497161745690799,3.829016833973847,-0.5798636923499731,-0.859993349209294,-1.1662627512806052,-1.8170382436388488,0.10692931084289849,0.20295798102251664,0.5964201805057998,1.2481730069756634,-0.10170144482760915,-1.1836176581033582,-0.6272770332554509,1.9202992832459844,-0.9759308126505836,2.212662045861718,-0.6765770568419686,-1.8452496656843884,-1.2658156464221497
C00411,2.2007858068956185,0.7053466182087278,1.8655560204742287,-1.0676171761859163,1.5882509979677062,-1.5473585656385414,0.20838946903688169,0.03986470747079455,0.37246145253153223,-1.527007815349392,0.5262027296500804,-0.8220303485605501,-0.0682392007581718,-1.2140885912579116,0.5514138011817135,-0.4242021188,0.7581853299914857,1.4460700364909151,0.6700911647951816
C00412,1.8364261733570137,-0.7393394017741104,1.8892781823525586,-0.11812712954088721,-1.078000746034194,1.3834641501018117,0.16802534126049581,-0.6553458327610384,0.6785919283838091,-0.4836835947655439,-2.1293607616396484,-2.3791563401924294,-0.0993144340842657,0.5698629155621607,0.254705276440864,-0.09976506453758383,2.6792313517157655,0.10149550968419324,-0.31422337746085194
C00413,0.8986997802909069,-0.27262987568831604,-1.108309224447817,-0.4751243780457568,-1.5746131029919745,1.8469374785985835,2.3613791012840974,-0.06134059680811763,0.07719608140162966,0.43180165571920925,-0.059087266063010215,-0.2772177994081079,-1.7266714891942232,-1.5252259604922376,-0.22824647480130417,0.35666564024787717,-1.9158181709781705,0.5955394123879666,-0.026463993826929648
C00414,2.0162770206712723,-0.14411279733211477,-1.7546170570256048,1.888056522385393,0.5262494240247088,-1.3700575233280081,-0.5484728489108163,0.4982478221712948,-0.8416901867217376,-1.235370649255913,0.5226118061574362,0.19915438666995458,-0.037642312636464705,-0.8108255429052458,0.38576052406224837,-0.3814595974948691,0.25771906936764466,-0.14181368825861337,0.34353400495245423
C00415,-1.2537728181133792,-3.8458846110669964,-0.7793623504187569,-0.4492787047015041,-0.8167382228555332,-1.1508366598632493,0.7436498553138695,-0.09166192986397113,-0.6946337864624897,0.14952566309794182,0.4241141619216803,0.8902376619809174,-1.0750240921351157,0.57305764318127,-0.6199058463644556,1.1978824855981611,0.06780885067006209,-0.24499402639673776,-1.7733175250533795
C00416,2.5933816036518844,1.3014126685834195,0.11254164419383765,2.0952900471295655,0.8175427061266609,-1.1970180657530443,0.8871823851383213,0.16198165765357364,-1.483219054584585,-0.6569319781526959,0.13414628805323042,-0.31317566725789625,-0.06257224998064642,-0.5966455901663161,1.6093084307724506,-0.2907172999972429,0.13079072898427438,0.5101606060198702,0.5409857166472103
C00417,-14.910890829801383,-0.3815257429553281,8.359551747513574,0.6427306345147922,0.383855773976689,1.3655545551765143,-1.983496727995827,-3.1717190445564665,-4.856393918926772,-2.308620092849577,-1.3029662367255048,-2.059220576235462,1.0932431010076022,2.3143931734273804,0.3316039178007914,0.9053211008438513,-2.3802399800534735,-0.61626433910343,-1.4037242948827344
C00418,0.5345135988840325,-1.8248689358519412,1.4970129557327152,-0.1010655681949234,-1.5631927536489014,-0.8001113335676168,1.3901146203765435,0.14363299903022694,-0.5515434164353823,-1.3785807350470094,-0.2189272167960264,1.0106867276005855,0.9684862530277848,0.6301471274376947,-0.03192457888295163,-0.20652906326318907,0.21094683086664517,0.5770845216263513,-0.9996826585474258
C00419,-0.36039931684164633,-1.097590857769033,0.16686719483946186,-1.4926575696999234,0.48985198632807314,1.8096493808241354,1.9928509095041567,0.8808059917126447,1.8115275522848913,-0.3459715857794369,-0.5271654861913367,0.39610277883131245,0.7507847119148284,-0.045212555141676665,-1.8189082371211787,-0.2564410132589454,0.9759029617582502,-0.22333556269356958,1.185557636655264
C00420,-6.172201265358192,-1.1588261935764435,-0.15521384378767866,-1.863786798291222,-0.7346963417019322,2.689492947250759,3.36627460595027,0.3216746156867511,-1.5774238390887472,0.37922180761686564,0.6990750502490958,0.7694892163326673,1.834143504596729,2.5057843367995547,0.34901466770506795,0.6565632385156958,0.976582835474301,0.733741665229371,2.1297594899855494
C00421,-1.7946206445632273,-3.4882777108139145,0.5144521733077981,2.587785347951122,-0.17418557073354335,1.5301022804818498,-1.0573897988812517,-1.4708795314372305,0.16692832661629547,-1.3590115380760293,-0.0037514645671422905,-0.29039874126295045,0.8574869564227416,-1.4224989385117746,1.0344179029756142,1.5621255419796038,-0.4551132586068333,-1.6732531115468152,-0.8246773324769744
C00422,1.6413042515544853,-0.8311541312103844,0.9776924988608583,-0.37152483524423285,1.6930753692144787,-1.3156259530789423,0.5629927446969992,1.4323517955195861,0.083038825453157,-1.6293108082861987,-0.1039369876283127,-0.31978923450770735,-0.29458631063514473,-0.15373719845723202,-0.13328537734161675,-0.29464269131854387,0.9104130000527587,0.9063414962078764,-0.7517426219930854
C00423,-1.1228706832930562,-1.3396483544043745,-1.2989154615303304,-0.9665299361281646,1.0510425497840172,2.189525425976949,3.5573534675545027,2.1027451047454035,2.661970050150147,-0.35876971594866464,-0.47923768571639197,-0.7461192438887325,0.6801658846691732,0.867402374986001,0.7842300046931878,1.032136542567895,0.8365912494406872,0.6152949143660855,-1.274506952090764
C00424,2.3788750584996348,2.1725766873447943,0.04206414976630548,-1.653853377176732,-0.9790091061562127,0.9422254645872531,-1.4050888577224359,-1.4380323148678567,0.4722626325130401,-0.04326843465339909,-1.795750503228688,-0.012037245749711687,-0.09196573456116643,0.031146708164135575,-0.6273289605197898,-0.13530559104148063,0.5087794253805538,-0.6747021233698842,0.9658724755771693
C00425,-0.782613347745014,-1.9808470961897617,-0.7983283355280094,-0.03498318128489233,-1.5794093526762758,-1.0707731861203986,0.8229874424548825,-2.691267762147912,0.10551994999921528,-0.8431039338345647,1.0655367892602134,-1.7767857336766895,-0.2600962951044724,-0.13305488785547354,-0.22232630562168648,0.21991048965342477,-0.48804513405844385,-0.3926508611456375,-0.5700506595092292
C00426,1.6725809520798074,-0.5171035005561585,1.4067489936239959,2.4282182197588553,1.4600891879521016,1.1969313174985645,-0.809978140808801,0.46300558566860484,-0.3913208793530495,0.4004359987295379,1.2464292720508177,0.614016525355598,1.4833492864535718,-1.138753612205813,-1.4930308139729356,0.2599251847719285,0.9801696074473744,-0.24519141405869208,0.10777266841688163
C00427,0.15995140129121344,-2.0234532747370984,-0.9732552892035605,-0.9110511645185289,-0.7736899552386289,0.9037353036668135,-1.0779249557941217,1.0585033609031422,-1.2852055871862895,1.6726848208599514,-0.7837284054623493,1.06566872455302,-0.6978620080315903,0.23051240602194178,-0.25831841538262157,-0.5557962442884365,-1.0198980824936887,0.24075645543585306,-0.6017855741874883
C00428,-1.8436180991836262,-2.1077729840346575,-1.1092727822253885,2.029810554130771,-0.768529766236348,1.0894260001518206,-1.3426710055934663,2.045754289935664,1.2982055946739914,0.7924105379484312,0.4157557872662629,-0.23539250256068306,1.3781302490988314,0.7458210902326089,0.5952460478528275,0.36144997024332176,-1.3942567769777179,-0.6586760266929153,1.0166869016210554
C00429,1.01095427143122,0.3469735124841792,-1.726837509069835,1.8328571504308997,-0.5500435208120419,-0.7303381750498937,3.0144389143803827,1.3191055345204346,0.5763352504390876,-0.5718117688884153,-0.7702638440955842,-0.3300150587411758,-0.28543028627914013,-0.3759587408481742,1.6224295669410442,0.8711549265212324,-0.8859658511411812,-0.28392922463568143,0.1424529349485627
C00430,-1.5726899151979092,-1.8618147622930121,-0.09182173419528211,-1.5506442599946841,1.265255176565931,-1.7939043100552368,1.356405203663857,1.7814822983994731,2.4672309597157205,0.6771400438957124,-1.4000701922776104,-1.2145345305045343,0.1527884020542822,2.126076288031554,-0.8417806731251248,-1.8945199700620177,-0.4575286331184909,-0.8328019912501674,-0.3325684814377827
C00431,0.3358177213594816,3.351326244622917,-1.2351908980031763,-1.958735229301237,0.026852415164166508,1.352507104022539,0.9238784356430014,-1.3903370470274519,-1.4618988719466228,1.0123835443134424,1.363492327821196,0.0646974705226133,-1.3063459692534962,-0.3897326838190729,1.8810376851578754,0.10706003092302657,-1.5184340664076963,-0.4594615318671296,0.24216836037979975
C00432,-4.673850592680716,-1.1848723675693582,-0.860214140063345,-1.866126508426822,-1.0333259356686961,-0.1930899404737342,4.168329725806375,0.738109540579392,-0.9368566858135656,0.6935884231881189,1.1809169814916047,0.9432656920166772,1.9777387983630603,3.1089585956170054,0.518249395778522,0.5334516947891115,1.2265617535124749,1.2908080882671178,1.396957443005709
C00433,0.8493628921585236,-0.5707275318693459,-0.8134981563139236,-0.35234284285722894,-0.16660487294123244,-1.228120023250841,-0.3661164422199942,0.4432385528766368,1.4587426039406166,-2.487483835322499,1.0930787743058303,0.31110047762902415,0.19940952657447852,-0.06397353872930396,0.909898155799538,-0.0720881789040501,-0.5213166812068036,-1.419903152709864,-0.6189935866069541
C00434,-7.061298193800674,-1.5010653656871489,-2.1109250251994744,1.7264873236246514,-1.2217203839898396,1.8192656238991947,-0.3280377410374728,-0.8226755273349284,-1.8349812466745654,-0.5989722297373132,0.7887599150323703,-0.4204877907650426,2.6690536469232593,-0.4792605693757973,-2.1729392426876526,0.32973720454494154,1.9796085794563558,0.588770881982315,1.257642445309525
C00435,-0.8447397853228898,-0.5870056480812741,-1.4857726810664498,-0.7256916564658346,0.42760134435392105,-1.0752995348126797,0.2481451252866509,-0.716500614356613,-0.8128054736383646,-0.852756800402059,1.7883680053938518,0.4328188778754621,-0.8769604638975562,0.7701995434259874,0.5004843601161787,2.124939139912971,0.2160157400045574,0.02716700790298854,-0.03489593313282824
C00436,-3.1855136118672114,-0.8232951900232149,-2.8124221255804183,2.114610301383908,-1.4796181420129306,-2.0393579211397004,-2.0153287022459008,-0.48249355184761267,1.8449576356074036,-0.22545516055306422,1.7570031674468507,-1.8825404987279513,2.157766012938321,1.0341971945737245,-0.20858496783967329,-0.8758673271893564,-0.9706844798384512,2.5124967877303312,-0.29435397049515877
C00437,2.703289102134504,1.5520711035618167,1.3208301272288567,-1.6104860239617027,1.2935380635653857,1.2153337195631746,0.5142161268729585,0.34142822057041133,-0.5163053170549008,0.27171678616596323,0.03179062084001315,-0.4499898727284753,-0.6646071533579643,-0.0173917055848488,0.6477477264871476,0.5335433145498313,0.23952083745172997,0.3863552579623644,0.422008763892178
C00438,-0.1322892187410822,-1.5526922982790665,-1.3858660399314153,2.2596826062364124,1.1952690973478053,-1.3588819309254887,-0.3407630596766546,-0.7129596758129013,-0.8204903483198065,-0.5222475887145311,1.5247873054023302,-1.1834597701114367,-1.243519155759072,-0.4134710255332897,-0.28776501804294013,0.20459709135077087,0.6396715531591225,-0.0534471596531482,0.425825564419296
C00439,0.3416815936678543,-2.315654366658766,-1.5791316757101719,2.283000545867789,-1.3154836239453704,-1.024224902963548,0.5072149520069263,-0.6766780173337177,-0.7102992100305935,-0.6429158510894046,0.5952527339141316,-0.6027279350826061,-1.5049235580574134,-0.3425411048805709,1.6149935183771735,0.6318070050768199,0.08239297995254742,0.1158708707091544,-0.4237592375532287
C00440,-0.19021531405966816,-2.447829471848016,-0.9655772368169502,-0.5739322841282049,-0.49754524395491784,1.8619636506801789,1.3013660879387732,-0.18685351228668337,-0.1399042080348071,0.23902974039646005,0.19343200163753405,1.8416972622728316,0.5636785552315265,-2.1647277439362336,0.24244421924682433,0.4752916237654614,0.18580474583501486,-0.07761711847225619,-1.0996987660744666
C00441,2.709187530254613,1.6016262720667584,-1.8191144818955487,1.706483369328908,-1.571294804448475,1.1653070350439358,-0.382940736958563,0.32277471144242975,0.15557596633859652,1.0353818105391042,-1.4015242351378334,-0.15658754347276468,-1.0838795397332153,0.4810850993874369,-1.4539732932280964,0.5158432594988375,0.6012871805655319,-0.7512476005948712,0.3950590586735701
C00442,-10.749676117772587,1.5386434852493114,6.925517846563054,-0.10360049543827321,1.2287759197614196,-1.239878863728432,4.353028233401054,4.26745701101957,2.7666359866107335,-2.190375824145228,-1.56233766617541,-4.336055027181692,0.3887190708471023,-1.054738605960245,-0.8463870447182434,-2.598404491554356,1.5518611577305328,-1.0655746972410136,0.23136744282381363
C00443,0.6988721952990249,-1.8679083214975742,-1.7616940287739251,1.971225008314811,-1.2374026553593829,1.7392428508105964,0.09656299972577266,-0.36864633246237466,0.17930863989497128,-0.7912642366024315,-0.23914162952859572,-0.5337328882438078,0.36387412422771126,0.3662571171345683,-0.3488374713685042,0.3258296350375393,-0.47499206076701006,0.05502109401236318,0.04087629583286797
C00444,-0.29358951617240264,1.7759567556676943,-1.8093453055394073,1.554619530226019,0.1678229058203638,0.9540075985003852,-0.5933249520879816,-1.270666801777214,0.38448511888450204,1.7254921303875668,-1.4300952075783808,-1.3019084847596338,1.1260636895676686,0.14163006383432658,0.9446128653795838,-1.5342505676802565,3.0026396330522385,-0.2939386751126529,-0.28914093858955925
C00445,1.8681888037360546,0.913263526893808,-1.6827871187957286,1.6265267727688153,0.24630513402361723,1.502688607379333,-0.37211535199020035,1.001101004346895,-1.4950977410854611,-0.00036184514520315935,1.0545903978463325,-0.07720870101556321,0.5639228593228508,-0.12653513127355107,0.41279448368954536,-0.9826362283368232,0.23881305185616106,0.26717735091049943,0.5173704031085302
C00446,2.684518887815614,2.101105705149081,0.7162415843734087,-0.18418480815333413,-1.7202050914848395,-1.7433013606492,1.0086153623964778,-0.31891848011527746,0.0022352988141324205,1.2522741439202187,-0.2991606323714584,-1.65130045919162,-0.7605077609396985,-1.1866115995756847,-0.7849847113608627,0.5491877999930698,0.8434206085154874,0.30038836337796243,-0.9992337351555685
C00447,0.490452027838426,1.656839830562404,1.9372845050080025,-1.0149413507203024,-0.677808057771162,0.9767460792092905,-0.5158572361503355,0.22944527449064495,2.972297494892489,0.6468880590365574,-0.44895086454549277,1.4812077708780143,0.9520414735842138,-0.7561976905815049,-1.1012598847578032,0.032299900257532016,2.035292770023183,-0.5724040896361281,0.7393414862813585
C00448,-0.5745811492199202,-1.1869461890962647,-0.7519157494276966,-1.138785451799885,-0.6177508922857612,-1.575264313142622,0.30188202280475035,-4.237134445970794,-0.3093799540738123,1.0794687514592856,0.5943868403668743,1.0783339810828172,-0.4941866603448136,-1.1192119468718194,-1.543489781820011,0.1343221713631979,-0.5284792785626798,-0.06611882650394753,0.6133051837263519
C00449,-2.2378514800629867,-3.2547624549165466,-1.121129118458263,1.801150405272744,1.1700372443689901,1.030820389759749,-0.3961122712740587,1.371030485785831,-0.11407543333249452,1.571503432088827,-0.5498995848422753,-1.2574214356671949,1.0045043571520504,-0.25411301452447255,-0.4410250580356084,1.1361983865291487,0.3550394581791886,-1.0538935073920455,-0.01783458519101192
C00450,1.518818464854722,3.6830674611441396,-2.120559296720307,1.5705322919624503,-0.6877868422500634,0.8686882892862265,0.20180084683361996,-0.48647636451450493,0.08309127633781146,2.2202645217848933,-0.9731768726337027,-1.3475216705015933,-1.7671040084342056,-0.9026629847784212,-0.8868086049906465,1.7662425776116977,0.39568070859806226,-0.8407859902035308,-0.2395458874965877
C00451,-1.9357085619762233,2.6120704112381774,-1.3597015017339396,1.8343801188068596,1.625539245789533,-1.3721910957860872,0.06298002544146274,-3.3378663645255413,-1.839718951639851,1.268280622723941,1.1102051018571863,1.9639538635452036,-0.9749585488296002,1.7966109059511441,0.34484051595598664,-1.3443183489904094,0.023674597595780777,0.3899373804906931,-0.33309682802089025
C00452,-0.4989404964301494,-1.0309272920333261,-1.586165053605566,-0.755213652798359,-1.0060952907926934,-0.9125854866451089,2.132460982449389,0.5960302708784643,0.04529030310961296,0.25236742495099457,0.7176082937225693,1.4063976867577133,0.6911292084038662,-0.08968902305155475,-0.17685301392140265,0.18771120472149463,0.724686025259326,0.8083388212893797,-1.2878746653594273
C00453,0.9398580966737152,-1.4321540795503922,0.37799621749474666,-1.465777424352754,0.3536115629468343,1.4633469964948815,0.015232129230789286,1.0794778071677915,-0.9954908217823896,0.24923720450349626,1.628197378456276,0.3843171327133066,-0.19298066277090567,0.1282892600039736,-0.3625500610121948,-0.47415278346064527,0.8845130123079104,-0.23228281615505653,0.8276235181271145
C00454,2.762430029825086,0.10478755557396878,-0.15833595442649462,2.1322838257052292,-0.02978582813751125,-1.235909727062274,-0.31612651773090056,0.7605708077455818,-1.4695498298334753,-1.1708015654519714,0.4368600800799486,0.2593622799877185,-0.14049972851244216,0.11199148363544864,0.7625256053303652,-0.2936037824663209,0.36749818647502547,1.0320053403039327,0.6699844254970563
C00455,-0.7744968146803959,-1.2895162601942833,-0.7720184796444733,-1.6366374359162756,-0.8963592873428471,1.6767414618179919,0.42915155897841767,-0.6409934813976582,0.6194277614712322,-1.6940313516664909,-0.41509100243247926,-0.5689934941230645,0.7887486620564563,0.04975548782893563,0.27097288916773155,-0.28344726219989363,-0.619527259013057,-1.1417553310406328,-0.5009192171278625
C00456,-0.9368219604886033,-3.8076383706413197,-0.7075616937968562,-1.4507029123135866,-0.3596881338255565,-1.8738178511419823,-0.408617880893183,1.473642611843548,-0.2389756564482522,1.4757964173195854,0.9037578018122837,-0.04851334048139758,-0.03895599889065916,0.1577106442435552,-0.8628259961052366,0.35528346224366086,-0.016925103876093483,-0.1850439229673767,0.6987291619354941
C00457,0.8735470211995311,4.341965163903954,-1.5492610859123455,1.7528464513633109,-0.5879562185785001,1.1188407392217856,0.26387169071746536,-1.2412228527345293,1.9257031982082002,1.4105263219530388,-2.145485343303403,0.9705189813635602,-0.9080118212354823,0.054711662369363395,-0.38134428860706227,0.032013071083942225,0.47830757140574165,-0.6383657198415935,0.5381580043614397
C00458,-2.581509642107825,-3.0055573804137103,1.2743100809075154,-1.033361285856904,0.7857024491461081,0.6977366160334866,-1.2208658369933494,-0.35969707815678276,1.8657434599660554,0.8179661001018019,-0.9402341301081819,0.979283360200826,1.8957449098610146,-1.6128023298192409,0.07356664788021182,-2.2490428951009047,1.045890603491488,-0.7702510100140464,0.4964086624847144
C00459,0.46133811913008177,-2.500251253882875,-0.6334232045084212,-0.49548725272832006,-1.1535731050784108,1.6320480910782114,0.13147762409043465,0.05340337112217285,-0.43479419726274204,-0.39417680618513645,0.1728190014766812,0.1320898339644074,-0.6109634297952233,0.031652891127546545,-1.7412127333844563,0.11016935788823172,-0.31485606219342505,-0.3485350066608393,-1.3532796673843641
C00460,1.4469661329312693,1.47065647498649,-1.3725477224672982,-0.9356919114071321,0.4807004900627014,-1.4935748548525918,-0.6281371345976354,-0.92090973340146,-1.7111545828560615,-1.0301533986467595,0.6016801791587475,0.7929062028905427,1.111880020537907,-0.6215331721081369,-1.388592968552043,-0.5970649983984007,-0.7042012297367701,0.3789924036689529,-0.048916356862037075
C00461,1.6170420205093836,4.4117381587996425,2.4445824748961735,-1.1784316878920222,1.2864727091194204,1.2353311877804714,1.9470094782911127,-1.0234972514076277,0.3133763967997793,1.0873276899251327,0.014837370679069671,0.5682253610033414,-1.5399116523748204,-1.802307280933867,0.7485719797008286,1.0823914853366732,-1.8269465375209248,-1.0169115372167175,1.0565999381661544
C00462,-1.2166517023100325,3.170626005635686,-3.655098801641772,1.5064997010338153,0.9343088029443979,-1.765434911684713,-0.9241364817896036,-0.8436259932052065,0.5051389283535709,0.469829480913422,3.2808623783620487,2.459109550835737,4.061075075945061,-2.4413812034366207,-1.1747023992268515,-0.5340558646917681,0.5975772682570704,1.7317403567541987,-0.010884896408948954
C00463,-0.5084271745440276,-2.0623666545971178,-0.07438745026186772,2.245399334425108,-0.05112349121845982,1.4786669533464252,-1.6584223617252323,-0.5258175516882386,1.0277214337714873,-1.4828565342682896,-1.0750775374345418,1.0322831350406296,-0.7735006443095072,1.2531193246652972,-0.8091060186994242,0.8541488279348873,-0.6391885805033223,-0.4804152156334153,0.5126002746276237
C00464,1.6997389393648146,-1.3138987860864628,1.9947182279155986,0.16872165774254758,0.8108948586864662,-1.4644965926837705,0.5542259134555075,0.20018769666049743,-0.12882975247353046,-0.8893290635606821,1.0123161437002017,-1.284637856225085,0.4496315514749505,-1.5363197936250967,0.20098250837834128,-0.3479747243387247,1.0868246688444314,0.9520338015469014,-0.8123880776392883
C00465,0.45924594630035515,1.9086644118719744,-1.6564026066802988,-2.073079439689436,-2.9193681966366842,0.932233699903064,-1.5994083460462167,0.8682213223178058,0.2933301878982884,-0.010901414189339827,-0.14802694019047297,0.09930921246467608,1.3193426841838427,-0.3368001043521016,-0.5853771844084905,1.8734291077044043,0.6782041715436201,-0.9837243923898513,0.6181362089589226
C00466,-0.42380674266932794,-0.8952047717609898,-1.7243146769491418,2.11181099858247,-1.5792151632657565,-1.171471049081,-1.2394176756895114,-1.248388724876355,0.8900531757099649,-2.3557045003811408,-0.183475074777129,0.7217550952761045,-0.5130124322710676,1.962633374643819,1.4316605575089316,0.20647414395191496,-0.9801078905849211,0.648222986468077,-0.7382362738939355
C00467,-1.1652790797326658,3.5556009372734323,-0.7370588233137876,-1.4242191740477708,0.8002196360283642,0.9471326892553487,-0.2558674510519203,-1.4684839610090519,2.0192174170992327,0.9861999592113114,2.5055866111314966,-1.1966572023955175,-1.7610720542310807,1.3937803562550852,-0.2523644944897924,-1.5670732296363605,-0.6628477059925653,0.05385694241747274,0.6908499648201515
C00468,1.9657029300319289,1.2008691501170925,-1.560524586938299,-1.0140310973877316,-0.3194079002336317,-1.6278276853004312,0.3738226190005489,0.854229512118026,1.3487673984878203,-0.6404973133183457,-2.221680722424492,-0.39935400255039166,0.1937630304604475,0.41186257086860456,-2.0389031645374307,-0.07086213488439128,1.4333727630121273,0.21427727790650491,-1.4628156274727382
C00469,1.1243614580968995,-0.5690659764565474,-0.8359837071726964,-1.5127521065573064,-1.7735180939250843,1.5167865671130605,0.48809957584472835,-0.4083053506553388,0.4103161944504806,-0.572332121358189,-0.285432249179745,0.1289610690664699,-0.48559391204934377,-0.33354319488838213,-1.176046134530746,0.1895345383948436,-1.534767619614532,0.23379412294002133,0.9054540784100811
C00470,0.7670759861605,-1.865348489336798,-0.764080486881137,-1.8311706006029673,-0.6999868013229705,0.7332125697886895,-1.9245366839399183,0.3400713368570163,-0.6007724746785862,0.6323739092841325,-0.09484005098082535,-1.0586230284721783,2.144643035470917,0.19493040111108417,0.796390395084246,-1.4195314586803718,-0.5433741048220723,-0.010891406173127342,0.24819016796792642
C00471,1.4276119223302302,1.4686215985285191,-2.0486512764402596,1.5382250875033467,0.11189132276196287,1.8805604023080578,3.45322661108555,0.46322849955485335,-1.1520501542311614,1.6805951846106857,-0.5696258134169017,-0.6855457342181268,-1.2159885026905204,-2.060220270475394,1.1373476056430967,0.97198063852793,-0.8954564513683887,-0.3338937061129176,-0.29279005710912354
C00472,1.303327791516747,-0.9959103978619874,1.1332678091184667,0.028797801235176522,0.303785334011863,1.2514097361528538,-1.4385476841430032,-1.4046982555225647,-0.11831058360564138,-0.7913652527581249,1.8104469861279548,0.40491999907579546,1.4247419279031546,-1.5776795236721726,-0.5976926984761491,-1.0408426640796438,0.3633216998984107,-0.22065877218626936,-0.6176284121947108
C00473,3.1859200107456878,-0.2078747029224821,2.557379859087592,-0.7125701952356346,-1.8553183121770145,-1.7523238567853003,-0.32964066992318575,-0.2360672332754613,-0.3027967062825261,-0.06308330228927501,-0.8700327319193146,-0.8171206744958606,-1.0092891500585188,-1.2511608575932711,-0.3521425746327349,-0.1436938971340298,1.9878352872228902,1.8816774993566214,0.4801878078471312
C00474,1.4591471299143053,1.9019277437686648,-2.056663361681831,1.9748474574409485,-1.6889885854186868,-1.6874815747213083,0.15093757321569826,-1.69795717096084,0.17448763937669814,0.6382502300242288,-0.82337584916027,-1.6934352810819717,0.07218795565137577,-0.3612166786354788,0.230753454020274,-0.28958769861917755,0.8335603662593837,-0.7982703243521119,-0.3390200689647659
C00475,-1.4434816440429172,0.3916585965546153,-1.445525417319409,-0.6600376314048414,-0.08839122092816688,-1.434598982405838,-0.47946717941986566,0.817215765636119,-0.16192187641111971,0.0680900881598584,2.331850247496595,3.895037383180488,-1.64507600218614,-0.43344761323676206,1.5008699101478227,-0.4301133889647038,0.5393006946924505,0.42670917891082166,-1.9130310693568797
C00476,2.200428083615589,2.0758525810644683,-0.005921227162368875,-1.8294572165438199,1.5807700299689171,-1.3870840583721036,1.4516531887954973,0.6911774297808216,-0.37176289211124963,-0.40887321368025115,0.29500780952276645,-0.40475381517087666,0.3542267246653606,0.5449030852604919,-0.9329959880823084,0.38218644112016953,-0.3934608891328941,-0.6296718406032872,0.6291686279760094
C00477,1.9702859159352824,0.5351708694410182,1.7909131106206109,-0.4031558282179627,-0.15487663183505684,-1.1955055472156508,0.8944377521674927,0.5079311957816329,-2.2538850968624424,0.5000833081105497,1.2112428359578458,1.7274696433340384,-0.12184464706885509,1.629023280901731,-0.6191943953347467,1.3561539943528287,0.006159466548351993,-0.058902294404502245,-0.7036537743972758
C00478,-6.748809368406812,6.447362258710758,-0.8176678731339911,-2.512083747527891,-4.659029362506443,1.2711144893065554,-0.41111257386216066,5.4212331788396275,-2.4532823811698874,0.0033164921314013584,1.336723902169537,-2.195578107611548,1.0846823472310652,1.0952241173391086,1.105547080251164,0.754289319855815,0.8387033939717549,0.7689927752239248,0.34309857302053814
C00479,0.9808575794202505,-0.3371046515181398,-0.8080751559742796,-1.6678146308630761,1.3858681625982496,1.0600261559235138,-1.3325199254836575,0.8020407006931018,1.334763294394886,-0.6799492454797073,1.345141734712363,0.6174960702625268,-0.6113613660148872,-0.9006842894881902,0.6433631457820821,0.6332902108905707,-0.0579155740581668,-0.8274643437936663,0.3144584590021107
C00480,0.8626252586160575,-2.9263074073879842,1.348707052496116,0.10936194025707596,-0.7848484921544312,-1.9735886622272512,-1.0000585149670482,0.7073169074588553,-0.09385678123549634,1.248407733441432,0.3210199484739727,0.7244634811801552,-0.6974575791195251,-0.6540295922851295,-0.9801519134628045,0.32360512109238987,-0.717449395377397,1.0585432374857686,-0.08264020078263092
C00481,1.2520877378461293,2.508913013591194,-1.2158457705591874,-0.9906017653285036,1.711605400409278,-1.399709706095927,0.06067425659133272,0.16776733940579064,0.5291693342401144,-1.240245463694741,1.3148810959529489,-0.837255004355641,-0.6925094713899151,1.2954527916936351,1.2238931997656566,2.179146769187443,-1.257481151449451,0.43081705301298046,-1.0946769290123934
C00482,1.3058577832125253,3.02180482114663,1.2838246936002478,-1.4619309750009897,1.329997623880524,1.0663819721028553,0.9826373865708767,-0.8742676592009175,-1.085610077353643,2.136869233995637,1.3651049673719828,-0.6603731436071713,-1.5924348002128845,-0.27865027827486816,-1.0215603362892245,1.103422705332766,-0.6691808143658478,-0.5848292508706392,1.4984903232448308
C00483,1.1313270225320602,-2.490211991438006,3.1955715909957276,-0.8330661143958302,0.020681097949124393,0.5300674330742888,-1.361605716264188,0.1607284468346058,0.053410760117706776,1.327686952455476,-0.5515071434517965,-0.7266927215215051,1.350912228628491,-0.7825041915319225,-1.425567096322965,-0.4419638876311901,-0.7330633350410946,-0.4438826929249426,1.0803805675000653
C00484,0.5713906534096209,1.8131169763316692,-1.5741063442428216,-0.6054193328707262,-1.9395018491342662,0.9207484715202456,-0.5511493139923757,0.6276947947133985,2.4238068724340924,1.9973578301468358,1.7184184431922964,-0.16947534141516196,0.4697913121348029,-0.3325449084234447,-0.6811259083363213,0.9474375319138252,1.419126642400634,-0.03149486616814896,-1.0493348994181233
C00485,1.733325476859405,-0.2241933803674503,-1.5608624383198522,2.090506202053781,1.0130840383699198,-1.3523975481176351,0.29444836761200127,-1.0886984326395595,-0.18132911285615397,-0.7308856672414177,-0.03504185334925642,-0.8058227505306477,-1.7308483550762994,0.3635429707729036,-1.045858131606946,0.3657479014957295,0.18811652171686738,-0.8838244078980056,0.6342081753926339
C00486,1.4951366333274496,0.6179261282792344,-0.7006313801775184,1.8801237801189663,0.8829874470404484,-1.0760751923924037,0.9430056135258627,1.5242836296486606,-0.8274766821702052,-0.08964432232230997,1.3733788957325626,0.21468021567814538,0.9153918568852182,0.218829967801808,1.4484620244690019,0.6380978782104,0.6056937775004665,-0.7785595831460732,1.0249744791090174
C00487,1.4601976438646886,1.6939625584190097,-1.8933111198257557,1.6086232132508858,0.711662751778361,1.5806914618184964,-0.3992964049411865,0.7121146675161037,1.0237973404402476,-1.4462763577130524,-0.1147438426150051,-0.006064489444288664,-0.22459426252984874,1.1015727520508896,1.137732717940779,-0.13279708007222057,-0.008873643797765205,0.27552252859127285,1.0252656949706862
C00488,-0.6507616067802007,1.6719527097153262,-0.6193499050568775,-1.1920783499648882,3.404767939294218,0.9954751297142463,-1.1370189925805028,-1.338589054965885,0.12796936629706504,-0.008198514640096539,-1.1098226987900772,1.6281413051768907,0.5827965952835359,-0.03762734339450132,-1.421791941233053,0.008025691265652784,-0.001583306372815028,-0.44769063655401814,-0.641728197572928
C00489,-0.09139694059768814,-1.2274733403953915,-0.48417006181791844,-1.598995533010919,1.5527003078220305,1.1850289345256666,-0.17808449836866586,-0.024764059896345943,0.01844747622702602,0.2271932732003404,0.8071856403787959,-0.6930174030303944,-0.6298620619670727,-0.13444517275360157,-1.558851302820353,-0.5222221087929964,1.0797826879169012,-0.7105422734421918,0.5073091377409253
C00490,0.3832563625863196,0.10705044627411577,-1.457253931271696,1.7055672364559222,-0.8565747081190236,2.065957984069956,2.0218402060473473,0.8445133377259313,-0.3272329030867091,0.4627599853179114,-0.25469751208438823,1.0714418331599034,-0.02844831527256554,0.7742408925337422,0.8509049054554555,-0.11962633732335176,-0.36721790951296324,-0.6335034815680567,-0.2625553395269707
C00491,3.0754448472906932,-0.933675490456213,2.526879565949946,-1.1049452724099535,0.5425755148558419,1.1302046227079898,-1.692043797666966,0.5153102376291187,-1.6391482163417552,-1.3494444834309953,0.33802146594801297,0.36418328859430615,-0.6060350352988675,-0.7085649787167647,-1.4438451459639734,-0.5250640306085934,-0.291400856431736,0.18778007655929296,0.3476879408014615
C00492,1.8974704093876924,-0.09631051172982726,2.3239116948602754,-0.15489480592426738,1.4702932542148768,1.3000240052487586,0.758763574290989,2.0878974542255997,0.7673982326631628,0.4128983236069943,0.9323588498654058,0.5358063701735901,-1.1080370439646055,-0.5393726317813916,-0.456654872996076,1.4094763039155866,0.5150688233416852,0.561631681900536,-1.2364833685407355
C00493,-6.419640920654893,7.180873774049646,-1.2811042758853217,1.5930543566486017,-2.368376593585576,-2.297222594332589,-2.9791330119381003,2.7996179714559037,0.8097236587117,-2.049382984807298,-1.7823670837090864,0.35859827088665414,-1.356195428603419,-1.859512899548923,0.26182448945598114,0.15133621085700424,0.8176659408003049,-0.010327521206309928,-0.1337307791520335
C00494,0.6964967539820194,-0.010481793012460435,-1.3643744470075043,-0.9878326394676354,-0.9336671158612667,-1.8199300008093857,-0.03509179244502298,0.30361602046288355,-0.7789701634577306,1.1233860009626209,-0.1378881313899777,0.43153100460043914,2.8899175327736595,0.15482163874062138,0.5910747220500999,-1.5908962465849283,-1.0397335729145687,-0.24511673857105398,-1.352713664428951
C00495,-1.182061747791434,0.13662378610311213,-1.1837029302080226,1.7459719378159024,-1.44164667684013,2.0376355729751547,0.9931604960292741,-0.2729316551347199,-1.7996580516706158,0.5208390856362609,0.6458610958589582,0.5050246169250738,0.07991390131430982,1.0957815342314934,1.764605046658034,1.1443618552248211,-0.8341232041933324,-1.2992393440290224,0.22480504001337884
C00496,0.28942839941234594,1.1262373426219467,4.042807808829893,-0.2004866411778631,2.980078801588074,1.1684072040389228,0.6593920903368333,-0.688069389369902,-1.9348554026504983,1.2001113839479216,0.39450177133078523,-1.1731681495150694,-0.4661555401441178,1.6572506199060812,-1.1178060423064713,-0.6550532179070044,0.13133909642036362,-0.4931406428160212,-1.9986906230309023
C00497,1.6150493846451042,0.36626132981964027,-1.0542509275531415,-1.9015694765044084,-1.8984925273115272,-1.5406986006621122,-0.18808062420769425,-1.2111747524772305,-1.5836173782328782,0.5754250190903923,-0.8599882866644607,0.06050891917345779,1.0578476837871171,0.6482323970082173,1.5122643196636085,-0.4779379825066955,2.1720461061521448,-0.7366876316740217,-0.008731830701879214
C00498,-0.3227578866808725,1.6267797450801942,-2.3008173775922747,1.7398957262847305,1.639603151335201,-1.7965076045388144,-1.6948825938704395,-0.1940857421874646,2.140612656772088,-1.057496442293536,-0.25647207864850363,3.613401739321821,-1.454890878086812,0.501411627068654,-1.0641294513881663,0.29479738029638103,0.4489587737173446,0.904855393551545,-0.21129361661745855
C00499,2.553289868958362,0.31747801040976664,2.766093488558628,-1.025153073791586,1.0687834709056943,1.1116858034767676,-1.1884839898488995,0.9528112190404271,1.2181797291284897,-1.1074816612080995,0.4310151892480823,1.4856955147051274,-0.10842849389808913,-0.5721883203151258,0.5744982903668181,0.17580449392430697,0.5564118814494464,1.1236087960267,0.7930549859837249
C00500,-4.133079783469289,-3.108596500221104,-0.5185094192527133,0.00816879642139739,-1.2156877732643852,-0.9742189598564361,1.2605210149968349,0.012044867058507156,1.5314058477839694,-1.2332856770416518,0.12734003201636857,1.1064995005421685,-1.5898048031333292,-0.5462791576172698,-0.3933647511233458,-0.47312201855526864,0.3064266665019266,-0.6067728328127205,-1.4410052317805937
C00501,0.8999795602887409,-2.1741166721620075,1.7746849237527735,-0.2694318614339317,0.31599274128225147,0.5263927297924064,-1.9006091026859928,0.9906847864805352,-0.008612460935351547,1.4314988493020666,-0.2539891445050308,-0.3607156728787151,1.344880800783547,-0.40515067284793815,-1.527703464519526,0.02691179472952147,-0.8300935637402589,1.2826572141228623,-0.540748354500747
C00502,-6.785713463678401,3.4276962561763096,-2.624796545264844,2.012048282832394,-4.702701007101436,-1.9774458710646727,-0.9637947189018169,3.120519957905503,-2.150837154004503,0.8484054894332406,2.3638685365027277,-2.1311054327112133,-3.092432215802878,-3.2618565610589143,-1.911581937203369,1.0674060256463866,2.23990025286051,0.8038330524471644,0.6195181735991944
C00503,1.6626218688984966,0.9019458938087497,-0.6931246837934463,-0.7371254463056806,0.6799860514027438,1.0879913854383971,-1.1168461375952703,-0.7236094011344462,-0.698863855079633,-0.526866109751758,0.8555429157771023,-0.36933428223802384,1.0202913247037755,-0.500726955838638,-1.6161713561785425,-1.8395638030346255,-0.7715560074709799,-1.0118701729575217,-1.6763971600740786
C00504,-1.1265591984413832,-3.4569016166965447,-0.5997886999982296,-1.5360098263203403,0.668577616515542,-2.0879049218397108,-1.327768781669917,-0.22863396125625698,0.453984444597529,0.6353957770267683,-0.20107257762949002,-0.38457095479190523,0.34700360206492475,0.12740723967591513,0.6900631167215202,1.0910312359667806,-0.39802302798891037,-0.22476750265039178,0.13595476722625938
C00505,2.458667645160272,0.9690253326106343,0.3986723742562204,-0.46694988790227854,-1.7467957665333347,1.3051129471610565,-0.39677858528319754,0.3685900420644252,1.26980873807736,-0.5851111291695653,-1.883896490850938,0.4412635987753442,0.3644957245239137,0.2149048120766374,-1.3124068885613496,-0.6354594270848938,1.0756276804259914,0.4334205382403091,-0.6025424146352397
C00506,-0.06311802278693128,-2.2145881640917886,-1.5586659155145692,-1.737308152888172,-0.5808674330572436,0.6772423150624315,-1.488085062929733,0.7156103753309208,0.3311564005273444,0.6119626686324974,0.552988869935027,-1.756345240962037,1.7153820311675458,-0.819819225034221,-1.2928266984982417,-0.9335895988317722,-0.2633667930555577,1.1681149903974775,0.4686641353745018
C00507,1.5902845824718064,1.2069316265497694,0.40662983035852485,-0.5101866140640601,1.0168711084529527,-1.3053473533405004,0.33781096519894555,-1.0732864050943263,-0.42520855208972774,-1.045796733612906,-0.08844582730502352,0.23219027945237006,-0.7598738105762721,0.8138324126591612,-0.018769310046103393,0.8041216568967102,-0.4941141498758072,-0.4552983998365302,0.5047159289971654
C00508,1.7940059896124325,1.4705491007317986,-0.5498882479388705,-1.5221825018980595,-2.2302720392423194,0.8631845675451464,-2.4295749616689957,0.1696669932642687,2.769412320661482,-1.417736084086817,-1.1696298758990609,-0.07779368626961573,-1.0427075275865973,0.6753207978073623,1.3204161168546344,0.6062987043748743,-0.4122265438725782,-1.7571870443678002,0.30144513363943687
C00509,0.8995659063652225,-0.956109487013228,-0.8389902520790963,-1.892605035152407,-0.6792637763033847,0.9334472028902794,-0.4904719820800529,1.5746704432864849,0.054658254461272024,1.3345997749349268,-0.28767379171842433,-0.22642483223889015,0.7470266928262168,0.12234499301075938,1.6950360799953783,-0.9076978722612905,-0.4383347789420624,0.2403992109483676,0.6713016652036057
C00510,0.5517908412743647,1.48352422829442,-0.6005504864977985,-0.7848355317468986,-1.7477899385929911,-1.6635327229031271,-0.17009153424182416,-0.37729910738762007,-0.5815186081953845,0.594596069130594,-1.109893224418541,0.05189981811758313,-0.44893302569565957,1.6482353822445157,0.008905673740722604,-0.5020568799431351,0.07093820768836206,-1.510972426327044,-1.7327647797123154
C00511,0.5212162612734579,-2.1203298379859232,-1.5444043985625866,2.0632510302605187,-0.437914833426266,-1.7254130081673051,-0.27891942933122593,0.7373603687256792,-0.37692766559207147,0.996616752504102,0.18050841950805271,-1.24850813837424,1.0289879536770983,-0.3524686304251303,0.3045164878850875,-0.6322323568427518,-0.5383823276417371,-0.26732600908217463,0.592226509509801
C00512,-2.390416222926402,-2.543864815669206,-1.0485388990507416,-2.0874697157445525,1.274462705487736,0.591019723644799,-1.9798097028048143,-0.29617514942068324,-0.6103416594648224,0.8071542636184246,-1.3803682207078192,-1.052479409184673,-0.3023335595138493,0.2648330908815419,0.8355951248704736,0.8426943864478166,0.9370459269785205,0.3741912876452125,0.08204045051216367
C00513,0.46269730133411946,1.4183131553288089,-0.7617617141976919,-0.9955643956986241,2.1949091499961786,1.5455148415882396,0.8268999625861594,1.0384844038771515,1.134851753877256,-0.42390201543758366,0.9419328243116046,-0.7471840692224846,1.088600305264163,0.865069378293624,-0.08826886720562949,-0.1476283944247882,-0.11025666670026442,-0.7094410518017199,-1.0957048288173594
C00514,0.27070358081767676,-0.951838394133794,2.314697678027313,0.04375293338688974,-0.4178571687786505,-0.7399104360051643,2.9651176578759015,0.8278943406482581,0.9278582142797276,-0.8950013258751506,-0.464552861340503,0.4875357107428605,1.1510302812432642,0.5868176218040716,-1.0067293246575346,0.30481564434178854,-0.12634386245961277,0.9532660702664377,-0.8383366761484297
C00515,0.6626333553273849,-1.1828855695737954,4.048166602186003,-0.7806256886818145,0.8337043081024589,0.37921690800077984,-1.6285777990437882,0.1035932237743003,0.09808993658673716,2.0847626962752863,-0.6346597313953741,0.4796240685709647,-1.1900292751539423,-1.3306132702059008,1.1648028502731993,1.3839012782049194,-0.9745234678456984,0.9459530379011315,0.45556261715709995
C00516,-0.3697941264633697,-0.72648040543429,-0.9901174163250137,-0.5539879692214682,0.5734903461204748,-1.2485143142410369,0.21409619098048718,-0.8120010891145208,-0.7503643834605204,-0.9520066051720203,1.2707493123053162,0.3654838208583304,0.012012195191950192,0.22116264209407774,-0.7102962713648114,-0.8010365881585381,0.1335577140794912,-0.6862098944082877,-1.254369787235722
C00517,2.037296115461861,-0.010411274493027292,-0.1445571549029852,-0.44592459340545243,0.3761470725758535,-1.4856497316745967,-0.9393893503222563,-0.6963531627058562,-0.9401983120393504,-1.6930645854180024,0.4140217076994259,0.0029742010231134223,-0.07354351163171878,0.7641077519902474,-1.6299832731029922,-2.0810969431732445,-0.3580548146890926,0.035964314478342155,-0.8257388368096975
C00518,-7.587856282508662,4.1093487385374114,7.70330792056071,1.3678083234434066,-2.973468954574101,-2.3489029524166334,-2.2396888310846776,2.2662918118484945,1.7037186219601104,-2.610336703279413,-0.4444386335319503,-3.178484680758684,-1.073241902326399,0.2035409575951635,-1.0987652288635565,-1.5715350221563782,0.7794745027256792,-1.0686213654576169,-1.3247506066336703
C00519,-0.08937954035747331,-2.790629282267384,3.1135444645113464,3.1642216227019273,-0.34405119896254527,1.518342146648132,-0.1785662233959373,-1.02487824075629,2.2572267033326368,-1.0149742269808204,-0.16168516319487405,-0.2453040125098475,1.6337714033645263,-0.23881778673445267,1.3276182220804889,1.6797420857862277,0.1761622039585193,-0.2658569332593454,-0.37710517516476133
C00520,0.8183252613759426,-1.157348749021341,-0.7285630149737976,2.188524510898634,1.59418592362166,1.454252393459448,0.27942292613775516,0.3827949540495029,-0.7908719955236564,0.8110880959463891,1.3082529089975719,0.0747329507683962,-0.7065421962650373,-2.186747835588082,0.38625348294126965,-0.7456759303415326,1.2466309203226325,-0.08867678247161288,0.3144065876637833
C00521,-3.7409925770024235,-1.2626449078889117,-1.9761960334527404,2.1196997482710658,0.1088184885602469,0.521676901815044,-1.8245937639041974,0.43659635571615324,2.0703301945057273,3.1156599685142985,0.969267288098829,2.024469798957482,-1.653085889254584,-0.2636040038426552,-0.5136988314291959,-0.23095353698960008,-0.002989151974136901,1.198443022906314,0.7832144792366422
C00522,-1.1008089906297183,1.3960207729119738,-1.5152624443765286,-1.8794058243797378,2.2461805463768,-1.4548646821546498,1.4542463473040834,-1.2801475310880694,-0.07431909878280439,1.3525663136351203,2.5697724940527493,-0.3733611576927836,1.1547701860562578,0.8302059928285965,-0.47881593944731476,-0.6062385388176801,1.5554335560238337,1.1937190019531558,0.1292648862528634
C00523,0.618564021727478,-1.2677607167943954,-1.6876818910795213,2.024537938309952,0.540607691891769,-1.3851313484038663,-1.1597627344806467,-1.2118736657056428,-2.2895462441440935,-0.7332915568376391,1.5716108791763925,-0.7192943245086044,0.4916282775320819,-0.25368354439126145,-0.2934381745713087,-0.9902005133142082,0.739031172608461,0.417493201137301,0.29593855759035914
C00524,1.9159050992106983,1.1398432487723005,-0.8674929910797825,2.34856717032575,-0.4305482527534736,-1.39502303154369,0.2624382541048748,-1.0968064009127927,-1.056811768685521,0.24218267515013392,2.019536163476922,0.3634160648608358,0.3005976057287971,-1.9053609937126317,1.5420446164835604,0.022991432157414986,-0.6913489420754477,-0.5829417712333015,0.5920006321621399
C00525,1.9703419941861424,2.0525428049303827,-1.0001632052679068,-2.188491376586342,0.8349062122206067,1.4057912953146754,0.17791829360460162,1.0958291562254936,0.14719361743048054,-1.1768049329213044,-0.2135230699168716,-0.08116474476565816,-0.24375955327338872,1.1712027096589692,0.10893376627427878,0.5343287120752245,-0.7741736118751256,-0.5967277189702213,0.37585273070690445
C00526,1.4064616952127853,3.112237249168397,-2.6256254609998853,1.4812748734119452,-1.9222878314871166,-1.50008643822376,1.090971373946576,-0.2574238943372497,-1.4951045223503148,1.7582643841141559,-0.19488100528300276,-0.275862970873025,-0.8610695278421154,0.5827835870726805,-0.756255541169653,1.7438854980000975,0.1747343483579324,0.2503722497363125,-0.5856186563147632
C00527,1.3093888370495241,-1.72924919391546,0.9148408680416752,0.10333057669584522,-1.3671336739813875,-1.0273538200757504,0.5473663992021119,-2.41792840212672,-0.4994224875051219,-1.275102731855682,-0.39832975642068646,0.47402455089269324,-1.3668808538055432,0.6319648604550279,-0.801755471363909,-0.4005102661048641,-0.3614705672862669,0.5735215681301953,-0.5061320517956825
C00528,0.19304344645624355,-1.4588986872021013,1.889527360920905,-1.015269489486119,-0.9730771985233144,1.5136230770301764,0.039206428892275005,-0.6838170663507622,0.5939035679192474,-0.5635710278464474,-0.01780105893297027,-0.9293938069986024,-0.22353973080419304,1.0082777478019351,0.4583499852097401,0.2519306956903534,0.6031703949779291,1.2495755909990187,1.0143710944682864
C00529,2.564557421740421,2.17607391820437,1.396934166894638,-1.5554070735174959,-1.5589082097850877,1.230871681900988,0.4098038782819653,0.4893772947948152,-0.36409688729891604,0.5510867959486153,-1.4210918674142237,-0.5973242605622838,1.3268969486720459,-0.7346325493455209,0.09332634096643647,0.2766356484096778,1.2588173201738175,0.15342752511301117,1.0511649856645016
C00530,-3.3272587915128167,4.026819754353865,-1.017516914621261,-2.4742775434300763,5.452510548825047,1.0670458464027417,1.37828486300073,-1.5072226173128374,-0.17241007418787538,3.311341009388302,1.8096659295879869,-0.42367144874490587,-0.2534700812970107,1.5611919961334935,0.021036353136409443,0.8359512195687863,1.207950169176851,1.2261464833746847,-0.11335905994849504
C00531,1.4703443321854843,4.838130307861423,2.5016227867159637,-1.2263943240358244,0.25415950234602963,0.4847090157206107,-0.47566822913011764,-2.919639456658314,1.331470815693471,2.027760173945129,-0.35870323073502597,-0.908317967968527,4.8139459364689765,-1.6485261661995358,-2.773355364253652,-0.03354649267513855,0.5320602787413306,-0.9757451030374972,0.6150241689733131
C00532,0.6907848929803749,0.6398678681091302,0.6674816934564078,-1.7447616055413244,2.1469506446031,1.2803252034713366,-0.6121297012899557,1.1719165915162302,0.6854423585732146,-0.9464410861105496,0.2052001403683493,0.9985937262508022,-0.595357856960836,0.5939216214322187,1.3858368927412141,0.19598788223978936,-0.11362459237444845,-1.2900042990612275,-0.03916313461665444
C00533,2.524909307124697,1.1081673843887934,1.1711853599937219,-1.208883256764476,-1.6109962558080488,0.9707325744773211,-0.7505688823439566,-0.35403821587662726,0.5094212061332994,0.6047654519727138,-0.8355837939704316,-0.42049852915428404,-0.6289611865543159,-0.8690346359310608,0.9824823432436649,-1.1632348411069462,1.2486692064512104,0.19410945551329042,-0.04943293065600862
C00534,0.6307567253845643,-2.8671659028953753,-1.4201819248344938,2.0153620740073963,-0.588843050710441,1.9715676222099747,1.5073333520479557,0.9593921546311964,-0.7014098512163566,-0.3628508399449156,-0.34131158065505424,-0.5130720355454417,-0.6054307739382548,-1.6444486762293027,0.823804873364097,0.824444185564921,-0.6494512183437459,-0.6627120340023409,-0.2933413194889785
C00535,-0.9920971319804106,0.40450637618106466,0.6644690837111143,2.4688439130057023,0.7555658466687506,1.436318896543005,0.26568945934804655,-0.8471541939614474,-1.0522969411639722,1.5560148080679697,2.442332611772091,-1.1362459187839167,-1.2729970681887695,1.230949939477258,0.4516224413030082,-0.6438158365117074,0.050962233398536186,-1.551297208201492,0.5291392453404037
C00536,1.1081009190562081,2.266203711196427,-1.3322084946919173,-2.095410683867234,-0.7792421916187653,-1.878806498503903,0.22959061351975524,-1.174938345717313,-1.1708341964376545,1.2352168216646953,-0.7902704559043342,-1.31956103544341,0.5346583657962135,-0.1897291378956459,1.135288316866851,0.5241625726685083,1.3447588967403503,-0.9596737181237589,-0.5979065284352937
C00537,-11.151111033241474,6.517969957863495,-0.42611138712476015,0.7438135088105632,8.488145733944526,0.881534903546179,0.3944303268739526,1.7935044845580848,0.8975345575583409,-1.5980051193615592,-2.226759321764696,-4.831372114140237,-0.04461095919131713,-0.7943888557477138,0.08536991880880937,0.05112289203267272,2.02021606727817,0.4475386434220892,-1.536079739417664
C00538,1.3286995029739845,0.30815294094973483,-1.3197340870425056,-1.5397443934610084,-0.9320303735446149,-1.0127469232720676,2.4634643935355602,0.46576366905023125,2.0006585977620084,-0.8498490967949064,0.07245726823488137,0.26339226242107794,0.2566185986654743,-0.8674855861580869,0.3918349593000842,0.5282397759651831,-0.4026027539586097,0.030893578978351793,0.5733433084249474
C00539,-1.4433448217071765,-2.0044260754158065,-0.5345310425063283,-1.5291315609871192,0.5167416298123897,-1.949949851680503,-0.1189271220971291,-0.18597029474773913,0.9769330042844939,0.9072172168574038,-0.5704101287632858,-1.8968426089373298,-0.19845126931842688,1.446405179226678,0.7056639196039017,-0.5689133069029264,0.12851383383199316,-0.06519542623631158,0.9566307764973973
C00540,-0.6192591770959736,-2.84317146110331,-1.822282882955971,2.0983584260429753,-1.1287583895852327,1.59212850322212,-1.2568417142372281,-0.6845480682688369,-0.03833314043033547,-1.9702974602978518,-0.01001091005871071,-0.5342756041357668,0.9057986366264296,-1.6948486896652175,0.7009881096728352,0.011437856799454457,-0.30565058376497717,-0.1777544499583659,-0.41738441071786686
C00541,-0.3619491804033195,-2.468580768575413,-0.9177202025068805,-1.4206902861615087,-1.585383757017275,-1.0231080011190854,1.007099880028935,-0.3364866625604874,-0.4762571366550913,-1.8199030817199953,-0.32624911289844183,-1.0550081785277932,-0.9619072891682171,0.4242231744124955,0.22022757539697027,-0.6124803631448376,-0.33171611516279603,0.012299341699589253,-0.062264044074549135
C00542,-0.5535809164129015,0.8740330324752419,-1.3746177399741872,-1.6409771855938584,1.9341011185697905,-1.2369050497377154,1.7745194773101234,-0.6282665605676873,1.7711655362591758,-0.7387683663355366,1.0988079855035218,-1.7208194002354393,-0.8280989275921213,0.7762272324690909,0.5430984298374953,0.3348289890515395,0.9076699195075032,0.2892223987050891,0.9364332204878825
C00543,-5.48633336798482,0.714639907089941,0.1942328635436704,-0.58087922312211,1.6484712641952042,1.4314977167621468,-0.569548872944486,-3.194314397932331,-2.0484023891925984,0.837190657654501,1.5351365414359042,-1.9419183799087325,-0.5855924265301949,1.851822858621975,0.0777576442571539,-0.16177691711364062,0.7708670480677838,-0.45662949380921586,0.7117088864951883
C00544,1.0939181120873045,0.5583519374636366,-1.7576885953246253,1.611637282569201,1.4888823977657264,1.402406550681174,-0.7411439666612694,0.8560097178953243,0.6587163036865017,-0.9879387196162339,0.528723184781657,-0.43608747864008524,0.4922153102950701,0.875773937818208,-0.4008533460034464,0.31067122999857183,0.35321124846696156,-0.13649537229188816,-0.004743408031581617
C00545,-1.7585937277417163,0.35144312768698144,2.5721932996215666,-0.8298972911196995,2.863127267289696,-1.4101851265447134,2.116224763776798,-0.387114652434464,0.9153163444111623,-0.3488650993059163,0.7938440936771347,-1.5496967333559708,-1.3815395531835744,-0.17279351516518887,0.6782917602459613,-0.6946143290214716,0.6695256420713402,-1.686907487104928,-0.3014791695461903
C00546,0.9910629801666678,0.8539349804174728,-0.9752862943973967,-1.0143849141882277,1.6641824739955484,1.5511586688946475,0.5441259224690771,1.0489214365422073,0.34732095143274205,-0.15771985014560613,0.8377615807663704,-0.029988954591110967,-0.48655990985423747,1.0882690188813682,0.08538946953935997,0.5848983456730983,0.218112714234605,0.6435239581806791,-0.8530868362970393
C00547,-3.249816761242385,-1.4009616490177563,-0.5621961605401263,-0.905015089490058,-0.5501327768269816,-1.4034819700541121,0.19417373383028985,-3.26722185009644,1.7008429981388489,0.2025014381816526,1.3147867379557254,-0.1361124410929878,-1.744637862787388,1.1242600879693405,-1.1119535617106124,-0.051822570000507565,0.38096445059628276,0.48072666523735147,1.1842422190158945
C00548,-0.6661977651178543,-2.7833101536124323,0.15180795461485336,2.175754316102645,-0.9532750504526996,-0.5039283915501352,1.4052180061407473,2.050783715638405,-1.2276602190893056,-1.5669210630455028,-0.16284051730711702,0.4127095439180904,0.5473229569569447,1.2069801507450622,0.6260269803485911,0.5623697935098356,0.7146302037554204,0.051624507716420874,0.9786538918544307
C00549,1.6680580463088022,0.7198186113589247,-2.8303356025675046,1.7650438398461703,-0.02338896880783522,-1.4326454763530836,-0.5950096403123155,-0.9721655742460635,-0.514032282387175,-1.2359721954141072,1.1439252953747197,0.48792442864073,1.2618246149906545,-1.7154789652159435,1.1424753720807583,0.13616105435008585,0.06365960670956122,0.10293782549465999,-0.1343557748052399
C00550,-1.2136849520443391,-2.0604574924019903,-1.271722027408601,1.851163878587644,0.5568341597314582,-1.5044862409343738,0.5026126834521041,1.7401089157662886,0.228399416725733,1.1894122066686246,-0.4444688624868781,0.1946184297976777,0.2141494950236261,0.8671670614958883,2.0599662059488715,-0.06494225928132952,0.2491930872221509,-0.2757414246009661,-0.023283808525621976
C00551,-15.161491256827528,-0.5534722675987762,-0.5113320056596815,1.8553412511751142,1.9736311062872938,-1.5209333717673976,-2.793885436042523,-4.070299968793399,-1.3949705201309317,-5.033811598477317,-3.5588578869340575,-3.075493004093365,-0.4576756660081252,-0.29857949662467875,-0.4361406763711376,3.34302815423529,-1.0933378349668108,2.136248229645336,0.25062198028419613
C00552,0.999102367983764,0.041133235104957255,-1.3424820900765888,-0.9363458760026403,0.4487852298764917,1.3693545805822929,-0.737209193716537,0.9894413198101614,-0.31468299774099767,-0.9281219477227254,0.9377931970600526,-0.099076234987595,-0.21523956651490084,0.17053264070035967,-0.05780110446526848,-0.44500375334369946,0.1735730545997769,0.5367206949080985,-0.8908856070056328
C00553,1.6515147095087717,-0.5656428138405256,-0.7428873650081361,-1.7654196813537943,1.0558489517041427,1.3438871000566281,-0.685494636538905,0.3572277638694471,-0.7661328732524139,-0.9315109121158385,0.8069121775674761,0.03386712974496719,-0.30058462118906804,-0.6063805223821209,-0.4581331540784352,-0.5286260167867924,0.12322962941592598,0.05699239989167972,0.31513468045532295
C00554,-1.6940326126972716,-2.162629851810634,-0.39987498548949724,-1.983376598958707,0.2349889431848956,0.9844879775307525,0.02489262730113815,2.3760911921491643,-0.39603131768169303,2.3024504402312793,-0.3760634265905437,0.23654148770871772,0.39363041379956915,0.6802033054919919,0.7452143167278776,0.7488489695140701,0.09637286353113118,-0.03870942085312811,0.9867476016231789
C00555,1.3235916830784262,0.4013082954228268,-2.192050323493869,1.8166760428056463,1.2820173254006557,-1.5124290757424816,0.3117614293906108,1.0834808379559493,0.18989552963437437,-0.5733847891169699,0.8098166748332106,-1.1082184565620326,-0.9627599381673697,-0.1882763020495432,-1.4354203779571044,0.07011132322393748,0.4320808276460742,0.70019324024569,-0.01459209668479066
C00556,-1.6537758597402263,3.8490585333952976,3.655691089635023,2.8367055328340554,-0.35636126725879863,2.1971695959484077,5.352913340890829,-1.231200093305113,0.07212301702097061,2.9388589655035378,-0.4560910137203639,3.155924931766403,0.43974525172877743,0.6661912826666742,-0.728468075949462,-1.1948705748809274,-2.02423196583062,1.5990991905932737,0.06499132040330752
C00557,2.1622986132956297,0.05137864189082802,4.00115477597717,-0.30057356650583666,0.7773850557360614,-1.5425284123115715,1.593223676530624,-0.7369281761809048,0.28613950975657565,0.8328842456151415,2.979395757433694,-0.31441728535621727,1.2273742450813532,-1.73001733755955,-0.32611531697723245,1.0528097708453508,0.6424645826594183,0.46288545122522895,0.3171933028390849
C00558,0.4569292277862001,1.4515109427143804,-0.5455939636643404,-0.8337097081860637,-0.7098663546114641,1.180613331492011,-2.350049116602562,-3.769901258315845,0.20104944448514314,-1.735150105462957,-3.349494405457712,-0.5599929442317513,-0.1751582864182093,1.631811217614153,1.3399154998211824,-0.6866054235793387,0.24438036585789866,0.03794365378615202,-0.5977278266397119
C00559,1.4058993463153096,1.051302357645505,1.1671761067432898,-1.0685521952899928,0.07291828690137786,-1.455452100803455,0.6610282550116551,0.08977569543615613,-0.5561400442785899,-0.08197888975703435,1.7849553488771748,0.8653631939051526,-0.06574646418405013,-1.6887634508773934,1.2341405199545046,-1.3006470443529188,0.03418248584503878,0.14447565901350842,0.46086390463106586
C00560,1.603927440917521,1.7820318268617639,-0.9111620467667347,-1.752724515368584,-1.702390943471109,-1.3257475328996955,0.008475143557803771,-0.8571014620845803,0.48433452544459826,-0.5074561660833061,-0.9468280332263522,0.9693888666154882,0.06696198735960646,2.283023015063644,0.6725754703278444,-1.2262907588465226,1.6456058317316875,-0.050186553088728464,0.14431202172131188
C00561,0.18479740281666965,-1.8611585245434512,-0.9727733147859284,-0.5434001169695207,0.11189315055479317,0.5483479067577122,-0.9732909428103512,-0.8104386129781087,0.7936610033735819,2.376290018277928,-0.2930303242992612,-0.7594385719151169,-0.20087937215062027,-0.7275283548783572,-0.8927462959218393,-0.22719221547239127,-0.7024147979796436,0.019449590977514607,-0.8454755173900281
C00562,1.940994764361208,-0.921128522485561,2.39479256294517,0.08572007769580631,-0.045282044805497496,1.2967202667627264,-1.205321292332893,1.088467813481773,-0.206346806924281,-0.8257193679454368,1.1792065082164178,0.5355305527409828,-1.4223144094799112,0.21776629998165406,-0.8228085985492529,-0.11199940939307486,0.21892749980316625,1.2595231014033927,-0.6697206118322783
C00563,-7.945716390315914,-1.2390747693895137,-0.291762039264241,-1.4153224813398837,1.9152974837194234,0.3715551076744305,-2.175019788176656,-4.368070382389297,-1.5071741229937967,3.2836766327155837,-0.34616091418561556,0.2306324363800611,-2.43654644088535,-2.5705835968068063,-0.1110948163708142,1.217999318669162,1.258919969632303,0.48167997122490286,2.2735199464854525
C00564,2.313375833649014,3.8386177568660624,0.30509220959938615,2.040708873898221,-1.182284433508152,1.1797031951780614,0.861035772288912,-0.06790292999388135,0.23085797012013087,1.6352762285508045,-0.8347078678683538,-1.3303725128190207,0.4755568475561084,0.07921268320061885,-0.4457758875923353,0.3827610500104306,-0.042523390018534446,-0.6770987893811418,-0.5342702770185356
C00565,-0.22282422628417475,1.458540375474035,-1.0562613719464191,-1.0427742518367518,-2.2036723385572463,1.189617663930825,-1.6935555796722426,0.5055251726648404,-0.3534017839028759,0.7047010925054075,-0.2846239998229206,1.8925124963220674,-0.11488735792808324,2.1234134961869735,-1.1741940731764147,0.7602594067924856,1.9030838696463719,0.23387605057235172,-1.1837057796215673
C00566,0.22507609181215787,-2.264803795819746,3.170139243671797,-0.6177151943970118,-0.9838805262095823,-1.281320311192264,0.29041530110217084,-0.85421577455205,-0.2297296889482535,-0.643294588485352,-0.2808220140388763,2.0190880684312225,-0.8244198343815236,0.5276999528114186,-0.8594284811482762,0.47107282902273,0.30121297850945067,0.023465640308687957,0.5021300610337261
C00567,-6.3588232761486445,7.0108405425381015,-1.3132874886278953,-1.273296002563615,-2.4911859129247347,0.23075526190635626,-3.6848667427799,2.6945620676223854,1.0495951400827284,-1.5509495754942815,-1.764437731099058,0.24874986764721302,-1.5321314328175657,-2.216116503502189,-0.9412424833190349,0.8875929429152836,0.8675693805182637,1.1896669814894147,-0.9021301147274327
C00568,0.8814814160993907,2.449996021028152,0.057062480548640174,1.8126780312468678,1.030909560322132,1.494687118206322,0.9707919838851242,0.04082049364659803,-0.9903031259443581,1.4593925781494015,0.8568960404266704,0.6874882971045331,1.4164746096332077,0.3610143078362434,1.9123777469522947,-0.7058507439147017,-0.1465403840698378,-1.0022296708983602,-0.018962748540460466
C00569,1.4509717437555167,-1.163953550260948,-0.5034746836634821,2.0632308579176724,0.7519762050399518,1.6369732366733518,-0.2620723985794578,-1.2592714300913874,-1.1466482940008396,-0.7321422573810924,-0.19276989938806097,0.39112647944775697,0.5602017833999958,-0.3846362816540104,1.379054161865687,-0.616580690619969,0.524467531925713,-1.4201258427744061,0.285133360648798
C00570,1.87482523873013,1.06993055664048,-0.6952219466182263,2.06337068935118,1.0784006203106409,-1.4808612402609158,-0.22845410996837764,-0.25033438668786695,-0.16424164915680955,-0.5168100276953645,0.6059396777754803,1.1416087182686432,-0.16782473827154518,0.6873089381062583,-1.1211964491652087,-0.4540739405921661,-0.3617614250450921,-0.6945085596763837,-0.20489416083035
C00571,2.0408716664735076,-1.130273802576252,-0.24784541819567177,-0.5113784377994834,-0.343928783769158,-1.8886319054971688,-0.044866379249524156,0.305274135706339,-0.30360715268116306,0.30162188365814757,-1.6861633934287426,-0.32442160112995877,0.8762804345887807,-1.265513802280385,-0.35588696761183497,-1.978542542804106,-0.9444557939423345,0.41194068719203525,-0.33374304871094274
C00572,2.5859942001882184,1.2545078912914258,2.2734330981675455,2.324340976772571,1.11788584146858,1.4666286365448657,0.9115473995863622,1.6187766107690988,-1.4819575329223118,0.20347454047800603,-0.21484777000118993,-0.009864653033424669,-0.17739323570552065,-0.6984744148475813,-1.0280050099227775,-0.33147124461090666,-0.1770175030618945,0.6552294448066817,0.27864414070670995
C00573,2.667417598896164,1.2362305911608313,2.6982743160949716,-0.1248559480369564,-0.15549613533885226,1.3486497921401557,0.20581979086207597,0.5304209190807556,-1.0527892708349933,-0.23419826435722466,0.5213103955033751,-0.5638008656310004,0.028618102150392562,0.08905750896487273,-0.4080887273082785,-0.6815372037828925,-0.2275324989236202,1.4850977898744238,-0.7668638893384979
C00574,0.34807605536877945,2.6849952011115437,-1.9698594679574801,1.539997483264717,2.5988889782892968,-1.2649316919923017,0.9993431095635052,-1.2984932459835918,0.9728006610788636,-1.5845909876067341,-0.724233728355256,-0.5134318278115283,1.44212083834126,0.005246369677920573,0.12379365455775364,0.9002383149622464,-0.7026931441541749,-0.7471941407279217,0.15851187653804671
C00575,-1.1099825545156004,-1.8863826440689628,1.7628161715585902,-1.3303960579705887,2.0859269715952884,1.4974980973973009,0.31230881100531893,-0.13840942165023593,-1.0919856448120853,-0.6645216219923796,-0.544222897995095,0.34791709126530446,0.04308312824195323,-0.48991136376104016,-1.9523351740832617,-0.35051822924212517,1.7993129681226443,-0.6427011695981882,0.9821658296315022
C00576,0.8165776099136971,-0.8152633208427481,-1.6151100519215362,1.6908161077194523,0.15762661033009986,0.8381704089908326,-1.1752061678020176,0.14959498731199938,0.5321267105114164,1.7294844048636056,-2.0804170685024235,2.728604645007227,-0.6265513028274664,-0.12876852021466734,1.2130866843222854,-1.2073932938736114,-0.93862788212449,0.18631830955163461,0.0597529711231191
C00577,-0.33396805548944697,-1.8245641100533945,-0.7828351762614604,-1.9181345779550498,1.4125245903016883,0.7032040799985864,-0.7473055399369978,1.7640182122826997,1.6329165372966095,1.0809903808359433,-1.0821391138483378,-0.026051775444437177,1.2646779065309566,-0.9732727999015914,0.5887600586695346,-0.3107495673889761,0.3432080739677875,0.3407887776642474,0.5949237671104408
C00578,-1.1706855213993892,2.6840734985469528,-0.9417209160302787,-1.6355330693479098,3.0849307447661967,-1.398725071350018,0.933708674537088,-0.07094769016439531,4.095806245391218,-0.25322899926730397,1.6821113596463406,1.3822411682738756,-0.3997539607852321,1.7568811025825704,0.9736328465940441,0.16713922998942907,0.9066140978133924,1.3574617188099083,0.9797471719452012
C00579,-0.1784288175447133,-2.164287214660714,0.940021262982397,-0.002587790828220374,-0.21589869853899435,1.470039222942343,0.09835620829961052,-1.2283824157634138,1.440647675261426,-0.33365025839947865,-0.05486098359874222,0.4985043000354648,-0.04054558677708922,-0.8443229276516272,-0.13838212432115085,0.10406185142533454,0.037381626748943776,-1.0028316481619868,-1.1230345635901915
C00580,1.2108970813865474,-0.9254059010036698,-1.8074063243876368,2.0138488227672475,-0.1940800297133737,-0.8278092287574945,2.1232313596795853,1.0178210234296858,1.3459595241432631,-1.0865893715146921,-0.43552814044073873,-0.051796935432216966,0.2428581636005272,-0.6335716684872834,-0.5237305455140117,0.7566339516752004,-0.14052435474293712,-0.4735180365498762,0.3364391864599203
C00581,1.005569702276931,-2.393928279954484,1.1006197995231786,-0.8107446885883267,-0.6500257352648791,-1.2001265323430133,0.437739372398571,-1.220355853887695,0.9193696775306303,-1.8369668210638446,-0.2414017720482816,-0.6121843684008854,-0.6293271431586985,-0.526725999154579,0.1507261484969445,-0.36673374602163383,0.7688819518737989,1.26848625420834,0.535309533041486
C00582,0.7523068901104925,1.3296750452049315,3.6421992948525794,-0.5237305624921444,0.49245621744512286,-1.6001804900625953,0.46659831355926035,-0.8773988438962245,0.2118653329157633,-0.2374926930532968,1.0105839679197206,0.7397675759508278,-1.2720490484225766,-0.08329452757853875,1.8169075413682734,-2.2350365438861863,0.5891300812702509,0.199859239250831,-0.1414849176373821
C00583,1.969803876712111,-1.3160002062177842,0.9534869368203767,-1.4527426974987316,-0.5032693203349259,0.7289572552921018,-1.296893419212159,0.38355385410105375,-1.1214070294356526,1.2721597903534836,-0.84446412707339,-0.6912249763521323,-0.18617581741198216,0.17489391037126492,-0.6513792419941513,-1.5548847117200364,-0.371774260346431,1.8920714718129819,0.9411597758171213
C00584,0.21988573226976235,-2.251494982940057,0.7958252412313791,-0.18366359637225282,0.006265558191516796,1.89908788465126,1.3503589777026181,0.317666891296507,1.5354978891415336,-1.785847033714742,-1.7167704184666075,0.8194035078429566,-1.0253905531124472,-0.8769550090925914,-0.5164374555953363,0.21391427732991075,-0.03315450959103028,0.2359608960249973,-0.8057001436655554
C00585,-1.524203777471007,0.8372213325567421,-1.4203350646080453,2.169806609673837,-0.6684342855219351,-0.5068695373453124,3.340863262791113,0.04067715320441437,1.101155255477337,-1.7247447947286,-0.7612976317194304,-0.1289016249832146,0.4467000234195884,-0.41477805386375,-0.26399683821353637,-1.455633503272707,-1.7744842224341042,-0.1688182372274129,0.32328414968011027
C00586,0.41713851880423425,-2.410865930339545,-0.6022535832734732,-1.4750517186160144,-1.8059454187517894,1.870892117918531,0.7175444393534105,0.7320202925999496,-0.9575458962581166,-0.6396181066784692,0.336667680255019,0.3152265794604233,-1.2122107860821598,-0.06333066288219413,-0.797252837352964,-0.2630837271720339,-0.6933178923524287,0.03560361896709822,1.0095457228321012
C00587,1.581412999664889,0.9440511918550595,-1.8510276875205571,1.5908655497146502,-1.0881994555723993,1.0398814305169317,-1.2689041987417353,0.41183399112824676,1.0366855452093207,0.3479878797873843,-1.46164009131236,0.19148652982099085,1.0743139739901395,0.33860922842500285,0.6029084086712777,-0.16860675746315015,1.7674753122595008,-1.1315552880417319,-0.9486578686363257
C00588,1.4581241990043825,-1.6964509094398432,1.2663925679467565,-0.7518312667757254,-1.9876281316159532,-1.0202710201329837,1.5364607570073603,0.07434601218531411,0.32683612973533455,-0.9253690047372567,0.6760650935404663,-0.4437280456735794,-1.381245633974185,0.11133259262120238,-1.1607387125656004,0.5194860130298505,-0.44971304832584297,0.9001255693946917,0.8471265501557868
C00589,1.3413391784105908,2.4439576394133815,-1.1777915133917363,-0.8699008302713854,0.48600915450026555,-1.5585719021847697,-0.13183858466665302,-1.428138685620439,-1.5290081092645662,-0.646396363789117,0.2845761775048183,0.5177582312534067,-0.533311832701711,-0.6625501020850847,-0.30111495995939136,-0.27996076779425644,-1.5098547720820534,-0.5380507651391622,-0.48241466597632576
C00590,-1.2386670079810242,0.07368176895538295,-0.9034474131019403,-0.879126951888438,2.3695583449938935,-1.5003842088557375,-0.7982609468824471,-0.39286566566747544,-0.06802843181534858,-1.6271524648687874,-0.0760981839624966,1.8437697242772442,-0.1401778706493328,-0.2622717950529694,-1.0233297910275185,0.4104783704984896,0.10141262241874516,-0.46431801153499486,-1.1633040899180864
C00591,2.4884824067335987,0.2823643323040824,0.9636801793156273,-1.3438771972968722,0.7190244734690794,1.4381127676189984,0.1732901082509508,0.46546166738364897,0.12917437844802798,-1.2026637662094055,0.48635256009777783,-0.5715896279074203,0.8122019777490702,-1.096557818486024,-0.4005098583371819,-0.9531296204797799,0.5145660640749838,1.1658318751680035,0.9510851662084547
C00592,0.9691249142216899,-2.664003002053191,-1.0197661474672282,-0.8823701118315103,-0.06657007075814778,0.8798548532296415,-1.5670341278292375,0.49241156547469117,0.1958371665076036,0.8379673734167106,-1.05705990846522,0.6797048103107521,0.8481035169783897,0.8813770242291113,-0.6039274667387824,-0.7196241362239918,-0.2528846410964207,0.32906573161075814,-0.8749800083221979
C00593,-0.5921081781363282,2.0626068647209705,-1.0386211752258765,-2.0689707438580456,2.7121184484510197,-1.6680965578568296,0.4263122989096118,-1.6030759392789256,-0.531951605339045,0.2202679856991371,0.15426128221872498,-0.19662490912137018,-0.7906317741765428,1.1514588190255126,-0.7848001126636109,0.6126397596578412,0.027694359626885937,-0.28167994535659874,0.8289850251012841
C00594,1.5608614599205966,-0.1386776537706997,-0.5658473999091858,1.8612075285726708,1.330467241664661,-1.17661193230474,0.7753967738400104,1.445547320184682,-1.2013015861860443,-0.5480615735516775,0.16298184961357676,0.8341450470739884,0.11089219821647353,0.6919085564205306,-0.7623867894353489,-0.4214790801673733,0.06698335801477788,-1.2445519601815098,-0.5293046033884543
C00595,1.018162838471526,0.6733432692819337,1.9257000894578875,-1.1755459562326227,-0.6869473845599803,1.4883297003048426,0.2502397315964789,-2.3613974016384613,0.177106632092552,-1.286973694891414,-1.7763494183835824,-0.7460445608517535,-0.5095423475949915,0.5523806955887465,-0.8244398732925065,1.4116020532942843,-1.6990131011540643,0.5944304049560444,1.5744661197584597
C00596,1.420052578971933,1.7077529197440369,2.195402368486022,-0.32790978578576,2.1174340700335246,-1.4592284770240587,1.3139258353716887,-0.7231537373128967,-2.088371914914838,0.8118493652072006,0.7822172551866529,-0.4125525914389173,-1.0710385616592126,0.5280186300934016,-0.17278222357577086,-0.2815675250088981,-0.35393069214138667,0.5280549803446294,-1.4395295545563083
C00597,3.059878623493523,1.0165736520243365,2.1625093436552003,-1.1041728690431512,-1.661436625703505,-1.5345881720252814,0.5743490403488272,0.1417301395107367,-1.0857427605228787,0.3638845138258125,-1.4337895587654594,1.0140503514472785,-1.0219982284255438,-0.3220874201599978,-1.237218629063837,-0.22662491850128774,1.3308756975728817,0.39239116431216065,0.5084427595010244
C00598,-4.680452023441161,-0.14384523405667285,-0.37293607908521437,-0.25918267742194173,1.8199917708265585,-1.5223374256487012,-1.6319542525195803,-4.048847707401633,0.4815635538297919,-1.7003638145947304,0.7381758808193686,1.0865023561243805,1.3909036529216234,-0.045042142741901714,-1.0593782088467032,-0.9766552035502353,1.090313443273536,0.23241143686397042,-0.49971518462202136
C00599,0.6180471754493028,-2.416231442567216,-0.750295068187348,-1.0762482706232597,-1.8073314770164166,-1.0073345804571934,0.9718788918741371,0.03962799002350507,0.36189181662969455,-1.7244566133907804,0.052637431455601,-0.13933556969402724,-1.9721903982844058,-0.8275197133032846,-0.5275430415946527,-1.1726273674491878,-0.20111686082294275,0.5054678740489277,0.9866625051220974
C00600,1.5285486634214573,0.7740741244474864,-0.7581250790451716,-1.157127936000324,-1.7560365684419559,1.3482752389713268,-1.273967897851032,-0.8576140572953097,-1.6439000766209002,0.5225979610547109,-1.6255297168253098,1.2671622374781264,0.41965371455364,2.4267239814009116,-0.38450204536837557,0.5673082155214851,1.063825519387389,-0.07330466606810954,-0.915082644205103
C00601,0.4867628427141495,2.1478549267598313,-1.535121868558268,1.684496363703135,-1.5484131962650467,1.1505387987756224,-1.003362059627809,0.3092005394873626,1.0780007159231053,0.8627425932943421,-0.003152879028121478,-0.8599627437294965,1.9995291760282512,1.0078110808863772,1.4418117811028202,0.10231062791147943,1.0147075125246383,-1.5694064237089054,-0.11888702815183853
C00602,3.4453406481403364,1.9409565624997018,0.6936189100666186,2.3420453955312848,0.9096623513061092,-1.6502421068373796,-0.12343776826417277,0.23359791758563808,-1.047856368469791,-0.3804605730721496,0.6306083109206473,-0.4013018908078267,-0.6784038687605168,-1.350253547448863,-1.137813515248814,0.5452419470034643,-1.2437295258854153,-0.042353225352953085,0.26263736610567817
C00603,-2.0465948123301994,-1.064821687129495,0.6234166326712912,1.8608068138099083,4.310359536175775,1.0650682525496487,-0.6190722040497947,0.3585968621332221,-0.9995414581797772,0.2241213330597372,-0.6620570880506665,-1.5350002163554508,-0.279749221001472,-0.7424195545845567,-1.3158141550182507,1.2683998489287887,1.549602764134532,-1.582439136914717,-0.3813093749711707
C00604,2.0387815089121886,-0.448466486965204,-0.975499202653564,-0.806401985768448,1.068646114930596,-1.376107240186257,-0.4844785692282813,-0.2266364673123526,-1.9478619708271545,-1.768999018093365,-0.046175562885363994,-0.12352511245501908,0.015006853028778591,-0.360354111013106,-1.4230639525691053,-1.6013587651232124,-0.054105504004031905,0.5008951515415767,-0.8060448613603673
C00605,0.5086260450246478,-0.3722179870994964,-0.8932134531961464,-1.4976996976653412,-0.50876762256867,1.7158583238938048,2.0195806711188244,0.4016939963940977,2.1881781184151303,-0.39689975781001746,-0.11000544583159441,-0.37415186284975466,0.05585186584657219,-0.42650058664573315,-1.2446764904469307,-0.4323694595953744,-0.30411051026711705,-0.10306256935843851,0.41130903087580967
C00606,1.696697205927002,0.7597395360833751,1.0408131857516905,2.592759910899317,0.19233961581285794,1.0996795467852432,-1.2746383295762296,-0.04551650618616258,0.22190515751322806,-0.13679778429171938,1.4935373722007632,-0.35271168380451834,-0.7844428054450924,-0.32904688403619514,-0.88670696446325,0.6087817715924875,-0.8669610068276907,-0.5038760775644481,0.24102183402266142
C00607,3.1913847510783473,1.4972051195658136,1.2557917493364876,2.5864827653627773,-1.6228645086208233,-1.6631652444073532,-0.43125417158403667,-1.0060879969933443,-0.917802345934881,0.4092859536301185,-1.199881549819465,-0.45421721243228863,-0.7516651171803393,-0.5290768162360097,-0.9899728908787092,0.008961490764178605,0.9540000970425162,1.1248370666488283,0.13741835439101066
C00608,-0.7337163557832346,-0.8456805700941303,-0.8670046395658852,-1.3477114763060583,-0.5260110595990544,-2.298118324468593,-1.9754237691042804,-0.5336348198792817,2.0884186322893066,0.7660725230416818,0.40855568859333186,0.5089642026972702,-1.2357286671134513,0.2945180739699123,2.2041314686704503,0.41770137577247063,-1.3934354768504948,0.0582024748019083,0.7558894800866846
C00609,0.5219742935517313,2.924298224805411,1.9287894142648756,2.479642390401789,3.0783624862229733,-1.510294426716135,1.992100954098364,-0.8043761155918698,0.48760407678174744,0.25654233494113937,-0.4881651648498577,-0.9794347137195488,-1.218696468179849,0.31868752668789857,-1.0052953184847002,-0.4283189081685731,-0.881259499448912,-1.1147157033971147,0.03925334894723696
C00610,0.3725366119337537,0.009046153715058609,-1.6847180204334962,-0.5091187908902017,-1.6342523714128265,-1.7605731232560604,-0.6854190779822021,-1.467176836221285,0.6717238143447068,0.078577121790843,-0.5029837705868072,-0.10952625527592158,-1.9832827474945214,-0.08520312958919085,-1.1299806124494747,0.9698787910285454,1.1548411258556939,-0.03567017504182433,-1.5941343325715032
C00611,0.3643057599248535,-1.518760290443577,-0.0465294229952081,2.314846414955394,-0.5930817453211273,-0.6312155301751615,1.664469548377892,0.7077657440821652,0.09120948989419941,-1.9571511066808387,-0.3880852297679585,-0.11342175821416157,1.3243639789442714,-0.1938191885485446,0.8424818053680115,-0.005295359904607245,0.24798355435310063,0.17204669234672113,0.4581600869291947
C00612,0.03512411299793088,-0.8857690194727368,1.2425505966635872,-0.2083694731987127,1.173040554823303,1.2972048561494218,0.25395715912263156,1.3883097825103485,-0.188835757936371,0.45183940758706925,1.9189134374809378,-0.15094673215500018,0.18349957780759368,-0.9037423221136809,-1.8452844011204532,-0.34361517642101885,0.17079582712151078,-1.2564622001832244,-0.8544162268093728
C00613,1.7170445413559174,-1.103515867899026,-0.05682202541256174,-1.3077964457521456,-0.7485216247880963,1.170201133982097,-1.3022332426068306,-1.7751334282710558,0.163845776951103,-0.7433133397452051,0.09813385332641461,0.38186268154653746,0.40389256641021204,-1.97850805303147,0.5504093541665366,-0.4786296725021041,-0.7718925359699167,-0.5307585226641899,0.12270761176737723
C00614,0.8106377515219088,2.57024077482474,-0.9970200548978588,-1.8024824298968805,-2.3284724109272767,0.8243739080409105,-1.6171084271942522,-1.3276170625909467,-0.38413466062461255,0.6777164824640967,0.5382214567811839,-2.0651357701529434,2.4459926465797155,-0.9940847867714975,0.24020301524064727,0.5338282835222217,-0.011196331306038945,-1.3639882090104598,1.3206519368377874
C00615,0.8829932419222666,-1.81834306051954,-1.3057560401344024,-0.634109672258248,-0.713323656328234,-0.8025982472262828,2.228977509729642,0.07684817406166397,0.5698579390367255,-1.2117197573964853,-1.0925713400838142,0.7623476684372477,0.37003644543532876,-0.5725759886397459,0.028561959060689496,0.021132777158550515,-0.4264737058204716,0.484770753981978,-0.682690532573348
C00616,-0.6170503892368392,0.17380418248696364,-1.2950434380892437,-1.622375291681922,-0.2399235862632317,-1.0855660506540368,2.855096942223012,0.41279037744973623,1.1278623044788112,0.1984056573014752,-0.028691383389185924,1.786118587733597,0.4454232488885188,-2.2647486904207286,-1.8335112375253477,1.001829941453645,-0.7369125907052204,-1.1322491455416326,1.1688656179022765
C00617,-1.6316687115181392,-0.3409394492411896,-0.9951429900622042,2.2366785435236403,1.0946001085906807,-1.0188713431033187,0.45797824399919024,1.8945715478206562,2.36884595809575,-2.418868973889592,1.248270033859432,-1.7358978183700096,-0.5395913195131687,1.7683912703606954,0.013295234150945735,0.8333723969535541,0.03226461198796,-1.6644498870279256,0.8377969285146316
C00618,1.2819750032508352,1.497152665089171,0.9061878851703806,2.202059834401371,1.4415409296833148,1.1389366644297323,-0.750333685884139,1.1445223643180575,0.10557048943723964,0.3344848471339827,0.35402764795555536,0.8775189394807172,-1.4298965555326026,-0.039555139750622054,-1.24660769098261,0.30439055969510564,-0.2527579570534491,0.1287262372858707,0.393412699770317
C00619,-4.567171712904157,-2.709698651245566,5.26126582173468,-0.7711260828696294,1.7684580629889708,-1.933785928698842,1.3258503845906764,-0.4198993064901222,-1.4506069150831156,2.3490763079481507,-1.7457958302869314,-1.1408871748955045,1.1078803637286638,0.8409908147123226,2.1506768293437166,0.3658504536977333,-0.1440833240764549,-1.8516678747587842,0.7235995572463251
C00620,-0.18717222437497763,-2.602938196126589,-0.4340168695036107,-1.5196192508345212,-0.058335886837827415,0.3885025488005702,-1.6193557072367573,0.9489152836962362,0.10364442438683585,2.6703610544924565,1.3147058606233077,-0.4636497160455626,0.513301386533912,-0.7545877297974612,-1.4324795539321513,0.3347388961419651,-0.8254307035846492,-1.4127193507829634,-0.45031487088777417
C00621,-1.3304335065358672,-2.4641107864213514,-1.143649596010272,-2.0366633643090815,0.7666637903394872,0.6636839186012587,-0.8098353076217567,1.1084339721786902,-0.1543419940542236,2.139998528562024,-0.6106986585278993,1.093992809983051,0.5244782506114721,-0.4754703609532748,-0.7140229075685547,0.41339597156579777,-0.11774263848821269,0.14855621090742402,-0.11695142836423389
C00622,-0.2753460297724462,-1.598978480641847,2.5437591516284224,-0.9412293118785421,-0.4623068257328155,0.6037760298453286,-1.8248324035356949,0.19597641033039737,0.41234360416772914,1.976214988254134,1.4347749050107286,-1.0102381615072402,0.9303225134082999,1.2081535284623515,0.32250557010798153,0.7559429536201783,-0.29500265898227757,1.2194027660983182,0.8719825014605412
C00623,1.1829342988572225,-1.5953289883124795,-1.3713323453786441,1.6844317748592061,1.1579817065411175,0.6741707663266627,-2.0875271501526136,0.04071566842712231,-0.3360651095506355,0.22857357799012548,-2.18740192053524,-1.6652530041439284,0.973464726453143,-0.3176574301742712,-1.3796523083481647,-1.6723525908037817,-0.6559332245615518,0.47304950897262604,0.6344112275550009
C00624,0.002382651850068906,-1.9103520032619712,-0.6086470210281131,2.2716590979538407,-0.6443775566514961,1.6083727271519177,1.1147172822021905,-0.8642231383768267,-0.8476108879556783,0.8491499675595963,-0.33207317497188166,-1.6555596863957454,-1.5053069754128523,0.038876580148276975,-1.7686803705501135,0.371235095589539,-0.2090795301694952,-0.4539337776949249,0.4454655029181999
C00625,3.0224780162290887,-0.1727970441082579,0.48433220524229476,2.3922934635970527,-1.6984576301551033,1.2125641478294662,-1.6774986829215854,-0.849104277571096,-1.0305581705799178,-0.537641744853215,-2.091688343042139,-0.46581599352298686,-1.640457518128379,-0.6472084872062429,-0.4733019174665578,-0.9132731284865113,1.2536600210258553,0.2818559913100878,0.6055183917100669
C00626,-2.684172684474953,-0.45951981428425975,-1.0046689042625347,2.5488467379919197,-0.2315262974422715,0.7862384198067062,-0.17642215340949816,-1.5623814912078853,0.5183360113572132,4.414325955911535,1.488753548867843,2.097988434087109,-2.566718760747124,-1.1269043350931773,1.4554871986575575,-2.6933568129860608,-0.3017547242507929,-0.17586537877482067,-1.1072906573027272
C00627,0.8487285253293096,0.10723747838214484,-2.4859717074067302,1.6320470690917923,-1.5546219186346995,-1.2940306786749018,0.2949847616335533,0.2295699808052473,-0.7467200400193977,-1.0867085029170869,-1.976196208578615,-0.6573671401338776,0.2417802232786443,0.21875611545081686,-0.853316777522346,-0.9058590375274546,1.5881765469370936,0.22998440551519245,-0.662628532060703
C00628,-0.5100876498104843,3.5327957963846077,2.8965461889038573,3.1825279836234457,-2.4678574174999643,0.9007815879810128,-1.4543924346659702,-0.723939130794082,2.630856085928103,0.8578319106999339,0.5555129021599271,2.0906658111059864,1.647960228283009,-0.08150608224709113,-1.294013066964604,-1.8967194230135611,0.9896111713474207,-0.13895014476235756,-0.5513605747049347
C00629,0.1337774082733074,0.5328050287305723,-1.0165965563183363,-0.6734217495721282,1.04002668987316,0.9883153680419313,-1.803501470828308,-0.49143416888001407,1.1050705237040006,-0.5704011592547751,2.932948186352414,-1.092455075636915,2.7787532348917963,-0.8855269316230642,0.6273575754404841,0.6332344646968232,-0.5175668838381079,-0.9809508636454891,-2.0498716019429124
C00630,2.1908627910994167,2.5136829665099896,-0.9151577599968898,-1.7024913768384835,-1.720194842730161,0.9002052343957482,-0.27442430015955843,0.26944625499270486,1.7369620947464592,0.9108239967999449,-1.007552142378028,0.1257979050477535,-1.4791550753467426,-0.546456996748057,-0.1914914478061762,1.025058861184383,-0.08379901654954416,-0.9613349901111072,0.5173196770096687
C00631,-0.9122911414313544,-0.5926427398381363,-1.4029493842985539,1.892885945913945,2.202382501556297,1.3366255680457615,0.01571473859963985,0.3344212344586072,0.9675365754548586,0.10300747905812659,0.5957800677809103,-0.8205502863741507,0.190074692985811,-0.16676935102456442,-1.4190392880486171,0.3784214584838223,1.118685634086411,-0.5271658481356812,0.259562363102638
C00632,1.520391516681806,-0.27914402711664216,-1.1616093970771735,-1.674282748754974,0.8921189583858852,1.2730450228900223,-0.6309583148711368,0.29542046415939593,1.3021174867142837,-1.4951827822062724,1.0336857030712647,-1.812400385474918,-0.29069571949453055,0.07071916029543032,0.6159400372145913,-0.14610045534425173,0.417901235913415,0.16818508298987078,0.5940285560660807
C00633,1.0501542909271213,-1.9894743601443938,-0.7528406992708461,-1.801823831119265,-0.17422251023440727,0.9095002532896637,-0.46659992274455886,1.6391582616647846,0.05201991421206868,1.5053309865728794,-0.4918540980214482,-0.1457140973561375,-0.6301492007709922,-0.056751154250705094,0.8119460764024646,-0.17243638326107644,-0.5005086181620962,-0.1884872306431104,0.9218114984754543
C00634,-3.536327131671972,-4.113988026943044,-1.2515419854284384,-0.5020038140305088,-1.052871893258052,-0.9238064499804653,0.30749750222625216,-0.9759614736537232,0.12039709310200379,-1.4094200939761763,0.7404041606981697,0.3418080549617122,1.7986276950308857,0.2079032121566578,0.8094508839729385,2.294345205921502,0.7087765612749766,0.15887531152247047,-1.097978039144659
C00635,-0.022886947747043817,-2.507694323884588,2.801003152851366,-0.6592157546032379,-0.7286329496449752,1.3058995963206466,-0.4477063157767612,-0.9988548634903177,0.019797507836346595,0.23586070177643045,0.5038100157863453,0.6211728827156239,-1.476976893850469,-1.1340954486835322,0.8158194475556411,1.5996094242037042,0.3711621960656644,0.5511192668687284,0.7495684907365716
C00636,0.21032424352105786,-0.7012689649356467,3.9967874458807193,-0.9055065967356705,1.686741007385361,1.0130148119964608,-1.2946493523936067,0.5509544512996114,-0.2151924469865805,0.031236408882557413,1.2565975561997582,0.3256041492504483,-0.5978983662449148,0.6159649437265984,0.2952409434395605,1.9969589576126572,0.35055168236007855,-0.09831631616238516,0.7510704857760943
C00637,0.37129915069837816,-0.17754704126076426,-1.8701370593841915,-1.1673231775892776,-0.10282660503403335,-1.8166020921695372,1.3975707174245713,0.8980068960341608,-0.5335188825189001,2.0041578406976184,-1.3031313619842837,-0.9199271743102649,0.12557876271650079,0.23519397614928844,0.7285305050359362,-0.040882845634034506,-0.375555613333705,1.1544485021046451,-0.33669751145654736
C00638,1.6176928847791092,0.38763654689021815,-0.5256659330290416,2.127714580981152,1.011928501263495,1.3183565619903634,-0.06793966293250517,0.2419818710797781,0.9977316210704628,0.026350181244021848,0.3796069775112599,0.5400570860635561,0.15606678702886062,-0.8843498945548253,0.4703572286604141,-0.02049129417350399,0.37672722569695244,-1.2416690769180456,0.4358060932575137
C00639,2.736337399585293,2.037904966160024,3.967864218914756,-0.9601863156691678,2.550935960838686,-1.711978219368561,0.28496661147554986,0.02854508220437066,0.3054935535235001,-1.0910678962386515,0.05926464610176075,-0.23927007425212463,-0.03765301030940446,-0.17453966436150714,-0.7083165045654747,1.6464692765193725,-0.5555319288257374,1.031067285218286,0.392893497750946
C00640,0.1423721232352651,0.8802391707752412,-1.5754782774650862,1.6808353195797137,0.4930597345435698,1.4040366376164546,-1.6136936024088606,0.6160811494916476,0.29565024709889887,-1.6554510974452006,-0.4526960016264775,2.2603973650616864,-0.8336695987486935,0.14758752935720654,1.5313477152560984,-0.7118076606027718,-0.3843376239483235,-0.7896668996714835,0.12858991768912978
C00641,-0.24321241435005458,-3.562251782906905,1.2134305951104765,-1.1314825480751787,0.6424616032643405,-2.1528776953033595,-0.638329605103449,0.694176862499142,0.01544499828566247,1.5706410952949106,-0.640193228030804,0.5765626269250439,-1.2774495033840139,-1.1660511582108597,1.5510880945084338,0.9184546516334667,-0.3096174938016489,-1.098472071906204,0.5165909410281059
C00642,-0.45093839957962173,-1.9995052771316004,2.6606705128774446,3.1027962553237534,-1.6651442326108,1.6567523230900363,1.0058279856361807,-0.6499622807531523,-0.8703522912831972,0.8721352367231385,0.5006495538475424,1.237143824493776,-0.0392804871829115,-1.0310256025972675,-1.1512281482899802,-0.4270557333287942,-0.45612355400427484,-1.301353379032491,-0.20557497320166462
C00643,-0.9467586537096734,-1.8698884011773818,-0.32895896930999113,-1.9946130043219568,0.8159461461945401,0.7681198750094091,-0.5258804830353786,0.9194273947633372,-0.7126891118772615,2.2023121237849,-1.3386435370740035,0.911653740570946,-0.198483722058728,1.0100545070360907,-0.6283244574442242,-1.0501308948425188,-0.39962951959235454,-0.588691273352909,-0.03174768757253173
C00644,1.2387091359085352,-0.8855164706564794,-0.18985846605718162,1.7869693578052586,1.769428750051914,1.5728206419141941,0.05159784655201412,0.5291630696246689,-1.8993240837115144,0.08683934159451963,0.3633954801730758,-1.1530128746195298,-0.42479714150045894,1.1389433621075649,0.4818132148508395,0.8735336989639647,0.49945352508340524,-1.0763212398598558,0.01076473875307001
C00645,-6.031678909496582,9.957082108494689,-1.3215614597982517,-1.4217250889957618,-1.356258037643771,0.32586329810178327,-0.70815319278939,-0.7558672241330268,-2.5983141799061173,1.6336659168446355,-1.1681937809032317,-2.4447452118448254,-2.5285396076706252,-3.9752573323755422,-0.019551846410614377,0.6947376422511543,-0.2192685872047657,0.9968031485400201,-1.2734521538827752
C00646,-1.2507432743623423,-2.422674955956818,-0.42539739989141845,-0.209202771510111,-1.4918260828182617,1.7429239695790315,0.0558622218368994,-2.0543843726155897,-0.5536022321360706,-1.9590925416227567,-1.1836645632749319,-1.1863066158079076,-2.018964540189142,-0.7493414797124385,-1.0418267317358765,-0.4887243279117737,-1.1771134026985286,-1.4810028683978713,-0.28118187574002645
C00647,0.20874861880588724,-2.7255030666010382,-0.596277477374949,-0.9898919724386191,0.23154864956276705,0.6815688723788229,-3.0051953530439484,-0.5004650838790803,-2.2211175653156814,0.4916151338081122,-1.9593754928760474,0.2393404440828839,0.009367864962958564,0.8300936482963984,-1.4462944213222138,-1.1404586321049082,-0.6619101571272732,0.9493706720463189,-0.3570016958175046
C00648,1.744791153177606,1.2425386780107956,-1.7094366224382442,1.5283679168068394,1.6142855222821635,-1.4245013131954387,-0.10238961992542732,1.2426965417043623,-0.23245956185526948,-0.8679296061855076,0.20164203736216932,0.8239792011526488,1.4994042158745453,-0.8247124156489086,-0.2573105874423189,1.2458753392850948,-0.18777425989711857,-1.4414249187911117,0.5910778988950679
C00649,-1.0026783920614586,6.264809959366559,-2.8372488342682147,-1.0541114785506516,-2.3719527992638216,-2.08273811493951,0.13361977009483705,0.09555142888229652,1.7642840525872643,1.3795666185375433,0.5786688780191132,0.006993775345715382,-1.4750062940025543,-0.19745001361130493,-0.6684995138884253,0.7256765587179967,-0.02044657804204536,2.5203083622701508,-1.276978636999274
C00650,1.0815309459226974,2.126290946079014,-1.278196012414553,-1.739503215013033,-1.7228261019889084,0.5786020294051492,-1.9592395199410062,-2.683088141414656,0.5019731208779153,0.6035650058190504,-1.2429814826458634,-0.5418652793703578,0.12875731594094406,-0.8635373998272027,-1.6192504427397425,0.5490429664078463,0.17381025866517216,-1.323939854499607,0.7845170826479962
C00651,0.2869042899237248,-1.2420256808245516,3.5148937307185686,0.6427430323164945,-1.5312192264904005,-1.0071678814145124,1.3811831115438655,-1.0022069606129298,0.41985965975425654,-1.472047745741383,0.12503812852278628,-0.23163639686345475,-0.8679327745010758,1.4072841753425414,-1.1917803601683394,-0.07397191235238616,-1.2801154375834187,-0.5259559458241722,-1.287085350525967
C00652,-7.04817143780177,6.111478731089217,-1.4876169001674293,-2.3267122086739724,0.022511892892879463,0.38913366234264596,-3.9950306692206388,3.2900015970891943,0.7623734494423061,-2.493274648916005,0.9588426416428907,1.485042080185049,-1.8544823806730675,-2.8730227282011866,1.1896122061678267,1.5406840181375248,0.24038815379124856,2.0058312893434573,0.5631977712651499
C00653,-0.08896271805559976,-1.5132551246994366,-1.6619837677263474,-1.037850973897635,0.4277221661490417,0.8323336281123423,-0.41305649667048533,2.63078980939003,1.4795914691156795,1.1975576023508068,-0.11667022254946206,-1.1174492981872657,-0.48150926803684696,0.43042974342910567,-0.4988274139010072,1.4251522656167397,-0.4082308415092107,0.6351647015956542,-0.9352747147212824
C00654,0.19008050006328334,-2.4329127190418207,-0.06455151874068624,0.19006678616437836,-2.145104034247218,-0.8365451599074963,1.4685155870393083,-0.23414694817454695,1.6604165436125664,-1.3983189370144784,1.5017866610554857,-0.28114708334698635,0.16096523854913866,0.16589485616365646,-0.18311883251034816,0.27711092922914754,-0.8365842504104436,-0.327661718904105,-0.7357321775151482
C00655,-0.6619100063702945,0.6869274852292262,-1.2269955306416813,2.008212993033469,0.31904877234199486,0.8794627693224504,-0.9499508637980284,1.2664919350487596,3.489642721286333,0.5911766965137907,-0.8835192053660713,-0.06331572385935151,-0.3513969658134057,1.7168150793563839,-0.3303512913330795,-1.1764710579884166,-1.3277320707291336,0.035735760129185556,0.6477487310027782
C00656,-0.3555963876078713,-1.651319283362566,-1.924419320066815,2.032946479034728,0.04388793848891175,-1.1076633984025532,-0.21983734453067072,-0.01855502087440481,-1.8898270181204295,-0.3712477661269467,2.267618854622901,1.4480768128136907,0.35594400858996117,-0.44166230146875113,-0.40988783396316886,-0.2903123014902261,0.9400866874292826,0.11653793568164467,-0.222973360521783
C00657,2.3505736190538307,1.7214407014116375,-1.8631950081574495,1.360307989563339,2.2243662128972095,-1.1560407375808746,1.4877456491311682,-0.4089691208769998,-2.3123248809016306,-0.008641407007351625,-0.6637241995665397,-0.41786390228513554,-0.6300792062305076,0.5538670009666998,0.01604845436084889,-0.3867222757164814,0.2554844503637581,0.1987598796735326,0.06561953076459603
C00658,-0.7556177602563692,-3.6453208118390967,0.8201597800028863,-0.41704896990227963,-0.020079636657500455,1.6664136362017186,-0.5436572213856166,0.4077696033649746,0.11571542626064399,-0.8182442739942827,0.26094759196571793,1.2336311269836286,0.7976007733030634,0.02153779656162525,1.1753994803333647,2.5292665013010995,-0.2572965870425316,-1.1802221373321067,-1.38410924121796
C00659,-10.232461799239246,3.224672432530493,-0.13995123814951854,-1.5011751056825318,-1.230880825997187,1.4978398364836618,-1.31540462010634,-0.6984393585765108,-4.9959978453861105,-1.8871986246115096,-1.3313706502972955,-1.47513453772445,0.7697767499338292,0.780447795583163,0.015718484675062216,0.9677761075824091,-0.6339152213580319,0.9501552136001861,-0.8364702347461119
C00660,2.0190361849401097,2.7184603388726623,0.7372961428030709,-1.5336322194145815,-1.1828392568267334,-1.7544155079378896,-0.09083997655822898,0.04496171809139981,1.387078774559277,-0.13321889028530873,-1.7409453206426782,1.1582669412556013,-0.28782049721577535,1.53496770851285,-0.8750293700296337,0.649884332548509,0.10003550052616146,-2.2607878585575345,0.7638217467461461
C00661,-2.5665564769570706,-3.1382311399813148,-1.0209905712344758,-0.6660979783782771,-0.1237208484877592,0.5714780962842336,-2.997547084085941,-2.3273018457126255,-0.602259356914028,0.9915996909839228,-0.7619749920543841,0.4331016953552517,-1.072827772726113,1.3164658982029889,-0.18511120931738767,-0.07268537858603757,-1.2891906106344313,1.1581668488846053,-1.690578742176538
C00662,0.8855154121884443,-0.32000225081157774,-0.709567451804669,-1.6359234435670438,0.7627058834501538,1.2803822958361657,-0.5798458519234082,0.3683459581310644,0.4406800557535716,-0.5182841948316546,0.47337727081453057,1.0225175893596792,-0.5338583616728119,-0.46826083719762523,-0.7907840912126595,-1.3353017995599252,0.9465000957170931,-0.36430505931332946,0.9112172387718063
C00663,2.1706670111629114,2.3178132735460957,-0.9994781878364013,-2.1043858572744076,-0.5223393791293232,-1.177521362302374,1.676583478336722,0.2790403037934602,0.499957612294754,-0.23047461261128568,-1.800567621049546,-0.6098605876856196,0.6913628290472774,1.9482652857702547,0.253737508579094,0.42776863377010504,1.3236187543526678,-0.7645075327942482,0.7363904340427543
C00664,-0.7433513540649886,-1.182515561049851,-1.1698309499094715,-1.5414769742520544,-0.49872976579539885,0.8302320893798103,-0.9680315136115456,0.08739323613962369,1.9179757761993699,0.8005489881963,-0.08862673675758473,-0.8343794798149976,-0.9344328827490475,-0.1954285021503854,1.0812693350908198,0.37499111948012026,-0.32785094325441383,0.10423048167169278,1.8710848958076416
C00665,2.95003703260661,4.944538273740037,2.996155175786766,-0.5591409949862257,-0.3074830412202787,0.9782094376840822,0.0955201759949223,-0.6654794007711988,-0.4320424294228103,0.6284890876519186,-2.3040111786845405,-0.9580370788470974,0.9694342440319765,-0.3733357203433636,0.05055671505304379,2.020331508747883,-0.372639767046629,0.31161324907804944,-0.9116067908125519
C00666,1.814162862712159,0.9372349050414768,-1.3962133374957526,-0.9271335084836257,-1.9813135635721655,1.1219677064781726,-0.9203474927508463,-0.9029795188560898,-1.584165332007683,1.257180677622593,-0.8466241162610926,0.9814924093977225,-0.46552496189735637,-1.2061242551451878,0.390393565603483,-0.2992178355468407,1.1670967798578324,-0.014163713631506827,-1.118664458152481
C00667,-0.9894485276732103,2.3551775526150696,1.0779361729315124,2.8386952765314475,-1.4911601663484206,0.7353178712789217,-0.5601178324299826,-2.5799087298970993,0.30354870479464435,4.085794332953681,1.0946727659334108,-0.8659271850181415,-1.943139236851931,-0.23080605790687414,-1.0476697779790762,0.8556870565205583,1.4580308845839216,-0.04325375656419637,2.293459888644361
C00668,-4.123918501837154,2.063702268025293,-0.22853473835773777,-1.0371624247519566,1.259579544661578,0.3972252032581081,0.007636610091119168,0.13562955450171682,-0.24945642989734687,3.6386229292259094,-0.043678941984211454,-3.1347985968627214,0.08906888919020635,1.6575000535856652,2.0864709962494503,-2.980493511541602,-1.5728110885395512,0.5163980730274236,-2.1753632292221603
C00669,1.0140486109040918,3.435363405300832,0.30297808147411226,2.147558550331429,-1.7038116004896928,1.2837282197662392,-0.611780116671769,0.35562392897103196,1.2013286125626037,-0.2642592393374501,-1.0763094494180374,-0.3478982875287818,0.7821858993917478,0.8281186484174616,-0.289967684921884,-0.8232321055135231,0.18507736695483315,-0.8787266039736762,0.35022519887800724
C00670,-9.252982372956552,0.8673479733034671,0.6304281426574033,-0.912102145255021,-1.4130100702332324,-1.7979782279632197,-3.086582319789902,2.2311520137719496,-1.3180851685120243,-2.3746897308376598,4.882089861728536,1.6112102071491317,2.420540017793107,-4.5366882015297065,-1.5662073368315672,-1.8197026841238886,0.431349489790271,-2.4363748428444136,0.23303229263358569
C00671,0.7572123119565328,-2.0958547191189956,-0.8937401295531131,-0.6734053846252475,-0.43452588596821834,-1.8807577072339248,-1.027279160234018,1.2730448994432721,0.8618290635166073,0.34220511445432805,-0.23625187703306066,0.6309920000520819,0.9550193974057609,0.4132074977368139,-0.545097869071902,1.4770974384885185,-1.071308344125079,-0.6960179893001818,-0.2755480686810623
C00672,2.3295153554745376,-0.1676006211003261,-0.8109264186000703,2.191161230258485,0.3750198177597857,1.2271957267620721,-1.8652019914833642,0.6889158637504768,0.4389742182212457,-1.2265366603991161,0.6101422931493995,0.8219767720662231,-1.3305816990856223,-0.3868732099940365,-0.0342580591552372,-1.3921091381527497,-0.4836397833609444,-0.3401677498470704,0.04369523933646643
C00673,0.46734974370075827,1.9685329444867314,-1.3136695829320701,-2.408253945667022,2.84574407020332,1.3905266487689025,0.7127224561268948,-0.15667453633113523,-0.5537849654992774,-0.6925707729613293,-0.3446430226722914,-0.5593063837845098,1.523163939739769,-0.15325842857164468,-1.0676365512427932,0.22359434094737857,-0.09770611838317163,0.1608713178562262,0.28491264446700115
C00674,-1.5163587389242172,-1.7652009353024027,-1.7465237349533393,1.9122643920575955,0.35804558086149135,1.27998634289702,-1.5957619275317145,-0.7101404299374676,1.9867782071796847,-0.882124980763197,0.05299584526637236,0.9232657322467571,0.9511662057387137,-0.5214972996907714,1.1390475383083514,1.7505804429696508,-0.5239447459433098,-0.45494394019655493,-0.7379430166707147
C00675,0.6558740838957305,-0.3297106184531081,-1.033491977760654,-1.9846316606101289,-0.8515172749057939,-2.148054812934096,-1.722940037100846,0.5100759369443434,-1.5497839528545274,1.352016352497845,0.7500340797846584,-0.6015524829018297,0.831571296481271,2.1419968922204276,-0.5163870662023573,0.3576808420346637,-1.8871967332870385,0.7291666032390581,0.7525046547699699
C00676,0.8711519335161666,-1.8692454745759393,0.21785415740753816,-1.2802633702473123,-1.629350029582285,1.714605020579231,0.6712687768962964,0.626533631880944,-0.22762490850605455,-0.42934407099668753,0.5089070651440541,0.06868630708535378,-0.42278816550877907,-0.26501421638084444,-1.4391366448896632,0.11483587780861296,-0.3233840221375353,-0.40994543287175594,1.062735474376549
C00677,-7.466358232925228,-3.6525417944638656,0.4884764517278096,-0.8798045243915701,1.2829654627766829,1.248506043607839,0.32800704276762516,-5.936315824917989,-0.5937300348966165,2.0126449778323936,0.20352064265027128,-3.302947277530237,-1.8510249811456327,0.33614614826370814,-1.347812679629815,1.2373835908311783,0.561697446674409,0.4187595247144951,1.426713230355122
C00678,2.101069643216189,-0.33350668562743074,-0.8883934585351033,-1.931808917576113,0.9437332982477075,1.2821569596191889,-1.1250735694123093,0.17511593854917393,-0.9598410232604828,-1.3034543857093717,-0.5907016846169817,0.7178216752498019,-1.196893706658576,-0.5122432618837827,1.334359876628175,-1.396131540241458,0.5078144105954582,0.5658761945601943,0.37281675237282297
C00679,2.5248827226355277,1.6344885184680467,-1.5323153249324915,1.4898315517583014,1.5867198312641506,1.3244901392104358,-0.2449810774329364,1.1281136701692658,-1.2731984789519832,-0.48517594471878717,-0.24227921028670085,-1.0054326232411512,-0.24308468717167234,-0.0974836306935737,-1.0355227401105451,-1.2839160119767483,-0.27646684868118515,0.6839180755930497,-0.14182991047443713
C00680,-3.124471093698406,1.09715524393708,0.051548755579678036,-0.9370745270676638,-0.3266283289246879,1.2201910782212988,-2.20613506198532,0.5963788161108697,3.526876201215304,-1.488348248334058,3.560039092426403,0.20982598542708336,-1.5917411481274382,2.380339754133414,-0.860242758343285,-1.059371579155403,-0.9259188326508779,-0.7649179796575167,1.7616328522664473
C00681,-1.2698796484521833,-2.2778713339503636,2.2168669518466464,2.8695264729638197,0.1100722709344739,1.8057828314353044,1.932249500816038,1.1952623182739268,1.6910991072240533,-0.45784005499341124,-0.4748983257153336,-0.2081690076737503,0.4699869159449628,-1.0147311689537772,-0.7748498793868843,0.8566794978322811,0.30995096776536063,-0.39230728469815457,-0.14436500014759154
C00682,0.6339545705813693,1.2668296004636008,-1.4559980248736621,-2.0163702783935435,-0.28730951353581274,-1.916748179570216,1.343592281538626,0.8318110666707078,0.8320449484677755,2.254906687509736,-0.5430568222237432,-0.27429594104759464,0.09825428013107353,0.6802507771461472,0.7263477687283383,1.1136058315393307,-1.163173748789258,0.1764138404922894,1.2130121517100285
C00683,0.7117790239322931,2.5912640572385617,-1.6596210926319317,-0.7983822408804705,0.8817982863296472,-1.7147755587749436,-0.9310441128542144,-1.7032682882835553,0.4121397080310357,-0.9967296783555171,1.2878791346711698,0.0022097390707638866,0.7837611723188047,-0.7061542175417153,1.1180057675360369,-0.6786365904510897,-0.3440814979122793,1.1691712086543584,-1.0533493039353783
C00684,-0.09121553720433379,-1.9198484301216456,-1.7595879070342317,1.9644199097010513,2.106717105460622,-1.428359310693488,-0.0251237228155423,0.4347115676775045,-0.5187920194398402,-0.5123113632552044,0.19803422830270226,0.9075824112572454,-1.3840776786479239,-1.3691945988646486,-1.8238618753204463,0.4082585505861823,1.2902294884777332,-0.2956631180038436,-0.22073384547570293
C00685,0.3713477020299206,-0.8774368603906799,3.576045659096553,3.3710757094042596,-0.5737810610135068,-0.951340068498368,2.0006810450656576,-0.2234361228186742,1.7138623048024797,-1.097577378136914,0.35654623221971615,-0.783415570914472,0.7274950290120328,-0.45018540354389647,1.1662886040257834,0.802951554894635,0.544667356486453,0.8853364321026608,-0.3107181854160981
C00686,0.06874925235959464,-2.3935860535949027,-1.2238624719400035,-0.7141267177341531,-0.08272270460214214,-1.9134711920872205,-0.06479172139511134,1.6890743563323922,-0.06060501015191869,0.698830335281355,-0.2971542874275107,-1.3121612699623102,0.33890603128414926,0.05356534383812453,-1.768116513864981,-0.5325425505740329,-0.42220158922664947,0.8705727103903601,-1.179656906176011
C00687,0.5419754123402083,-2.536686585215005,-1.4081301982065069,1.970245451134157,0.14040619628846213,-1.9771345045068451,-0.9771565905752256,0.31559680596042095,-0.3274031881648773,0.8731252174335613,-0.3665325143362709,-1.49148497284419,2.0416685733375908,-0.08625616083417,-1.1523703486952417,0.11050801989116334,-1.005031958214056,-0.524108689221461,0.04122242655613815
C00688,-10.228994406481315,0.4425984535466703,7.377651429362922,-0.12071630191056981,-3.8031628150294408,1.7961254032975948,0.6193426505232028,3.7822720983694595,-2.8468953239389387,-1.2960975899994895,1.9025413703482645,-0.06993771532996974,0.701497458952379,0.8418674081301084,-0.08343079222334326,-1.1919586210042212,-0.6500853264200471,-1.1824255713413605,0.8342976710387103
C00689,-0.12190608573609366,-0.16151454674198118,-1.3493691777392283,-1.6356399921857854,-0.3780971970608061,1.421541410113007,-0.4481058553425961,-1.4242523204911433,-0.32338033252533366,-0.5991899184117588,1.666980627653883,-0.3372247026474258,0.2969682058939221,0.076127339184893,0.9130066447544682,-0.7683756654039595,0.6380896829343552,0.20001485495687063,0.2618775484619581
C00690,1.2468144498733962,-1.1357429855808512,4.3926631096174775,0.2866146556453894,-0.13160864557513907,-1.960264086279006,-0.3492937702657443,1.63720460066381,0.09772132478577031,1.0433931437367876,-0.2042472482706926,-0.013641682714563081,0.19769513775000838,0.288708833158525,1.1125970721439398,1.5708244337714234,-0.44350637917090546,1.2519012399109186,-0.026370721151922016
C00691,-8.22033619469339,3.4819944545841826,-1.7964297238143274,2.037365493064242,-3.433597544485345,-1.7243899833762344,-0.4507829533724502,1.0134954604941961,-2.8988341820530863,0.4037016147645918,0.2978058331763614,-0.916511917133136,-2.7898859933546767,-4.272960829721177,0.13744687743553274,0.5289581048309063,1.797647030241909,0.40568852808025474,0.4101336194439145
C00692,2.3191278386497993,1.6261453423253314,3.0513762880686506,0.0868025750160117,-2.7174722329234657,1.1865412729063933,0.04017752409163029,1.2131636429616006,0.0029384662892322907,0.6859315210288696,-0.47253557579761124,-0.3431772374263363,-0.7693578523575344,0.15033581224124717,-0.6162918241858307,0.5723923602797796,0.37887023309666157,0.029357943511208417,-1.3260063913326818
C00693,0.6539291043195165,-2.779220069176282,0.936104778706811,-1.5585820788769034,1.1575040912120966,0.4336793536451265,-2.4793508331205154,0.7639774323461638,-0.20491631244976757,0.7970063425871033,-1.349584325885513,-0.684501289154591,-0.32024545517552383,-0.14889840558980755,0.08608842582888043,-0.25626792902972495,-0.37465247577342814,1.5207808395293811,0.22066376737172086
C00694,-0.6005768107968762,-1.480335500689363,-1.7704866057007627,-1.623317155961587,-1.0349821478515788,-0.9351717928530944,1.5950168124682593,-1.230804583397286,-0.7864504714877673,-1.0204869117732585,-0.4839426394270332,1.8749843927041279,-0.6869158724990763,-2.403152035582149,1.1256431317011368,-0.22581729859489394,0.47251243703637064,1.204077939996751,0.392258024171431
C00695,0.3192271796876906,-1.961044176198123,-0.617133217499074,-1.491872248873613,0.19093391835382942,0.5748287729594143,-0.9881453976502081,-0.1972241942348995,1.6547177713185048,1.079411389311167,-1.0672993335393623,-1.6485017762826428,-1.151472197996136,0.3339845022596005,0.7583022378996017,-1.2477082481154798,-1.2912778461067445,-0.029192764231912985,0.25358328834306954
C00696,1.8014313164431957,0.42639314520638666,1.4192262137351033,-0.39314277094037886,0.04690153449838229,1.606371761280172,0.1258387510120681,1.3668526612039977,-0.4317866307224296,-0.5580463653705442,0.8917744258514,0.7108029427981559,-0.42283853536110755,0.694848389897464,0.38113523853224307,0.4468500648648689,-0.12271636598700161,0.8988502226196566,-0.5186707674941222
C00697,-1.2960473603844802,-1.589089486486006,-0.3839507686076573,2.203965474525006,0.9281109867582344,2.1614449258597737,3.0660577448136968,-0.6007838874164517,0.0097458364007589,-0.12215098052555562,-1.492348507278008,-0.7043730107963372,-1.0230905088956426,-1.9054671695687047,1.2694906592643749,0.009591555812130883,0.5057558811603013,-0.7902352129698543,0.5923840005918062
C00698,0.29323939959767514,4.299812876600299,-1.165106583999759,-0.8209460484190445,-0.6773120749114259,1.0581970567694707,0.3499586910053108,-2.2149488107514155,1.949159037307383,0.38565869001287867,-1.976431699085479,-0.8874996530452947,-0.9100089743635611,0.6500510167890293,0.8895976355928918,-2.0221370423450566,-0.1880810294840493,0.33788925721513174,-1.9638106085107094
C00699,-3.6597330646238855,-2.938357131165503,-0.2717472888503997,-1.593571907219964,-0.13686937026015022,1.5541995360304863,-0.10542622434860141,0.5993920688957689,-0.344580209682071,-0.33447259866795176,-0.165475707013029,0.01276169106782196,-0.807944356949407,0.1701658684992846,-1.9126130003629458,0.8168669376665264,1.6365212795925852,-0.5035602855875481,1.2088015431316088
C00700,2.0669342626362637,0.7421706785477304,-0.8204391773442822,-1.9273762104649315,0.5260569724092812,-1.1792833672337604,1.4483369088641265,0.6740491588366015,-1.1564110262878533,-0.0306466790066785,0.7969984398247617,0.10292413575034542,-0.2650720450364365,2.043907283878328,-1.0945712539359123,0.1405739722525879,0.017422344963823774,-0.590494551963366,0.624278489967007
C00701,1.8678149807167868,-0.6501246424239608,1.7395985724479797,-0.520232170757837,0.5367539430651024,0.8266862192673856,-0.35699657762496134,2.2034882270326297,-0.1383505755012882,1.0833788445682047,-1.2867693370830813,-1.427554824609943,0.42753971202284746,-0.16802636355321482,0.3814944715819531,-0.38701489247471244,-0.6347848976213665,2.1753345756750755,-0.4013855451881099
C00702,1.896647239912535,-0.6309926019971134,-1.5372708461376245,-1.6274630924838422,-0.11706234981201796,1.0549266205066736,-1.391754563799299,-0.21333229513790705,-0.9196272942080335,-0.9042366383001581,1.1529338013124422,-0.7933594991517259,-1.485719615797764,-1.613015524601962,-0.8899889736384455,-1.2150108367902854,0.07151136286189531,0.8774051427104366,0.45512793097885385
C00703,0.04797019640986652,-0.5989924143027487,-0.8548840047198812,-0.6691370904921153,-0.6854321408482033,1.5608834847875708,0.05366830090364095,-2.4310258378409166,-0.004326768977513731,-0.08149668939203178,-0.11687122858280057,-1.3690849687434996,-0.48032875478580117,1.8053034249301425,0.20521688299767588,0.8826937585192663,-0.6416655360323853,0.2824758604761875,-0.7243629529624126
C00704,-0.7725358248611862,-2.97533773199387,-0.7024015432010319,-1.4592292413195949,-1.2793152936837588,1.735645096484592,0.30383197285330926,-0.00827970624981251,0.6142737764342746,-0.6004208483802326,0.07110836856823206,1.2531992570560466,-0.9530544242162059,-0.032339606429761567,-0.15776212069013526,2.1515616836596685,-0.5783650215718126,-0.5152161594588822,0.7217044323635713
C00705,-0.05522432251429106,1.337264825255857,-1.9110345519307168,-0.705046731456528,-1.8700992681328523,1.529634084235086,1.2129601040035243,-1.9309470842102014,0.9608488075028235,-0.075469164029053,0.2583440299275415,-0.5251267147553927,0.6657318387611183,-0.5785343618519736,-1.4572172527262435,1.2980857462890103,-1.9157504714580815,0.8273992899604673,-0.9383689419512045
C00706,-3.133563979935233,6.977559577362219,0.02369197567559551,-1.6096128794935627,-1.5628493949013318,-2.1497074115922,-1.4188678973287039,0.17686384881474715,2.475620942205637,-1.302800014863944,-1.5330605214500417,0.601022542744398,-1.1401169025159446,-0.1431953993116408,1.4455298759378195,-1.9723466401774532,-0.13417294357258916,-0.7843568808447722,-0.6374520626483325
C00707,0.09007662239327442,0.8006806267942483,1.4555330819638703,2.6186640847569733,0.3505913092737643,1.513610561323405,-0.36779734386754886,-0.6498361187927402,-0.176472357887924,0.08335436534376107,1.9103473826748103,-1.1071181363633724,-0.6854427771014762,2.297744562343176,-0.49425307860897605,-0.4207250939180215,-0.03333086092094382,-0.5312622095589457,1.2416397796067253
C00708,-2.6507747199900633,0.07557454655427953,-1.2459663096011109,-1.3416899682896621,-1.9744882749528443,1.0710404688618729,-1.3105524497573682,-2.538664655874493,1.9739379951997007,-0.40861848544220125,0.06871966582140733,-1.090252561911855,1.8113863801392602,0.509830716614571,-2.02409066685328,-1.1303607155701256,2.441973938292093,0.7873437079958875,0.05651568147657444
C00709,-7.527206105020275,-3.66233447397114,0.4829918609499725,-0.30449578109824066,1.1095839145768522,-1.9518233960738294,-1.8730652711546913,-2.325315066481855,0.3850483046583711,0.6235574932396534,-0.9427904468848565,-0.21382622182956268,0.4298507247247458,3.486077513372821,-0.04016982489976618,-0.6720569963193251,-0.18689143806998257,0.7363245998098396,-1.442000769670588
C00710,0.45645371276221647,0.16866085951295828,-1.8425590654309811,1.9625507385649066,-0.42994123896177283,-0.7800744307339075,2.3415853770291113,-0.2671016441650718,0.8606411397937306,-1.6840132593358548,-1.0491634463147868,-0.39404609412468533,0.32488964868438724,-0.7001271500388213,0.1423625836792929,0.7218466607252447,-1.1166912229808517,-0.6216688761606202,-0.40341479218462856
C00711,1.9618718150346877,0.35235595135581227,2.27807671874188,-0.192925881420202,0.6637369795854194,1.4832612592407517,-0.28022531937936584,-1.3143423645360566,-1.245509488160452,-1.3574248497523125,-0.2108057816242037,-0.6169459535055831,0.3548297003873853,0.2625799216954351,0.4811007410446463,-0.9797846707429823,-0.03389331557465264,0.315237323669811,-0.48876125156141553
C00712,2.7757985894444857,-0.3115737099358105,0.14583425455417667,-0.26856657062143546,0.361889958434721,-1.3528574483507783,0.2108070246579108,0.5045660987551965,0.06339853051478686,-1.5973870201092535,0.4025165624099306,-0.22936277284791612,-0.995221683118967,-1.0673857721898126,1.033598811925434,-0.552678989255392,-0.09281342298575314,0.18885728212624722,-0.4574120917790288
C00713,-2.5470948063091345,-0.5946028111638908,-0.46807382949901793,-1.1544662063593156,0.5992233846479672,-2.28131561897011,-0.33569721684417614,-1.6209450340908595,2.771538590167996,2.6298491887646773,0.8741955242969391,-0.934281356919246,-0.9377956830478977,1.3510235412253297,1.7596460124750934,-1.2328521309103233,-0.38874115293033384,0.664783239229222,0.5322605224663566
C00714,-2.6740095567708373,0.03983239150120486,2.1239514054468054,2.4118780983930783,3.4959134028122287,-0.8434664364657619,2.315337976636233,1.280374266240119,0.7403044529617171,-0.8424020047479609,-0.45494279651272723,1.8876249876910927,0.09812593977258681,0.8611182950447489,-0.33997160005304083,-0.11527293238957752,1.4934154616690043,-1.3488639893702612,-0.3266859532454977
C00715,2.3553292845656477,1.3567893738173102,-1.6838241027124603,1.3509343406512624,1.339509040107886,1.3472833179704267,-1.1383448206261901,-0.46523343560715125,-2.2107706306410115,-0.5069742008261237,-0.9417799529714922,1.0737747007722975,-0.9696317887906329,0.13305080925134935,0.5254522812061054,-0.46196966139318835,-0.24930561584908753,0.02064082363072911,0.12231931436430414
C00716,0.6940775676714598,-3.3359940707853304,3.50839154934166,0.3291561873052421,0.6233245093679547,-2.0459846915928535,-1.583407894927294,0.1918712729684262,0.3175591823616583,-0.8364877449755529,-1.6487939756232737,0.5199824134748947,0.5345538916654878,-0.5887097893749471,-0.8396109026642499,-0.02951302271908261,-0.7386413213138925,0.4273682207791268,-0.9444060527265704
C00717,0.3028549439835369,-0.22204518459630168,0.6530586181005018,-1.6369177355202962,-1.8896336793412691,2.155766476546494,2.0013929424253525,-0.10780940378949427,-1.138159657181725,-0.42962864013158664,-0.83561552542499,1.6971401899583352,0.9184098564143851,1.745947680233914,1.089688831655496,-1.0691916549277127,-0.8057284493025066,0.27152172186641504,0.7845071012024224
C00718,0.4933654111171809,-0.6550150437669938,-1.1486784067456977,-1.6839275030361822,0.5313626308572262,-2.0576572299080818,0.648161695012542,-0.44230998141413197,0.9553466750364311,1.3653002682212279,-1.1497489987264369,-1.1185391620241432,1.1156027470571854,-1.2558968034446734,0.8905798785684353,-1.264881228443582,-0.7986119696074262,0.4917123820735398,1.0019272468699176
C00719,0.5795573796416483,1.6262270162540648,-1.18969717711704,-1.7234182489266683,-0.14060107415299103,2.035311576034057,2.8842469718697927,-0.30014303478471377,3.795790972748242,-0.9984300085044888,-1.2724647448573418,0.646758691775071,0.28231329448564696,0.47151290343483165,1.7080692075403896,0.2916196133151511,-0.738341258237912,1.087013280510106,1.1714459675132078
C00720,1.9632978139445125,0.0766249227904846,1.2149191851194285,-1.0687975993263699,0.3748374157901625,-1.3293227844361835,0.8119906583774473,-0.18441218582900296,-0.6176024858177442,-1.4705463245075545,0.5893629814576613,-1.0384597560420459,-1.4590674249230524,-0.5063044308126746,1.1814105947842073,-0.5808996623279835,-0.1565194615437736,0.20123663640258244,0.5666388217649329
C00721,1.3590612034078122,-0.5179025106621674,5.300810053001068,3.0837383136909686,1.858511393384308,1.1268504682369103,-1.367935851762924,-0.351731279275857,-1.157144263290346,0.1630573949017816,1.0973349897803648,0.748619704567837,0.5017513786479187,0.35473168976545166,-0.3753771177582831,1.7477483092483825,0.3829614948750223,0.6629492808217788,-0.43189029447283894
C00722,0.3077502769466061,-2.5863626376778255,2.145803444190153,0.26625333787455385,-1.5590570191301631,1.6822235748028913,0.6526603381561893,-0.40093249944671694,-0.12536797597074045,-0.6926159172358638,-0.02107500705690172,0.02040053091082604,0.23505329580284814,-0.8438057437911458,-1.8413434176651327,-0.20216975634429143,-1.0644244737263353,0.1653506133013353,-0.7994475706697679
C00723,1.7325605984212695,-2.2337086622100077,0.25073177148612374,2.0837695512368226,0.14083296363787126,1.0306615395794105,-0.45676847314354785,1.7895678091627785,-1.0512444589316265,0.8631457830341992,-1.7615134904181369,-0.9183017884080844,-0.17295109860914745,-0.8035428948068472,0.14397931367549846,-1.1174753548528737,-0.513566618954025,1.1886830352899067,0.601026338027472
C00724,2.775293002245189,0.23068268476288517,2.9237004944620355,0.07780474935739189,0.3617078981857058,-1.4426143219562513,0.536704465151885,0.05655379617765365,-0.8737969126159836,0.1890940487843541,1.3660359409204312,0.06196417079510691,-0.6040762192353507,0.5316796117006183,1.6249254124627746,0.9349479994677151,0.6572200571836213,0.9033510254132955,-1.2388364147501552
C00725,-3.5721473901267036,-2.7122200767056297,4.382235109222848,0.07825707827816941,0.5522385518232483,-2.058825591192459,-0.9285363021336208,-0.48721940758133747,3.9730577118821273,0.8056704090093402,-0.16899967394610652,4.574815031516262,-0.9432599281391371,0.5334890492893022,-0.470800006416513,-1.763213011366201,1.3637490896817372,0.6112931185421419,0.5067580403296614
C00726,-6.048053079989194,-0.025596196545073398,-0.8666593835672496,-0.3768959928933492,-1.2582848477238782,2.0408170572364854,1.4288894081047816,-2.7893418122490377,1.0358334174182673,-1.5076106978116688,-0.7578511541131551,-0.30620597942656697,2.4391185832122524,-0.7544542970702866,-2.4668490563772068,-0.005877619831160952,-1.4845003347453238,0.8752779107262252,1.7643633284994924
C00727,1.7593307521264558,0.7671284121668304,-1.3461158950749532,2.044608941626509,-1.7603754696794347,-1.3867476223401236,-0.054589387464394304,0.419191377493967,0.2285179364518149,-0.5971372602732121,-1.5659136855472962,0.762501549701581,-0.2499225042930871,0.09183915222438244,-1.2187879329104905,-1.2254452831838336,0.8682369473140364,-1.4984202688071675,-0.44185789001154835
C00728,2.7668235842993885,-0.12299989582639323,-1.1089294810566357,-1.6378649037489934,-1.7449574471827864,0.8416742848945644,-1.7943579444810667,-1.1205113822762631,1.0066028087243457,-0.3929926966260058,-1.38904904358731,-0.02686176204943229,0.3494816605015689,-0.960150122760952,-0.1345880173701754,0.012933560940285624,0.5287497819176616,-0.8357775044979234,-0.2432964761973152
C00729,-4.976945479251371,-2.591169176245817,0.10598902513186506,-1.0633305080160502,1.4950311030990175,0.411339531693557,0.5249866730059597,-0.18634319816413572,1.4624045684470333,5.517863829433569,1.399637551511185,0.09576198101306767,-2.2633820319663296,-1.0279479905418087,-0.4316305233254267,-2.0615716987307624,1.092821219291871,-0.6030285030694041,0.14325692219610592
C00730,-0.643245453476455,6.865456782116784,4.148436999570155,0.21403972889182665,3.3182370735070257,-1.7071674830971688,1.9087307225747225,-4.3254657698080194,1.2596550239969768,1.194333810869114,-0.04837424157130224,0.8116857825479945,-0.7208043779524077,0.5000908376463546,0.32239401147190533,0.08034935492552993,-1.457831166900426,1.8592626969008768,0.005718972070812742
C00731,-2.032640147226267,-1.8059084375518608,-0.40182999649382917,-0.49106228872616037,-0.6068968848715446,1.8236456883202028,0.5427332159000722,-1.6588283472138095,-1.0366368599335034,-0.5571346703575245,0.027478867477748928,-1.6690561262567463,-1.0285406088031124,0.3482520880437336,-0.5304659385992881,1.5291775331943147,-0.791792231998009,-0.30029667951795236,0.1252649593537767
C00732,-7.041460709222138,0.22328807962560496,-0.20841771017101204,-0.6161176247241725,-1.2956765889455588,2.2283410579781515,2.5855914490025675,1.9555930346988952,-1.3013088764584233,1.3703481530700636,1.2487647870198946,3.1715114719877384,-0.6020099986635172,-1.707394093800205,0.23033125927118137,0.7963437378163997,0.8151075404268554,0.6450249355800444,0.6454179160369027
C00733,-1.7473001243617552,-0.8846312282966744,-0.6537882276537372,-0.8452211224445,-0.6595284730810635,1.6915261415227008,-0.414458401468984,-1.0386387741276255,-0.0875246002324607,-0.2590627522055584,0.5625715902209213,0.5918427927715464,0.47916813223172894,2.556042963191781,2.014769540061848,0.5906505014225023,-0.1442957634881003,0.22790731323247054,-1.7689635159096775
C00734,-3.73731840332432,-3.8422081369671335,-0.7694946400084978,-1.2262231243486388,-1.5163813077835298,-0.7584970177627641,1.5194599038231884,-2.519151901001665,-1.3629104775666523,-0.9665391192229018,0.7037914102460676,-0.6053903453559139,1.109385989348313,-0.5027730222119831,0.27160252088759934,0.6606369071595196,1.0478347874185763,-0.7708665459754935,0.2499009197396494
C00735,-2.3069892917751313,-4.165918826419301,0.852660949455973,-0.009331718401452697,0.8599696840323771,-1.8766920986048958,0.6231652409685876,-0.035165198842007986,-0.29084242035913893,1.9230990144714761,0.3318145804472803,-1.598655968122832,0.8428178568889505,-2.361528578382409,1.1280799728937554,0.29184576133508405,0.6690338241681487,-1.1314721900621985,-1.1422221578061968
C00736,-0.07441511711508801,-2.7925851602630143,-0.6629887750534734,-1.5896311937509031,-0.46952510250641366,1.4261032349474705,-1.918212540964393,-2.612254578283455,-0.19470195972606766,-3.0172496584939514,-1.6908122286804117,-0.9527329657537529,-0.09540393313931703,0.3501607481970655,-0.3232220529340082,0.5990281117318974,-0.8021319526406918,-0.07729623398376063,0.2692621578323362
C00737,1.7208020613813113,-0.8170979259433954,-0.8263893977296316,1.825859017663886,0.37355928614127804,0.8319422329601012,-1.1414181077382088,1.8491421015141962,0.021554880671038425,1.582993617374847,-0.7585556179435508,0.3144778246969533,-0.16385339100305069,-0.021224205903552996,-0.7093646267215429,-0.05251833841782148,-1.0320061346234872,0.02221782430167175,0.35654734468048344
C00738,0.34887033044026,-1.9633373162980985,-1.2411684708576571,-0.7007039646497479,-0.8889149744305466,-0.7694557473913805,2.037388070117777,0.6364953682659117,-0.06699009227289333,-0.8714669239794337,0.49830978088178657,0.1076991178901205,2.715915476340212,-0.7461351618025032,0.6163407182399788,-0.06633269230173439,0.4137565834528978,0.009264685197796371,-0.9728117324601743
C00739,0.7287157527342257,-0.6226969958722012,0.14701543308533457,-0.8542061680984937,0.7622205642745833,0.7261363902653081,-0.41931456869537265,1.1431097839773898,-0.4028933502001131,2.7390798927331867,-1.0426759970480133,1.2031097131249455,-0.5753241220238935,-0.39180128202183134,0.6042813052509328,0.2049432208341101,-0.564569007227565,-0.17173908417718103,-0.6021891707483346
C00740,-1.4664231417786615,-2.3787785414283706,1.8139822651418527,-0.2858436859933186,-0.49427722187981027,1.0056067195806893,-1.1233008277113816,2.584728754430307,0.2946391981494683,1.4151587591397192,0.7265741300819055,0.5338804129948324,0.5147300129479768,1.95365935764853,2.329504447383358,-1.4688605332935123,-0.37114674480767107,-0.24541549187248338,-1.3644645319924396
C00741,0.5187607129010224,-2.097432359934313,-1.4586040744105944,1.8192764237218528,0.09293417891178427,1.0115615922247176,-0.7597422159437718,1.8766396992524363,0.15572527275971856,0.8660366614755675,-0.7408231473686422,-1.1503758915748021,0.8512861718927659,0.34094826516048776,-1.0654061031510287,-1.84548517654313,-0.30076588059183723,0.22354898274643834,0.18072990092618393
C00742,1.4791151356404892,-0.18394936388279687,-0.7959319609581627,-0.8314657742115523,0.5623408935291103,1.209763603982119,-1.867053471721986,-1.011817417963873,-1.8565456115526837,-0.36399850912565257,1.2304411518299883,1.1001596586781552,1.2413424272517841,-0.8809085826898153,-0.6146763063220927,-0.4609598339462278,-0.26207489140199963,-0.5911521698365502,-0.8736446414304765
C00743,1.0257564144887625,2.553667308154926,3.4361173986140283,-0.7264801602411017,1.4655717044437149,-1.3902720536371451,1.2797694333145497,-0.32241485042158496,1.912897848772027,-1.727643546846244,0.6469334599574544,0.0495353216186266,1.187367239881067,-0.48110922174882276,1.4131859039660142,-0.8875081648362301,-0.9258428429978015,-1.5334233090612828,0.0002710670960743354
C00744,1.7924966315509976,-1.1159507927664951,-0.6217760809369158,2.1209522562854977,-0.0536013353882406,1.5768556998984438,-1.5953932085287676,1.0688591601746449,-0.17743906648182628,-1.5657150341139423,0.6432112167594141,1.0854143446961277,-0.13001876178228355,0.8720722055176096,-0.7671786874539567,-0.9416044353929904,0.3219461638452728,0.1367715042461328,1.038754782826946
C00745,0.5871996755122602,-1.921998022971851,0.7780114021141619,-0.1614655768546247,-0.10914112085583137,-1.972360628512099,-0.5826115029648576,-0.2751488424327068,-0.6753399212287217,0.7295167268894566,-0.96465718918669,-0.18738166845187532,-0.020144397437327773,-0.8749553826270348,-1.1741902748949202,-1.6207435184731496,-1.0063955676271865,0.15252740854386604,0.0012803988578566031
C00746,1.9836737577157533,1.8537984369558986,0.557042233643953,2.1389125107566382,-1.665317139874995,0.9919493501847924,-1.6208707155102198,1.087626614718785,0.4358370959972341,-0.14298554189094004,-1.5411495656355292,-0.6409684888687192,-0.7577842706622058,1.0280339082787193,-1.4528676210048619,0.15022953880323606,0.22349566902113646,0.03928535848556848,-0.032976520761545974
C00747,1.071149787497737,-0.4128633632884131,-0.8721277578965881,-1.8079058873278206,-0.32681412549467287,-1.9950671333206813,-0.41733741849718997,1.3826791517940107,0.4162448128580166,0.5857384541653697,-0.9492748100687767,0.4130099201254584,-0.5100689544427652,0.692019658793285,0.3323105341194878,-0.7202316439551087,-1.2262492033948456,0.017667426363293125,0.4307029374019305
C00748,2.078606579837981,2.8902635990051246,0.35590555965958287,-1.8211704913500077,1.7188057730154997,1.2667462959304943,0.4167447397211473,-0.5514219916235805,0.5224478348405779,-0.6816782390951469,-0.35989323160087916,-1.1171638558042891,-0.4622788172100688,0.4703981396228926,1.6040831649500233,0.7663493606288747,-0.6333834397579434,-0.7045478550687234,0.720420649462767
C00749,-4.0610200558473,-0.1116237260034091,-1.0536751080202573,-1.4694343171251827,0.8221681980103507,-1.9513126411587882,0.7126134054074699,1.3777978062432688,3.431307047843468,1.6478519388405575,1.5578136990739748,-0.2341458383926181,2.4726805991841254,-0.40711976335640704,0.3297034598731963,-1.4048849022870906,0.9150342628948386,0.5344671346554878,0.3246312412699096
C00750,0.953447187611536,-0.3718007772802685,0.8393667899881707,-1.376223484212723,0.9670326873711563,-1.5026633165339485,-0.44878286304793596,0.9528717503018619,-0.43450627582653534,-1.0776576274845946,0.808198766876587,0.8423673300766459,-1.0593402025875556,1.0654783222141053,-1.2390236110859782,-0.11738053196478866,0.3569970928568929,-0.019674668672038098,0.7198186165527446
C00751,1.8113204315414169,0.5386333170569054,-0.06028713170379968,-1.6796990571096209,1.4500451718595173,1.386898957265876,0.49960086498475315,0.802671206398782,0.5132200715641957,-0.6691688156690567,0.18382668036370742,-0.1562776849662659,-0.18287999821522335,-0.3349160167756636,-0.4444067466103372,-0.6292573190786567,0.23331836541140327,-0.9719177128670737,0.3812473282100465
C00752,0.38861512968953776,-1.1809261902473671,1.3854292437698195,-0.3225247462561816,-1.8647183044356301,2.1655610714842988,1.7452780759209325,0.4271021408149165,-1.103184700835695,-0.6556187648241071,0.8443230536831262,-0.6420583823389036,2.989237064010794,0.4946029095009362,0.7853997131902002,-0.027724952410465232,-0.7782694515355161,0.12218258087274367,0.38571263481714624
C00753,1.5975436799944287,1.7133023095269406,1.1631975359368523,-0.4670517167253775,1.731414075135841,-1.4895144436581964,-0.06902206899035268,-0.26711734031286527,0.2540721644520989,-1.0902844227743498,1.1132379761876892,-0.1470519943791919,1.7640368937039343,-0.06500700069935149,0.6597977656780202,0.9867083007007372,-0.36519241385423534,0.3860990601070681,-0.7225833726698956
C00754,2.117706675164795,-0.5492667543415789,0.6507954121582845,-1.220053898521517,-0.052006009122594975,-2.071037589801247,0.3175043199158988,-0.09205161724418486,0.8606692386824154,0.8486862663626411,-0.9810388846025492,-0.8241272633586368,-0.02359053976591288,-1.1675143495716893,1.530182801962787,-1.0080141085616388,-1.0921539235955102,-1.1533684617066373,0.6020999125176133
C00755,1.3697971186411784,-0.7952839084319933,0.9128920205195505,-1.4940576555310603,1.5292718416653348,1.359718920431183,-0.661364050262799,-0.2133478134036823,-0.6352731309728883,-1.0219412980048326,0.062040771020200974,0.8131883050954114,-0.30708066311562116,-0.22121892670551263,-0.17193938350890844,0.11627644477664298,0.20915755211787265,-0.5668556534139163,0.6498464992149743
C00756,1.5520917243468142,1.751320831459013,-2.045195905188326,1.538396120689095,-1.2959528470586503,1.2690997962661794,0.25784526247972794,0.7053478445504004,0.4327093141433636,1.5766665509100406,-1.0082906712223332,0.9283281102695207,0.987215676255294,-1.0359988795931638,1.399648048021056,0.47912396012610153,1.7745242607169787,-1.0425678487808574,-0.2518527703181076
C00757,-0.7923023551897018,-2.418099088193256,-1.011426930931732,1.7061042454620485,1.2018591265349112,0.7269929110620128,-1.1865047287921198,-0.048598391400796054,-0.8826031199763189,2.450045704048573,-1.4758881828112422,-0.3366152618333819,-0.5258671646925711,1.0948217469428803,-0.7992583041154099,0.22081186453594792,-0.7698708796647552,-0.0610769242980316,0.018052195611806713
C00758,-0.5810723811674751,-3.016662609044577,-0.4361633929301194,-1.7086224699934782,0.6957242805295528,-1.9902372444654945,-0.6659664394174145,0.9293508190406251,0.34901166127124406,0.6857290061675219,-0.7887844618136827,-0.1023585590252759,0.9538142991435132,1.2673918141446527,-1.1901545424386437,0.07382809874409679,-0.48070157885551623,-0.5945366121460964,0.2726732621035693
C00759,0.7377277356680613,-0.6300763120057868,-1.1635122105370415,-1.4048592168520777,-1.4034071993344563,-1.611094791550457,-0.04178105478976561,0.010283692642726501,1.697521208993647,-0.8326042789097443,-0.5703140548425005,-1.0851872633919208,-0.4056263492430167,0.13810961543216177,-1.4350194627533253,-0.18471754276612434,2.2416446158595553,-0.4887106121393903,-0.17273881078181633
C00760,-0.20229584844485787,2.9487474975490042,-0.18743307854084537,1.8699960096534378,3.014070780287676,-1.2361774407855954,1.5313260150018781,-0.7841596382754678,-0.4023380361199647,-0.01661340098802917,0.5424649818460615,0.19959173340678546,1.6488789059767648,-0.4749727401754935,1.2413026011305182,-1.0119456932464361,-0.33438940258411426,-1.0284231785026197,-0.42515659863248956
C00761,-2.3352061449344865,-1.0045517248671167,1.3956195875557464,-0.6014820773476928,2.217275866848223,1.7311147147264103,0.2841025797030473,0.5903193931863745,-0.9340318130020522,-0.863003343802421,-0.06117794661662057,1.0490849173672063,0.0004860012583457992,1.28017301011386,0.8063550847666708,-1.3958676274618773,1.223562609630117,-0.9306411556397369,-1.72589143640084
C00762,0.9231504401645216,-1.425107942077177,-0.12753828776773524,-0.0472549138534651,-1.9186829713286637,1.6733742491069286,1.302106018367222,-0.780382638071175,0.04505437957872732,0.4177730991209365,0.9520885254827478,-1.1010787407548734,-1.0386843161953665,-1.1487767304149819,-0.9324625114359308,-0.452367763771449,-0.6402187291842413,0.28249961453160266,-0.21649480336762655
C00763,0.9288567654079298,0.09809499706371112,0.36683511015797476,-0.8533815044484605,1.5968648947225195,1.6324599367706218,0.46203203999642695,1.6788589726873824,-1.0586725737124247,-0.489427762075405,0.175584621718278,0.6319257477694847,-0.5179546110656384,0.752079820261275,-0.7400794235886939,-0.1057070083444946,0.009118823382216293,-0.22864390103232496,-0.7717072122025934
C00764,0.9977839459837297,3.350966869955991,-0.5760224623806018,-2.064602176596263,2.718660135935519,-1.6387154645299837,0.8200158430369785,-1.6190659994665193,-0.3309286038466134,0.5965835076481986,-0.2950911724043155,0.8236894738052961,-0.7605786016912032,0.8568616224479251,0.0506524975252722,0.7214294630848173,-0.47616630374687063,-0.8996931767404173,0.4314949719166333
C00765,1.8694801835946342,0.5882005429260923,-1.5743555292370093,1.4109213956593953,1.6089516574199585,1.534459624500356,0.6520525175162245,1.5773853658976307,-2.12338173412102,0.5819653521963662,0.17484977593375003,-0.4057475240905482,-0.92285980149691,0.08841700159817695,-0.37226342270913304,-0.2103078026437099,-0.03721614256521946,-0.0865816651002629,0.04341830237275249
C00766,1.2775127800623647,0.024466155055066677,1.570922575928173,2.350319236002346,1.4823778386451367,1.1939819981974138,-1.1022679218588334,1.790728557301566,0.5093124115072589,-0.23393629969875715,1.6214406467815508,0.4977238777605378,1.4268267255084826,-0.3053438041798049,-0.7703395167119134,1.467025809019531,0.12640847615092438,-0.8722315328293285,0.26638849888790783
C00767,1.772830546148626,0.8960899295779233,1.8637216511419201,-0.47332582534641415,-1.6877472969941218,1.2206148591147712,-0.9507904468920333,0.13936611553996708,-0.22731767907834194,0.23639685616730907,-1.2203285175040381,-0.6136321311499544,0.5437866244424459,2.015021336414867,0.48366155708285796,0.9142007990148225,1.4138751579058104,0.09873269135557332,-0.9007469946499309
C00768,2.2704085192657226,2.083035596012922,-1.131745393587694,-2.0362073190517282,1.136571278234496,1.1259852141444873,-1.1555682090529233,-1.6989513275428922,-0.07534844304421201,-0.8824761536118432,-0.3384675224261911,1.3777275018431743,1.3138838856563968,-0.5990987114205555,0.21260290686121222,-0.7993446518603033,-0.4259524691756535,0.09099185691467618,0.7382243000273968
C00769,1.4747014145879613,-0.41317225284717884,-1.2050226157241202,-1.2215794708730485,-0.28645686745893484,0.9703748785898846,-1.0321185343750687,1.8579571297518678,0.04210869219924717,0.5111493853724274,-1.132508617342393,-0.43334407957454807,0.42042457958168383,1.2396487614794474,1.2475043043008636,0.4691319567935851,-0.9200490106536571,0.7051161144632236,-0.602034353793637
C00770,0.7756807806557958,2.4633607029046063,-2.1707357044938433,1.491237906564536,1.4378154885097134,0.9733978149751065,-1.9008494415272672,0.4719734468439275,1.631087323679668,-1.7330839230938344,-0.7287509524905379,-0.3695419886079033,-1.0442217184336076,0.783853934797281,-0.5943692167545671,0.1712153326899844,-0.4633249919741041,0.576969850226842,0.11125640318462171
C00771,2.359154000559007,-1.9067843809123743,2.814376982638885,-0.5752617739181621,-1.347550802031241,1.3105811564985665,-1.068666194289167,-2.869507221082217,-0.6504782127530296,-1.7879429841014387,-0.8026191695118019,-0.35776831147556987,-0.1896337218872451,-1.408523547467259,-1.4757399532755604,-0.026801797132416448,-1.467275324067766,-0.49453377157897793,0.820385723939225
C00772,1.699451929126564,-0.15532957070298886,-0.6538255633240591,-1.9704482753387251,2.276691868046398,1.1534318901321667,-0.2790126309841151,0.7548311927176996,-0.44559929686057526,-0.6104347252744141,-0.3270113069207582,-1.247441187534293,-0.6632075281135086,-0.1337197434198706,-1.2311798554285458,-1.0181647413468484,0.8268813325776373,-0.18432621685307554,0.3512626616404728
C00773,-2.645740379640543,4.848435923633726,3.1662164100457195,2.653159032568849,0.30145128093980755,-1.5502473479327477,-0.6241443810432058,0.6654985881863784,-0.013306737006162226,-0.42433744024804365,1.45627405221844,1.0473423027817452,0.06976049022146467,2.4044167071822504,-0.39177977959253285,-0.04811269708799303,0.021151047448178816,0.5849696096691552,0.7592654313811503
C00774,-0.699166355617973,-2.783681099215723,-0.680912533597386,-1.3007565436469446,-2.2002408713179578,-0.8468361957046477,1.6915460324045055,-1.242344996809905,-1.6489756666827817,-0.05098305470148464,0.5466302409488787,1.0057646774049616,-1.0422298257756037,0.45643025060006187,0.17943333587104227,-0.37449953634979344,-0.054189330895712456,-0.8252367668786418,-0.019867598650544896
C00775,0.47489451615545736,0.07422040582505311,1.1095599556379654,-0.24862981558969402,0.036753585365238595,-0.517949814012647,3.6745616067885774,-0.26169737194205,0.7367130352202508,-1.4039439286121946,-2.2850923327289547,2.327414911298833,-0.31624127589106726,-0.5083572049347256,-0.7573268647006262,-0.27913652654114574,-1.3508265835270175,1.3606619564506222,-0.35688345615738354
C00776,0.017341965514483793,-2.038848369246556,-1.1802287043517505,-0.36366374832620346,-1.670515265375165,-0.8330037646306797,1.4521225864340945,-1.2801525022602052,-0.07870305210090661,-0.582463547228603,0.36129391117698306,1.489815071774762,0.40861319941697755,-0.09357228330167652,-0.8887532990486996,-0.07577264663767057,0.12651069488826835,0.32988700447028124,-0.6432656941274993
C00777,1.0610730752362927,2.1367815023994563,-2.1277701619835105,1.792426288167997,-1.2418789398707133,-1.8766105117065606,-1.0643344869421918,-0.9429013921491848,0.7073382892981585,0.013454544606389748,-0.842660827994595,-0.6399840511381596,1.1363636529327257,-0.5431373521482874,-0.12979951636465614,0.7580635875107294,0.3985166418463451,-0.21287918797947963,-0.3834022596763474
C00778,0.813069302545815,-1.9138765330474776,-0.6301195899282321,-1.8509131076315033,0.8976043569153968,0.5969174785434334,-1.6768916712845083,1.068329920147621,1.2902274539264416,0.8244156380599142,-1.3360973624727681,0.24676978347499345,-0.6286315184860453,-0.3707987757066682,1.9822525136883364,0.6416499955994344,-0.3074953379142254,-0.2926868063634876,0.3246644638236663
C00779,1.843413568558367,-0.7625037175535889,1.3147441309351353,-0.33461060534656534,0.1797503235568894,-1.3239503051160324,-0.030938657328368122,0.9691228409372831,-1.3080294270459287,-0.693363572213098,1.805601291479455,-0.6697477774275504,0.5802813144364066,1.0505553027982868,0.5565409580142441,1.2780293915377405,0.12382853324836147,0.126866422501587,-1.0377694019429786
C00780,0.8782346923662036,-1.3567017870498423,-0.10033875627116161,-1.1510101343664463,-1.5202389608526452,1.5468956238604807,-0.3485118946666966,-0.17219046802125107,1.4161638271663675,-1.0452165873360566,0.23518397294676324,1.6327582201683088,-1.7187046267787582,-1.3020722397521438,1.5834628268760564,0.02279316041483774,-0.31769627424466335,0.08221241518107554,0.8720948428569321
C00781,1.762373237293833,0.09239258783354909,1.3226614620967463,-0.47112999170396774,0.9144057086145421,1.2259578787038183,-0.42214803918675353,1.092789773658983,-0.7958775898122118,0.37425479617537133,0.8774178824743102,0.04685923580358926,-0.9509146132640401,0.958947221009669,-1.2023259189780413,-0.058447967501560436,0.23608305726054116,0.6631185356545798,-1.053072250585669
C00782,-5.009156833546826,-1.1455039591900433,-1.2927285368699832,1.9752461483271653,0.06545031090728261,1.948999101792815,1.6854597413453978,-2.5121876407516144,-1.322765933483129,1.1101330339395685,0.32069477568650895,-1.2895052879936215,-0.1830191809062591,2.118487587377737,-1.0765834499760278,-0.3454828907489969,1.0117788506510004,1.1799733678687567,-0.4418338179604109
C00783,1.1553546663514798,-1.486394185564042,-0.5733011616784123,2.2072812590484157,-0.14247015288637568,-1.964039694429047,-1.1659010759229775,-0.012367221576065363,-0.1722938631920603,0.5457892325101787,-0.6253728977122892,-0.2894593111145298,1.4709741896051889,-0.09413236326208196,-1.2006206851423542,-1.069319452942829,-1.1446170861674494,-0.09398880860085199,0.5008658668508114
C00784,1.4299860585953883,4.1150116845662845,-2.7860630215644457,0.9361893555750609,2.1330836848828603,-1.658339707766701,-0.07552149462681408,-1.3308054965048233,-2.4310854075566475,-0.4733275132493257,-0.20303377225904942,-0.9732029340134377,2.270791736936951,-0.783178026036484,-0.056418458563834456,0.8951266345236135,-1.0031553682617753,0.5324378490388797,-0.2026349729796432
C00785,-0.006035427214224042,-2.20036810364508,2.369358228305113,-0.2671839957008112,-0.756101734390714,1.2023748526578852,-0.249531974925616,0.5780398728696036,-1.1174753513901476,0.7298378294033001,-0.9069116784896338,-1.3289534229556004,1.9118750103653948,1.6068040654128373,0.9432140155441365,-1.4495542147813436,-0.36064958636745736,0.6719213769969352,-0.4669863674647783
C00786,1.326948429925368,4.938457035750269,3.0285266823139954,-1.7083147522643096,2.033660368700468,1.3081159245709435,1.5103259411809493,-0.7423295353053813,-1.2604804181572453,0.8113074699522655,-0.0031493267352385125,0.38983660598312175,2.399999783319272,0.9767048690144186,-0.26299311043832646,-0.0712467562994691,-1.5127399324749338,-1.1498266438301807,-0.20463029953725675
C00787,0.7809247532375384,-1.967513110596888,0.19098420151987586,-1.3495514628504073,0.30140696795484057,-2.4144275563075777,-1.5565947179932287,0.17264114278123657,-0.22255832253962704,1.7105554710788746,0.31864024226086746,-0.11727076742924533,-0.1235668656755785,-0.670644405163213,-0.8179615299461307,0.15026305197943202,-1.4443296790095361,-0.4069039557604873,0.2360179425661283
C00788,1.6026745642001359,0.625103499616754,-1.2168861083473348,-0.7611515924662606,-1.649867861068187,0.9664945473684531,-1.2972052256803897,-0.782387221602104,0.31505738745246886,0.9134088205230623,-0.04933851030806408,-0.5362023744846943,1.1167839116256713,-0.08358606279422674,-1.1842016807620903,0.2074769199482239,1.442538311991117,-0.25875184987178473,-1.357589741914487
C00789,-5.446610487699564,-0.030652685564922847,-1.4461637021755855,-0.9083391615405297,4.611659414448371,-1.8647943370470295,-1.108754103989994,-0.6711550635740421,2.959365798146751,-0.002778981391260888,0.07208122934929308,4.543087114678783,-1.1729640729953656,-0.28649004455004223,-0.2180127832425094,1.181546141264943,2.765036041174963,1.9715961114258143,-1.9358436454210568
C00790,0.859633403112056,-0.15062325864225853,2.3492408804844787,-0.7822199860939407,0.1517629853059301,-1.011791165754885,0.2502814873056789,-1.0453198897589429,0.4947998954003994,-2.1416155105949923,0.9432598489430128,0.7558670191056789,-0.3052386015629175,2.016509171945627,-0.3308393559224227,0.14625661202943135,0.677265157417747,0.21794448516855347,1.809485112730806
C00791,1.6351868339269984,-0.04925172862034035,-0.14865783627785192,-0.5300665531664599,1.6870380650458114,-1.4448413704742908,0.3845539939589333,0.9854328106820465,0.3813719087126369,-1.4039546382252095,0.7631702379447999,-0.8944860221006152,-0.23453715651472118,-0.7587615598318992,-0.3221169430940402,0.7971693678277453,-0.30012756301567395,0.1354824841658324,-1.1724411139337738
C00792,0.26235378932453957,0.05898369406325711,-1.531038081660785,1.6363034379752923,-0.1988660072004748,2.1936364638711146,4.0755588286971065,0.731686218190024,-1.1641377627485314,1.402727416093077,-0.5278963605036134,-1.4543106349791928,-0.1272502897918308,0.05786987120383684,0.020679664908314844,0.8069767689141802,-0.9639146188573948,-0.5541177814427959,0.27224483186566123
C00793,0.4768817489895929,-1.7756961990038167,2.345435534396128,-1.1577092901486696,-0.09321968653902032,-1.9315354923819232,-0.4773388261228315,1.99033073643692,-0.5647318904661588,0.6532741066950211,-0.2916257383773449,0.27613389183146364,1.2045810261223864,0.3123861460203521,-0.9263830021180212,-0.7982396877980543,-0.42185574747080595,-0.23920160377081326,0.6081173163976494
C00794,-1.5472312182629082,-3.11025358619679,-1.5701014623436123,1.8314570455315473,1.5969578545374896,-2.0522112832352724,0.025274463542572494,1.421701991872411,-0.680653642205992,2.5228842008086994,-0.46434493138738414,-0.444914998751773,-1.385756667085441,-0.713731303550574,-0.5799301362821095,1.1557676379455224,-0.18892639678294504,-0.03184684326537018,-0.4042387546407817
C00795,2.2801185858837822,4.13231902736651,0.6436186225055063,2.1247991665565817,-1.2235935473929762,0.9786377696744417,-0.5634184308665879,-1.8254859195714437,0.020740532638267625,1.7837832675001979,-0.6789687842484943,-1.1699610849852686,-0.48996286467893946,1.0059556210270364,1.1699638185088972,1.5227928214797004,0.011714316716260364,0.3288022716820387,0.06391815747792916
C00796,-0.49494624473469684,0.19444510532849418,2.059570279518771,-1.5101758406659689,2.687232616134516,-1.2368635381053132,1.9265086978308705,0.500566793795577,-1.2168673741852232,-0.40354819673948344,-0.5814913982765476,0.12510611912778835,-0.1013372497660347,0.810499189492023,-1.280758788259776,0.8887840708660716,0.7565007613278882,-0.5962581681171639,0.525713582913499
C00797,1.9473000101878208,0.3528089784133304,-1.1616762335534303,-0.6968571097609362,-1.8234440293984322,-1.3943036601111476,-0.08874118346182973,-0.7859161808363786,-0.2530108054859559,-0.6053262210749181,-1.7728769293619162,0.4724750623698002,0.12468814792447225,0.27779240970412,-0.2633132862072663,-1.404702017636186,1.7562405030765047,0.28257481965133296,-0.7677345969652316
C00798,-5.161332232818646,-2.3768493431202105,-0.9366588732520845,-0.4148362934272117,-0.6828884122278449,-0.6059952383007559,3.7676855983221924,-1.399759329627794,-0.42524993051572857,1.3196548660548304,0.4363650413223539,0.1733753936171393,0.1291489079716135,0.9439630733702906,1.3251397959925417,-1.5022626179029526,1.3048978273479486,1.0187762717667763,-1.5065877216904322
C00799,0.1686673424211176,-2.6125661653527423,-0.4282255913961508,2.403620291072385,-1.2146660910101228,1.8981108325870397,0.47111869535770723,-0.3174655131946421,0.3630494908838433,-0.8232199207969264,-0.1780051203349421,-0.2868402461200342,-0.8139068110966349,0.08502521485521797,1.6216705871847743,0.3666190240636848,-0.14348035375620494,-0.34963363880363285,0.08913725090272276
C00800,1.7982782782896736,1.2146111547662144,-0.9737218718999145,1.8809862876854802,1.7866172433985648,1.4039152687413246,0.14299086476598713,0.26671772269738875,-0.009802742167363493,-0.09515515808488248,0.49517626815824184,-0.4705478242989308,-0.013704920332323754,-1.443355191609621,1.3799325595724878,-0.46337129977821445,0.04806026005137846,-0.08911848314879703,0.22109820538267394
C00801,-0.6943867135065301,-2.1123397870331657,-0.3323051585400067,2.328228381803724,0.8640045326330417,-0.9358859075636372,-0.20093606679696063,-0.5614757639905479,-1.09158991529192,-1.4972472119703852,1.379686250495504,-0.5270563925237953,0.413755774426696,0.9709027148752409,1.0000381283198094,0.1171365510331712,1.5072526538582325,-0.04026306444981371,0.7832670020326342
C00802,-0.6372350746332439,-3.2190768499374895,4.065103279525371,0.8356140175860902,-1.4943369696006141,-1.2356490341619715,0.48345051453945787,-2.0355705961694563,-0.5771296847601477,0.4729334184984351,1.3224038683953323,1.420394753194014,0.9229942118849029,0.024894151984053856,-1.497096581432381,1.1363512203771773,0.03221574080354391,0.1681682341536823,-0.46666649584570746
C00803,-0.960219422732743,-1.8934911130612435,-0.2594945798410884,-1.5551649434614299,-0.9202662709490286,-0.5550113204651702,3.0769862628972966,-0.36518979271281593,-1.4841548287089297,-0.0169744324124483,0.344123752780876,-0.3707928578768833,0.10500166507612735,1.5916610597339682,0.16622403017873938,0.45555642143393826,-0.19548968455181145,-1.775767244031056,0.38118396075823324
C00804,1.7853387511962513,-1.6025357343291013,0.8348347229846041,2.2852342563637946,1.1634930372321615,1.3207117759005973,-2.1559499723357747,-0.4024616352713736,-1.9028788115819275,-1.5758241086755367,-0.24009648530292318,0.3704182930562426,0.6828021620469596,-1.232366839295017,-1.7007833750821413,-0.6872359631089164,0.7876017834105588,0.47803462727796053,0.6449119410246901
C00805,1.5845588434936437,2.3187158188381476,-1.3412510085791525,1.8832383199355809,-1.6388388048657845,0.8359606156311564,-1.8677379277893233,-1.5411324039419318,-0.8616664622962551,1.2845983794542228,-1.0446138028996053,0.227834132006188,-0.9326246040011003,-0.26094396413213367,-1.159612343642801,-0.7018762113289043,0.17683348555033346,-0.6976220510013685,-0.36869595650133064
C00806,1.8485486606961568,-0.23504729634891547,-0.1948237571480021,-1.510909998492981,0.5541173581451896,-1.4490547176244999,-0.12063872318316123,1.3205545048102987,0.25382848935095914,-1.0723061035139203,1.2928309256023263,0.0026298798792130217,-0.2602144170615537,0.3104295960760858,0.5071495770664132,0.1407651906617663,0.6529676757969565,-0.10480916193401285,0.6687959635049175
C00807,-1.3786817743211122,-1.4424123701020686,-1.2555823554217183,1.757991071380054,1.2985532220111624,-1.9288385920908322,-1.35769989581354,1.475988369062386,1.0729007670339386,0.3895455045658435,-1.425938565484628,1.7071452838370282,-0.32214358026148876,0.7129660639878559,-0.24523481374053696,1.072438053045343,-0.28785963475446313,-0.616312903990295,0.4249726188865872
C00808,-7.272638685937987,6.002357529632026,-0.3700631434543732,2.102108016271593,-0.8706767423846006,-1.6927299927128148,-3.177718270687073,1.703138594831165,-0.11144897856868637,-4.560723798669831,1.4296747261342737,-1.6582317411773873,-1.7717913073077998,0.1287258740436422,0.15619154713170236,-0.2360433349125013,-1.6677513022796238,0.012847272285991978,0.19677154956840034
C00809,-1.094029355200034,-1.9948974333164264,0.8102462508462805,-0.9499088832532308,-0.3460812121220243,1.444907704313163,0.7621904806501184,-1.2239259589603282,1.3930722547207346,-0.11192728790145953,0.27056542793965654,-1.2114818478818157,-1.5567167552033414,-0.47758764720047975,1.2424114452320227,-0.1849549598423877,0.31598746757518315,-1.4934052596244356,-0.15025844466805244
C00810,-1.0101612517072156,0.8901030225466201,-1.9907350446422962,2.3671174003902444,0.19903285898874573,-1.545811342216933,-1.299586750699286,-3.8625991774189896,-0.4735282576222126,0.6423509590361678,3.203242926115084,0.5835151802481493,0.6323646713249863,0.20939576240757754,-1.8544005934720553,-0.15473882723274537,-0.1695120870196708,0.8657396009952741,1.527942590360151
C00811,-3.6359492579293216,-0.8438447872786748,-1.68467110362395,2.2765628443786987,-0.06939160660129717,1.6866659401543929,0.1946594193656154,-2.222977478920038,2.4578734137473,-0.48709229011095095,1.5236527242703986,-1.4060280647123162,2.2307804410164986,1.3479365160530492,-1.343699826255156,-0.2236468364973953,-0.20592927646507386,0.9800186105377008,-0.26239732419749295
C00812,0.3563605434417556,-1.8192864834090745,1.4994301183370493,2.836123297136292,-0.7619852856982265,1.539545232356458,-0.18297256040965337,-1.8225164429353047,0.5131687918767507,-0.899629180553114,0.011850042373746488,-1.7438379262996484,1.1484959058524813,-0.2667475169832114,-1.8851645455890746,1.231602795721567,-0.27675075270046395,0.21371592605211895,0.35873269598287283
C00813,-1.9615959014791422,-2.313435289062945,0.49424635783125126,2.1611843126625447,0.035472813040635556,2.1519480502650925,2.100220297986456,0.02670605536406607,-1.0074657480565377,0.36523978779343963,-1.5068915631998334,2.4782093259895004,-0.12047040999262384,0.06819848113252035,-0.7521347661054028,0.4550377453039611,0.3496505530229696,-0.838194417671436,0.29959867804320073
C00814,-5.392051517247072,-3.769563349341455,0.633861694769647,-0.06562301519078502,0.10980133771713019,1.2818108798862649,-1.5870510629916958,-1.5106713985684754,1.093624872275668,-1.083407441904782,-0.3641196953141489,-0.017395098045944104,-1.577768536053435,-0.47170877707974646,1.3991566451722806,1.8753416866127548,-0.8207300965795735,-1.8877847039663742,-1.8440470477317836
C00815,1.3251973332496985,0.329734017162722,1.496580667829107,-1.095380648365241,1.698704051375784,-1.652187691235072,-0.4185757171373841,-0.6786512571212896,0.7664571962254758,-1.1000970269241293,1.1794784770627793,0.15175884475301601,0.5006113534320892,-1.1539004137241642,0.8595700326980084,0.7308145229455525,0.6134699268936292,0.439910233299782,0.31428688114982906
C00816,0.44475627508134946,-1.2707040383107453,1.0871474619287567,-0.26368822210785564,-1.2518250911732605,1.563518163154796,0.17660064676003784,-0.9788679805452564,-0.6670740607723882,0.23326227205142572,0.6710595662075785,-0.9090254827711051,0.5868559272544762,0.5116111406267057,1.286779682763604,0.5238718594676878,0.23125767715305762,1.9128015354481982,-0.9812645861934608
C00817,0.11345455544276584,-1.522249497709981,1.6383669512780739,-0.17435587231726093,1.67576454211743,1.4266898979515559,0.15109141064319742,1.423330395084577,0.973809028205547,-0.46639202652300726,0.023544917023072626,1.6991084725295207,-1.1979900861133685,-0.4104609460578435,-0.22033168315118495,-0.6262883481097173,1.1065913321609828,-0.7398121958036882,-1.1131464703793614
C00818,-6.245622704579624,7.7281934637572,-0.6469743406682275,-1.7772296477672125,-2.9305087481664858,1.3369736731906712,0.5347290815759153,4.260654143340443,-3.1961179173502843,0.25877867067345706,-0.7974109739443935,-1.4353317768551084,0.9904440286859408,0.5635446034716981,-0.4685230447924793,-0.682874586725319,1.216834188521581,0.14090398309694205,-1.055753917994935
C00819,-0.8466993003734372,-3.702978332782331,0.2151297464869582,-0.04243296619415456,-0.11930525266143406,-1.1573116241386008,-0.4007006945508955,-1.4665469027704163,1.0810842767644215,-2.3649580964089973,-0.33093696235319897,0.2339136204100997,0.6380824880751715,-0.2828035401401116,-0.7207188120569237,1.0074060393311575,0.1415691442225561,-0.2619721050895511,-1.166434226911012
C00820,-2.1740451793171833,-0.9324767276819148,1.4797977561568054,-0.8025916097429739,-1.503777273607353,2.0729310978422784,2.3769020600462354,-1.6184083251163504,0.7960284723945201,-0.006386831970167411,0.7034734732640768,-0.013044856011429599,-0.1773053369617102,0.8982204971880297,1.801213489739404,-2.1685513230195115,0.7406634717920726,0.36630562578949266,0.8573617894673629
C00821,1.3627485026134958,-0.6202017623937073,-0.8593754837560826,-1.600885728170903,0.7731461861321515,-1.427061891346441,-0.38884865663361645,1.2044277023927732,0.6898213916406772,-1.7987133093160206,0.8918400084953014,-0.27306627992645,-1.1825986544542928,0.4817689101179657,0.10083221426170562,0.5741108359980965,0.3010989594844996,-0.22146459253714312,1.0298945910904729
C00822,1.8234914722894946,2.907447578410557,1.2822556927767985,-0.7552682443041514,1.187152429345162,1.36597972628032,0.3817081731919212,0.2271493595215659,-0.6838914161974958,0.3297545409727441,0.19920615985473297,0.3631668036128736,-0.010699173427725384,1.079727627260389,0.32894043077158386,0.11413414725687002,-0.21607211127171852,1.536401095053929,-0.3855864785459316
C00823,0.5934619339215418,-0.39183547517308115,1.9618928564574822,0.15767655558623214,-0.27965861558276967,-0.7937827717062499,2.7497387861439027,0.8821849236498986,2.42911871549074,-1.7623246449820889,-0.35540379442892706,0.5496794261055445,0.5958504782328667,-0.31680253705014794,-1.0226725845899345,0.8146196461998718,-0.709619328795858,0.3697072979337631,-1.1025436435724048
C00824,1.6287355306819895,-1.8435357888373107,-0.9234968361763587,-0.7300631190630273,-0.5734579077016259,0.7023060832872261,-1.6164193339897037,0.38474308315769773,-0.959352683682019,1.469080673473798,-0.26935220549460204,-0.3486006631171652,-0.039797308338267744,-0.4352371742200569,-1.4236057048438155,-0.7270857844702202,-1.2749253853946267,0.5290780718119179,-0.6121692525408795
C00825,0.6477125599963444,-2.293254163387552,-1.364585129083097,-1.4143871613038563,-1.3884366785228146,-1.3364429436360026,-0.39013739094118643,-0.558741158056846,0.753756643038347,-2.0408756836256643,0.5912450030316723,-0.48655326767497864,0.4519629326309794,-1.2257268975412725,0.9524833829044919,1.2085783209202594,-0.4525912670590921,-0.13523696950134698,0.28856447530864177
C00826,2.1391061992099254,1.8879078663534918,-0.4430733774439306,-0.9646388317629895,-0.1252204380204715,-0.9345512705357772,0.8673267320659686,1.014059428042298,-1.3386128431210127,-1.2453158182821502,0.7241403159704912,0.6702949530437209,0.49852790035662026,1.9846965060061155,1.3587172456961798,0.4470098980846546,-0.6838953544342219,0.3717555941086869,0.12156572888834632
C00827,0.7265416649594674,-1.6128000183577327,-0.6581439943987116,-1.8248217604613133,-0.5082563191538099,-2.006631894964248,-0.9346687739831799,0.8040775881025805,-0.5439526608406963,0.9676978316169582,-1.1506360043185229,1.1179867622455413,-0.11692085890201273,0.6894969026723068,1.5760641340818293,-0.38905405717451774,-0.811480511244723,0.006728904181278184,0.6829683650312821
C00828,-2.17226096493729,-0.17170575861880788,-1.4784929488999063,1.9716927270426037,1.0854499834068319,-1.1924526248220415,0.1806310360356391,-0.16427707775025888,-0.5994470947328759,-0.7755601836287088,0.36974268905828256,1.0763579077474217,0.09107544919140385,-0.2080021517025609,-0.9800284129138646,-0.7353691162504153,1.2173127562672896,0.21780719743937918,0.8702431309890838
C00829,-0.6768405031176579,-2.25255514145179,0.4436119334115312,-0.04358308493461056,-0.5291860326649808,-0.8682254430085365,2.3978806915405846,0.0634620845425309,0.1938379001974287,-0.6116231696649446,-0.41752097306293356,-0.02956222511733902,-1.385499265134096,-0.1920083367581401,-1.5323471741447932,-0.8801881972965329,0.05490595114660194,-0.36039705446904796,-0.9098416474207484
C00830,-1.6660938534905154,-3.934619480855873,-0.35688812686436994,-1.18553149542306,-0.818066930212039,1.4889512096775157,-0.26439880052493864,-1.8994210494608335,-0.5343554277629347,-0.6840846162803944,0.18984291135133846,-0.7754476854624567,-0.06341558990774544,-2.2474647765977043,1.1666647232281449,0.022206433825403476,0.048350551608969596,-0.6958264638216745,-0.0019341958027269618
C00831,-0.7048571067880148,-1.3034464064460656,-1.1986290962902362,-0.551262630918765,-1.4674761159216105,1.8932395958451684,1.3319485057877134,0.7809179270103793,1.5436654569274209,-0.2364100352009791,0.0808855891829145,1.2411210029786606,-0.5180316072024671,0.22470222570835036,0.0030520123751551485,0.006054855491839929,-0.2750177754245175,1.318257488562597,0.05171371394686075
C00832,1.2765457868068752,3.8565593722767804,1.283424474250899,-0.4129715491893396,0.752748671082329,1.0888495863401704,-0.30663130776184255,-0.7142718456192134,0.37589651142714803,-0.02716588341903335,1.67628512504746,-1.3838425750080712,1.7365807420350576,-1.4599574323618578,0.8131059795326908,1.5258702778996123,-0.6975992900948982,0.5360359202624295,-0.35443875171685424
C00833,-0.3299178392460103,-2.274037102965696,2.612415607265598,0.33667621499914835,-0.5727251667279122,0.9957711887118726,-0.6428188765706893,0.8183873045622,1.269564919883866,0.670186363488049,-0.05659499063157517,-0.02527310655450493,-0.8543636579580596,-0.05159581884208372,1.9189108591170378,-2.1097833014605683,-0.36078011968210283,0.5747536105917934,-1.2138050117120158
C00834,0.5967647053541179,-1.2084886481921742,-1.3406610591330421,-0.5154180238173744,-1.1757703724304114,-1.1803738542527888,-0.095331085643187,-1.374445409282209,0.10916849975578666,-1.8554682967802167,0.001222303268459195,-0.13112225500826155,-0.3016522724916619,0.7378294158695036,-1.4269863452074218,0.16822887681930684,-0.7917795699157135,1.062277286232059,-1.1070892587099246
C00835,1.9185186380074912,-0.6880094407538196,-0.9716737071686774,2.1163523282222814,-1.3598892104024567,-0.9016557119811444,0.6723618257403933,-1.1223792857113786,-0.8402528618967376,-1.5701489431191389,-0.6263252937114361,-0.20749952901115032,0.5407993913932216,0.7795616405042158,0.7880065953826948,-0.557795086179962,-0.4709768972874386,0.07963025457641666,0.14197813014011296
C00836,-0.7104995595429,-0.6126418517648434,-2.287555775952589,2.0165233500665627,-0.17658259583185346,-2.101237376761586,-0.03457806135246088,-0.5002384904275279,0.6082581246024341,2.1372856846460193,-0.04668711536058464,-1.1548276251596914,-1.5912821806065731,0.38016015057293445,-1.2039452075384747,0.07137369634970328,-0.8949655472422532,0.7206128875837007,-0.12471877580545332
C00837,2.442924473240744,0.9263468604151787,-0.001817851399518976,2.1531523877608465,0.1348907384373122,-1.141665030419275,-0.009063223642271261,0.6828865337422481,-0.9891015264884636,-1.6072133809362954,0.7018035385835757,0.0332303284445158,0.7641130570504165,-0.37233430837506937,1.1656740991308163,0.17959203358456277,0.0010299084724474197,0.7241588143142385,0.6763881840505414
C00838,-2.0891427937548532,3.9809813087481523,-1.2328474160086234,-0.5880513566847155,0.5066423189361995,0.8957901508136501,-1.9753950369578184,-3.4210954693158677,-0.6185457578587554,0.5498008391927495,2.980186427344037,0.19706768232796265,0.23647997936440032,-1.008788275586171,-1.0953339070238584,-1.3780504835555025,-1.7956383414514991,0.509947913818945,-0.2633627845534131
C00839,0.44557056303379167,-1.6991962084953112,-1.1579078526765414,-1.457739732871789,-1.485252430864462,-1.2578471588207198,0.48651683350721747,-0.9562892999845083,-0.3131955263650589,-1.2410028398149444,-0.04149693554957063,-0.20252244619250354,-0.4372029744792006,-0.7298289649407632,0.36759862035222557,-0.16680174490636346,-0.19214562292034618,-0.1923572037335497,0.2379323739138236
C00840,1.7533686356099858,1.5102881182496655,-0.08247561559404396,2.2134107580177114,1.5646272651583442,1.3542847286379465,1.1592855969979066,1.1036399337066054,1.4414354731246877,1.0136205601284156,1.0952388417992245,-0.22604195331431648,-1.5368505231321294,0.2156198224667209,-0.599987458865244,0.09858768861017915,-0.23281078928117185,-0.8093677283490424,-0.38747107311279116
C00841,2.903877004778338,1.7585170004923727,-0.143306303311058,1.9182686761172258,-1.2263274468063357,1.1551774949188969,-0.625570830616205,0.7114765215089901,-0.15303666685555117,0.5788213505095289,-1.2715583976516343,-0.6056502508268189,0.7386303017630341,-0.8543710713290144,1.054904812146848,0.20479481398437205,1.4279357972071147,0.690155337385115,-0.08649066231404727
C00842,0.4828784417719882,1.58698029333853,-0.472754100496631,-1.8446397577157445,-0.40745114080914013,0.8618588007467488,-1.6874694374621135,-3.50072594637648,-0.7250202247307547,0.5619027282573267,-2.447547727318114,0.3732946169252143,0.4228616229937312,-0.5223275778916858,-0.06608175790436661,-0.8186036724427462,1.1393050601623478,-1.1860541455506988,1.174983649249467
C00843,1.1290163371920638,0.13244823446796655,0.576312421238289,-1.5305630039679574,1.8535449199563387,-1.343065252873572,0.8919942231689262,-0.5284451849259213,-1.3493678007791376,-0.672916838161499,0.06918715324510742,-0.20601575136709502,-0.30016645189145436,-1.0507876657416815,1.4368275102187167,-0.2917248000801578,0.755052615274779,-0.06788810624891027,1.0270563761196343
C00844,-1.838004336153771,-2.1870243314674207,-0.20713409639556868,-1.7579269887969864,1.6824643373103672,0.3871766461647295,-1.4990418401449865,0.47307418968006615,1.4036080968309859,2.440541423244296,-1.0932408253688042,1.394621208060847,-0.771661120454573,0.5401539608813257,-0.18297435035075357,0.09239571583208109,-1.0020417087310556,-0.15860638794766235,-0.03467835946013154
C00845,2.1642790248135575,-0.7494026015722204,1.1990079177399169,-1.0856278501788896,-0.09554603305820702,-1.3969953976257243,-0.8304006039394688,1.032264675262544,-0.31327165251614325,-2.251423722755459,0.8278236891861078,-0.23038930677743508,-0.6331840564405045,0.2676757011520547,0.5477646673786273,-1.8376763624687469,0.6645213562456825,1.4818045346596211,0.7732368010620396
C00846,0.5920616254215957,-0.09752014938919372,0.8271991161886876,-0.48321889309904376,1.152903438660015,1.348773023101269,-0.5119495549973354,-0.8849039312628272,0.11415221200395523,-0.1999488724547568,0.7144502208372936,1.093149302024919,1.383928396831796,0.5786536171391832,-0.5760122564079396,0.42920470154951434,0.20602381178608065,-0.9966499810827605,-0.39324840480541334
C00847,0.5123622355723138,-2.3652556058043337,1.6598387286546037,-0.7211474065209406,-1.7780635193624477,1.5311767644190841,-0.08119377489766161,-1.4621201602074605,-0.6414122507034187,-0.341094023674541,0.833663132970942,0.6137432172470922,-1.145682155996015,-0.8489978914899918,-0.7521239955159524,-0.071794133859174,-0.9660929192151297,-0.8531327946287843,0.07513889006172728
C00848,-0.378577503924328,-0.3733079720403495,-0.9897161493971716,-1.3011840529079888,1.2093844745701918,-1.7918973131675684,0.6489730346663394,1.2334993087363062,-0.511519993291786,0.9379706159363272,-2.289321870651351,-0.173456778355506,0.7511635069866859,1.7525373772392514,-0.6793582125522476,-0.0428658907416436,-0.9027282465815074,0.07041935181931928,-0.8700208501928672
C00849,2.168877872049281,0.7802523215748777,-0.8999058156756368,-0.7893290835966315,-1.9699009878707912,1.1588900008086678,-0.506874428146802,0.059559919533827894,0.7235338683623598,-0.17968023155749685,-1.7447384868609561,-1.5159962163126117,-0.6881957408676181,0.9507760191350099,-1.144128716872984,1.347286115589259,0.2869959833550555,-1.2515697254086477,-0.7305043864724553
C00850,3.167278309427588,1.7725285175508492,3.7831068511590997,0.07088642340959105,-1.011208796104625,-1.6202735987387855,0.29762731241686563,-0.18187359326656116,0.19758982545940598,-0.6913483241726204,-2.6121297753786994,0.25224764542483197,0.7775647289563774,-0.08247298465202783,-0.9039599540877328,0.2417736888927083,1.433831331877505,1.082640863237822,-0.6667949861266121
C00851,0.040119473527435334,1.2546574201684342,-0.9835642668881432,-1.5926318843964005,-1.0891766076948153,-0.8567973127312831,3.198695113075554,-0.14306469453146567,1.0504152988772057,-0.7679823486418214,-0.30923404730995113,-0.7234739401756254,-0.357137608356356,0.7648141157703624,0.5242906958710636,-1.1601818318767076,-0.6303765398389245,-0.35740544299558247,0.11063581244976417
C00852,2.5909795312127346,0.15563251806867362,-0.712429292556245,2.1005298190318453,-0.7512599092667849,-1.7974549030843692,0.44699697871602573,1.2795048884989644,-0.13320537814764147,1.4372136693188762,-0.6069653770756805,-0.8754939384230515,-0.8718156057807147,0.2517633952669444,-0.15188835319340188,0.36155778391058546,-1.816165089423933,-0.23328192606136142,1.0881529013290279
C00853,-0.6102962371043499,-2.589823632246971,0.14299400147222066,-0.45817833072828107,-0.7330689660860606,-1.6720129834109765,-0.24321858879581015,2.811791878125723,-0.37595227912327867,1.3233103972461242,0.87827399278321,0.4769819500126628,-0.17218418968860275,0.44372289909485796,2.0429039397482054,-0.1380523944507162,-0.1752872360677954,0.326345787263533,-0.4851331531876722
C00854,2.8085850326160426,0.12101116184104656,-0.8866774773903361,-1.78653341604639,-1.3783042911487466,-1.6951936264743082,-0.6849456039186632,-0.10421325365879373,-0.8768094303396341,-0.6653222982820902,-1.3124359868415096,-1.250021061616857,0.22379056001950925,-0.15582363324483667,0.33261422880114255,-0.3102021699158426,1.2981168532741203,-0.4304697299088384,-0.08673467623061219
C00855,-2.1988870447616105,4.09102182727978,-0.7627934390369941,1.9533373713286604,-2.831325889369136,1.3860983269971547,-1.0746160297764442,0.2911205926684878,0.7166610856221497,0.19059556864940277,0.08074909784062549,-0.3929084540291573,0.18823138757327015,2.969016517399307,0.12470558579349691,-1.247303209085332,0.6618881665225899,-0.7525660978641093,0.30087787849901854
C00856,-0.4163615546472901,-1.9533319719660187,0.749452748397116,-0.035234252186255345,-0.3652983439455354,1.7565722636811736,1.1991949232603043,-0.8465041708965326,1.023593228936315,-0.820527250141321,-0.6456464441870764,-0.7758230469352703,-0.42116990551259387,-0.4497781958980077,-1.729870344240599,-0.43334440208563013,0.14873468566304823,0.6361641817751493,-0.014385839621022075
C00857,2.363404279025632,3.06501941037366,1.2155406122837737,2.0680848821114974,-0.462904007107701,0.9753935248741197,-1.1028358733212307,-1.7442295552283371,-1.170435038055258,1.2116670841107309,-1.6864700856485553,-0.6230693389234234,0.327948624127728,0.4833367525712542,-1.2522950438536526,1.1671787314266597,0.25277385373969397,0.43691767398998127,0.14099475555667784
C00858,0.7412647301234522,1.0843203967690251,2.692430354573998,-0.7235676419762614,0.10783332594924605,-2.5290435415412116,-0.7983558767374567,-2.1645877437803502,0.05721675964502501,3.059811748316436,0.33420506795284977,1.0708619202356884,-0.02263382718276628,-1.9101401238034899,-0.3213032235518421,0.34969974196699677,-1.559188113384714,-0.22819700647293634,1.3763985126349763
C00859,-3.9187909804551997,0.13523277574531306,3.9936664663269195,0.25720007079786605,-2.754013259705271,-1.4828656367921618,-1.7975717104465967,-0.3525684104156521,3.5324992354682125,-2.2341970053276636,2.9966346696102786,0.4757867988438132,-1.379798053351734,2.340062646299841,-1.0867476492315398,0.23268045301622972,-1.6082732245970648,-0.01324626765433964,1.808209342123982
C00860,0.42166151981401845,-1.9588817268834313,-0.37000566093732856,2.2911455649182497,0.1983499436389852,-1.7929114026821555,-0.5669423034241613,-0.11418157782459191,-0.28843583687030033,0.32713040758129613,-1.4678415203722075,-0.8343232037132883,-0.253585125703048,0.3631684596411261,-1.2481204677785618,-1.7542522737721462,-0.620285157100215,-0.49065231317385344,0.7374668673178918
C00861,2.243931587838193,3.1905552087439903,3.092663797437101,-1.119954358073413,-0.7387386657856498,0.8411151046297792,-0.18869759722082385,-1.3520757187186152,-0.10521801250102544,1.3635463755494224,-1.2527499814501253,-0.196995639562577,0.26799949818852825,-1.3917422004620479,0.9323400631531925,0.7520176807402823,0.8347319833197508,-0.4271471868869247,0.3263964053886983
C00862,3.01267826817562,0.9964656026147197,-1.4006157726549735,-1.8640542469549162,0.4966456628324666,-1.4777776458342822,0.31811753658512965,1.194066331498542,-0.2010859379453632,-1.4040477265742057,0.8172514953414529,-0.5849222634974057,0.399155195403106,-1.403920788276546,1.2205681467190646,-0.2563603906341457,-0.062111704429266494,0.3742101945036425,0.35208671641085604
C00863,0.800705570441733,-2.022393464887554,1.606094642768824,-1.2750563529053671,-1.3612898875966306,1.9593739381702906,1.2829183477649644,0.2683306380288653,-0.8702712498453133,-0.8784416622762576,-0.3256545189041121,-0.3148845591972588,0.2591476529029062,0.7232565681979792,1.4107345754787572,0.3232726384328373,0.14816643831455126,0.869256272460134,0.21098485110467505
C00864,1.9190092926587305,1.0241615291796764,-1.4157774554283669,-0.8605979262142395,0.5903429182359368,1.3765330219680767,-0.25701264332354956,-0.8113085799439976,0.0739319135476362,-1.269349738705921,-0.5623519165740538,-0.6452101002253323,-0.43520545852901055,-1.190758995572062,1.1720144949827176,-0.8406399423872927,-0.08063748650820499,0.6857509833356388,0.30271996769015075
C00865,-0.537182731612576,-2.02871215885386,-1.8143936566006689,1.7469811875064922,0.9782572117968857,-1.5853218516175815,0.9103463844087407,2.736077786501473,0.2890532833700015,1.2163049000959174,-0.261239522643924,-1.187311552576963,0.45566668845957115,0.2639738599415194,-0.5236114691945366,-0.14418610067730453,0.17284698790760653,0.8640453134862848,0.38655523498504696
C00866,0.8461661779247255,-2.9369235436436574,0.162611283354558,-1.3412267440324548,-0.2525568989843226,-1.8719568653827856,-0.6089865659672969,0.7896927950516965,-1.009584519812975,0.1454883173553889,-0.9245464369219483,-1.3746311992758837,-1.050183858473057,-0.4180966009287126,1.5050841056086874,-2.2314228545078847,-0.15407515046945583,0.8036888148053496,0.7679289330782901
C00867,-0.057029905854407856,-1.5796200791558175,0.9235402504352389,-0.43068585812658977,1.5875405021853275,-1.0408310740032642,1.14790185388421,-0.18211499945098944,-2.7813533493022193,-0.34819923393908814,0.3694443671728481,0.14463487440104975,-0.22214929404076933,-0.061614983379154886,-0.9992486302667987,-1.074868553969875,1.324313374530593,-0.09974967728872643,-0.27333421504078637
C00868,1.1602917235752703,1.9792986071434058,-0.8800085557004406,-0.9514107621543694,2.367216716694959,1.0916348695177092,-0.47133918663605284,-0.02732806713923689,2.932110969509399,-0.9896413267820227,-0.33253425038330053,-0.7756683036424704,-0.4647999891142623,1.2547878377477384,1.4235263199076065,0.7937137715747682,-0.2442827505549454,-0.44240270249290936,-1.4356878164721592
C00869,-0.00796793353793087,0.762960913092627,0.2607261948019732,2.2827518920036045,2.3706939341439983,1.2734262964691594,-1.089023163933417,-2.461450510329054,-0.10566911527171008,-0.5180179229332259,0.31204001419346716,-0.6261771323597628,-1.790710366180737,0.36424595965645845,0.6865447648107432,0.5687864834788,-0.7066152006753513,-0.907248201626536,-0.2980017570329609
C00870,1.3095642697757528,-1.2868906494992065,2.126943274210085,2.6241349437416206,0.34904666944342433,0.5796111394222143,-1.6935842379015174,1.0250351211838973,1.9355444124261219,1.2640995446099534,-0.3584974820273353,0.034473205650578126,2.4184722001709007,-1.082392353176162,0.08082535572080893,1.3568665138016296,-0.9479208153387462,0.474188990200761,0.5451656289765238
C00871,2.343806085090655,3.4364225519552343,2.599472694047195,2.4388759729180522,-1.9582378762064852,1.0693997530053374,-0.3543369700811143,1.3783203586076302,-0.10692305357173368,1.272636861479923,-0.3342934634114172,-0.3596165938036814,1.6692031284125155,-0.5111770352887032,0.015464799138374482,0.9331548262793518,0.31046415212969697,0.11384658313434107,-0.021165249526054104
C00872,-2.087958116601761,-2.579706079835917,-1.1551047488901032,1.93027706089086,-0.26427456700127433,-1.6558628208724162,-0.8394414840163572,-0.1604715644604425,-1.739032344641972,2.0778469357787364,0.4488587154455147,0.4291318531136545,0.185069407037632,3.141535651224561,-0.8415449886488784,-0.847703475936801,0.1928004988366035,0.6380171890223499,0.3772364598342562
C00873,0.9180193872443866,-2.147616078481514,1.1402294820301826,-0.14932307001853654,-0.7320559718711463,0.7987912707647015,-1.6871028660551144,1.4745657002645653,1.336999275087091,1.0697495672773154,-0.11495229849461291,1.7421034334617944,-1.030463734753249,0.1398420409392024,0.3365866689497518,0.5123227182753244,-0.943816951144374,-0.07465210886155388,-0.8810914407384364
C00874,-3.956475070325096,-3.529950905051556,3.820619430355966,0.8583846478288792,-1.268784535512252,1.568666563322478,0.25447179046261764,-1.0731316747890185,0.5298232042898262,-0.9746255829534929,1.0356451123000643,-0.6310795241332048,1.3154444041526463,-1.7900268944646103,-0.23522287224833743,-0.0033726985571846005,-0.4469258960567669,-1.8612015598332163,-1.6531334536268598
C00875,-1.1681339196495677,-0.799094571225265,-0.29775824536126005,2.019890870315393,-0.015920637635292615,2.1559242827643184,2.033022875972275,1.481454694398291,0.8344781599111868,-0.6796778425308156,-0.4797086742782132,0.5128216805464275,1.2700141476048143,0.01838955393875842,1.4960671303605015,-0.7782178337601943,0.07323460326340907,-0.07428633696431494,0.1408640898342839
C00876,1.316820907724918,1.7780786187553297,0.34530321960260824,-1.6539655052369593,1.4275832246768316,1.4072789130325754,1.030884245364919,-0.14369395093553014,0.2670242362924092,-0.17895768038273102,-0.13304200931868274,-0.9253612004681715,-0.7239064730672272,-0.24404399836556123,0.8692126907214814,0.15118835162563463,0.08349669519484287,-0.11389777242795167,1.4045027629403095
C00877,0.5940690489267404,-1.2431598575579648,3.1072602709460053,-0.840368073419553,-0.4073095290339976,0.726253686612385,-1.0071668245056247,1.5245643095001564,1.0994270882497719,1.2908643986308572,0.2393497184457629,-0.4527507915071216,-0.28763393302238893,1.04238654537143,-0.16601247218759374,-0.6299562174372793,-0.15959108969072405,1.1477275692617095,1.0305505110991084
C00878,1.1549835863275049,-0.9251971202355097,-1.5521864455223595,1.940934361979471,0.6405147784635875,-1.2071500714373105,-0.4622037402742424,-1.1891275725827914,-2.176519876757233,-0.6940269624331618,0.9132954411536884,-0.15304868197416266,-1.2804494276005591,0.5914788499456632,1.3272613714591313,0.37733291572029554,0.3657536615471752,-0.018230413366851425,-0.061082422608550783
C00879,0.046978962459733424,-0.17229523199794528,-0.5384562881610615,-1.696636322093673,-1.6615104469621984,1.9691164809948662,1.4919676236189767,0.37400799318843503,0.4317891168276937,-0.9996838029841174,-0.44790503184059216,0.504251880943526,0.05026077154892661,1.7479299329566116,-0.7664852593743102,-0.3254279686976915,-1.0640351743734258,-0.6702024229819316,0.664456474425513
C00880,1.0706468407461474,-0.5799441659477008,1.056779998553909,-1.257548920888418,1.3240155606034845,-1.3232174762359699,0.3042028403755058,1.235046590456072,0.5081562160519904,-1.4872527486824112,1.190861767627337,-0.03933671996075241,-0.024094081995347755,1.2495829961326925,-1.4556142090778483,-0.135256114733334,0.40485506687448003,-0.4702205721020731,0.5064912966186095
C00881,2.1468105827618036,2.236001380010235,-0.3226329657077216,-2.114404894791369,2.7377498832085876,1.2978375697318747,0.8362181810492437,-0.5619556459159623,-1.386674315774289,0.13471070355567713,-0.26915414626445744,-1.8563305256440576,-0.20327016163485842,-0.3765465523738176,1.2727246095138949,-0.8088553544337622,0.11187944678011952,0.6104597457997558,0.5213581477278791
C00882,1.403290917626749,-1.649163942888088,-1.4173001967431342,-0.5047858261627678,-1.7463872929480713,-0.9086084959599757,1.1138860079307076,-0.2739441881255744,0.5688883845597535,-1.5081520320101072,0.5472780741658255,0.5302415843742606,2.1310566353730422,-0.7015860226848927,0.2337853242089625,0.18279374622768568,-0.4381895020383249,0.29264044283407376,-1.1594940214875589
C00883,2.478148862737649,1.9482588442202369,1.9282153353603042,-1.4435997029017178,-1.8377536169190882,0.9483148433979962,-1.1588288740807235,-0.5496673792442243,-0.274439080689868,0.5890490440989279,-1.0752808122563084,0.6531022865578164,1.2519122829772427,0.9060949372026581,-1.2061743182782065,1.4623199564214486,0.13531198845434708,-1.2333791986776055,0.37447770529424823
C00884,1.2874233585589998,-1.0334899445838908,1.3550027825443485,2.688212092044864,-1.4238344017686766,1.5847815283655615,0.5153203435450043,-0.012481922012444606,-0.24125171995035655,0.5836691644377099,0.41076884065839514,1.0153011804962437,-0.1600445748833823,-0.7471709753487591,-1.4910229077613202,0.7699312268014706,-0.2837272790260651,-0.01839613919325357,0.6011953655271464
C00885,2.25583425730002,0.13243364805582192,-0.6588428544035063,-2.0449011744195706,1.5974244926397614,-1.5721901781944696,0.015575799174353285,-0.13121914283095534,-2.1386113158451128,-0.4102626020674676,-0.7075773305419433,1.2176152258031394,-0.2717610907662909,-1.0006891311983663,1.1577741780263604,-0.31862101941445675,0.2433299236438372,-1.3767264946409732,0.015508769708343752
C00886,1.7413502425693883,0.6771294528105725,-1.1026156681366068,-1.3049352979579243,1.5432049797502523,1.5679673608043572,0.13971406685712076,0.9914896981133541,-1.3216162738435844,-0.5516930852739297,0.576362307693533,0.25631070475896145,1.6929779810989791,-0.060318977729045854,0.5672508222743432,0.690137862566546,-0.02982509622630091,-0.4735356687743715,-1.0991417827199361
C00887,-1.4202713470843924,-3.237094884027004,-1.0688230656831685,-1.291463219265438,-1.2327127645662377,-0.9472587500771867,1.1089580661902725,-0.7983242716599738,0.06801469905402525,-1.6859270523474086,-0.07605044187204041,-0.607464190524661,-1.175157338142412,0.010465215188803141,-0.22900712227708192,0.02909144960052259,0.6209568248621745,0.420508928575744,0.5011708220042124
C00888,-3.1334464959007606,0.7359002018167646,-2.031987017667023,2.1254072241511115,-0.19946455059417262,-1.1172644344201812,-0.6213837387682072,-4.28187990528093,1.9761999617100512,-2.7789389520324805,-1.2248551652004047,-0.12076621008905575,-0.34109311702045697,2.000569471357073,1.4432303819091432,-0.44505996419058574,-0.8462074487985168,2.160940801723068,-0.06083517666047219
C00889,-6.1433728311539255,-1.4997128091884504,-1.437665860034823,2.377433925939074,-0.1502540868219255,2.120409715979961,3.597399596012506,-0.9089563425620645,-0.09307712262319011,2.626728939144312,1.0347157769284854,0.21458623067308602,-1.6661152465286624,-1.5928087290696924,-1.6618778118121675,0.8461056526602986,0.3630181794178581,1.0458876130746781,1.726607832418791
C00890,-6.8665700923061594,0.7923842535447987,-0.37041597817529687,0.07430306187280838,-3.0897996685582685,-0.9153463327756207,1.0520792467793576,1.4952019779723187,0.713212306207581,-1.4543593576753986,2.5538525388301476,-0.7788957557960609,-1.7318128719783947,-1.2779862508820061,1.0130114475218661,-0.4310783160489865,-0.3532976868613884,-0.13249642386862331,0.3219045724016124
C00891,-5.231658143832135,-0.7081482909224338,-0.8989214410582246,2.303368155811607,-0.255304315193652,0.3392713358048989,-3.9333561355568896,1.887073211905509,3.383310884201812,0.40286975718238793,1.0865317700036379,-0.43411812875160505,-1.0715355334129277,2.0700661327502217,-1.0448610675749421,-0.9244495612767872,-2.110182230369356,0.4615838324022722,0.7740649596409281
C00892,1.9096185178674197,0.6156743499798228,-0.9336011782481947,-0.8036726149733023,-0.2782595333623831,1.351060073171383,-0.7311085858109836,0.7197783205620925,-1.2379188328240207,-0.08402481098634826,1.8262640843667857,-0.22704594181525797,0.15088257866274718,0.4030057286673607,-1.0780579737024423,-0.4348362054943887,-0.61006812391761,0.24305110779643982,-0.5241122752553216
C00893,-1.9535361768926245,-1.294894939244967,-1.368621468143458,-0.48129699922140423,-0.772561883357328,-0.873712728413172,1.2976911898424615,-2.3874590112655736,-0.44311313532953506,-1.3047573990706536,-0.017368125481864713,-0.702342858427795,0.060144690859273264,-0.0686706969498034,0.08514492538676996,-0.06417771610405104,-0.2095053789525802,1.710817998072955,-0.46325269539366937
C00894,0.6233355249188542,-1.5269723369225103,-1.472443305204981,-0.7798668677251511,-0.5636309773732882,0.9159094950726209,-0.30626931593626955,1.1354474162932342,0.138374927670094,1.4177427645448828,0.08822811472825146,-1.3400444834693694,0.4110144426113437,-1.0031646969696737,0.07812551650194231,-0.39076501381050016,-0.6918643294218371,1.2852866006946073,-0.43115145023056567
C00895,1.139150792265953,-2.628879425584687,-0.4466822011404696,-0.5763379901711965,-0.616034446189502,-1.7324022617480086,-0.13135134998189793,1.4938490554033341,-0.8354792197098202,0.7053902590106239,0.2991482149471542,-1.4049046120146662,1.4669584393569464,-0.4110268984776318,1.262270821691265,-0.16897955030796988,-0.6251003588515718,0.17166038551997323,-0.7784944860482564
C00896,3.09853150488634,2.258766683802501,2.0666025761334863,-1.5308087294560364,-1.0357199749382837,-1.3230438199456271,2.298718496677548,0.8764505327459389,-1.1345236893631843,0.8573201996893355,-1.554791164009903,-0.9360985761484413,0.5691657647261481,0.20002657654801156,1.496765264136179,1.360988470079556,1.401266141333567,-0.00825435701479427,0.2261119357875291
C00897,1.0141531754629767,-1.2980123112574584,-1.5658664759999306,1.8351424565160956,-1.187001341612277,1.5509919112666797,-1.4229739172177696,-0.6095358022614437,-0.45185537759256844,-1.6725394567293568,-0.7467973559485654,0.3914682579453736,0.8859650459797189,-0.03614520414325151,0.8774083283484085,-0.4540125571577566,-0.8220947908794981,-0.13595403875506634,-0.47087215270896676
C00898,1.4202404024748212,-0.01905530212913427,-1.0971479674336115,-0.35925863291828664,-2.320693790802801,-1.6158463297250967,-0.6235226796746195,0.5793021224551178,2.1516274719175565,-0.9260846052925584,0.5412805094927243,-1.2104710979152522,1.1383199558509804,0.5697021314565127,-1.2492003628597166,0.6805425810607846,0.6633299728403754,-0.9403194204308073,-1.6943853267057978
C00899,2.021007161878329,2.462258148107749,-0.8791553952948289,-0.8068244223065817,0.9424941709183684,-1.4864024459966578,0.9414511370901103,0.6931491913361578,-0.3303023055641603,-0.36666211532942,0.2785029966738652,-0.054460925506860075,-1.6296221031759286,-0.06624186059400283,-0.9564803233558543,-0.39767626652560134,-1.168588611264327,-0.32541106275357096,-0.7534916304307726
C00900,1.88094122922881,-0.13858330782116612,-1.0070807346725394,-1.530217959744899,0.058176684595484515,-1.456852836716103,0.07198800738150762,0.3308910768471597,-0.4582475421663788,-0.9176065480255416,1.4402964075818039,-0.007242183736295896,-0.21666611955164103,-0.5327358742195258,-1.3813360781995938,-0.3220657045043524,0.05429714398058027,-0.3971037382325464,0.4607460911424883
C00901,1.160990354881871,-0.22378397082667886,1.886343535900921,-0.7217594514449988,-0.5562471238412019,-1.611833990806509,-0.3406076571978486,0.5563688352228275,-0.37810648241455674,0.03340640778631393,3.4350799968513193,0.3299543793816985,0.9212374046050654,-1.3376009783839444,0.46566133656451175,-0.8291936276280799,0.3357257380637773,-1.004515703735692,0.18441478320115737
C00902,2.7483718917017286,2.2595899389431353,2.3825694621878446,-0.32703706345264455,0.5670144441347572,1.1117863995891422,-0.5694093031591541,1.399330260763316,0.06737227865064077,-0.167490939057988,0.9571141547715861,-0.26160927379570587,0.1650229984203663,0.06097315195788946,-0.20261437172329513,0.9658385241901541,-0.3350113950400455,1.507966301489844,-0.5169184406839743
C00903,2.305030902025875,-0.7779280001336202,-0.36719599304496187,-0.5611013998466209,-0.1415609704482671,-1.158204406375629,-0.7782718289552043,0.04056494350309875,-1.0291464162915218,-2.062856403984103,0.8017479527239842,0.7390367946973283,0.15082760376915888,1.4452663816840825,-0.2856487478997588,-0.4623036330823888,-0.08653381231023718,0.37460099670721664,-0.2622420840551771
C00904,2.2091073798703977,1.6932348059323237,2.754203033167075,0.011155115675030414,1.3722323933357752,-1.4732060587794702,1.1544484888004765,0.332293359018072,1.0131656032625809,0.4303337795214596,1.8835671726651781,0.4731350484787275,2.5093597016525853,0.3819173610370812,-1.4368643711958013,0.19967157775827632,0.6707908844757225,1.4403983732957677,-1.0193216949349295
C00905,1.899153645434231,1.0097821613822133,-2.0420071463869602,1.7710141856176247,0.7857031589200569,-1.109270144584724,1.7398291131411188,0.6616038001399286,-0.9333061683417286,0.07761223533067513,1.0303662276054277,-0.8498558008131408,-0.20213877228044674,-0.6168785494530801,0.6034061565957067,-0.11145793001010677,0.3391045497986905,-0.20550762108542653,0.3752573116624922
C00906,0.8483338082189875,0.9511725114545693,-1.6660886404770905,1.4481436799565919,0.6845748093234548,2.0815127655348644,3.1156245862956236,0.6356522261288707,0.08954953801888331,-0.004869264868338127,-1.5177369243672043,-1.6176849233040551,1.4036083562008266,0.008900266516691744,1.160017747223506,-0.7326271720531098,0.22286190312865195,-0.08368018297006033,0.019418736575021942
C00907,0.6483473102898212,5.451583275462067,-1.9090471093379038,-2.517455798857969,3.347143129928011,-1.9437525549617285,-0.32699158545691714,-2.9429186280762796,0.04956363724022179,-0.9237011095114452,-0.6514024052614819,1.0556442773992165,2.7844047199506674,-2.4017996369317567,0.9756453342460644,1.3133215245493532,-1.500111237607312,-0.20578456299161837,0.026831321073002935
C00908,1.3539311776707543,0.5845141682441768,1.3317727139593414,-1.4330596532381326,1.4811119149332888,1.2039613323030887,-0.8112722643826396,-1.47969296187982,-0.5789306658590562,-0.6647530266509477,-0.1962639915429769,-0.36612825286541506,-0.7624252871227066,1.475269037805401,0.8743624786802057,-2.198251784143405,0.2643479401127544,-1.0145821833018502,0.17985518663322814
C00909,2.53379442083253,2.802517399941723,3.016271479057477,-0.014846243831950198,-0.2765849057721782,0.5070093577175266,-0.8106846178348444,-1.5789579726494545,1.5376420809881277,2.270636297975598,-1.2088947179732874,0.6219958178278775,0.6986458602923246,-0.9708625268852494,-1.9577902294126794,1.958267951942263,0.45876111238282935,0.08472048368242928,-0.9012529495169904
C00910,-4.146203709714025,-4.030761678381818,0.7782837110403217,2.5401948552156686,1.3493709489126569,2.1139651768382173,1.5804167951922385,-0.5017139792740539,2.2005385896157836,-2.109281051286025,-2.6615389506644442,-0.6556416218444382,-0.06877264503926425,0.3100146497793541,-0.13162313096822548,0.4688386975220816,0.9459457849145194,-1.5571184052999765,0.2637546051285083
C00911,1.9558654772639557,0.35550588455732923,0.49583667398476344,-0.8146947708749298,1.9256958319021227,1.4363127056903395,-0.3707740904517904,0.3370572310802574,-1.0270514787941576,-1.1304487626539703,-0.7873691767047033,0.9511017051940378,-0.9325643162494532,0.48975081770681184,-0.9304694905236246,-0.40361728439014555,-0.26634812592730145,-0.0352261380318551,-0.9064250811028842
C00912,-0.047285980232091934,-3.1625928069991693,0.37753697387608504,-0.540114245785223,0.8716186503379094,-2.1192490677558604,-1.377007206490038,-0.035800760968703195,0.770839163096063,0.8163523763812001,-1.8836372571547013,2.3487983856252077,1.2840094210832895,-0.593721468909184,1.7985249198209903,0.5351067761905202,-0.39827403203480183,-0.23606356307102347,-0.7352229506758702
C00913,2.4510975457175292,-0.340118920096708,2.2187261468676067,-0.9086496246098001,0.1672443949464542,0.9491987842756863,-2.354900754757122,-0.8321547279229417,-0.5814128556650988,-0.6419302858080311,1.2761026911468705,0.4299970388760827,-1.3554047402909282,-0.6713222546039922,-0.43676618319854305,0.4003216105957232,-0.1616501314113934,1.5289639670922148,0.6364546326041536
C00914,1.6467503737255575,-2.7036734345802333,0.13455623253871823,-0.4807077443077754,-0.44754291959371834,0.7217028674441128,-2.5423324250126558,0.3855545963983016,-0.33963927261297844,0.43236815483086644,-0.8148772925973765,1.0973535488253872,0.7876838536873875,-1.1120856627576416,0.7040992068176473,-1.431724906285741,-0.5739442060215623,0.7605455076892872,-0.576979313740734
C00915,0.06101083822223514,-1.5287766567788412,-1.1131319821234755,-1.150547393424276,0.001812000571000279,0.8761958025925887,-0.7517072384720495,1.5079336510542598,-0.8380728774599456,1.906168000153442,-0.6652180034058243,0.09520784285402752,0.006444872185542385,1.0325250538471653,0.09435483979456363,0.06916687640719958,-0.22766644319411067,0.07251154641182497,-0.9503766938382547
C00916,-9.2689317813384,1.2243276029187158,-1.6059322574422117,1.0037692172268677,-1.8198287767104198,0.8867188376359205,-1.8249931131591324,5.53285828180375,-3.3012275302948364,0.9088421380961872,0.839284536240133,-1.738924115528447,1.2340524701003859,0.7482260924729254,0.9525198347467763,0.46380499224294885,0.6115966949192079,1.219031628735318,0.7576137561537645
C00917,1.0733554864429702,-0.2595407320396476,-1.018423741513689,-2.1865860855352195,1.4690382979894798,-1.251107682037903,0.2605825480709039,0.8823690915506488,-1.8156072815186284,-1.2299831868706066,0.18702137649182493,0.33055381489858887,0.7344546887204627,0.6480814529096978,1.3926487613862333,-0.09296421558727394,0.957664947189445,0.029310923071022888,0.12622568099347029
C00918,0.4427450364381009,-0.5926472315020528,0.6010536799164284,-1.5261121083713103,1.7722748628118914,-1.24736508772517,1.3212969253191122,0.5321203893708099,-0.20744357542854616,-0.43839117152082313,1.311715469034506,-0.5433217500147248,2.0666375407383173,0.610593630054869,-0.44228924073193454,0.14623418231138438,1.0235893483564285,-1.1042783301303525,0.19105078935596972
C00919,3.5038823769843637,1.1540947114806202,3.2581338139813223,3.086275997935833,-1.6670345051612303,-1.6253143653465423,-0.3927828572961067,0.7045302580404331,1.8194052839916082,-0.5337509966405676,-0.7924437143970159,0.28099402051209565,1.2783416497597944,-0.4204616711368799,-1.5375726442408526,1.13453013169312,1.505425818333191,1.7464046717784822,0.36811523411347047
C00920,1.654425162608381,0.8984055866092228,0.5676237805146274,-0.9235790369285757,-2.070630508592064,-1.5901383820400314,1.4088893121083752,-0.4759801182136663,1.462474746890249,1.0864312921791157,0.6779164616958292,-1.3117071638580111,0.00745805739571877,-0.5622060085639194,0.5466373125136726,-0.632647694119434,1.5315811509976682,-1.403282427086001,-0.195707865396425
C00921,2.575509889886933,2.770384538280432,0.3077712931088848,2.0589295366148734,-0.9612819624621542,-1.834980698551166,-0.5785813658196367,-0.2850071157163951,-0.6659820215328274,0.4965331258291985,-1.8450525837723908,-0.7703187962354733,-0.9095437427517088,0.606950292621064,-0.8533767024226209,0.5659682561794359,0.20506354937768215,0.1790515438788608,-0.15641620529711125
C00922,-0.9533699707374589,-1.7688552039141596,-0.7181389181123585,-1.7947036863960488,1.784197093097913,0.6253092116472726,-0.17305605475812263,0.3112251432665962,1.7533085517557572,1.5490829902157335,-1.0090991837590586,-2.565530674174207,0.8679379129890892,-0.8834753790974675,0.7785477172104971,0.31447011086831156,0.6630450537998626,-0.805994523408613,0.8622707665915395
C00923,-14.613542676540522,0.20260647660385275,1.4111891732111583,-1.886872166859689,3.7483785361317983,0.3014567084434453,-3.3342891628629836,-0.0732164951318748,0.7399483451194926,-1.0721518264049883,-4.234257249947575,4.171628625720419,-1.689691420900352,-3.7413536610352933,-0.7538423833413737,1.1195340684558186,-0.38831517583262476,-0.29607147249805604,-0.5830210259918457
C00924,1.0848521865999092,-0.49768716995485374,1.5622917744524505,-0.09967959203492385,1.5556816893197067,1.3924595376923177,-0.06107539684739773,0.9006529722817751,1.678382013020673,-1.271497796797737,0.3817423670198975,-0.5780437497225678,-1.201971806913078,0.43799464314299696,-1.5373681023786492,0.06582409701945406,0.8306403226757043,1.3752427219588184,-0.6065771375573642
C00925,3.6330829155549362,0.1414690622468382,2.6017255023267163,-0.0473033091775161,0.7292821781036604,-1.3573240183358106,0.7961151943709848,1.3504560507038652,-1.3590344807475447,-0.9983354996704438,-0.26549766411987114,-0.02386671626745601,-1.4603720085201133,-1.0470769382367948,-1.7221574090159009,0.45558800144801426,0.05911596914384696,1.5414501000837149,-0.1461617328800415
C00926,-0.3415527199460367,-0.4350904544630817,-0.5342336969318827,-1.8661377615515395,1.1857386432707624,1.1700289211305523,-1.160914195770413,-0.38339951608063166,-0.7904892525836146,-0.31804489961325144,0.09593029217264926,1.0587835134900792,-1.053065590081022,0.5462743486167002,-0.508387458550572,0.3762716578771879,0.07021587863167596,-0.8703562920311895,0.6087513561364725
C00927,1.3541345275667227,0.9057288665526491,-2.0357357889216225,1.4716005951675613,-0.7822223687878843,-0.7423091253174579,2.415276302956015,1.1287665549833967,-1.1142307836197103,-0.6692184744680761,-1.3730117128994392,0.987547722889354,-0.02661914930746947,0.6085377955546242,-0.972916840901575,0.5979379440464982,-1.0001574652882739,-0.05475182675639783,0.3869130052078821
C00928,-0.5976870407453603,0.8931876772685167,-0.5714664697988886,-1.5102386329787099,0.6205487395497808,-1.7914359833711822,-1.9404890174222793,0.49389752125510367,1.0520563995272625,-1.1134692038876575,2.035618054308217,2.0552666344941524,-0.41704282987121843,0.7475547265876161,-0.7132183162837727,-0.21398806881051877,-0.6077638642737353,-0.26504268574308065,0.2634361896988681
C00929,0.18656313939625685,-0.044928101670995826,2.3375053937153827,-0.979351721872532,1.4025974147104985,-1.3508839637111534,1.791724710139735,1.544964216833731,0.5267748994177696,0.37212698430197444,2.046673309273368,-0.3471376999322216,-0.83729944045936,1.056795003556121,-0.5191802030937068,0.5955883579824177,0.7947076004172996,-2.0075404655420463,0.055007011456128505
C00930,-0.38375696668120374,-1.1312610546857005,-1.7724222379641956,2.041325044180967,-1.4042598688688224,1.7816536974868977,1.0564413688069496,0.48359516295020405,-0.5321536053944224,0.14190824835825924,0.6642712767944314,-0.2036905802524382,-0.612962972750951,-0.9831621285865164,-0.41664043656404715,-0.4496657547878489,-0.5893165473595389,-0.31435569306299754,-0.38842018273650253
C00931,1.0544032805408614,-1.1384427710345573,-0.9379377144481656,-0.8107540473682657,0.5385561295347991,1.5649048083208021,-0.41360841255174446,-0.0751861963958251,-0.5707904442843319,-1.0512997314694028,-0.41116332630947655,0.9734768300156975,-0.825254741311135,0.27550304070857234,0.6536983781214383,-1.0295014163596992,0.8804645812888053,0.1682115296650027,-0.7450414519467498
C00932,0.1690372951232108,-2.276145159686937,0.9423836691543689,-1.281478278994348,-0.06474942926313884,0.7307695386361578,-0.9602672829559761,0.5766610088340696,-0.38432982825585693,1.2256325419554954,-0.3414970316266773,-1.8787749678100967,-0.34543172071302675,-0.03291646236084378,-0.40799747493868416,-1.2464121619483128,-0.5916562421826825,-0.5430505665135652,1.0274709324511069
C00933,-3.470516038960715,-1.829928739180261,-1.359213235552856,1.4117174287102716,2.70956583917511,-2.015141745299388,-0.7688438673525835,1.345657076982074,0.4621851741168961,0.6349197997166218,-2.6036728592181952,0.388503969231745,0.25995645600144673,0.9036019668520046,-0.8200474258387698,1.4993458681737157,-0.4631277415914931,-0.5656115677584003,0.3176142859692233
C00934,-0.9957585108472771,2.0169190568200586,-2.301674776502853,-2.0247550522672353,-1.8822099513039057,1.6373571945722516,1.9056486889869892,0.3604724286385054,0.9001024959369446,0.7851297318303533,0.8272023937049784,0.8029184174746219,-0.38137470197151135,-0.1448752127116741,1.1001899157483943,-0.03444235492868951,0.03502105009716598,1.8890923306522558,0.481135031461586
C00935,1.5109361669757015,0.08920677220249379,1.801859807718431,2.097360372150252,1.1534264563992107,1.5277065866148491,0.11664848772150906,0.4333840117814527,-1.8665430853184957,0.06809101712840028,0.0588139357175688,-1.35955495126028,0.5407359490772364,1.6512837165438214,1.890059559030306,-0.19176849594782905,1.1343000174274749,-0.016871700495422883,-0.29979119354856665
C00936,1.3342925256733429,-1.9664721228534474,1.330698627328843,-0.08113097410555047,-0.6780072814274131,-1.7676223840430718,-0.18920069075700097,-0.20680658473341232,-0.808073680877482,0.839125492611071,-0.3517071377559907,-0.07439543127964929,0.9441292546501523,-0.6780893013600269,0.7430005004422567,-1.4286723293787547,0.12188583669339072,1.1326969850208843,-0.6584992263399936
C00937,2.0953415780547635,1.269055878285401,-1.5863632607749503,1.7313920795672417,0.24025523555812642,-1.1665776781818862,-0.5067649858405674,-1.6733628988941929,-1.7478231506096207,-1.5938795482552242,-0.9204642491461841,1.0185211179515357,-0.5248334651714216,1.060096056185481,1.5561107584769722,-1.5250833983743135,-0.2016288198068012,-0.05743184758693108,0.9016666843506995
C00938,-0.8946849627247807,-2.676862888171827,1.6194160499811152,1.9700054508129516,1.545957483207853,1.0336583885633321,-0.12297533508319806,3.13543769492415,-1.0221749455682165,1.1075677179677383,-2.242567748303207,-0.927777554674881,1.1475544983137445,0.6102224246513185,-1.3219741111129044,-0.2663665464386028,0.22954894956300026,0.9009488757912293,0.4083914804969979
C00939,-7.8891273280271506,-1.5987226576468996,0.03469974104257357,2.685754630290863,0.3481555202570292,-1.0363081536318082,-0.350048004710823,-1.6858734101920219,2.34509353366492,-2.150844022235487,-0.49811197542926844,-0.10713375554095916,-0.5585215874023394,1.91520080513017,-1.0513791594558557,0.2562612270352076,-1.4039012674597056,-0.4232606487369939,1.4172293023040272
C00940,-1.6010677071953598,0.23286773341479408,-2.334112134405902,-0.9601150831293069,-1.0484851654577971,1.6529246356781402,2.0679031052491026,0.5222042287942161,1.805007344202126,-0.21527203384718469,-0.8606045104694978,0.2277006055484914,-0.7603227064544666,-1.0386008118342098,-0.42610967062844385,1.6324207657586949,-0.9992155226855458,1.506166887740265,-0.6414744444259391
C00941,1.9633804734766427,-0.11597806786426779,-0.11806629853952313,-0.48474899382854,-2.865983320003743,1.4166152148748594,-0.8513040823039928,-0.2620471462800591,-1.1361237825369597,0.2773763122013807,-0.4370714595345009,0.4778632983025994,-0.07322476943611034,0.16334659487274686,0.630811592674175,-0.9661698750322458,1.052125040680041,-0.6032993610699596,-0.9422675227725028
C00942,1.961901872485388,2.7584856462385257,-0.1079535123071802,-2.242388768460764,-0.8311101309054821,-1.3028503636401763,1.5636415868374165,0.22841598780542116,-1.4646720848966608,0.48632827972771425,-2.593459255027626,0.24163856530249536,1.2508685976540053,1.469140555859857,1.171073426813243,0.4217059958780991,1.4332268973087998,-1.3143555690285103,0.9887429038204386
C00943,0.9562754960183435,2.5072974558133385,1.1847385543578857,-0.6373237975460622,0.7144173730721202,1.6973034641477789,1.8072684928728637,1.084007304442791,0.5241369342289676,-0.02731752832197995,0.15798889723834758,0.9954463797182361,0.33388768397418456,1.9048001934532601,-0.5087158296560305,-0.40234825363030535,-0.678069164631151,0.01188259168767298,-0.9294293385651552
C00944,-0.12113840920448177,-2.948766935760876,0.06292890889195801,-0.02208614637998325,-1.6985058401204698,-0.9536499346151491,0.8704676492862642,-0.1682861205957415,0.1704870916634237,-0.8681633646152277,1.5721814549873672,0.5081217826063749,1.0677503015930334,-0.5430768218937033,0.0031482477295524656,0.7573737660159386,-0.5962330623658687,-1.153077939182765,-1.1695989167598744
C00945,0.04920981532436792,-2.6727007302901216,1.2790578378852415,2.607473166001969,0.7392878359928214,-1.868000860450291,0.23175586010534963,1.2011274858687015,0.5979917872083007,0.9373558932398391,-1.6321820851901676,0.5229984229899696,0.00755963956096171,-1.6653540304672572,0.17791906229605362,0.28094957012328203,-0.1558352478153119,-0.657260690211986,0.8499026987187108
C00946,-3.4061800978776957,-2.863134466918189,1.0195468982604465,3.0688912476392756,-0.644035014786717,-1.1429551863576866,-0.20452174400824263,-2.1458749624479423,0.6401019509729357,-0.791321826922342,1.351690556802227,0.19293550700503828,0.44021624028926887,-0.3614383073639122,0.8309264929020431,0.7219625119534661,-0.7977941511940935,-1.6655482405372148,0.32137582070002557
C00947,1.2964392561126112,-1.904850953119426,1.2578494554480901,-1.2214343600914928,-0.22800528795646383,0.5921886728614838,-1.799917186914244,1.1355761955228623,1.3658465039748835,0.6746803813794647,-0.12948032408373134,-0.6288337118449241,0.10328169004015249,-0.21217711972162193,1.3662390133669315,0.3904489361747425,-0.5631782400918159,0.7571057682600462,0.2029945417960942
C00948,2.179151412757501,-0.9116154935957625,0.6928813298424635,-1.0316066179862884,-2.0629219963643033,-1.2318008260512845,1.1860203228152817,-1.5623489232262735,-0.6930951769909341,-0.3620697299047027,1.0777158325969258,-1.1083223690906394,1.176601575272265,-0.7416269737347145,0.6687868169969144,1.2636493160617015,-1.3135334655454338,-1.0899743925550696,0.7733974101542975
C00949,1.105055537737952,0.11853898734147106,-0.6626111539551252,-1.9216584938662413,1.4446104503308286,-1.1630803409879042,0.053218269752254216,-0.3844228086915163,-1.5848844645402063,-2.1212160461510314,-0.10139863821367452,-0.6507832469151106,-0.3673360776361626,0.9953519749441966,1.2114940522013835,0.01595216654586373,0.06599514470432709,0.42478342014796583,0.8540079313965427
C00950,-1.5577315649854864,-2.260418587039912,-0.6650507322259669,-0.31708252212437066,-1.2375775200647907,-1.0779606292523607,-0.19306482040850062,-3.7586088980657717,-0.7192291619609814,-0.9812323834657448,-0.36502329895876007,0.18972649707554193,-0.6572389769526064,1.249760863610377,1.1919834963486489,0.7744330478482776,-0.24989972971023747,0.11039528676005432,-0.42321940714087086
C00951,-1.054451456802869,2.1536937331071067,1.8656609135064206,-1.290938580360299,-2.0388003655295446,1.2516102942543461,-0.6770101775635877,-1.6886166974169718,-0.09035117429218953,0.38487942187131946,-0.9978618610467368,0.7366260061808978,0.43818631597495583,2.7335823257927427,0.9738756240357002,-1.7012420512189514,0.5290994266241814,-1.139712810667763,-0.10675328594935507
C00952,-3.4329174205411963,-1.819392585489479,-1.1962960675823247,-0.5126535477916159,-0.9232351861694362,-0.8312832815708378,1.5760907552231458,-1.2796977263512583,-0.25914026551307023,-0.6537487959867634,0.5953598330988942,-0.37190934884356247,-0.46726487314373794,1.0359044570190095,-0.5076670427586092,1.6063078505217183,0.2490777067379819,0.7629198343904031,-0.5030228019716555
C00953,2.113599157105461,1.8148491436453975,0.02600378370096063,-0.5678776220928339,-1.4373294727226336,1.3554722022353434,1.576953381038819,-0.49731459878609674,-0.5435159007496885,1.895933389536434,-0.6512345312619597,-1.1182242014805557,0.006461266561888473,-1.0057792791555222,-0.12253100953786449,-0.04551730899747516,0.8367749972782347,-1.1035536515733895,-1.0006766073491213
C00954,0.558198555516171,-1.5100985096976607,2.0513018833104106,-1.0954332845035797,0.9814910690477189,-1.9977404973034292,-0.0686030020113265,-0.16293092307967574,0.7907030158899906,0.4107857890435562,-1.7525623033357443,-0.5399143953442752,-0.413787746091253,0.8776210934475519,-1.1345848916996133,-0.3504264127340088,-0.6139776199165574,0.9309767601110029,0.9656300224384039
C00955,1.1706289261819671,-0.46683035545681406,0.21669686127992333,-1.7695141888386852,0.5439178380526848,0.506412575913668,-1.9405128322510865,0.11402733075007569,0.29107363833227834,1.0194381977203455,-1.1664423019147314,-0.4346499137155182,0.3740784398034927,0.09090700620192531,1.6481271377102333,-0.07853757480680502,-1.3534317078369622,-0.02219529772605776,0.4942530082459157
C00956,1.259429646087886,4.155761355497659,2.5711883313176647,2.909942494152403,1.130573217081325,-1.585302585127086,0.056964277702218645,-2.1389640997339727,1.4720440349881045,-0.23021679831797512,0.9690635133927433,-0.16021280962219486,-0.8320694071488463,1.47617502215598,-0.14472866650286279,0.5487994332005629,-0.6900126157081513,2.2337505802772157,0.9719398954310009
C00957,2.2128932390148943,-1.9641583441159967,3.672991406324911,0.3717745292238152,-1.3155086953683073,1.6535545837417926,0.4609455396549345,1.053835047168464,-0.012530765129898435,-0.8666184207101806,-0.04742739426439857,0.16074909401857354,0.22570291732149292,-1.6016410481768724,-0.04397346308010762,0.6908679289749139,0.14232315602952694,2.2719308726554175,-1.102726693828315
C00958,1.7762194394051114,-0.295422585809467,2.56077812934312,-0.8527458100714226,-0.5094193466920008,-2.078612985691295,-0.7671894953043261,-0.8351431035218889,0.4649769983301568,0.5822177459930714,-1.488505619905142,1.526925491395575,0.21592239743665903,-0.5553802108190111,-0.8958509955086147,-1.094384728301527,-0.3994450901344803,2.356599146419246,1.7416066875740388
C00959,1.2139431357488637,0.18746104156017374,-2.6071638456968342,1.6331120000514732,0.8020467601339788,1.3976902355072067,-0.026678509329941084,0.6992622298287386,0.4159991826648928,-0.6630043981554092,0.6942478379914137,-1.276032527925796,-0.26281288541593584,-0.9144752350487869,1.2859857219466593,0.273638926745672,0.6411201433205473,0.6481571229605482,-0.23068842821562857
C00960,0.428864726648482,-1.6688743607569687,-1.4627140038361246,-1.117687650770908,-0.8370922933033599,1.0481050428411758,-0.56584567026475,1.1599165824871178,-1.4730380203536297,1.575295395196079,-0.8748307944712693,0.429838490708545,-0.07570054762730356,0.4895715065646006,0.47553598048183826,-0.6549254209202121,-0.7188744065963315,1.480146232435912,-0.2308368819060351
C00961,0.5156977507498557,-1.9405503711463774,1.887669681167836,2.529334554169582,-0.9056901492697746,1.035504468043288,-1.047953202267922,2.0179985605132216,-0.7542699238512018,1.5690529747161872,-0.4253057481000009,1.3288483068362444,-0.4337924517752309,0.08276843317732312,-0.07703302609447227,-0.0499595322929635,-0.9478965258612178,0.6907162198070433,1.0551205159818524
C00963,-0.8754803495762734,0.8075177130063175,-1.758675928923302,1.7472510552077296,1.3297910377224653,1.6383950470270143,0.09149284585823053,1.9816939926163761,1.114588357320904,-0.22259443243579619,2.0953551535332724,-0.6480459313049222,-0.45172154220807004,0.8879653997377053,1.2163659294806892,0.8335244327741936,0.7576621366470762,0.5906328532202194,1.103096412581491
C00964,2.7272232066570123,2.6305062684532254,0.1075522047175067,1.9114238875690601,-0.5806291424963156,1.2538737090877434,-0.22940501745764194,0.6149627035927525,1.0629842942650407,0.1874161817569887,-2.0443381478714775,0.015043212106991792,-0.25788119607839666,-0.05014743785308104,1.2939885740808958,0.837070017190931,1.1095831710114654,0.13698889755023097,0.12918638774219782
C00965,2.165562687127863,0.9189135058414397,-1.9273242861897857,1.478370936204371,-0.11249347566341804,-1.0212720952525676,0.41734182017139354,0.023126896555826885,-3.161754185137737,-0.7896357359927291,0.41208443531395084,-0.33789479583514936,0.6628355367675517,0.8725677087697876,1.6214238034326236,-0.3066066856259958,-0.024171520853356238,0.49940189238836524,0.5679947887566819
C00966,2.2213387322988196,-0.9489763837579003,-1.1153521983421073,-1.645448539843094,0.29991749280852276,1.0578330068148925,-1.233206278805082,0.4467523440067947,-0.5823425832160357,-0.2258563067462064,1.4119278159763535,0.1932050671675025,-0.3696422918624728,-1.1955481660090301,-1.7229159191909884,-0.8516030368911398,0.2173944890536808,0.2520827419013668,0.3403055734335291
C00967,1.2745672999814215,-2.1933630536870306,-1.6392077841512407,1.9447803456418176,0.24628256731397927,-1.7888621738278818,-0.26474670687946916,0.39539952372413334,-0.48782970814790083,0.6729584423132355,-1.0178230837323956,-1.7821950276273644,-0.8982292285490654,-0.05502111426252174,1.5773594722883046,-0.2692467080125372,-0.5127494116971062,0.6123514455137106,0.10028393155225143
C00968,1.3126807702395735,0.7550668205778893,-1.7632108805113114,1.7500326015866325,0.13626105170390648,1.367085197277605,-0.5987846699390065,0.9063535299236782,-1.6908869860432507,0.494723654479642,1.6729429284905457,-0.5445441037937344,-1.7137899605501645,0.2814924106779193,-1.450538556388315,0.8145500467275029,-0.6405867770358914,0.1447767022927179,0.9875968492378685
C00969,1.4866952985071198,-0.15525343215269174,-1.8742022480109888,1.8516167180588419,-1.0832857782305236,-0.7441286193914246,2.063271596436535,0.4057533632760493,-0.6265548083400548,-0.7510663334583036,0.18059163454881222,0.49182542418962605,1.872023539931692,-0.694466690123058,0.07717577360413423,-0.036417326326863744,-0.7938678069213906,-0.06123902403701851,-0.4144125435363752
C00970,2.4141077262496626,0.9592311067613387,1.3589106800882587,-0.3662961308897946,-0.6856302989004458,0.62498280866896,-0.8377830082678435,0.9112231180877086,1.0581375734013574,1.5149022406338755,-0.6359391137950047,0.03790898504013447,0.6148452718557463,-0.2599410367929356,1.3886598810543598,-1.0620455911308184,-1.8883135839973546,0.024895248596691514,-0.9623917468500749
C00971,0.8086216920527686,-1.729639450512079,2.449116888684147,0.15033907348422143,-0.32776412357740037,-2.0745064319970776,-1.338701318861362,1.7472868752324002,1.3374437744375676,1.154464003308599,1.4238301374869922,0.9963744684846648,2.430087372226612,-1.138495634840086,0.9704927575222343,1.0025584816246929,-0.14640625003775995,1.6878922282930695,-0.1867609813288251
C00972,0.6769426155931064,-1.4036286070386277,-1.2996654003949553,-0.5497293964993814,-1.143415909080511,-0.8803079110686731,3.077941188566167,-0.5650885421136003,-1.0625731327872363,0.8820903865418542,0.4959126369596115,-0.4750777574614728,-1.3216264154692026,-0.7668055197486107,0.21596954461565382,1.2719652452868329,-0.15940275588955374,-0.7526976469013869,-1.0835354168720392
C00973,-1.3852956332765387,2.844757894778255,0.7426131064485915,2.68212030392575,2.1940851224651183,-0.9694078809989701,2.9362541149592656,-1.1626709553244117,1.8217157964804875,0.7330715012500464,1.5772663176840298,0.5496780145422597,-0.893673913846066,0.799808427013286,0.9624585182350369,-1.7268112824093058,0.5869586387883247,0.373062848594687,0.4794960425071426
C00974,1.086447455132497,-0.2875679226998211,-0.5910180996835758,-1.8543024247740096,1.0715057597899817,1.2909201531536114,-0.05640411222797542,1.1206086838759828,-0.8361552278538449,-0.06260781062978607,0.9571204653253704,-0.7490664804776175,-0.40180370589011066,0.4155087742741341,-1.0900650530183542,-0.41845044933996967,0.25664438306083504,-0.4539082652383097,0.2604222881690115
C00975,-1.6881181328098573,-2.9385196200661574,2.9531751992271684,-1.1160005897313487,2.1058079711955644,-2.052265001082582,-0.37928376105658895,1.1310577479738826,0.4900528904914662,-0.16704954807594066,-2.149444110190042,-1.0499344379647544,-0.021430066803996013,0.9177206135504105,-1.0569799818714758,-0.1057047280653443,0.8103181603000364,-0.788418783348636,0.11035555630100187
C00976,-3.278081767300572,3.342072842188681,-1.7877763425155717,-2.093698344164717,1.4978083075158481,2.006794522144598,4.924646684492701,-2.37115349784659,1.7941190403600518,1.289777480311683,-0.3357693492206462,-0.08516660435178854,5.938160545357889,-2.59910732111457,-1.314543750781284,-0.8375815869166721,-1.0922756279653048,1.3000253121311753,1.2296979522405376
C00977,-0.3850307836545201,-1.0165466021424174,-1.3833841525728445,1.82197570939443,1.1601164375111814,-2.1172614877385967,-0.5750778357822464,0.5008007366339129,0.2688641339018041,1.9701420886564915,-0.347259503274084,-0.831237695238212,0.7099363628450747,0.7537362947598015,-1.2368352130585951,-0.31952993672017044,0.025115132985543197,-0.7854430006908594,-0.42423992565781277
C00978,0.8148249573376711,0.203902685282704,-1.1479653894838686,-1.5744168041499083,-2.941735761927095,1.0758831796436652,-1.7019750721130518,0.7971228233000761,1.0072170990723994,-0.20518161866617532,-0.2657184115146196,1.0281836098368293,-1.3659189679145471,0.09117472771621037,-0.6993850270467372,0.21612200746684698,0.9736324111197385,-0.6404180935863778,0.8839164667786826
C00979,2.250200768597356,4.477530813592963,0.8296016884347311,-0.6479148564748559,-1.5505113194437679,-1.6193380277802416,0.6786649482173422,0.16769299973080248,-0.05651822021263374,0.9908051688219354,-0.24981534854936482,-0.3592804639312872,1.1089143612676193,0.5674570133216092,0.3309711941430755,1.3916781224797157,0.292317115519154,0.42356812544941963,-0.8549454244658139
C00980,1.9095188074089238,1.995672274204083,3.223382151051451,-1.1903927139551407,2.118169139969501,1.0206629475349007,0.3752107907000698,-0.7215436019862786,-0.08069451089302788,0.7685621037102904,0.11497422222612981,0.6418599501131165,0.6383478731675474,-0.7448769908738093,-0.43442583471001545,0.46153317649954173,0.16932678605794887,-0.15084907798129032,0.7660430124835387
C00981,1.1102139013712928,-0.7643256983608547,-1.3440402939909744,-2.1245155570530034,0.7314040020421834,1.4521850912145766,0.3613672989451962,2.1143205175281032,-0.5463698509556728,-0.16563539655346338,1.0880783881329692,-0.33136350134524867,-0.40911123398872795,0.8432554248281744,-0.026326227857208246,1.114523620320803,0.7326897863427568,-0.3245957178595903,0.1136844071465159
C00982,-1.4824230472583098,-0.9281025100175689,-2.2680905402406624,-0.5057681283374965,-1.7266298660158992,1.2814044270372136,-0.3036372515398933,-2.361823803350899,0.8517223923968567,1.0054348823026458,2.324259850733626,0.9563645279638966,2.003628281586646,-1.9155952273010686,-0.13858440891027018,-0.3591612744476564,0.42336472977549844,1.7547835682076898,-1.58421893490414
C00983,-1.963547996253093,-1.2294271654867028,-0.23364380745086755,-0.8321235108831802,4.843257672180157,1.0474707692258274,0.0589841672529923,-0.5116319671591151,1.5177171907923215,0.26934911616615415,-0.4809387114783537,-0.978429949977663,-1.3390361331517144,0.17345501435557936,-0.28982869472259476,0.8151684744650168,1.5569635532726251,-1.356503621477154,-2.593928383670101
C00984,2.0534536533886416,0.48347122842420365,-1.7269701764493506,1.596887489536711,0.8285009663040027,1.4321252636588024,-0.7069979940496469,0.7362125319018001,-1.2174894447460431,-1.0129272913944236,-0.0852822246623472,-0.40909877834118347,-1.2549512972704395,-0.2568714539245445,0.6961239243016323,0.3287704953716298,-0.6107516187142257,0.08235755758008553,0.07053474691362621
C00985,-0.2835002552317209,7.5270527380219425,-1.3813590673633729,-1.0276618258890857,-0.9872003889209553,1.1203196945754819,-0.22614608098471847,-0.2960256657733472,4.128701920163747,0.8197178279583197,-0.5521129166774263,1.5574730642675432,0.034118439876751325,1.2869415436072482,0.27821642330618457,2.1602911703303693,-1.4799315560871944,1.763210883034401,1.398059348278703
C00986,3.4781996960037733,1.227065535183855,-0.21676803263220618,-0.7876154481261606,-1.3739553624995533,1.258724759504637,3.546331715675211e-05,0.24811410977500695,-0.5296113691896308,-0.10787650998735676,-1.8467559065196615,-0.8879155744989649,0.8575735186653372,-1.212599428910186,-0.2162744362945606,-0.4277554875436633,0.6592280838482185,-0.0562251313124381,-0.8359671312669397
C00987,-1.0697813503388027,3.293776388209237,-1.777018516577033,-1.5159300179383046,-3.113146753020112,0.40907565519154593,-2.523371552943662,-0.3585486190543529,2.4080769530366584,1.7709666423391057,1.7400228092247207,0.6827211011824312,-2.034160573036409,0.08792103215965913,0.5917093760384302,-0.1655210830004018,0.5796007786910136,1.0167926442164805,0.08679520251255135
C00988,1.8473394076692276,3.9748838976328,-2.054637080593009,1.6763054882088746,0.32814908673413756,1.1617833693071145,0.11888717418966105,1.3406198841670864,0.5982706186043688,0.2653665136732302,1.0258947423431115,-0.6151081408814885,-1.8788110695561886,-0.10891166772934728,-0.9388195798359165,-0.40476623448880145,-1.6202267374105777,0.19393334513602928,0.06721480816000934
C00989,-0.09466528812590899,-2.5948231834560844,-0.8423244909611408,-1.2752596840140362,-0.19787522839479538,-2.0302255831455573,-0.7493650337964598,-0.3038479580692019,1.5914802219721458,1.1018375583076385,-0.2334035610800691,1.5508576655931727,-0.11856724420467331,-0.6508302586954356,-1.1464701741130623,-0.4817891666949199,0.05527989331630672,0.14026708503071117,0.8610647003218358
C00990,1.0891856993957518,0.9684368293511465,0.520298177140504,-0.36303306870311713,0.03019675380709144,1.3529778451967123,-0.18674940673651735,-0.28021542989556747,-0.6406231813207865,0.4999776153059543,2.0458966985777014,0.8522991052016242,1.3461378766053291,-0.5946231361833345,-1.3016010656046524,-1.0332093377047427,-0.9602053665304374,-1.3971737195425922,-0.12640200347523942
C00991,1.4084049829054703,-1.2765714154965189,-1.705408896367019,2.054717437524186,-2.007139426326556,-0.7838183262686317,0.628443617707798,-0.3841709686323176,-0.8350128163520553,-2.106040439980042,-0.7838359690004971,0.2133676275148843,0.14350255248295077,0.4608752031879391,-0.13897455438779185,-0.5309532458386302,-0.8434669760685074,0.2907937159809622,0.507017602574157
C00992,1.8047452560721373,-0.23876177063767817,0.8287536098799899,-1.386920402735751,0.8191690298880479,1.0947379262137993,-1.898256857120238,0.1655978280314983,-0.32674214346459135,-1.065831453193107,1.094616217888206,-0.17657218749849604,-0.32069703726076926,-0.7273619068463109,1.2301860924039034,-0.24443031232674367,0.5719609995320073,1.676137630062738,0.5762221228060408
C00993,-2.449001830028626,-2.527099192661214,0.9231298895207558,-0.08868533556049345,0.583766484276027,-1.6164361821624278,0.9316647336572205,0.037909890491044596,0.05612115425206569,1.069713299634485,-0.31091251756224225,-1.6888325922982828,-0.6287746022777165,0.2175892031242828,0.7683215466949748,-0.8515418370375629,-0.17212566072187244,0.8532846750617319,-0.39408429361977276
C00994,2.0956982002052436,0.9652261693763852,-2.1076770473575834,1.9657165348875258,-1.898494950421015,-1.3866717215558235,0.5189542794473987,-0.89080207327297,-0.46071963738531124,-0.3262890557292141,-1.8569398854746442,-0.8893281540669047,-1.5074035832329453,-1.0153012327367272,0.6459257740212746,0.023416203804521415,0.9398771443294557,-0.3210668243568128,0.0060185649599697275
C00995,-0.32116791699193936,-2.1070984975753504,-1.3678076204184706,-0.2868189812659847,-1.3894996026454338,-0.8418304895622984,2.0967946598245604,-0.006888431435407234,0.9568405589102822,-0.7087665936064133,0.6859920241920368,0.8166740118901117,-0.2871997760562058,-1.3097145896306466,0.45677159696290626,0.03389992041464987,-0.29115724463054404,0.39558512691982173,-0.9177612852583928
C00996,1.674794804107163,0.7379911588949872,-1.4178754945757506,-2.1945265318544154,0.320372104878121,-1.1379066979259755,1.0390909296910151,1.3507994609640332,-1.0086954226067897,-1.1938516497353382,-0.008283310190085474,0.8936609681936052,0.17055434658417667,1.2198941919881952,0.34874467501560447,0.6302639251584892,0.26015500422456933,-0.2558802976309752,0.6932536636876108
C00997,1.7155091461084682,-0.9281871677617252,1.4915276004537321,2.381466855348533,-0.7085738636713573,0.7343360920474324,-1.448827905110234,1.0785499998528305,-1.121281857947702,1.6880726938466801,-0.7105750911903127,0.3295490014053772,0.6373772860550903,-0.21199323485203134,-1.0659848448614588,-1.4127785486042905,-0.879670664674535,0.6034823851436315,0.1721777481768808
C00998,-0.6290343513943774,-1.5208400112175284,-1.7013709955093572,-1.8325146407910033,-0.12903189401015885,0.5305970612564687,-1.474985217599104,0.721645174821688,1.785660385217938,0.6043989052812794,-0.16208300342624143,-1.1168083219689227,0.18820604164859484,-0.6816972811371446,1.117696554959327,0.5973547827034457,-1.2461055877194478,0.9701778175428865,-0.047943401015253295
C00999,0.9487284395217692,1.4705035518413019,-2.237017025851053,1.4358617427619096,1.1145532086947556,1.2023378309075463,-1.344680676638303,1.093325709978764,1.1955670239469895,-0.809651624004322,-0.08219195256831635,0.9291744839993915,-0.3964306252290531,0.5452872086110763,1.460985334663831,0.5224524505312104,0.6667715649502856,0.7299240601010385,0.37421283127768634
C01000,1.5460435928355174,3.7177259821538367,-0.8442158491612114,-0.9858482482495573,-0.9962713544467946,0.877317278251118,-0.7026358692992701,-2.191238116277649,0.4039600333389623,1.7449208465976735,-1.5142931266944153,0.6981292733283346,-0.6673231464648663,1.391490771983459,-0.17576778905765414,0.3785926995036424,-0.24130988239749582,-0.5408459192662581,-1.4194198553317015
C01001,1.5876101923896029,2.0139198678915515,3.277996159711578,2.5463907931793424,1.340248612556023,-1.042706361338726,1.7906348535719232,0.7161434174032518,-0.3986427342543488,-1.5329021035601125,-1.090600925754203,0.5037755602704451,0.36174790422783404,0.9657427280219724,0.35101641724566324,0.8628918210222343,-0.8343637652792395,-0.9219599697837015,0.19296506245140532
C01002,-0.4415583930246625,-0.38947860482986096,-0.4005236973884073,-1.7476730374175011,1.6843071027359255,1.4670587317312707,0.011242054994704652,0.14758692387235073,0.5576014215231879,-1.415262106654656,0.6813004775839254,-1.4238716434067427,0.8270689065837175,0.48409139565546017,0.961620460566923,-0.8591602876660612,0.46889900198549894,-1.7793463854729727,-0.23479475623663398
C01003,-0.06432183451576648,-1.9926368776975323,-0.9710819345621664,-1.3733296873032608,0.0043818176721036484,-1.9238128943211852,0.7725410550348243,-0.9519745380122137,-0.007865768665461447,1.9036849885518787,-0.08779453908783007,-2.494082680698882,-1.432338568051315,-0.9610041834396783,1.5905660476939545,-0.293343067292457,0.13388342896821345,0.11550434264421547,1.388332170952782
C01004,3.114762503119432,2.768171894236136,1.945646825816814,-0.9540628334637139,-2.326134008492883,0.7315413640281742,-0.798619961225752,-0.310236716635706,0.6384458839507102,1.4989765191152804,0.6626262181661161,-0.4808131937834086,-0.15509363035900303,-1.3957453506240063,-1.5647263772402944,1.0064144482530974,0.04043111926562742,0.49451307461660104,-0.061985824880700695
C01005,1.6224672919731251,-1.5270602739859025,0.15967564983416177,-1.625614307682052,-0.46936030547555746,0.6736271815042836,-1.5653169576963026,1.279385463246553,0.7925644419435515,0.6509905270777185,-0.6814385089904563,-0.7361319528216949,0.7024808167502588,1.0657529660352354,-0.5259013455004382,-0.030190481773990217,-0.915300918710292,-0.10609552530849242,0.8539839343307544
C01006,2.2571184214123794,0.837015101758554,-1.2282940954521642,-0.49679593903287916,-3.0785445356180805,-1.4089547128784363,-0.10036419314340457,-0.8135994542109101,0.05049228316349388,-0.24954255321895258,-0.5672467375689854,-0.3472723362090749,-0.9363969463027982,0.39726719627448154,1.3661503065495528,0.09593030897232933,0.6206224567398679,-0.36918980291315406,-0.3831316143355676
C01007,1.559288312128563,-1.2162170428331303,4.611472313505866,0.7103893561579898,-0.035380285786367933,-2.1085869124318948,0.9260711454576618,-0.08916291586522385,0.14262191127364765,1.4847093958458288,-1.1392665308973875,-1.3054826385450577,-1.4020058925440337,-1.249540005017355,0.1976181349731787,-0.5969872506442736,-0.9876699482665331,0.20681140162772643,-1.2038606333996775
C01008,1.3910861976375861,0.3290754675559179,0.20216249889366658,-1.469675428705725,2.000136290089909,1.4093323439742975,0.6821410033978572,-0.8866933977941178,0.77614950521401,-0.48432876693415716,0.4731207624140105,-0.05337050015237967,0.8806702648165909,-1.2345316465928784,-0.16813720071548238,-0.9380650146974219,0.47913085790946164,-0.8276194422570724,0.5543336768486861
C01009,0.7503762674050657,-2.1718513005623388,0.6404988099237843,2.5905655532439638,-0.8485569777071307,-0.9161161192554036,1.9287533283387852,0.2761088573311238,-1.0286962010837948,0.24205903095445375,0.49260900771656035,-1.2177316204906632,-0.9110367510383368,0.07195469773825716,-0.24298172462185186,0.7290265371712608,0.6185295459074817,0.7861921421255379,0.1901234289773662
C01010,1.8373332162360585,1.3216789949962424,4.218076584742189,2.9234339788819423,1.148598407402138,-1.319608229177594,0.8206418283081626,0.7283357914051004,-0.5376276027946065,-0.5380410027283246,0.49237770476940806,0.37934631715218964,-0.1407937754567906,0.8536179598536495,1.0536899753704907,0.1018330427227917,0.39539547671565567,0.4858665894353182,-0.30710959800237864
C01011,0.746086926634386,-0.2726114470213308,-1.5074704057582093,-0.9750112912559769,-1.5325013552485938,-0.6837351334497016,2.5166877810586312,1.1205130593824861,-0.7707313113265029,-0.8502083283736059,-0.6215173563494425,1.4247047290171166,0.01679993753567491,0.31545320171100955,0.08667351935027469,1.3446514574024502,-1.4136577065420688,0.49419310673359795,-0.4879848983277493
C01012,1.1492492212234233,3.658684433035037,1.8808280040543195,2.7957274825051837,-0.34292876790839877,1.105983400895181,-0.09881303875036732,-0.9973719639408067,-0.07083451697064878,1.4281433202166751,2.968288771434736,-0.6650605633878338,0.04988485869755627,-1.1336176390331907,1.8410198136034994,-0.08086055426967051,-1.489746474365624,-0.675775426820239,0.02347572224633621
C01013,1.2890684942827912,-1.06805185601826,1.564454443181824,2.4380158004044463,1.7350370719250259,1.4081544569533508,-0.29083319551889253,0.46203478632620026,-0.4701781795251019,-0.9161668765120602,-0.238178512173609,-0.603001373737621,0.4933915282315763,-0.5099132625929459,-1.8858174405347,-0.4993000251465729,0.9755547064320527,-0.441463490271305,0.4273730927938707
C01014,-2.8987295293018644,-1.0836119004394105,2.226548591078599,2.077674268609547,4.379216990201663,0.6001075127382365,0.22874864870782327,-0.09220862568578887,1.678216184274028,3.115695376678276,-1.242373485238418,-1.8118984412955326,3.218324866303406,1.1168815419371794,1.1314760020671086,0.5502736941693773,1.76331996960888,0.9764567125590253,-0.8453932605560499
C01015,-0.47163505044269666,0.8640540945872349,-0.8352964635071879,-0.7361492256064561,2.2893951011459093,1.0974735680301224,-0.6611412170487877,-1.4588838073000012,1.470516113488037,0.14547732844208133,0.2952326399304128,-0.6980268055348249,-1.1900470063609307,0.5080612938595255,0.1302067148799057,0.6837011368285855,0.4879852419941202,0.035317843290088864,0.047004081677244354
C01016,1.0153775146960502,0.5684379554460411,-1.5426060535425625,2.016491761913096,-1.118425927097161,1.877286895193265,1.537388460879958,-0.03762025506132959,0.7894487386417056,-0.691929328660301,-1.1686459606882191,-0.05484380223856483,-1.2213272400865351,-0.5002423864663362,-0.7147834282818931,-0.01059724397279897,-1.633193879188998,-0.3761187185540505,1.0885344757380266
C01017,0.1286325902058373,-1.9003243779709484,-0.3646158520178412,2.525262479547288,-1.4037604756456168,-0.7516868386901601,1.464054542753731,-0.22230715020203354,0.5034281815392252,-1.7081835766582625,-0.7342168392491313,-0.09515634973831874,-0.6950953881853473,1.2241332035677572,-0.7162592302654447,-1.3124178630253376,-0.1737703960470432,-0.20375527177520733,0.18866492202279436
C01018,-0.14068239883948985,1.196008226384786,-0.38601143350429584,-1.8647010721807555,-0.535550888726693,-1.9541538251625852,-1.0852682712901904,-1.1633713247669433,-1.0100444419662427,0.5286921706750082,-1.9432556039018885,1.0814049424842218,0.3513178721101118,-0.7352229491316921,0.8852833753243297,-0.7020499426645761,1.5765500585340477,-2.1105271114952204,0.22583614930479315
C01019,1.4250150619886934,-1.4536934064388258,1.6783760472509592,-1.3572147776616876,-1.1642875328532218,1.8749061766920176,0.938250197963774,0.1220091627020677,-1.1544867658919649,-0.6937148604963811,-1.0760900026932285,1.7378830027418666,0.06137515450115261,-0.4324739432077713,2.0141074478851353,-0.182396605747365,0.5245643611516012,0.6516048328592063,0.6768766036337015
C01020,-1.7542812079295695,1.3728928862520244,-1.8273551551001257,1.9249649295097284,-1.3650321208447218,2.261785291759565,2.8171676204177745,-0.8333663443660969,-0.14052568696918558,2.0085047130062366,1.610983075944969,1.9555341942117177,-0.03138414518688124,0.9040169510063838,2.0824201827442423,-0.7448281493066881,-0.20067437243722996,0.9148233948554558,0.4850547636347843
C01021,-1.1605795864058714,0.8679785566372367,-1.092975476361859,-0.9524963150195107,1.2958048528805597,1.2608983997058059,-2.0076767004978087,-2.133254671610964,0.2661004214659579,-1.0383042805945222,-0.18594749884228562,1.5657844831210723,-0.35595592811509985,1.3210091160228752,1.0735636236347392,0.16289477811766345,0.33252093369092967,0.8869576516784198,0.2763135981869166
C01022,-2.3785149678786364,-1.214304457176651,1.4996456974471895,-1.2652349784371706,-0.6189561037386262,2.1397942321882857,2.715960881258406,-1.053660489061096,-1.3200151715125756,0.017352817055444766,-0.1980969018167144,-0.4051574299620239,1.519615198456802,-0.17651730222033526,-0.10350774310817441,0.17422202561348465,0.3231441705572384,-0.7658393010657543,1.0823412579473293
C01023,0.4214006765212397,-0.9283502327673478,-1.5230614127734898,1.6373288912911337,1.1081592060085288,-1.8902719854606156,0.022731491710373575,1.1111660672597576,-0.3070110212250109,1.2840666925561453,-1.4507565798402764,-0.0890551939126972,1.2994562379204027,0.04658560744297191,-0.9982325535825736,-0.8367426340453534,-0.44578225122669285,0.2021916212933587,0.21098365716461198
C01024,3.0886070932861376,2.1869471918507295,2.4549298870542913,-0.8539010752301712,-1.8110769574795709,-1.844125953744745,0.2996637805323872,-0.4208408648452137,-0.4955384713461624,0.786900543646737,-0.24139152515290824,-1.4909664910494997,-1.0866173861356234,-1.0528163467196723,-0.5395577000927333,0.48684414144286303,0.746101767054737,1.3260267627625977,0.1688813726353615
C01025,1.2337429840454317,0.24863867139250984,1.1142765738265243,-0.28755438054412413,0.917876376038543,-1.4711580675557516,0.035574968114832586,1.2457847067368617,1.1437013301500194,-0.8441498659422865,1.2125662299123996,0.9914301396222203,0.5467939579437896,0.1958045825726937,0.19161277870578342,1.177039308382015,0.5598956652908923,0.4158907322014039,-0.7656768973550454
C01026,1.9335638890491444,0.4749944723148662,-1.0030168501752672,1.740926501966775,-0.222082334093994,-0.6075240261634682,2.7158606458403063,1.2472584754364584,-0.48544393055755825,-1.446360924140145,-1.1475987005175878,-0.6102709896580736,1.7334740903553032,0.09837722703414845,0.4309085495138029,0.08683017052396068,-0.6622078123390233,-0.30886478611451534,0.2651307275300407
C01027,0.0637977454994571,-2.5812054241854914,-1.2017760034609066,-0.8694680105814145,-0.17027779732980552,-1.95725500470681,-1.035840175829832,0.5798937693128416,-1.3419481904986428,1.1191012484573173,-0.23497147538289664,-0.0702148099483776,0.7918542532540732,-0.047393759120021785,0.7330817205551615,0.003803851094717297,-0.13265223354423986,1.2679741671035785,-1.18899772060976
C01028,-0.41640025849559953,-2.90183173623706,-0.37721292937287454,-1.1776313829763827,-2.1396655126367565,-0.8769043372160652,1.1334026396861967,-0.1693552692654461,-0.15460710473411512,-0.7259809276266033,1.228107365679209,0.38007869676319245,-0.6799071228023522,1.8936092188127007,0.416181220569156,-1.0092786907198588,-0.1667293320321865,-0.9654100682143456,-0.49914627508160336
C01029,2.401437865836164,1.777311623085534,0.8478461833013664,2.7362864612406543,-2.099865034837132,-1.7365425709514173,-0.32020549443386964,-1.098787069610824,1.5076040968869204,1.1329530293287953,0.39300058192344667,0.6296265645592087,0.9467506371073983,-0.5784900919379359,1.1956408471130635,0.9453768664348473,1.4754959900017757,-0.08386187485176903,0.254237945445437
C01030,1.1601195248057596,-2.0638652006906035,1.22585312156587,-0.9130462436020017,-1.6143613096272313,1.476781363321357,-0.29447514284992055,-0.059195351379400934,0.512200360838278,-0.6795955814900559,0.8210338389091347,0.17490707573137684,-0.1151478322692513,-1.0178886622126815,-0.36772699075540793,-0.0009668570756654258,-0.0577043367852068,0.6654083796877762,0.33090205131913925
C01031,0.12788109786983856,-1.0634917222473206,0.13856533480541877,-1.3256099736842728,-0.9037993430062139,-0.7889009411586181,2.6506503024971013,0.5202205126442723,1.3310375687085656,-1.019911589162284,-0.46484369064678865,1.767494428744282,1.296476256444163,-0.23548596963909796,0.2161723733633679,-0.3060282198746561,-0.6701666854503088,-0.5193948554104645,0.936160005042374
C01032,1.7855068218013803,3.0865283200265043,2.5385698882785013,-0.2623403947999927,1.9060699944421147,-1.6479396740072967,0.2929747170719468,-2.974089180380333,-1.6487724597915603,0.5431566145867065,0.2498742505783529,1.3156949262529916,0.8560553827545964,-0.0033449477678216422,-1.3730266015224917,0.8312735612375847,-1.1726106120567095,-0.2056635116791003,-0.6622501389345764
C01033,-3.3973704664890247,-3.343654303367086,-1.2578388025947813,-0.7462024953909733,0.030841917964661365,-1.676540206045607,0.20210391117690849,0.9715804041895091,-1.010077271892396,1.2488006887917125,0.011502219223002885,-0.8201237396796284,-0.4514990882034726,0.35767671109341,-0.6320208381590998,1.0595007063259914,0.5986723553558055,0.9488247993860817,-0.41964618102447376
C01034,1.5054259644745565,-2.315173903728033,1.9399926963720902,0.14770702060607266,-0.5672691172908686,-2.0226189563873276,-0.9566258155644617,0.9435448904370909,0.37408381458440204,0.8182368743036096,-0.1380783745470542,0.788377499234986,-0.4539997225900792,-0.4477434181450847,-1.2314742964582452,0.23333185153708355,-0.4359104066778533,1.20378922050597,-0.4391573165348143
C01035,0.7963843331620502,0.18045095206204037,-1.6873210377670318,1.7609939325414519,1.164033050164897,1.4602683608418938,0.6246269228553789,0.16369376032070307,-0.4123871337747416,1.0464766274845636,0.9479786694151997,-0.18579115303634036,-1.1610686425060737,0.5243377570589342,-0.32444151958710543,0.5032968668927024,0.6327325215201091,-0.4686833920115386,-0.10956828494071193
C01036,-0.9007878464810611,-2.3881994408124037,-0.7549065130509436,-0.4247345029809615,-1.2681025224279279,1.8958212775972547,2.0630193724066856,-1.0939804696661504,-1.2051053973826462,1.1237079425878738,0.05554440090347867,0.3300567653124898,-1.513537329665616,-0.9621033448393198,-0.37311845604595256,0.3441325004547052,-0.18612843897830877,-0.4035721331880095,-0.7273804110806433
C01037,2.416995566495486,0.3375641811238117,1.300851142494132,0.07761576291483026,-2.5210635187462693,1.1889960541470082,-0.6278949479146652,0.09344793173142966,1.328164843795043,0.18111606253058724,-0.0640719169614236,-0.6401185532438611,-0.33415446459844506,-0.7305583337274772,0.014558695750732417,0.17883260304713852,1.2862305166523946,0.6661457754579425,-0.41162848184484957
C01038,-1.1264621560894386,4.333197876500236,-2.150092513254938,1.617869373094229,1.665437802701736,1.0873028426698221,-1.6018555804014563,-4.3978750919559495,-0.051287166277263846,0.3187273771967238,1.7306795726369704,-0.35427327423301963,4.830710227869446,-1.2745226074052494,-0.16651230552958524,-0.06678024729841417,-0.831109207199878,0.529274838593234,1.9761651026857736
C01039,1.143798105268923,-1.523633962697515,-0.973479811559652,1.9960406200054241,-0.2660485243504261,-0.5457001154175388,2.1119690659025694,0.06667530490307423,-0.9136916470444082,-1.9002610680102061,-1.9113129301388194,0.3449755613727146,-0.3956908724612138,-0.7269986919377426,1.5344675401669887,0.006330212533509504,-0.01920717959729046,-0.0955137289471147,0.6684721398952913
C01040,0.9592155836426448,-1.3276421712476658,-1.5920744401869757,1.7451371249065348,-0.48051167731146044,-1.833890060639963,-1.2028721155767872,1.4464333167628847,-0.7255092966261971,0.3101460227458215,-1.0062526411234798,0.0327941397113237,0.4276629264160235,0.4960827620053526,0.7825036554668491,-0.8420306349751824,-0.7829585676729397,0.3178583424757755,0.5364684951065145
C01041,-1.0213563455930406,-2.841668897214477,0.2553488634579362,-0.6845163626607161,1.306076454356495,0.6775435657550307,-2.128749019091171,0.770569853031147,-0.005389701793322548,1.511674599197895,-0.6455754995888577,1.3845645427941098,0.087715021082051,0.11285327284049922,0.4858006358089154,-0.12480640659856693,-0.09219098774208968,0.6615400080145909,-1.2883778861025468
C01042,-6.417326470040736,4.153847405794955,7.431117538443136,-0.07615035012941238,-6.170890476987937,-1.7748245821234507,-1.7024874897810056,4.662921959757125,-2.756899687440754,-0.6451402028888408,2.32146673583484,1.558090466757362,0.19230261781965804,0.2192926350811122,1.7387312172841467,-1.0716529877384666,1.5216934908876212,-1.22888984147421,0.36296429907855715
C01043,0.6423365630397619,-0.28400857666355334,-1.1136580529137368,-0.5603101744452738,0.4737514891165256,-2.3181835095111536,-0.43272351256177916,-0.9701094749703045,0.12004564878237312,2.7464051010965127,-0.1562339832942495,0.0540657233557707,-2.0806952136006966,-1.1008925444692137,0.6578582539508688,-0.1281681648619673,-0.8625412893376483,0.329648815296651,-1.2290314825578261
C01044,-0.2393821194081206,1.8599877479743512,-0.7357798892691239,-0.45289416681661393,-2.23409527271517,1.2204104726724698,-0.6305123503771866,1.0890988707007614,3.5866680135588678,-0.3584836414092721,-0.8172019833841646,1.4819186807599933,-0.7544684209219293,0.3623988409757491,0.9075523406232103,-0.8805535418183005,0.6807963068583344,-1.0967260025563998,-0.6915842642111433
C01045,1.6547381909298895,1.1789732519709453,-1.3843746636053529,-0.812684887465893,-0.3786093240698194,1.1548655367732243,1.959072663034504,-0.6935951460721209,0.7444240496503066,2.670262581645889,-0.0555701556652545,-2.894695552256874,0.680897246707952,-1.1651473635197998,-0.2217936845380111,0.975670876691372,1.575873506302145,-1.3029198438257854,-1.4536631176362869
C01046,1.922768416843062,-0.8788877933010568,1.887505223306115,-0.9220554100899937,0.5547977465451387,-1.378553568584982,1.1033620729684113,0.6861548469230491,0.04354517131544712,-0.5920299107470186,1.0727059642929861,-1.1289244942724708,-1.0838687484335503,-0.4231175235227427,0.9929149636127585,0.5470319553852062,1.2074353447784598,0.5261569495401104,0.7371475405867466
C01047,0.2814061988549823,-0.4777348731053539,0.562263752610285,-1.2976262124850455,0.5812692350823353,1.233635327805374,-1.0364102408034002,0.06507770349402071,0.14146926038555394,-0.9131657989093823,1.4319144175795904,0.8024075031294106,1.677132094546179,-1.2533490826446807,-0.6270556777434335,-1.9603618417441395,0.14842319319577144,-1.027770375933071,0.28531665321128047
C01048,1.5304905729492544,-1.6173255672037157,-0.35600850867391165,-0.7464690806857112,0.2058550065441205,-1.880260909938328,-0.43075191171851057,0.48770662658496733,-1.380102455734535,0.4086235728718663,-1.4747507556276978,-1.3924920946982913,-0.01679772815844811,0.2543685610892338,0.2385317495808437,-1.1988175896209388,-0.6024370145367741,0.9738877508385132,-0.6867085277025908
C01049,2.510417866454115,2.4173158831474097,-0.9070762893854604,-1.8606526685771205,-1.5286874096724397,0.780357940717597,-1.2790170514442245,0.5313325923477691,1.816510741593783,0.13579384718866283,-0.7281169180018333,0.3804972304016995,1.6444686256955852,-1.4244960412845133,-0.5521299364498888,1.8563900547027241,-0.027741513637093856,-1.822412172301577,0.04551124679895457
C01050,0.1807404829219607,0.15385911217203263,-0.6641040309028389,-1.676482925749083,2.0525857373129073,-1.5889620380962295,0.10879470001938808,0.3637802083052332,-0.23426299063705355,-0.4721776685485991,2.0344838311891142,-0.5063594344858396,1.6411730732700895,-0.8680154458843692,-1.4444667267042997,-0.46301674640816576,0.050785618826092865,-0.867118752754504,-0.07931956236971319
C01051,1.790295978255331,3.5432391599435475,0.9680075014088712,2.225761102296156,-1.582685979729034,-1.6101375978156296,-0.3274369210950666,0.1478624516786988,0.44653014405520297,-0.5838517757343668,-1.2649385847624015,-0.7266438323138342,1.246968988778237,0.8650270156524269,-0.6326825539812346,0.7391580565071844,0.5865773306914644,-0.7183593554606872,-0.03864558564790916
C01052,1.4118026788628522,3.264601601384923,-0.9506161981967716,-2.269266581105685,2.395765524603163,1.000281767355324,-0.4974308992343937,-0.9918364058630464,-0.08847590841364932,-0.20084233541673768,-0.15981335336646327,-0.7830629607847936,0.38926093514923615,-0.49472934119980994,1.5356184066577105,1.3227734967919538,-0.6440583421455631,-0.4640852467204869,0.22866838679656007
C01053,0.5427616095066421,-1.4850252952371543,3.7979485347110304,0.4810434053021663,-0.10645409804759073,1.7483145348075102,2.4268449935675163,1.4827084315331134,2.6314697638810878,-0.5507621656718753,-0.3755112228580418,-0.6314266103429723,-0.44528782226066965,-0.2558782575405591,-1.1193078884220724,1.6767096295928792,0.04983419200292738,0.88278821709896,-0.5098197598710503
C01054,-7.024872535377597,9.656983489015792,-0.7088719262309692,1.2007686197661818,0.1713500716696193,0.46293036976184043,-2.8088848918406213,2.105410967156912,0.9313542925144676,-1.3934069521154384,-2.3898109349700505,0.48953050320519675,-1.1445346339034401,-2.042077290982758,0.9253400142287384,0.41571381098191434,-0.4141753403640328,-0.09983466949443566,-0.6947063045525518
C01055,1.7739747161531902,-0.13201545916564067,0.20185739395517305,-1.7408913371487862,0.03177785848872052,-1.0933725920448951,1.0763660915829802,1.591868589277057,-2.595550864708622,0.0028322110795964495,1.0786320351472496,1.3131224903104806,-0.3381589985802741,0.9938656447803704,-0.007000907544894576,-0.3955301102886846,0.3607563826146174,-0.27301837243582333,0.8580956142405309
C01056,1.5144917447284938,-2.10828328035041,2.419776358489354,-0.8064977201955238,-1.6621620278924873,1.8701358322187092,1.2782296494247833,-2.281748150197926,-1.664683190378403,-0.3933489828782295,-0.44028043972663455,-0.26623449879616745,0.31824516402820396,-0.2660664921639197,-0.4528492212656289,-1.360913456512329,0.18483289037360087,0.5662537749488875,0.6207699248414924
C01057,3.191113899849724,1.7165418560495493,4.938812576229794,3.0923347192214803,-1.9318256610427544,1.2286023455941824,-0.6377124139038283,-1.4674885471356258,-1.0095948150429614,0.013466183419543849,-2.041604121369142,-0.8913179354866345,-0.025445418458287027,0.006151288203950889,1.7010562134787952,0.27060165806735303,1.1468048353661633,1.76178781321078,0.13713690273266724
C01058,-2.88570590328326,-0.8773799435130494,-1.129486355080659,-0.9862656836929629,0.3468280545762909,2.057958494654977,2.694870850497884,0.4394504811231229,0.24183811149693504,-0.512235881577694,-1.7146581636793115,-0.15913155950248262,0.01909914274274409,-1.0721270309379538,0.8262692231006291,0.8454173929903831,0.32477097109233005,0.15361513855513637,0.0018255514950836107
C01059,0.2981709980620469,-0.9760920990851762,-1.514114542162895,-0.9451708779252985,-1.0577665249823727,1.685160085260793,1.2826572968683767,0.533628801657554,-0.719135662694208,0.8960023852403072,-0.4648455712045105,2.5948266737269154,-1.1297321308750958,-0.732508908343901,-1.491074793531478,1.1107517139800471,-0.3534322211961859,0.49430900453807497,-1.036935388683991
C01060,2.729197746848843,3.251043037522519,3.806672432340681,0.17642264750377032,1.1931479079464373,-1.5553901412359619,1.5747021237787977,-1.5893178072523484,-1.1289964177364094,0.5220273623992144,0.09410325260249866,-0.6655172953917652,-1.1403898916242166,0.011038069766634382,-1.242513921814185,0.12443103716944075,-0.6822140014362905,1.5096240429242112,0.025762633771850656
C01061,1.2409727656170948,0.9926462747733271,-1.5460470672043216,1.5768687611525471,2.5332101997520136,1.4050581656692258,-0.6695803573747677,0.7298893106911986,0.43586404193044476,-0.5927058390101616,-0.1836467214434433,1.7689463794627467,-1.226763301350391,0.33230661201383976,-0.5911544421491933,0.05480431075463539,0.1829151413411319,0.517756547072033,-0.2785126020248017
C01062,0.4345382654049243,-2.7496443772286563,1.9021928157397339,0.004771616700113974,-0.20041526271622606,-1.7860205560047575,-0.2319309137604091,1.5582671468565434,0.2545985738584804,-0.32697252223079026,-0.6275984768417336,-1.286136931460635,1.9004990230844374,-0.5633708881756819,0.19770404658059032,-1.8361562682188117,-0.45521795509543755,0.8503945590406057,-1.0353527045580213
C01063,0.9343510187132092,2.202652198060034,-1.1645524312854831,-0.6976867964859914,-0.4837360216087254,1.3683198519109026,-0.06372684384098631,-1.1208663783139545,-0.6564260827285818,0.3495275078694506,1.2046308581060132,0.04246535315110433,-1.5189709417520527,0.7969480792962061,-0.9536149384734522,-1.0374052899123054,-0.8746679358114446,0.4589265274544965,0.0614924572688118
C01064,-1.5555306018126642,-2.4296811634920417,-0.3020571713319042,-1.5952423979752102,-0.7810558522012552,-1.1139495371051187,0.9798833238980195,-0.6488102904316456,-0.7989688623273439,0.24676555536174294,0.7309844141190645,0.8339822136219958,1.9549190517656572,1.5812873609432,-1.1065924953896833,0.6662950698940415,0.022870501231171837,-1.540501084777473,-0.03434206860840125
C01065,0.25244316333047,0.7295446035742451,-1.7803405426492294,1.7940193187641902,2.062673611766811,-1.4321056729170631,0.28956370579566254,-0.9059735714480884,-0.6738260956233663,-0.5021983575519621,-0.6951232421067144,0.6250049535525676,-0.8133221161234822,-1.4678845586507558,0.057599801858978804,-0.7754212668421716,0.5248913978534886,0.33018139894443443,0.8206665069062984
C01066,1.0068185891724197,-1.528276512141361,-0.5915897677025129,2.105994693404549,0.584212084878139,-1.7945979184818102,-0.9657346399212632,0.09028517354218664,1.111115674727878,-1.0073669422161895,-2.585022516746926,-0.14657442250707076,0.584113271993956,-0.44406487365237723,0.9825672277464133,-0.5958979013977368,-0.2918698675050799,0.16136149595228758,1.1747605455583605
C01067,1.6953690994598605,-0.4998328310297022,2.0782751534103014,-0.035281087199834756,0.7180541980429275,1.3285019400547566,-0.8044965764088732,0.39303469955572967,0.09052515543773228,-1.2623872326045653,-0.05005799617588101,0.5224908476972401,-1.411053592051743,-0.4647935093541137,0.21028543647034484,-1.0800793391280463,0.1638054083419111,0.7769965306697814,-0.5927474057353616
C01068,1.1143652109207234,-1.052247078148077,-1.1892247710949877,-0.5531356283669203,-1.0140831273158297,-2.01205834213311,-0.10598125563196624,0.8860567223199021,-0.7568689846414034,2.0741127683212035,1.210578882352206,-1.7178681045158022,-0.6695045403540099,-0.4765794764860747,-0.48252479907582685,0.42943046129297985,-1.3459904038149777,0.05762589859703391,-0.35650594930170365
C01069,3.0764747222372284,-0.377017791283309,2.0986793913387416,-0.21768414166545758,-1.1654830356894155,1.040991155641615,-1.7250795733593645,-0.4496990548770411,-0.5978572985318326,-1.3097293902404303,-2.7056635507268907,-0.9148524917718833,0.9638545475895592,-0.9478246043879577,-1.8578679669834939,-0.7746527504251717,1.2381813263162902,1.2979417561583588,-0.6382116780768236
C01070,0.8331520534503691,-2.2526992182636243,-0.2817135864274483,-0.4194548511907627,-1.5811117846331078,-1.580617022940464,0.09595655560600809,0.852164668510623,-1.1778120869676227,1.0453430977653166,0.26696553180877847,-0.7133766138844868,-0.3598818906755831,0.5978437074377458,1.3934517317735358,-0.25151923633445455,-0.5721932700432008,1.1034965548395361,0.07939134269839081
C01071,2.5223307111207736,2.8841459908513642,2.8478177510110387,0.03364798796882489,-0.6503112648295687,-1.9000105607109166,-1.116266008885787,-1.700144776697692,1.7756484496171447,-0.6158375882792068,-1.4198236254211931,0.9376854671638842,1.3509318183434318,-0.8822287052838261,1.2118633138622001,2.186237938783569,0.3650707687019565,-0.5288360942657444,-0.5481168556383845
C01072,1.7559302384457376,2.4859171917422014,-1.2600945792430331,-1.8810468949579662,-1.1223929609531864,-2.0193589610106226,-0.12573529607134473,-1.3694151799990661,-0.8048417317455016,0.8084691643475862,-1.393095274766094,-0.44139295845718085,-0.03875936546511014,-1.0808738355662788,-1.8953132779598227,0.08743431671414394,0.2995354508830479,-0.48768739054900073,0.16237362591101454
C01073,-10.04490477101003,3.1811224462817687,-0.7162133464371843,-2.095906692499923,2.342490307090576,-0.9564096581303698,4.1672025989774895,4.309680354313392,1.9472624185846001,-2.5794670302065756,-1.5340245157482835,-4.059851652994749,-0.1412879932562982,-1.4667078802812044,-2.537599709765253,-0.8729265637981795,2.440999899479657,0.7681898761597341,0.24848022636208647
C01074,2.5138032101952614,0.002819815387941727,1.0095927554012138,-1.302176365602859,0.38609117664775133,1.1104235939177327,-1.0590838958699034,0.5763907285570257,-0.910801650394838,-0.30166856797738956,1.095819384474547,-1.0002129521806449,-1.8494170575220223,0.09140914543210509,-1.5277418095065365,-0.27880383814506177,0.26242031286597656,0.8524987669310956,0.9869630485393586
C01075,0.8574172253548143,0.9071617662222028,-2.3028007465922498,1.9235904801986865,-1.6049929755685601,-1.508855623416523,-0.9300413910913974,-1.0937671230410833,1.1295164899102035,-1.2256604112854441,-1.5426199358378998,0.0716511816960585,1.0936222890882747,-0.39758707858154974,-0.032140837040519156,-0.6246070803714296,1.9560619283493328,0.5520083256446211,0.3775728274263327
C01076,0.4462874917854308,-0.5149805993229551,3.1437375329855626,0.27013960049081626,0.24732443554754957,0.6530846506677517,-0.02294622531762747,-0.2543547753852076,2.5049434859032313,1.5529973212594606,-0.9686945809078584,-0.9492584422952489,-0.45733146211716225,0.20463478710915362,1.9880742093214097,-0.5919495989485714,-0.9979859769835003,0.15320958448576036,-1.3649901772777935
C01077,2.533279312543517,0.5207219724215202,-1.1035758689547934,-1.9243587307295744,-0.3221060550669355,-1.360351328037296,-0.39106532755931606,0.027512584580686616,-1.7975522212338417,-1.0571472484162496,0.7319185879540607,1.2447249173877521,1.028346040413981,1.0197625436925026,-1.0779199147042327,-1.0141084779307137,-0.15936152448803967,0.21100656236435425,0.767421141641491
C01078,-2.3526347235528697,-0.949433584139187,1.5156864173714475,-0.020831054031534645,0.8409533628923809,-1.7098376020294392,1.9658736062755853,1.1382961381128973,1.678721547706788,1.7461528421652026,0.12728949648889995,-1.5591760597939284,1.4581957895765256,-0.7311010608733023,-0.3562159882498792,0.19446023228859324,-1.0782660220126539,-0.9674536842337953,0.19087457380217662
C01079,1.0943597118392454,-2.6034807244556624,0.04176009135417307,-0.3234250722783598,-1.861216738790331,1.9431046551322284,1.0980221946542088,0.08691340536222057,-0.6296867844278017,-0.4016352845383535,0.39621115767248505,-0.08126884767782344,0.2112056434446803,-0.28960380331988594,0.7602606666350591,0.18570150817157352,-0.7690696366858287,-0.03512856045439086,-0.6820956277152777
C01080,0.5010796306750438,-2.4453628828737433,0.035623431535004496,-0.6506891501631891,-0.2643575561505763,-1.7404327646269857,-1.3452778891902522,0.07460406037042427,-0.8057285443687935,0.12294877013226839,-1.157030089821869,1.0714696437204752,0.23749963460246742,2.024256618519996,0.5667868480677306,-0.47095397451415094,-0.4145381429929745,0.24218200098728768,-0.3959587796660975
C01081,1.5401717091224634,-1.3198559719854106,-0.9865597379104911,-0.666080994029041,0.3507576649407916,1.4360591028821528,-0.6983830185396345,1.069991124315864,-0.15038301330573212,-1.4488282867012066,0.4294415962811343,-0.3336244475416568,-0.9691740651588185,-0.5722228400038064,-0.6525566040749936,-0.11596508475414675,0.1431995160339643,0.15515249942362394,-0.6896807289647863
C01082,-0.3967074859803229,4.264892689177779,0.6536818583732205,2.6179237270111373,-0.5576787619155817,-1.672560412369103,-0.8442812887923344,-4.4023136173627355,1.9982710297654227,-0.2464290196479151,-0.6308465722986293,0.4366126006073164,2.19400892630044,1.140567378107702,1.370088711668023,-2.614669926103298,-0.12403878283767449,-0.9139308142671251,-0.5676833080290095
C01083,-0.07247691593731137,-1.8890206244209393,0.7418964383067395,-1.3040659005957667,0.7521815691701423,-2.152142903167457,-1.0436746895412428,0.970269262205624,0.6749859426726912,0.3708404919566368,-0.6901251994567973,-1.0247192809320615,-1.1166635699312977,0.27249201087381786,0.20386745457438088,0.05016101430759387,-1.3113509796820189,-1.165461989210143,0.6050857006861926
C01084,1.0729349624819984,0.22503753682078456,-1.1530675400293071,-0.9513436926511274,1.9625012417206558,1.1528567655466306,-0.9054602477311552,0.18878709198843183,0.4627838682768065,-0.3137448309671268,1.034518636978195,-0.7152886303568922,0.551245105032841,-0.25649101457888573,0.46245700743112816,0.25470546250028414,0.6381926326983891,0.6103388683813182,-1.1928201016673827
C01085,0.7925622081099787,0.6595811781980003,-0.8262755041487455,-1.8583062686287182,1.3336898898336578,-1.4305560941917863,0.15181686391352123,1.0403364879351378,0.01951509603263782,-1.0101273495241099,1.2175548644922018,-0.6478340576466445,-0.6640598669373298,1.118568870412868,0.6111551032836658,0.9807790786686843,-0.062477655275967575,-0.3773037922338163,0.5413773020987349
C01086,1.340827638431615,-0.7199050415579417,-1.3966253485224955,1.753262273886225,1.5600571185301024,1.4915805628967491,-0.6792388594868173,1.581767889410216,0.5356044819661107,-1.4629214812768139,-0.8511479584241702,1.450503593865413,-0.4223448600838848,-0.5103218447014519,-0.480075249153305,-1.0579007229067061,0.7365827404958674,-0.3230984973988682,0.010232146663626023
C01087,1.9717677261155264,1.579051706341054,-0.6371587600339256,1.8764374326679905,-0.22794113384853074,-1.7361564955733038,-0.589332340045317,-1.1562279810072975,0.4202531952128124,0.5159026273856278,-2.1284178512767316,1.0077811759560649,-0.40626415543194266,0.5738306028881057,2.094094512690166,0.8831142346176905,1.0338168038488418,-1.2031677010741146,-0.7389066927395085
C01088,-3.9695483940522776,-1.0562148993247842,-1.2683004709306185,2.036657051739179,-0.6636152199791758,2.0835432274972083,1.9533265355797103,2.360617029016602,1.9549008930429332,0.8129634958764601,1.5848266295803652,0.34248469664781783,0.5115832828605625,2.7898437803643046,-1.5547561014621774,-0.6013505333899266,1.0773927939779304,0.08733215599610632,0.8245597143796808
C01089,-0.2704567323947196,0.448943994059243,0.7737953153314896,2.3683945095349914,2.449297770192002,-1.2341207460371557,0.1648412458800695,0.3096375417721727,0.41093774668357497,-1.4740104372789973,0.7486506015745298,-0.027355827204069604,-1.0809324346412177,1.4521676271845743,-0.46040979940215654,-0.03831886418501554,-0.3536568561478903,-0.9059422298451555,-0.4122920927396711
C01090,1.8078431988102874,1.3237110706657933,0.5928205969434718,1.961395834469545,1.9689906706720464,1.4906470358804425,0.4147610451771536,1.16162884532271,-1.3399746532610635,0.24471333256864308,0.9104536159424979,-0.6969468623907218,-0.30678897662308663,-0.5737879430794302,1.0299880347503556,0.10073435746558247,0.2494900999469043,1.516017422128982,-0.29939216907108024
C01091,-3.04090071200062,0.8843701637851871,1.4351420417055885,-0.1574345247459995,0.03259483929259877,-0.2031298875701849,6.481592540455846,-2.10708420057072,-0.3077879282774268,1.8099974396738363,-0.42410183518286937,0.696700207198669,1.0323786849574785,1.1160810824562422,0.26973675509193895,0.15801309795171417,-0.2073123420997999,1.7835642072430287,0.477143557293321
C01092,2.049088738849084,0.035893541983511836,0.922451727555502,-0.2399104207756415,-1.276695519829372,-0.8248244746919323,2.9063355593016142,0.5319107905354697,-0.02089141278393584,-0.7919233211051613,-0.7466953330750722,-1.0265122144751522,-0.36035024685058037,0.7292941450210045,-1.7849117537033732,0.37048751926452506,-0.7817739971605183,1.2363654774024635,-0.13412143122477033
C01093,0.9522597534826313,-1.406989904105581,-0.9899632882262742,-0.7986947973248049,0.5223312872349929,1.4717526342546492,-0.8933654757931695,0.31059498895447224,-0.5746555966891336,-1.0681464655252004,0.9143744755397125,0.27469635557893024,1.5503651426014058,-0.5671421593170201,0.22762997664761317,-0.5113919005152537,0.643263218898796,-0.09593401395707318,-0.89971988642456
C01094,1.549208618578135,-0.6520730051238881,2.0488955439205423,-0.9030433958229716,0.47023877663410535,-1.3798012632778136,-0.38694179403680923,-2.0460519631372525,-0.818447398283802,-1.1471046886394525,1.2172325199126666,0.2707309428952693,0.48774082573045274,-0.19019890867892544,1.4577007769913557,0.5440989275820904,0.7382701412954821,0.19727425637251586,0.9134793074826602
C01095,0.39357018864188215,2.7603902766461523,-1.9269796344705232,1.8109621458899645,-0.5161128210399657,-1.2415167870392623,0.7030231681675554,1.148894908746596,0.18614295505870895,-0.6029840736083187,1.2133667637244845,-0.08349577662881394,-0.72327253690429,1.1486094654289671,-0.11819139242015586,0.2679757230437708,-0.895395914629425,-0.2560522775245483,0.8341637182898588
C01096,2.349755753359813,3.306051911778904,1.1267216113323009,-1.5931558227048876,1.2292719524464926,1.076508316756028,0.17102361654152573,0.2539197210972627,0.689337758747233,0.08609241738850007,0.09096161466305787,0.3585577580778441,0.00927942729141081,-0.2717951285004747,-0.7372616712036028,0.27969619969951004,-0.6601937501169756,0.42042739246040445,0.80061969458681
C01097,-0.7933965552136,-2.9593932713557285,1.9508070507737907,0.4551719474652029,-0.5791875972712394,0.5600352081708729,-1.6861188313963758,-1.4633021737564067,0.28881095014131186,2.582354985310456,2.2547853687156834,-1.6716067540384052,-0.6631263042925478,-0.6916564475915109,1.5110714615623697,0.052073402249687824,-0.8059443312719161,-0.40254613060722455,-1.7661797581538035
C01098,1.6455833097703652,-1.2913739792701195,1.5888262486698097,-1.1853490151174135,1.307735236839159,1.052367389048968,-1.8658567643413626,-1.1560510058675602,-0.9659672743604331,-1.4215021581778384,0.4779867333919144,-1.3657769961209922,0.22702786728657684,-0.9907071426158178,-0.09900830443210017,-0.00997515590767606,0.3551486689891113,-0.014949868585442075,0.4093368207068785
C01099,1.134031096764002,-1.213423307627892,-0.840870008635274,-0.4190962927802707,-1.9007876252478983,-1.205661622199561,0.5927224469063899,-0.996685356680892,-1.6033424034532533,-0.14809226590396576,0.5320932139530975,0.42429654228798236,-0.8045690299660937,0.000877204920152722,-1.1620927575215128,-0.946040743823514,-1.3616752633924079,-0.427465297498316,-1.3529372312014434
C01100,-0.8905257484558599,-2.8826350063519426,-0.3690969953531962,-1.652794590832059,0.8594543380185893,0.7563969862592586,-0.7753727779442229,0.3491412165195371,0.8876452085767498,1.347246711268155,-0.744288651643675,-0.9253741684707586,0.5949014712450554,0.21530171041419377,0.02607491059106408,-0.052048676079361575,-0.7054633110828539,-0.2145825213750172,0.4841331698302001
C01101,-2.5133309391498804,4.391909677147285,7.09745930799442,0.0629892813495537,-2.703553993610719,-1.0258308302532584,3.0854969978162576,1.3786043851476886,1.1892707123058293,-0.7184564016363671,0.570732968415943,2.6672968458889073,0.6087127472078929,0.2835230263649551,2.331317730825969,-2.430582364729103,-2.118566751283977,0.911210707533833,0.17184373922676288
C01103,1.7840175603296384,-1.2066964526796669,0.09543829580148326,-0.9246053761092486,0.6487275836269663,1.6088805184444155,0.009236628723104406,1.1867127113803493,-1.4285024719039536,-0.8531202960323903,-0.22569780562389308,-0.21956362627464063,0.1641438551625441,1.9662134005618537,-0.25261588909776533,0.132874933770942,0.27700418266360405,-0.8127190576698359,-1.0603434889459626
C01104,0.5524587652425146,-1.9677523111760336,0.655973140216765,-0.12978826688862477,-0.5712760348441845,-0.7571126749108541,3.2036888373566375,-0.043533207302222085,0.30264911070242967,-0.4805240908468759,-0.4142402382156803,-0.8333519108707577,-0.6130615946677893,0.19116243858833548,-0.449290531861263,1.0707559821199435,-0.03618091884030532,-0.5413106742419993,-0.5989933049651021
C01105,1.384189739025373,1.1917486911637118,1.7122257678908301,-0.020848506728497394,0.2932804982040189,-1.6775077315074869,-0.13697188291782877,-1.15195270042654,-0.886933700468149,0.6053666984362998,1.507440357739404,0.026344370640477496,-1.5616395804706598,0.17158719641785214,-0.3235048749807614,1.4725777787042995,-0.631168426581005,0.7075483420475742,-0.12328466046348951
C01106,0.5829388357418621,-1.5322299498627516,0.04040319373627454,-1.3280415476129892,-1.0792116751340344,1.446882600672255,0.009545168098890871,-1.2105772681721776,0.2030286887273901,-0.40320219583097594,0.8043847801835922,-0.9032631345525505,1.2222144472077803,-0.5112775393964734,0.35649629811187444,0.4634744757166905,-0.1162270030069345,-0.9673815439847254,-0.026652449537416877
C01107,-1.7027538796784434,2.3358463213301803,-1.3913177382981352,-0.34790656942118403,-3.0994758926806227,0.9949044015110496,0.09935763088109752,0.7102411973780269,2.28982997076966,1.4425714972738166,1.0837231001386483,-0.6446668218107456,-1.8185999673619206,0.4309138794267184,-1.2531432384595507,-2.087762379946361,0.6723237883063298,0.47017209555845946,-1.7887005347414644
C01108,0.4304253917121532,-2.1991772706703765,-1.026123388171183,-1.7950874515166357,0.32171880212352105,-1.7807527139139832,0.13265578185867127,1.3083782104874728,-0.03775250610170615,0.5827213724762443,-1.0159374898312847,-0.22295126168990478,-0.34508776479908837,0.07354935042168649,1.2078868193356003,-0.9266386068402331,0.42601601386607585,1.1644513535447887,0.45143494510183135
C01109,-4.503523639355606,-1.1817816640532477,-1.377953134506798,2.3677643315454064,-1.3644396454267658,1.9038639655878382,0.5258872163018014,0.9313045063805775,1.4146203245346234,-1.1207395458402278,1.2003074902210897,-0.2965029150407517,-1.4577255383333316,-0.22046248615880468,-0.7022726382523241,0.27547377086074953,-0.10537689042867887,-0.29925154695453665,0.42279864213067775
C01110,-8.496173448189296,-2.6298248527033405,3.50136682798115,-0.2741831175841198,1.726635540724974,-1.681021473480333,0.5409353657017388,-3.4756383808836238,1.5815548184384114,0.584021436243239,-0.5138462810006619,-0.4265379766849774,-1.2442289871976768,0.19852555391772816,0.5603796177849488,-0.7115760537993018,0.4504509713668232,-1.3982318790526653,0.10839148731057996
C01111,1.0968474236783614,-2.6283819719211228,0.11256716476544865,-0.35213986861811414,0.12164641363978988,-1.931863255131499,-1.3874991067089526,0.43684111286366184,0.6599036258335582,-0.199524888033691,-1.1152178944812057,0.21428397334191526,-0.9420465470694042,0.6287589102717929,-0.1994905791034597,0.08816178657647815,-0.5130342828033229,-0.07222357355179168,-0.5133151833036886
C01112,1.0916582518985978,-0.5527385583531124,-1.1174173770895144,-1.8672810260198867,1.0077351447438894,1.5346265613363321,0.7224101909829496,0.4671916941285622,-1.1778907533623564,-0.12292900016610173,0.711335276216361,-1.0731095928571206,-0.4455027644487814,-0.6958109265505202,1.08796643348938,-1.4370697151542016,1.410827788875628,1.1143823475963202,0.6553937196221953
C01113,-4.92561818263158,-1.5857633264911626,1.277531547896432,2.696137596553505,-0.5627657437173779,1.8464178388078907,0.6463664486465814,-1.4959943749906741,-0.46566951007616547,0.4724889832026531,-0.9523093045211508,2.737580708609655,-0.9118320590476332,-0.3765254465445132,-0.7277375460458535,-1.320715594174549,1.2583482850571845,-1.2052792755946602,1.1516745169453695
C01114,1.4568136969764849,0.8119440305647886,-1.2114043847400255,-0.7232849856138786,1.2262294269647178,1.121517332691487,-0.4640984776644612,-1.0159015975428214,0.48476567881358856,0.18922293063967907,0.6326631922543304,-0.23531328252358297,-0.7134307885349339,-0.6021844657651826,-0.6131442351120118,-0.9405119144829905,0.2723534305961936,0.2483765088773466,-0.6880938092427792
C01115,-2.9097210993950164,-2.088733155518945,0.5443175451504668,3.016146212797943,0.020528920627770578,-1.2278016900904403,0.8433304858611399,-4.16062114784655,0.46080518163614026,1.1037052473016324,1.8775045939735804,-0.16833616199427234,1.542562784722443,-0.5286279881050804,0.49122644782818725,0.0767763299153972,1.677389242474394,0.5020673319753277,0.18533228601347276
C01116,0.29103292544031345,1.2046858689816689,-1.7481552759908459,1.7965823136820844,0.6918146536709201,-1.5409428544256243,-0.03738971131287552,-0.8217664236297578,-1.118035998264798,0.43855880290690447,1.918185716662419,-1.5347944728353256,0.9387777232026556,1.181765131744972,-0.6119182949842448,0.12047287789351901,-0.14988581034077905,-1.082718847276196,-0.427137859238609
C01117,-0.23903458796360147,-0.7869291020928698,-0.9264237790448091,1.6892535838811207,2.209306665483451,1.4309497130697513,-0.962643850387288,1.32241943592261,0.08835080016453335,-1.2100265068091667,-0.2834890758496301,0.20033487831011126,-0.6092877356280029,1.3158900641562294,-0.2829129201572686,-0.3169733834103199,0.37024997976436863,-1.092740946744471,-0.5268841775778675
C01118,-0.003494974907261431,1.4664310372648357,3.9514083081500493,-0.4873131381278663,-0.9911225579127709,-1.7889090426947845,0.46621248081157535,0.4526120359174072,3.1728640178659515,-0.8811309435041738,-1.641311428233593,0.5757689394508919,-0.6252031630939253,0.7337092251637927,-1.2538995674987152,1.0152564807643085,0.015184104142176559,-2.2123480659611414,0.2482883069736141
C01119,2.422763250391215,1.1474561028853207,0.6876368518221032,1.9474941053481263,3.010643328660129,1.1323677015256612,-1.4039107942109292,-0.6381741914781762,-0.6001158999729121,-0.6636283358982498,-0.4376475466412109,0.2635750257948253,0.33836073248105264,-0.3749083265015015,-1.177273215587023,0.338338485280676,-0.11675983664828322,0.4165620869977692,-0.13456445988616794
C01120,1.5279842995664294,3.470426908298774,-2.072026536137841,-2.1710076213295175,-1.4226023697805537,-1.9833039231750285,-0.4631912014691968,-1.3721996496096203,-0.35008250857767637,0.20083542158557968,-0.908016973737283,-0.6390787542015637,1.322418236498615,-0.7636533621295272,-0.8875782599091211,1.0506336862810712,0.04661846327441395,-0.060712384435264964,0.36971334566482433
C01121,1.0835073723290645,0.6298377869215427,4.2776791829978364,-0.3598254087629321,-1.843139773275654,1.254621593549433,-0.09303042229091868,-0.36432281382406256,1.4030683323064423,-1.1908762881335537,1.052730120761152,-1.9581935311947307,0.3514820166962565,-0.8149173538797033,1.1762539943518586,1.8560713643633455,-1.2895404263957684,0.05511328750127829,-0.12707855819028002
C01122,3.5416935421833604,2.722514876730872,1.3118386341131205,-1.5227909499887826,-1.1197378665861457,0.7308612660440408,-1.3573603036039716,0.026700513306327466,-0.008774135689896774,0.09793521381805265,-1.5538799980810065,-0.7028459660222468,-0.06787144108393642,-0.5165790098425305,-0.6714390196040607,-0.3813816871570088,-0.023602371210578607,-0.038929667805984135,-0.2149873301473132
C01123,2.536850987396955,1.3559494413151778,-1.0736109610570514,-1.1345285190340837,0.6584351933233472,1.417738896186623,0.05695777696707568,0.7933963094119632,-0.981329209917896,-0.6307233679194731,-0.48671286802942093,0.3184083422069853,-0.04061410469500575,0.18009714719534167,-0.9546464484764274,-0.5313771669384182,-0.5049810292489634,0.23939887597248935,-0.5630359411205532
C01124,1.4784431253555559,-1.0287228485972018,-0.174736078046577,2.082394996932855,1.751577548826461,1.480187119444221,0.055410172725783455,1.5236508854113244,0.27952508974141005,-0.9853934257941145,0.10497541172790094,-1.6462809514911827,-0.3861469027239024,-0.04918376506012774,0.17028156269410663,-0.37688428466340185,0.9684074159166656,0.15633913716624312,-0.13529563997975114
C01125,1.1793066586209555,-0.5940500555948396,0.9861896284763471,2.3045163560730892,2.4953671359338996,1.0961160430901142,-1.5453975572082457,-0.3007692528949187,0.033588564029238925,-1.0586874668110833,-0.5098143661584503,-0.5920175755204035,-0.8017519421880955,-0.627257048677976,-0.10039688860948379,0.01008607143927099,0.5881171764383387,-0.1514284572356598,0.2617061602436054
C01126,2.060846121931295,0.8009424256920613,1.883896719156645,-0.9209478574261054,-1.49607720261891,-1.5424507526103994,0.3732508522633075,-0.34808497164126373,1.9304824612612463,-1.0224354222850571,-1.9274515077324788,0.6983772326271818,0.6671947961197028,-0.5198958138052074,-1.6849521635419227,0.6368735998007089,1.1398533000915723,-0.5752492591404396,1.302290411705402
C01127,0.7690000424896388,0.5652440095252491,-0.97120380493609,-0.8846173516731977,0.38340450447616653,1.6406345892361376,1.1501765320583905,0.29827540056794,-1.0429313018618938,0.1438087639311377,0.8002487307025389,-0.9853988246701856,-0.713900186574445,0.8041925006083407,0.14470400848093068,-0.35444322966415165,-0.2524391811026218,-0.428113989474825,-0.8215924690135576
C01128,1.1132548701242975,-1.7035307181494568,-1.5066238294694076,1.9655023661556938,0.06922309685498121,-1.8761012914765904,-1.567589926466,-0.6619153332619788,-0.5547225793814676,0.09066618270912381,-1.5145195760365704,0.46758966910335537,-0.2334760579906668,-0.5615762638141364,1.584403685195083,-1.1776353599612122,-0.40212164947829737,0.31468630675897913,0.26667466224480685
C01129,0.6686265426718944,-0.9608611449777824,-1.6630618906420123,-0.8154345680388957,-0.7472858108037753,-2.049245064314844,-0.7204446260224101,0.047383192895872894,-0.3233871868617673,1.5357246222942602,-0.1450612683721606,0.22139749529593875,-0.9527352585703567,-0.3004328345271965,1.883629088683356,0.4345789443637053,-0.6506545251870719,0.5613813145272769,-0.8076185091162053
C01130,2.0073522533739356,3.6848022860928036,-2.1379212531851053,1.5097944990569712,-0.643164719948999,0.8969838047768881,-0.3262878403354773,0.025717792108588877,1.2013481208574572,1.312260215472277,-1.0418143869144982,-0.2521119721764937,1.7683402675415545,-1.0234908196283052,-1.6397202768962758,0.36297072437638916,0.002998995836621553,-0.08666792737381451,-0.28962168956607454
C01131,-0.07441939842142117,-2.27643537679154,0.9714722880841978,-0.025470782005308824,0.01517357232822131,-1.8144360279286085,0.7257833474698718,0.41859124956084176,0.6887068756275246,1.3835732650638946,-0.22782481298354718,-0.6432538865101316,0.10573535186500296,0.49514735660831055,-1.3667648047186423,-1.5474885882209377,-0.2337303857587697,0.42041343263182357,-0.6406650984769183
C01132,0.6398844202781014,-0.46803037655139546,0.24125496198749818,-1.298733179836652,-0.7736829162144142,1.8508121727173383,2.126815944458087,0.422721209069327,2.6234974909043345,-1.4744332506890423,-0.9595117250864751,-0.521716670017167,0.8286920625983383,-0.1399047980608195,-0.4067802480995096,-0.3258271456612924,-0.9785851441814689,0.2758784635220947,1.1797809441414053
C01133,0.7895994294999077,-2.5540539172357195,-0.912293005375263,-0.9298787703312632,-0.23431441829024763,0.7812901645421128,-1.61424859726177,2.1753050926066653,-0.1788843496596423,0.6674627500185928,-1.0148695067257414,0.027704584195884407,-0.003596398735297247,-0.12642222223008756,-0.36408180520933614,0.43578772708220703,-1.0951408332226888,0.44345981591535266,-0.7970466021259166
C01134,-3.4734846085119178,0.3799410016300381,-1.1788903442967151,-1.8718965500564853,-1.0848126763949364,0.3594657483127332,-2.7547975743633812,1.2276183834538414,1.589996341573561,2.0272454633179975,1.3710569965932853,0.3329159769844766,0.06845674562997286,2.8993813228492598,-1.0568787951323977,0.7397167462026498,-0.9440778176855867,1.8049542134268668,1.2089431572855998
C01135,-2.58658177666631,2.7683957510361754,-0.7333805549963024,-0.3677605069347164,0.23284364665462645,2.117985828960012,6.130979759822267,-1.4304957390262267,1.272802124646774,3.1640186135624675,0.7875149677160097,-0.6677050304760128,-1.4624258245106945,-0.6354909644264889,-0.19527071167231083,-2.6478899218375784,-1.7178340271611925,0.6408055818197808,-1.8761371620082634
C01136,-2.284397032131967,4.520415151813497,-1.2929721574934723,-1.1761521468882463,5.380420756334894,0.983075223168891,0.9875726819470688,-2.026579015199762,2.1619291278188535,2.2152505052239575,1.1731144747063484,-0.15258414919227237,-1.1575739435308199,1.017001459609568,-0.5688532434560694,0.4591748302888332,0.07254564582666134,2.0562517720939426,-1.5841011542647174
C01137,1.571614579475745,1.4912886976338762,-1.7320092792782158,1.5406453130896336,-0.5907895767870667,1.5163020234271525,0.8036503561528994,-0.33945437042918053,-0.832561325367416,1.1666504761569285,-1.719018308152309,-0.8019565034680415,0.6001798206310646,-0.2565430686856499,0.12414085282107919,-0.5175361384376147,1.9227174974016228,-0.5776923147937317,0.49192233867418383
