customer_id,0,1,2,3,4,5,6,7,8,9
C00001,5.703041,7.1221414,4.0477986,5.570009,4.8667965,6.637117,5.486508,3.0166163,4.165061,4.47316
C00002,5.1465783,8.899294,4.6918993,7.5078955,4.8906336,6.066756,5.7723813,3.5621147,4.2128797,4.4737306
C00003,6.754262,7.8993115,3.556018,5.446508,4.77993,6.995626,5.2339997,2.4587317,4.6136208,4.8887725
C00004,5.6741405,8.715692,4.7197924,8.858301,5.4072237,6.383849,5.716782,2.7888186,4.351838,6.1512117
C00005,5.7048364,8.740049,4.6848526,9.20314,5.328412,6.287615,5.5125375,2.761621,4.4324293,6.3864026
C00006,5.9352145,8.433601,4.8735933,8.849164,5.3647714,6.3876295,5.634608,3.0461636,4.3407297,5.9218807
C00007,5.8347783,8.943578,3.312186,5.813031,5.5720296,6.0067863,5.5762568,3.137436,4.695915,4.045847
C00008,7.7281466,8.026279,4.118934,6.7897663,4.7200656,7.003464,4.9101315,2.926063,4.8244853,5.102617
C00009,5.649274,8.428057,2.7720127,5.78829,5.536414,5.8913584,5.1169853,2.7187538,4.694696,4.6082506
C00010,5.6494837,8.211383,4.5586033,9.25054,6.338269,6.279539,5.919742,2.5939407,4.234288,6.6478963
C00011,6.4411335,9.215417,2.2276804,5.3045897,5.580969,6.0752683,4.992517,2.402986,5.0355806,4.544715
C00012,5.5335007,8.013464,4.54075,9.428037,6.369901,6.1171155,5.696044,2.6924832,4.265383,6.678527
C00013,5.3070736,7.9830513,4.262683,8.943691,6.36512,5.869695,5.6443543,2.8837843,4.2631054,6.207203
C00014,5.055185,8.89349,4.901498,7.843906,4.748039,5.994151,5.782825,3.7299337,4.1786284,4.4694123
C00015,7.4256864,7.939078,3.819674,6.2495513,4.7191987,6.9962983,4.9928145,2.7126102,4.7686114,5.003892
C00016,5.710147,8.898089,4.589981,9.122647,5.2407956,6.315832,5.5101547,2.6622462,4.4810987,6.4088364
C00017,6.7163215,7.553054,5.0926075,8.876757,5.246174,6.3278413,5.148982,3.5793345,4.3885765,5.5283976
C00018,6.6860623,8.063162,3.673548,5.638512,4.6796837,6.929558,5.2563386,2.5679774,4.6111345,4.8303456
C00019,5.396475,8.13412,5.019032,8.417199,5.5541124,5.9441457,5.794583,3.8414085,4.1639967,4.838099
C00020,5.293921,8.017856,4.507187,9.591171,6.6559663,5.9852877,5.855265,2.6823027,4.1964793,6.7623134
C00021,6.0696826,9.150645,2.1483257,5.4011703,5.449936,5.861623,4.898148,2.4434638,4.966963,4.5437474
C00022,6.361777,8.923564,2.5181155,5.39228,5.379906,6.1690526,5.0348225,2.488995,4.912778,4.550908
C00023,5.4935045,8.054231,4.670077,9.546174,6.54368,6.1604023,5.9332223,2.6870031,4.189193,6.7257566
C00024,7.410015,7.303613,5.180164,8.777368,5.085775,6.5331717,4.9364505,3.5220513,4.491701,5.5941753
C00025,6.0707817,8.278494,4.792461,8.1844015,5.3281083,6.474595,5.680248,3.1580822,4.321058,5.458251
C00026,5.249276,8.511994,4.362559,9.297735,5.513443,5.796885,5.23583,2.9314432,4.447195,6.291077
C00027,5.3135147,7.947199,4.2209578,9.291886,6.4111886,5.8638134,5.4895253,2.6960287,4.324925,6.612156
C00028,5.9770293,8.823456,3.173631,5.6184816,5.5844145,6.1162786,5.4864874,2.9712782,4.7097564,4.1588063
C00029,6.67987,7.679574,5.352184,8.724928,4.7838087,6.3187833,5.1404753,3.9221087,4.346889,5.046388
C00030,5.359713,8.905758,4.397921,9.05869,5.309219,6.2558637,5.4919906,2.4512694,4.432901,6.640799
C00031,6.0626063,6.607545,3.451228,5.046397,5.1437182,6.918751,5.2553916,2.32028,4.283198,5.069305
C00032,6.806,7.8480215,5.2278233,8.527872,4.799312,6.5165124,5.25517,3.6908975,4.3836813,5.1730323
C00033,5.1607885,8.728708,4.6917577,7.7219515,4.9960294,6.003562,5.712287,3.585784,4.220305,4.5841036
C00034,7.3885264,7.383537,5.24762,8.673157,4.933209,6.627154,4.975326,3.4822521,4.4680643,5.5899715
C00035,5.2564716,8.110375,4.6853395,9.414659,6.574339,6.0482783,6.036498,2.855444,4.1410527,6.425184
C00036,5.7824554,6.9320884,3.158061,5.273709,5.3435793,6.527806,5.1615453,2.4037027,4.3814554,5.0137005
C00037,5.2814083,8.736127,4.992302,8.061985,4.869493,6.1225657,5.7718544,3.6284103,4.2081366,4.758923
C00038,6.1111493,7.125083,3.2067535,4.7496095,4.3476763,6.9513617,4.898637,2.2257235,4.4350753,4.9355774
C00039,6.643753,7.6200957,4.8889246,8.526215,5.281233,6.3448286,5.1818223,3.471784,4.414549,5.438134
C00040,5.4569483,8.236927,5.1165986,8.3492985,5.426915,6.085699,5.871976,3.7894616,4.1489954,4.8520107
C00041,5.6107764,9.234244,3.3046865,6.018371,5.3431244,5.850962,5.5046635,3.1905758,4.6998415,4.020428
C00042,5.5095344,7.504569,4.1276374,5.6656075,4.58827,6.5244875,5.4961243,3.1437337,4.1654553,4.3248525
C00043,5.8773127,9.155178,3.3319876,5.8832173,5.234539,6.035452,5.472726,3.1096897,4.7163157,4.065356
C00044,6.512052,7.5770364,5.226377,8.972139,5.0045266,6.130728,5.046688,3.9156713,4.358457,5.205887
C00045,6.9995217,7.8271403,3.7182803,5.986237,4.8346043,6.896234,5.121971,2.6722841,4.6549315,4.916697
C00046,6.3205767,7.3320494,3.1799557,4.830251,4.813416,6.9038315,5.1152353,2.2912505,4.505027,4.8475614
C00047,6.481451,8.683697,2.7483616,5.7187753,5.228455,6.2507915,4.95996,2.5030417,4.883282,4.7579155
C00048,5.30859,8.088918,4.789523,8.493999,5.6655173,5.8476377,5.6634364,3.6922147,4.2024956,5.0355024
C00049,6.489937,7.5435486,5.116689,9.034809,5.160489,6.112085,5.0403123,3.7988384,4.375544,5.370571
C00050,6.1485205,7.1936784,3.2572236,4.894149,4.409134,6.892258,4.928547,2.3217576,4.4561653,4.886322
C00051,5.12138,8.29962,4.872105,7.929595,5.633328,5.8973703,5.9795027,3.8643987,4.1245937,4.502102
C00052,5.5311117,8.112993,4.688586,9.388345,6.499124,6.3135366,5.9796867,2.5826392,4.1894536,6.7328253
C00053,5.481898,8.271491,4.7946,9.064661,6.3622513,6.405311,6.1520867,2.6927252,4.15587,6.3763623
C00054,6.0060496,6.732963,3.2122207,4.97382,5.1517806,6.819322,5.131142,2.2150598,4.343503,5.107106
C00055,5.872659,6.7901745,3.715364,4.9907594,4.3056407,6.9864507,5.106745,2.4873488,4.19274,4.8773446
C00056,6.6064954,7.6732144,5.0775146,9.082194,5.115867,6.2568293,5.072783,3.6149583,4.4115095,5.589189
C00057,5.438851,7.990664,4.7692037,8.686166,5.6627192,5.8396516,5.525843,3.6321185,4.244308,5.234501
C00058,6.6773715,7.6382165,3.7409527,5.6078043,4.84162,6.97504,5.295908,2.5573652,4.5132604,4.904306
C00059,5.470923,8.262748,5.15817,8.2908745,5.4385242,6.140377,5.965196,3.7809203,4.114789,4.819049
C00060,6.63529,7.6112947,3.9697387,6.096137,4.808221,6.8338704,5.255136,2.8164904,4.4774246,4.8465595
C00061,5.7306833,7.3751593,3.1065574,5.563866,5.0978675,6.3467355,4.978559,2.509034,4.478303,4.965917
C00062,5.4281945,8.250143,5.0569286,8.062565,5.4329643,6.095379,5.9030147,3.8041985,4.13841,4.6630845
C00063,5.230503,8.271576,5.001079,8.142655,5.532959,5.955703,5.91923,3.8564641,4.123655,4.6374183
C00064,5.760781,9.240901,3.2144592,5.7896667,5.332726,5.9244733,5.498446,3.1246636,4.7769914,3.9645321
C00065,5.674912,7.947982,4.545694,7.9716883,5.55407,6.042952,5.52027,3.4861963,4.293682,5.009844
C00066,5.552999,9.07779,3.1116965,5.7605143,5.7314234,5.78493,5.570359,3.153859,4.731412,3.9757483
C00067,6.1443033,9.000604,2.266377,5.218363,6.279716,5.9457116,5.263742,2.505662,4.9449644,4.446335
C00068,6.342004,8.865287,2.5304918,5.081647,6.05456,6.2356086,5.338826,2.531166,4.8974166,4.4249024
C00069,5.5105767,7.227389,4.2267675,5.6596847,4.5178857,6.6232195,5.4653897,3.1237931,4.121897,4.4040694
C00070,5.6099963,7.5291004,3.957226,5.5393047,4.7017856,6.526636,5.4700117,3.0612614,4.222672,4.335227
C00071,5.8012266,9.105742,3.1786194,5.791114,5.358207,5.956241,5.4445834,3.0663562,4.733939,4.0612087
C00072,5.7906528,6.8796844,3.1504881,5.153271,5.1994934,6.6167965,5.1051435,2.3142323,4.3756337,5.0714417
C00073,5.402716,8.136792,4.7381363,9.388141,6.522911,6.1209316,6.1003222,2.858663,4.116684,6.407168
C00074,7.5822287,8.056728,3.8212345,6.266865,4.685154,6.985205,4.9139986,2.7934608,4.8461637,4.941764
C00075,5.494611,8.892909,4.5994263,9.215565,5.2718296,6.189193,5.4988093,2.7489562,4.4462986,6.3729386
C00076,5.1530027,8.384168,4.9798865,7.9744525,5.5374064,5.9712462,6.0150194,3.8578885,4.079585,4.493272
C00077,7.2156124,7.211467,5.298128,9.066766,5.0949726,6.3888426,4.875427,3.67168,4.4395857,5.6137676
C00078,6.3836894,7.4079432,3.2042077,4.760054,4.2931623,7.033202,4.90225,2.2602947,4.549593,4.836415
C00079,5.62914,8.96279,3.0789266,5.711724,5.813689,5.8414545,5.5561132,3.0912645,4.713797,4.0390234
C00080,5.463239,8.967442,4.440223,9.092499,5.301417,6.3019037,5.521207,2.4600794,4.457079,6.6292653
C00081,6.6398845,8.535094,3.5091426,6.0334516,5.0318866,6.5712485,5.2555103,2.7589805,4.7313027,4.6935105
C00082,5.6092305,8.873606,4.6463113,8.906292,5.326103,6.3780203,5.6841154,2.6794665,4.390245,6.2767515
C00083,5.4581375,7.9418707,4.230401,9.0273285,6.0869417,5.831536,5.332681,2.9297717,4.37648,6.221584
C00084,6.3239603,7.706195,3.3732972,5.106726,4.5597715,6.825048,5.1180034,2.5089452,4.5350127,4.689579
C00085,6.0477543,8.867916,2.25504,5.6057115,5.5735493,5.8901176,4.8973207,2.4199865,4.9244456,4.739005
C00086,6.896733,8.363118,3.3165379,5.7812567,4.9527726,6.692791,5.089165,2.5864418,4.8034916,4.791573
C00087,7.2687273,7.606138,5.2778835,8.701082,4.675515,6.6458197,4.993358,3.544294,4.4705935,5.479511
C00088,5.5757017,9.250023,3.1281643,5.8837667,5.3790956,5.773301,5.450733,3.1431355,4.7463913,3.9900959
C00089,7.2148676,7.717518,5.062231,8.389973,4.7278495,6.7097964,5.0512395,3.3480258,4.5040045,5.5149865
C00090,6.966213,7.678875,4.6989107,7.9341035,5.090404,6.566029,5.1352243,3.3069088,4.505788,5.299499
C00091,5.691478,8.218201,4.610116,9.116159,5.409737,5.963213,5.2300253,3.1976407,4.426685,5.9400544
C00092,5.623747,8.892987,4.389967,8.8514805,5.3210187,6.3148136,5.5016637,2.529758,4.4868917,6.4257417
C00093,5.8923187,6.7404838,3.8411467,5.1055017,4.342345,7.013582,5.1541348,2.5351331,4.167743,4.901696
C00094,6.6774025,8.566795,2.9726021,5.558523,5.147131,6.48732,5.0754004,2.5367105,4.8437104,4.668269
C00095,5.896425,7.3288436,3.9281864,5.5249324,4.961375,6.6228356,5.51108,3.017517,4.2537665,4.3952928
C00096,6.0520506,6.79821,3.4221106,5.1162133,5.2611275,6.763598,5.316914,2.4920282,4.3282447,4.848454
C00097,5.4714117,8.945997,4.477577,9.1671095,5.3223495,6.2867284,5.519764,2.492974,4.4543843,6.6295724
C00098,5.5847898,7.0689607,3.3629844,5.7320614,5.452294,6.333971,5.227349,2.6342936,4.3370204,4.970343
C00099,6.4029493,7.430461,4.8628883,9.190722,5.3344793,5.9781528,4.8533897,3.5906172,4.438699,5.708383
C00100,5.989883,7.580549,3.162562,5.707719,5.0833664,6.39089,4.9788237,2.5516298,4.554299,4.949971
C00101,6.0904346,6.6964097,3.569118,5.0564733,5.085534,6.885941,5.338599,2.513206,4.2760267,4.8186193
C00102,5.6426654,8.871573,4.6300397,9.291709,5.3023133,6.292989,5.457739,2.6238878,4.4641504,6.5760574
C00103,5.584245,7.068803,4.2749796,5.631228,4.4560094,6.7380695,5.4236546,3.0534215,4.087758,4.4997897
C00104,6.1528263,7.028354,3.3546493,5.063102,5.1600804,6.917568,5.2656455,2.2573159,4.380216,5.0840173
C00105,5.467575,9.193787,3.0348196,5.8541102,5.5106087,5.706815,5.4622293,3.1339881,4.7284064,4.000851
C00106,6.626055,7.417053,5.3792167,8.611968,5.0711584,6.223383,5.1743035,4.028628,4.2931566,4.895822
C00107,6.7079883,7.694939,3.3745744,5.21614,4.5895624,6.947148,5.0346494,2.4557116,4.6139216,4.798071
C00108,6.1070633,8.719712,2.4881654,5.350522,6.1998935,6.040357,5.2939177,2.5386078,4.8540587,4.5570617
C00109,6.027889,6.8074365,3.2552826,4.8559895,5.1542163,6.801747,5.273397,2.3812604,4.3501234,4.851743
C00110,5.590218,9.261003,3.146096,5.902406,5.378544,5.797754,5.491492,3.1611912,4.7212586,3.9669166
C00111,5.354409,8.833154,4.184489,8.968048,5.3923035,5.9909143,5.335364,2.645922,4.5170417,6.3629084
C00112,6.790052,7.525872,5.1548305,9.255602,5.101357,6.270866,4.9681916,3.620027,4.4290595,5.7108216
C00113,5.892374,6.7115207,3.2565634,4.913532,5.2247143,6.7331915,5.2750998,2.401367,4.3142323,4.8749766
C00114,5.417214,8.132303,4.8811364,9.286745,6.455518,6.3076963,6.110623,2.814008,4.138806,6.382474
C00115,5.7468147,8.8565645,4.5845585,9.089706,5.311783,6.410542,5.5493574,2.5545185,4.4623966,6.5322037
C00116,7.3042145,7.2170997,5.268556,9.00671,5.0470457,6.407884,4.866194,3.6772857,4.470058,5.595617
C00117,6.1116986,6.9050336,3.2456284,4.83554,4.9843388,6.8970904,5.1719284,2.2558095,4.3792624,4.973312
C00118,5.641703,7.150752,3.0617526,5.429639,5.096946,6.4359436,4.9507933,2.3458545,4.430044,5.1338525
C00119,5.8506856,6.883943,3.6783063,5.0923266,4.330714,6.8788266,5.060434,2.5477426,4.2411203,4.8319187
C00120,6.148759,8.788709,2.6906605,5.2944336,6.024729,6.121663,5.388786,2.6656716,4.8238053,4.35788
C00121,5.373455,8.053818,4.1941433,8.767114,6.5204434,6.052592,5.812546,2.638746,4.2567587,6.3495827
C00122,5.915915,6.9819098,3.2266831,4.9011927,4.556038,6.8241134,4.959489,2.302382,4.3951597,4.9495606
C00123,6.769014,7.3667855,5.120865,9.207191,5.280384,6.2051816,4.9677286,3.644694,4.4083376,5.675211
C00124,4.9694586,8.90299,4.8912373,7.8794966,4.720284,5.9361944,5.726635,3.7663455,4.2184258,4.4641037
C00125,5.9010844,8.9000435,2.4279091,5.2561426,6.3131275,5.9050665,5.379639,2.6520274,4.8800178,4.3570814
C00126,5.394999,8.016364,4.4661875,9.481195,6.53959,6.037853,5.7692895,2.6570323,4.2358575,6.7340527
C00127,5.002396,8.835577,4.814574,7.7740297,4.8507133,5.939447,5.7718377,3.7346227,4.2016377,4.431477
C00128,6.0317817,9.398249,2.029601,5.4109755,5.710404,5.742305,4.9330683,2.4230607,5.0484476,4.526743
C00129,7.707951,8.03681,4.027411,6.5826836,4.6898913,7.0420313,4.9154673,2.8783827,4.8266435,5.051615
C00130,6.0356765,6.816557,3.2149167,4.9144373,5.119352,6.8489437,5.171874,2.2205796,4.3614025,5.0704994
C00131,6.728218,7.461548,5.4068985,8.62138,4.9563885,6.2871594,5.142715,3.9884596,4.3102446,4.967765
C00132,5.681186,8.562801,2.481915,5.6842804,6.057732,5.794766,5.183687,2.6102145,4.779753,4.6668024
C00133,4.991853,8.870063,4.820174,7.933541,4.747527,5.8989143,5.631924,3.709639,4.2594223,4.5359235
C00134,6.6566663,7.3307195,5.1972275,8.897053,5.1691065,6.11206,4.9790015,3.9082968,4.373011,5.21546
C00135,5.674134,9.031691,2.2876763,5.6705494,5.8297257,5.652017,5.067442,2.6231868,4.890042,4.541867
C00136,7.547004,7.964602,3.9960577,6.730119,4.77124,6.91485,4.904024,2.8795705,4.816409,5.0942492
C00137,5.850084,7.481907,3.8361971,5.575324,4.988869,6.562162,5.4714465,2.9489818,4.302282,4.4677672
C00138,5.700686,8.004426,4.7893004,9.4839325,6.1669626,6.1644635,5.7089605,2.9187198,4.2467294,6.470817
C00139,6.078591,6.8303533,3.5196254,4.9886293,4.993636,6.880058,5.3059125,2.4716594,4.2905474,4.820682
C00140,6.0806956,9.177708,2.1612241,5.4163013,5.6088123,5.857488,4.947037,2.4339755,5.0085416,4.5590534
C00141,5.090614,8.118991,4.6583853,8.285608,5.777433,5.7457304,5.719355,3.7234273,4.1927176,4.870566
C00142,5.805921,8.629678,4.743934,9.088158,5.3926578,6.3558803,5.5992427,2.8134825,4.3936877,6.2735696
C00143,6.1082025,9.132309,2.1344965,5.411199,5.530559,5.8716125,4.91456,2.4131243,4.9794374,4.590514
C00144,6.2373905,9.315289,2.016514,5.3207965,5.6803455,5.8887844,4.9386916,2.3642025,5.0317054,4.573243
C00145,4.9969835,8.86116,4.9305553,7.9425793,4.737365,5.957116,5.719906,3.7661026,4.207799,4.5058703
C00147,5.730819,7.113317,4.204787,5.664247,4.7283072,6.6972127,5.4935603,3.0728343,4.137106,4.4672227
C00148,5.4869103,9.104011,2.9923213,5.88982,5.551929,5.7191257,5.420632,3.077735,4.7122035,4.0945287
C00149,5.226405,8.744878,4.505827,9.367928,5.466453,5.971655,5.432189,2.77667,4.406764,6.4574127
C00150,7.5846286,8.121903,3.8924046,6.423979,4.7455163,6.9790316,4.9692883,2.8118076,4.830562,5.013797
C00151,5.464596,9.278457,3.1063638,5.9042735,5.425738,5.6951475,5.4480743,3.204285,4.768625,3.9395752
C00152,7.8053346,8.08885,4.081787,6.7403226,4.713263,7.0256405,4.912958,2.9098055,4.844689,5.108726
C00153,5.2436714,8.112278,4.7478523,8.361963,5.678974,5.8456407,5.6912484,3.6819925,4.187592,4.967448
C00154,4.954227,8.812707,4.8431735,8.051908,4.8267026,5.832787,5.6293373,3.7462811,4.2367625,4.5777874
C00155,5.626236,8.070396,4.890529,9.495419,6.384839,6.318595,5.972814,2.768815,4.1763763,6.5963326
C00156,5.641929,8.575052,2.566969,5.6510863,6.058958,5.7986236,5.253486,2.6848702,4.7551975,4.5606904
C00157,6.0457025,7.1595664,3.123091,4.709689,4.3825045,6.8726926,4.8743267,2.2049918,4.4535217,4.953617
C00158,5.2647996,8.124598,4.737037,9.344936,6.6070967,6.1313434,6.1340876,2.8402312,4.114994,6.3695145
C00159,6.010417,8.885777,2.2637684,5.518251,5.47761,5.9017987,4.9401126,2.4616826,4.872006,4.642371
C00160,5.917004,9.052558,2.3620706,5.506907,5.436882,5.8554544,5.0166306,2.580055,4.888966,4.470883
C00161,5.5425167,9.090683,3.1476789,5.737588,5.7414265,5.8129697,5.6336865,3.1894586,4.700269,3.9097772
C00162,5.457305,9.237332,3.0881114,5.867609,5.471849,5.6918154,5.4682126,3.1721938,4.735704,3.9614744
C00163,6.3376293,9.317132,2.0268278,5.298433,5.6008744,5.951923,4.9263687,2.3397412,5.027677,4.5813327
C00164,6.057557,6.701009,3.279527,4.887511,5.0986824,6.8513956,5.2160907,2.324757,4.331851,4.9541855
C00165,6.262568,8.81688,2.514166,5.1702933,6.1876206,6.165689,5.3515553,2.5377808,4.880953,4.461291
C00166,5.087981,8.925702,4.688772,7.491326,4.893644,6.025848,5.8098364,3.5903072,4.2331715,4.4345193
C00167,5.56078,8.157443,4.7789683,9.525113,6.5241218,6.285565,6.0762773,2.6545281,4.1512227,6.7314887
C00168,5.3728895,8.193125,5.0254364,8.2774105,5.548558,6.031279,5.9047027,3.7762845,4.1141934,4.8118095
C00169,5.479619,8.758656,4.448356,9.29809,5.408541,6.1387677,5.3614883,2.607429,4.4673877,6.6275406
C00170,5.980221,8.928274,3.1979675,5.6183076,5.576377,6.1016555,5.5121565,3.0020592,4.718206,4.0943813
C00171,5.8195205,8.649475,4.653806,8.941729,5.3984323,6.4124174,5.60145,2.7059548,4.409393,6.315756
C00172,5.1891103,7.940786,4.344146,9.479247,6.4585443,5.7308083,5.550653,2.8814046,4.2710757,6.49996
C00173,5.4280553,8.599425,4.518638,9.3578825,5.459287,5.989267,5.357028,2.8480911,4.4433722,6.3828535
C00174,5.096739,7.975485,4.586182,9.396242,6.6632123,5.9179916,5.948701,2.910056,4.141261,6.346577
C00175,6.296535,9.026827,2.5213823,5.074529,6.151951,6.1503177,5.3985095,2.6351018,4.9368567,4.259053
C00176,6.46978,8.685753,2.7052183,5.6568522,5.2489862,6.241541,4.963736,2.5131729,4.868709,4.7031503
C00177,5.668109,7.4853654,3.1686752,5.7190833,5.1375523,6.2543926,5.0145082,2.61904,4.4748216,4.899167
C00178,5.471846,8.503237,5.0188847,8.1483135,4.9770446,6.2192464,5.748646,3.5791125,4.2017303,4.931363
C00179,6.044579,9.261893,2.4780598,5.17672,6.142847,5.915694,5.4208326,2.7532134,4.9422145,4.129086
C00180,5.3014226,7.9521165,4.3108354,9.385396,6.4936876,5.868234,5.5983186,2.7360659,4.2837143,6.603034
C00181,5.68481,8.283829,4.6663766,9.232091,5.4709787,6.0392385,5.3313,3.0922844,4.4039264,6.107893
C00182,5.5849333,9.017601,3.086383,5.699796,5.822717,5.813267,5.6017394,3.1329675,4.713293,3.9741042
C00183,5.1294556,8.124298,4.601176,9.446663,6.7384524,6.0384197,6.077888,2.7141266,4.1268144,6.578638
C00184,7.02079,7.229283,5.215293,8.961793,5.1499863,6.2509117,4.9008007,3.778872,4.441262,5.430214
C00185,5.710459,8.288234,4.8064675,9.088673,6.100426,6.4428954,5.9774075,2.7121346,4.2184243,6.40649
C00186,6.8406696,7.693082,4.759837,8.045271,5.082933,6.4538393,5.1288867,3.4758995,4.4872456,5.167231
C00187,7.200236,8.131804,3.5377924,6.0226064,4.823422,6.8201265,4.9796643,2.6721222,4.81674,4.879065
C00188,6.741393,8.398257,3.6879725,6.02203,4.96755,6.675632,5.2962832,2.8284943,4.695443,4.6536593
C00189,5.8682556,8.935737,3.20591,5.661904,5.666981,6.0264015,5.573494,3.0637047,4.7148647,4.038911
C00190,6.0945325,9.309081,2.1579638,5.347234,5.5740685,5.8617287,5.003779,2.504345,5.005328,4.4293213
C00191,4.9672384,8.880891,4.744483,7.7996674,4.871742,5.889186,5.730858,3.7219467,4.232583,4.459524
C00192,5.693664,7.907585,4.7597823,9.1557865,5.8593,5.9640493,5.4839106,3.3124645,4.2842464,5.8702254
C00193,6.6765475,7.848056,5.065496,8.865817,5.0308385,6.423026,5.196526,3.4646013,4.4183426,5.6034226
C00194,6.3996844,6.952973,3.8105545,5.3331146,4.9516954,7.0345573,5.369667,2.5358315,4.327525,4.9115224
C00195,5.558768,9.254586,3.1831253,5.879282,5.4398823,5.779151,5.5328574,3.1912968,4.722729,3.93438
C00196,6.057635,6.7359567,3.280557,4.850569,5.1891274,6.8453674,5.2723336,2.3414867,4.3422723,4.906072
C00197,5.5441713,8.457009,2.937394,5.8627667,5.8267803,5.830766,5.3239446,2.8887475,4.6528354,4.4598746
C00198,6.4150605,7.5706453,3.9286363,5.6296997,4.8673244,6.853866,5.4182825,2.8267176,4.411901,4.6253614
C00199,6.464365,7.6797614,3.3692985,5.9734054,5.0734386,6.5250134,4.9772186,2.6491246,4.639894,4.9627123
C00200,6.6995244,7.3455787,3.9380875,5.7594023,4.8368306,7.0265203,5.3029766,2.6441271,4.4379797,4.9305096
C00201,5.5645533,8.688889,4.4309998,9.183823,5.379574,6.1890717,5.376496,2.6135066,4.471734,6.550043
C00202,7.1117377,7.84592,5.2091646,8.868601,4.771854,6.6315107,5.1360607,3.4655664,4.4640336,5.6234436
C00203,6.751321,7.2331276,5.115386,9.1565,5.3634124,6.132517,4.932819,3.7205653,4.3923273,5.580251
C00204,5.218637,8.7727785,4.37683,9.302993,5.4655757,5.9593925,5.389757,2.684027,4.443871,6.525555
C00205,5.1119065,8.280707,4.6549883,8.008194,5.748495,5.858837,5.8789406,3.6757948,4.184173,4.737853
C00206,5.0984426,8.313062,4.94585,7.9153476,5.678899,5.910612,5.981898,3.8619611,4.071312,4.4597745
C00207,5.4309993,8.481647,5.009095,8.149735,5.2308316,6.164956,5.860345,3.6112418,4.1794477,4.887912
C00208,5.963771,7.1969023,3.248368,4.9140105,4.510999,6.766117,4.9922414,2.4076078,4.416773,4.8064566
C00209,5.678662,8.231413,4.7093,8.93482,6.207649,6.378143,6.018208,2.7600322,4.1945486,6.2678194
C00210,5.2070804,8.072762,4.770518,9.399662,6.6799855,6.141052,6.1999364,2.8323152,4.060643,6.38365
C00211,6.3196154,7.5032625,3.6820097,5.5027814,4.886722,6.7303476,5.2872643,2.808319,4.4459143,4.5939164
C00212,5.5356164,8.131851,4.7292676,9.448514,6.5076165,6.325167,6.0114875,2.5942435,4.157622,6.7514625
C00213,6.4083376,9.009448,2.3449223,5.2603893,5.367066,6.149127,4.9673185,2.3916216,4.9633555,4.5588617
C00214,5.283443,7.913135,4.3016233,9.463661,6.3712196,5.7707953,5.425304,2.819445,4.32261,6.575456
C00215,5.6414185,8.105398,4.6647224,9.373778,6.0711713,6.1234984,5.6405125,2.891927,4.2946362,6.4086647
C00216,6.3244267,8.240635,3.492498,6.149113,5.0784492,6.468178,5.2085953,2.731752,4.636099,4.838753
C00217,4.930676,8.785028,4.750706,7.90622,4.928366,5.814472,5.6692033,3.7639182,4.244519,4.4907823
C00218,6.158462,9.252375,2.157154,5.368635,5.5203195,5.8869576,4.9329376,2.4364855,5.031169,4.5102644
C00219,6.160774,6.760564,3.5909142,5.163801,5.1148176,6.8782215,5.32982,2.548685,4.323625,4.817205
C00220,6.4492726,7.280428,3.3984118,5.4102707,5.102606,6.76649,5.1701574,2.5319936,4.50416,4.868089
C00221,5.4854474,8.820394,4.7774043,9.13159,5.3489075,6.2530546,5.674763,2.8524282,4.3468423,6.2065654
C00222,5.1808095,8.806926,4.818872,7.8327184,4.8667507,6.072039,5.736536,3.5726388,4.2357225,4.6515884
C00223,5.4109874,7.9047403,4.4380865,9.2622175,6.0115733,5.7417173,5.3247814,3.1526496,4.3363485,6.1117735
C00224,5.423015,8.531667,4.266291,9.0704775,5.390587,5.872646,5.1828537,2.9024446,4.507067,6.1961846
C00225,5.2014704,7.992621,4.570771,9.504222,6.5770006,5.901802,5.8394976,2.884657,4.1823907,6.468054
C00226,5.4097137,7.897812,4.3463755,9.291448,6.187372,5.788363,5.3776655,2.98084,4.336309,6.3168592
C00227,7.860945,8.108233,4.1394296,6.7941656,4.693686,7.066255,4.948767,2.9459605,4.8383636,5.1544986
C00228,5.1924925,8.300714,4.954375,8.065741,5.5723686,6.019302,5.971372,3.7117882,4.0760083,4.726229
C00229,5.657689,8.675349,2.8556466,5.843258,5.5904818,5.851096,5.2344723,2.8332016,4.7153125,4.4521995
C00230,5.1221523,8.08373,4.6615133,9.489045,6.752329,6.0627985,6.1070976,2.7430341,4.1078467,6.5628886
C00231,6.8768907,7.901597,3.5971313,5.685817,4.69152,6.888413,5.1026034,2.632279,4.6662774,4.7927523
C00232,5.222542,8.111717,4.531796,9.538806,6.7184477,6.0920186,5.993906,2.5616121,4.170743,6.8133173
C00233,5.1155996,8.276837,4.899756,8.398901,5.5514536,5.8151684,5.7855644,3.81677,4.1566477,4.806751
C00234,7.29029,7.9894776,3.725757,6.083309,4.817472,6.982672,5.0771646,2.662191,4.7498026,4.9753556
C00235,6.6717873,7.711656,5.117746,8.990351,5.0876718,6.3295264,5.1421094,3.5815806,4.400846,5.562472
C00236,5.4834194,8.484166,5.0100574,8.14834,5.2113714,6.2041397,5.851529,3.575645,4.190648,4.929083
C00237,6.5081973,7.5789127,4.9893265,8.582433,5.2634554,6.2312365,5.1893687,3.683028,4.3674746,5.23297
C00238,6.7354226,7.5703197,5.13624,8.844849,5.2742667,6.383591,5.221122,3.56703,4.3676696,5.525654
C00239,5.4097724,7.895926,4.528587,9.537828,6.25022,5.814317,5.4762716,3.016011,4.290027,6.400121
C00240,5.9663763,8.517259,4.5317745,8.368646,5.405495,6.4847894,5.64196,2.7782369,4.4021864,5.9404154
C00241,5.9557734,9.021693,2.4082522,5.161472,6.351183,5.9409137,5.405795,2.6659982,4.916587,4.2866826
C00242,5.8985767,6.8920555,3.562845,4.800059,4.2216563,6.988943,5.0791373,2.436258,4.206526,4.8145566
C00243,6.6295915,7.8313794,5.061058,8.362866,5.117801,6.4810405,5.371116,3.5288725,4.3638945,5.250412
C00244,5.8727994,6.7155485,3.8444898,5.130393,4.3366914,6.9890056,5.119661,2.5546193,4.2008967,4.9036164
C00245,5.398036,8.847641,4.6771197,9.187541,5.3639393,6.179665,5.6022897,2.7970076,4.3748136,6.3026223
C00246,6.59171,7.531521,3.9841995,5.745077,4.7826805,6.955305,5.3478,2.7665892,4.4391418,4.762597
C00247,6.3154774,7.1984615,3.225023,4.8690014,5.0272036,6.881948,5.214128,2.3290856,4.4731007,4.8472686
C00248,5.639594,8.189417,4.7059984,9.372813,6.277014,6.231892,5.9187527,2.7533538,4.207491,6.5378366
C00249,5.376386,8.36238,4.184074,9.0182905,5.490223,5.7838383,5.093266,2.943473,4.5036607,6.158361
C00250,5.6278753,9.317102,3.1883118,5.817955,5.325796,5.8248534,5.502392,3.1796029,4.768758,3.8986213
C00251,7.0418286,7.5001836,5.129884,9.035505,4.995814,6.3848524,4.9236364,3.5843697,4.479866,5.641274
C00252,5.554699,7.9448004,4.63211,9.565924,6.331539,6.0507755,5.644912,2.822632,4.259523,6.617185
C00253,5.6778564,8.291619,5.007139,8.305958,5.3825126,6.252763,5.832858,3.5242841,4.2023125,5.113164
C00254,5.867758,8.48823,4.4142985,8.608253,5.416285,6.3395824,5.462539,2.7308393,4.45276,6.1430883
C00255,7.0708823,7.824638,5.237678,8.955673,4.796692,6.592478,5.132432,3.4907641,4.4516883,5.6518807
C00256,6.1571465,8.919404,2.5701056,5.0922465,6.1538596,6.1581507,5.3952174,2.6973228,4.932002,4.2779846
C00257,6.404292,7.4182334,3.2757015,4.857003,4.358009,6.9855304,4.960227,2.3360171,4.5157695,4.8126407
C00258,5.80724,6.8729005,3.1274023,5.2279387,5.3301234,6.598527,5.124485,2.2929013,4.3785195,5.1238794
C00259,6.017918,6.6854854,3.3594131,4.922032,5.1601915,6.8362136,5.2829175,2.405445,4.32108,4.881035
C00260,5.4980702,7.1578746,4.300613,5.6635404,4.4539366,6.670923,5.4581156,3.1260397,4.0796447,4.4196224
C00261,6.7489552,7.725384,5.343189,8.719835,4.755642,6.3833165,5.1647305,3.873438,4.3562045,5.1020546
C00262,6.635688,8.021755,3.9948695,6.554798,5.100656,6.8605876,5.420074,2.5925667,4.526658,5.29205
C00263,7.1642246,8.113785,3.7685401,6.093423,4.8445935,6.910288,5.1517615,2.7451007,4.73656,4.8619184
C00264,6.8366776,7.828748,5.289977,8.496997,4.709115,6.516263,5.231032,3.7601595,4.3773932,5.082532
C00265,7.177618,7.637104,4.9142404,8.165385,4.9125824,6.617647,5.0633745,3.4599018,4.517047,5.278907
C00266,7.307669,7.995163,3.9622629,6.2999306,4.7479563,6.9599376,5.1011696,2.8639317,4.7277365,4.8826046
C00267,6.1039,8.529264,2.854054,5.547252,5.931385,6.1486826,5.336606,2.673789,4.764357,4.545588
C00268,5.1228266,8.709469,4.70238,7.65606,5.1106997,5.9647703,5.8094583,3.6773012,4.1981215,4.4574003
C00269,5.925963,6.798071,3.5836267,4.919572,4.399072,7.0015216,5.0649123,2.3978288,4.259789,4.9329042
C00270,5.9667587,9.1774235,2.0838058,5.468355,5.6926394,5.7611375,4.9331264,2.431876,4.985098,4.5917983
C00271,5.471204,8.054282,4.389702,9.054608,5.6351767,5.7593775,5.163587,3.19874,4.412966,5.937411
C00272,7.267941,7.292149,5.261075,8.727635,5.03694,6.5688324,4.965642,3.464381,4.435128,5.6509604
C00273,6.7314715,7.662078,5.1738605,8.410639,5.0574875,6.4397373,5.282678,3.7077744,4.3540816,5.1124086
C00274,5.7478747,8.98368,3.2516599,5.75035,5.6556916,5.9510045,5.5905614,3.1419475,4.7138667,4.0060916
C00275,6.066242,8.401538,4.6768675,8.4712715,5.484033,6.530354,5.689257,2.8455381,4.3546915,5.940788
C00276,7.0829673,7.707529,5.2841754,8.890201,4.755721,6.551778,5.061301,3.613722,4.444445,5.495672
C00277,5.2976823,7.99238,4.5228496,9.638906,6.615991,5.923277,5.803418,2.7616208,4.202828,6.716185
C00278,5.310488,8.147104,4.7170095,9.313055,6.616716,6.168056,6.160914,2.7816334,4.1093526,6.425859
C00279,5.386563,7.867356,4.4367294,9.5669,6.356185,5.814884,5.4623218,2.9045296,4.299791,6.5548024
C00280,6.3018775,7.4715414,3.6166716,5.4325194,4.9265494,6.7010403,5.2675967,2.77278,4.4461036,4.5538583
C00281,7.037262,7.65399,4.701387,7.917904,5.0435796,6.5697703,5.084878,3.336101,4.525397,5.2713265
C00282,5.1908064,8.344516,4.987292,8.178014,5.42788,5.9913344,5.8815455,3.7451582,4.112769,4.755943
C00283,7.21395,7.628752,5.3311815,9.000363,4.6560326,6.5640597,4.935768,3.5959527,4.484945,5.588988
C00284,7.573863,7.961308,3.9584756,6.4367366,4.6670637,7.0430036,4.9981256,2.7851264,4.77519,5.0249267
C00285,5.887667,6.891955,3.61275,4.8352094,4.2205873,6.958833,5.070432,2.4856749,4.2240777,4.7740965
C00286,6.860131,7.7595487,3.4265335,5.4783354,4.6906357,6.9111476,5.0154567,2.5107465,4.6610413,4.8635178
C00287,6.209022,9.175558,2.3804178,5.1707973,6.1922684,6.028396,5.3219566,2.5901487,4.9557333,4.3130536
C00288,7.2069244,7.32205,5.2065477,8.935009,5.03084,6.405624,4.8988857,3.6812394,4.465675,5.5088806
C00289,5.671098,7.125265,3.1263745,5.1774898,4.7232094,6.554837,4.913616,2.3722193,4.3993397,4.9835963
C00290,5.510193,8.194045,4.537897,9.222714,6.437474,6.2125936,5.979252,2.6276312,4.2017026,6.5826564
C00291,5.8271785,7.017294,3.3835056,4.9913387,4.38945,6.7782745,4.956272,2.4405243,4.3404336,4.854249
C00292,5.0494704,8.84177,4.9201703,7.8755813,4.777459,5.990382,5.789656,3.737083,4.167118,4.4825444
C00293,6.308456,9.238509,2.1598985,5.3317304,5.615632,5.979927,4.9662127,2.39879,5.046541,4.557773
C00294,6.2898364,9.300184,2.0624368,5.2601075,5.5033584,5.948223,4.9256787,2.3858836,5.0152354,4.52285
C00295,6.6966553,7.692556,4.1705346,6.403478,4.840278,6.787954,5.2865868,2.9808633,4.4779778,4.8322434
C00296,7.7627177,8.096964,4.0350466,6.656331,4.7125506,7.0219855,4.9206805,2.885797,4.84288,5.079819
C00297,5.2475185,8.935716,4.307405,9.162052,5.4003305,5.9998975,5.4230256,2.627866,4.478478,6.471777
C00298,6.2962904,8.904291,2.5340173,5.1951923,6.071941,6.0777555,5.3760476,2.5768328,4.8511543,4.3152895
C00299,5.7778797,8.841954,4.6468363,9.134939,5.219486,6.3461547,5.542742,2.712718,4.4642954,6.3589535
C00300,6.429631,7.5341387,3.2447405,4.9244657,4.568197,6.912277,5.0438232,2.3784459,4.5487485,4.7690115
C00301,5.6032357,9.434462,3.1295516,5.8640876,5.270166,5.7663755,5.456465,3.1621487,4.834012,3.9113982
C00302,5.7897882,7.3054338,3.9396894,5.529506,4.928673,6.5981717,5.5035996,3.0193927,4.2300553,4.405099
C00303,4.9779572,8.255815,4.686518,8.01068,5.7469645,5.7587876,5.8691554,3.7887988,4.144222,4.607348
C00304,5.343288,8.204429,5.022303,8.294939,5.5443144,5.9986677,5.876303,3.8011959,4.1282887,4.7928386
C00305,5.139214,8.825377,4.6383452,7.4804683,4.9980626,6.0223413,5.77556,3.5747957,4.2287536,4.4597454
C00306,5.1407924,8.413367,4.7299447,7.561845,5.60167,5.9551497,5.9453454,3.7312012,4.142018,4.4076467
C00307,5.4759326,8.798532,4.7531195,9.198604,5.3155613,6.1952963,5.5865583,2.8775296,4.3700757,6.2291536
C00308,6.954608,8.396397,3.7448406,6.2559614,4.9511733,6.7613816,5.24323,2.7695065,4.7287135,4.846397
C00309,5.494848,8.995913,4.4704657,9.204158,5.2536573,6.197488,5.4617968,2.607499,4.498709,6.500476
C00310,5.973995,6.9821978,3.445578,4.767434,4.3023047,7.0119724,5.0525417,2.3036654,4.2614727,4.9130745
C00311,6.2024727,6.798657,3.7172854,5.125442,4.950458,6.9870567,5.3570046,2.5149913,4.2719007,4.861923
C00313,5.146219,8.341035,4.9459767,8.3209305,5.4208913,5.859618,5.7888417,3.8421545,4.1624784,4.7297053
C00314,5.3465004,8.667303,4.5858216,9.328257,5.42257,6.000229,5.419432,2.8845322,4.4041915,6.3229694
C00315,6.5751586,7.6511645,3.2692707,5.004394,4.5520835,6.9535546,5.0274334,2.381946,4.595228,4.780046
C00316,5.5979385,7.9329925,4.639571,9.527072,6.149484,5.980143,5.515511,2.9676623,4.292782,6.4580994
C00317,5.2243595,8.289427,4.8729234,7.924378,5.6482673,6.00347,5.9924073,3.739693,4.10474,4.6246047
C00318,6.339859,8.94178,2.4628994,5.1616597,6.146979,6.0636554,5.3767223,2.5360882,4.8683906,4.3124437
C00319,6.788359,7.479665,5.346069,8.562429,5.02825,6.3371215,5.1869454,3.9298313,4.332704,4.998739
C00320,5.7672834,9.180797,3.219861,5.81291,5.331636,5.9361386,5.4721875,3.1110811,4.7378798,4.0078998
C00321,6.0659566,8.895449,2.566974,5.216723,6.167123,6.0343037,5.4162045,2.6640613,4.8500357,4.3072133
C00322,5.580231,7.5398974,3.9035547,5.5785675,4.7198124,6.483369,5.424131,3.0473864,4.2421803,4.366969
C00323,6.329501,8.978631,2.4019651,5.463542,5.3806076,6.080026,4.955755,2.4500062,4.931726,4.611615
C00324,6.1243463,7.495868,3.6823297,5.3767467,4.6282706,6.719208,5.2186317,2.78663,4.3989587,4.543893
C00325,6.676158,7.6578765,5.386234,8.768631,4.712902,6.280103,5.0761905,3.9660485,4.351408,5.0349255
C00326,6.678192,7.7031302,5.2218347,8.564774,5.100088,6.4329505,5.3290024,3.6935046,4.3349733,5.208562
C00327,6.688887,7.839432,3.6548827,5.5890107,4.8118467,6.9329085,5.268202,2.5497484,4.5718412,4.864104
C00328,5.1267962,8.734887,5.001707,8.115133,4.8520894,5.9933295,5.739378,3.7616978,4.1979723,4.6406693
C00329,5.934054,8.863411,2.3456135,5.2656584,6.3506474,5.87946,5.3440213,2.5718994,4.881637,4.419737
C00330,5.201823,8.7221155,4.6823354,7.697372,5.0503054,6.0024843,5.6877484,3.57175,4.174912,4.557675
C00331,6.556414,7.554497,5.0427403,9.151556,5.226445,6.161303,5.019513,3.6302707,4.4088583,5.62263
C00332,6.0888734,8.843071,3.2783668,5.655808,5.4409156,6.203846,5.469305,2.970268,4.7076416,4.1650686
C00333,5.882913,8.762719,2.3611345,5.661257,5.552182,5.851663,4.952393,2.5157158,4.852427,4.6842074
C00334,5.954564,8.551408,4.52911,8.518488,5.39104,6.475289,5.6015615,2.722509,4.420941,6.080351
C00335,6.7140837,7.6747756,5.39043,8.735167,4.7175655,6.320265,5.116309,3.9649005,4.349003,5.009517
C00336,5.6078525,8.390317,4.6145844,9.160319,5.3557773,5.981164,5.2811937,3.1316237,4.4313025,6.0077987
C00337,4.972954,8.877689,4.9338617,7.957178,4.7199883,5.9386864,5.7291994,3.788535,4.2017765,4.4831443
C00338,6.2231445,8.938032,2.567235,5.111549,6.1425953,6.153611,5.4108815,2.6202412,4.8827534,4.3174167
C00339,6.0000296,8.929068,3.2495582,5.665759,5.550403,6.1195655,5.544543,3.0381503,4.7241297,4.0780025
C00340,6.1917458,7.0823474,3.3731978,4.9517007,5.103498,6.822913,5.3353395,2.4895098,4.3872623,4.727299
C00341,5.923135,8.563485,4.5972085,8.671597,5.4416485,6.4930496,5.651645,2.701738,4.402617,6.1455903
C00342,6.5502005,7.504949,4.099147,6.127898,4.843734,6.837909,5.333413,2.8906484,4.4139,4.811369
C00343,5.89539,9.216782,2.2139719,5.3803234,5.472161,5.7880907,5.0094805,2.5666475,4.940321,4.381611
C00344,7.3136525,7.9771485,3.7125125,6.1386275,4.7522683,6.92116,4.987585,2.7118068,4.778079,4.9310837
C00345,6.692478,7.4864554,5.0729575,9.226458,5.208042,6.185173,4.951244,3.6124313,4.4243636,5.703734
C00346,7.553857,8.105563,3.8099244,6.274417,4.691151,6.986832,4.938772,2.7698946,4.8511233,4.933538
C00347,5.5377855,8.202139,5.152845,8.276243,5.4495587,6.155883,5.9523683,3.7890275,4.115725,4.811856
C00348,6.303467,7.3020554,3.2348404,4.750397,4.3593125,6.994175,4.9523525,2.2611825,4.4739776,4.86983
C00349,5.551759,8.958282,2.8987684,5.836879,5.518505,5.759398,5.317835,2.9676096,4.726973,4.2258577
C00350,5.7281837,6.935944,3.4935703,5.1169896,4.432811,6.7321243,5.0004144,2.519609,4.2858205,4.846925
C00351,5.221853,7.8828473,4.3763146,9.362684,6.325227,5.658081,5.4823704,3.086225,4.2730207,6.2224436
C00352,7.735908,8.032506,4.0310636,6.589665,4.6756425,7.0558634,4.929853,2.8625958,4.8396096,5.059122
C00353,6.316217,7.4523764,3.2722342,4.9554477,4.522551,6.919174,5.023455,2.309353,4.5143065,4.900192
C00354,6.5516334,7.489626,4.0869083,5.8742023,4.7279687,6.9909573,5.3570485,2.7487283,4.401626,4.860863
C00355,7.403493,8.182113,3.7484677,6.3043833,4.815928,6.9111104,5.0291944,2.7332728,4.8195333,4.9766154
C00356,5.716787,8.089228,4.8418727,8.794995,5.377942,5.993671,5.396444,3.5347877,4.3205132,5.4022946
C00357,5.476194,8.126511,4.670146,9.530616,6.559906,6.1995997,6.0050173,2.6385179,4.164479,6.746827
C00358,5.2179437,7.9585257,4.4609747,9.48621,6.464402,5.779217,5.657328,2.9525583,4.2311816,6.4168177
C00359,6.858632,7.1509385,5.1263123,9.135744,5.3035054,6.144848,4.851128,3.7263963,4.41805,5.578496
C00360,6.4084687,8.872605,2.60859,5.2000475,5.820059,6.2038565,5.319089,2.5288038,4.84213,4.3859673
C00361,5.227875,8.322813,4.817496,7.87482,5.6575317,6.0364795,6.0007896,3.6542625,4.1099663,4.6886077
C00362,6.49709,7.104563,3.9393373,5.5229397,4.8362455,7.0605893,5.3529525,2.595022,4.3437724,4.9189677
C00363,6.2087116,8.912463,2.694599,5.1607575,5.9429445,6.1571097,5.4316087,2.6596835,4.824279,4.2585597
C00364,5.7601995,7.280008,3.160285,5.5578775,5.335456,6.351565,5.115311,2.5527601,4.4497232,4.9230027
C00365,6.5964956,8.600012,3.584959,5.9793406,5.0040913,6.561594,5.322647,2.8442688,4.7119884,4.5651603
C00366,6.020032,8.929021,3.253752,5.6766176,5.2237687,6.1806,5.397218,2.9621763,4.724349,4.1656375
C00367,5.4265676,7.910246,4.432234,9.507892,6.2384825,5.8327208,5.415944,2.9083884,4.3234425,6.514252
C00368,5.5213156,8.0998125,4.7731805,9.460337,6.482235,6.285832,5.995882,2.674471,4.173615,6.67016
C00369,5.5740724,7.992027,4.751664,9.54778,6.3639436,6.149887,5.784779,2.824207,4.219654,6.59405
C00370,5.7551904,8.820461,2.2713034,5.664792,5.7191153,5.741956,4.984162,2.5224733,4.861902,4.66286
C00371,6.8999352,7.7721596,3.6478758,5.768797,4.7374635,6.902293,5.1006913,2.6311553,4.624062,4.8632073
C00372,6.4180274,7.4092584,3.274167,4.8158684,4.3503633,7.008395,4.9644213,2.321616,4.514083,4.81096
C00373,5.2415156,8.005541,4.318425,9.286822,6.4279246,5.884385,5.5868254,2.7422426,4.2916613,6.5215745
C00374,6.614001,8.36444,3.1187904,5.581625,4.9709,6.65151,5.0861325,2.4245446,4.7664914,4.864319
C00375,6.509963,7.7194376,5.107722,8.771379,5.033656,6.232009,5.154129,3.7660584,4.3752174,5.227103
C00376,6.611086,7.5252433,3.360897,5.056048,4.8433332,6.9906826,5.20097,2.355293,4.5649114,4.857996
C00377,7.2642913,8.11049,3.5688822,5.9583626,4.7605844,6.8895965,4.9776926,2.6607907,4.8211303,4.865319
C00378,5.5635896,7.871352,4.5522757,9.50357,6.180996,5.8944135,5.4465528,2.9996786,4.3064833,6.417846
C00379,5.401282,7.9061713,4.557956,9.4771805,6.184418,5.8048043,5.473565,3.0859458,4.2883863,6.2837567
C00380,5.732637,9.305418,2.2372787,5.5025506,5.588336,5.676108,5.046663,2.624584,4.923031,4.370761
C00381,5.3312955,7.9711165,4.2919083,9.322474,6.421763,5.9082,5.5612817,2.7073343,4.2995777,6.6102133
C00382,7.001554,7.7550054,5.2409115,8.925792,4.835441,6.5232472,5.1184187,3.604786,4.4333725,5.5200744
C00383,6.1133814,9.191351,2.284608,5.167383,6.275564,5.937161,5.309325,2.5818095,4.984844,4.32947
C00384,5.9533086,8.822279,3.4164848,5.868002,5.5903397,6.101197,5.588774,3.1225588,4.68374,4.132946
C00385,5.0543575,8.952014,4.6976023,7.6041303,4.826193,5.9924192,5.742294,3.5942938,4.2780566,4.504271
C00386,5.9731784,6.6218734,3.3443305,4.9800944,5.2035217,6.8607326,5.2533197,2.288336,4.28953,5.0684123
C00387,7.1499844,7.806504,5.2937803,8.981613,4.696753,6.6223745,5.077538,3.52777,4.4614644,5.631454
C00388,5.856496,7.5295773,3.9085615,5.8275223,4.698918,6.588128,5.281135,2.9390233,4.326281,4.619951
C00389,5.906756,6.978347,3.4510434,4.751158,4.17012,6.973496,4.9861746,2.360519,4.2780213,4.8578763
C00390,6.5962853,7.4267964,4.0131574,5.7370353,4.7330747,7.013879,5.3269534,2.7113028,4.4153323,4.848794
C00391,5.4878125,8.150515,4.8155966,9.2815895,6.542632,6.3753567,6.1542406,2.6555374,4.124042,6.5543537
C00392,5.840821,8.906134,3.138447,5.6282463,5.683512,5.997621,5.5300565,3.0268235,4.710087,4.073028
C00393,7.0175843,7.7072587,4.9324183,8.015626,4.882337,6.6603236,5.1796336,3.3874307,4.461671,5.2614207
C00394,5.0363836,8.376187,4.8430357,7.8025594,5.655545,5.8805914,5.9528856,3.8150387,4.098619,4.441658
C00395,7.643504,8.0684595,3.938877,6.5015135,4.720831,7.004478,4.953783,2.8290272,4.8379183,5.0206037
C00396,7.1863174,7.8146873,5.250791,8.906998,4.665522,6.6706004,5.0477786,3.4264126,4.490968,5.691631
C00397,6.071258,6.90857,3.3645892,4.9707856,5.1180673,6.79682,5.2828493,2.4437742,4.3527646,4.819886
C00398,5.5318937,8.393518,4.54907,9.424655,5.5894256,6.0093093,5.319459,2.858272,4.4190836,6.4658394
C00399,5.7717876,7.2200384,3.1621444,5.513688,5.344761,6.382655,5.126445,2.5290513,4.439059,4.939873
C00400,5.691153,7.2768245,3.2356563,5.630691,5.2990146,6.317922,5.1314044,2.6212032,4.420577,4.885831
C00401,5.6360903,7.2793317,4.1809683,5.7193108,4.7812634,6.5878534,5.5515966,3.145893,4.154303,4.3819733
C00402,7.213824,7.6856766,5.252024,8.858058,4.899836,6.643835,5.1371803,3.461152,4.4516387,5.647991
C00403,6.5078545,8.621469,2.8892581,5.3702116,5.364325,6.4096327,5.1922717,2.5692139,4.8247333,4.524907
C00404,6.285031,6.894139,3.7885232,5.2131844,4.894785,7.007651,5.3612866,2.5536141,4.2888894,4.8447213
C00405,6.862989,8.254233,3.4874508,5.7769055,4.9316287,6.796522,5.193053,2.5936625,4.7268634,4.8173847
C00406,5.473277,7.890203,4.5703287,9.601395,6.3763657,5.9416447,5.5860634,2.8726811,4.265471,6.5947175
C00407,5.857942,7.9250875,4.839755,9.360706,6.001134,6.1779413,5.597725,3.0544086,4.2727666,6.262333
C00408,5.5534825,8.606732,4.6976795,7.82582,5.2446,6.264734,5.8115153,3.3140538,4.2676587,4.9967346
C00409,4.986684,8.170331,4.627588,8.186686,5.8322353,5.6913357,5.7843266,3.7593002,4.168878,4.752774
C00410,6.8823996,7.7859974,5.213995,8.903007,4.900534,6.489623,5.166883,3.595012,4.4154477,5.506451
C00411,5.416334,8.367448,4.449997,9.428248,5.638505,5.90564,5.260505,2.8715756,4.4244766,6.4564433
C00412,6.8753514,7.0918903,5.144067,9.116726,5.2994847,6.1250353,4.8158503,3.7722664,4.417645,5.5268
C00413,6.0599747,6.707089,3.6898952,5.1336536,5.018501,6.901354,5.3605886,2.5629213,4.246807,4.8161225
C00414,4.9673,8.93851,4.870789,7.8481197,4.712328,5.931758,5.7410655,3.7615256,4.21598,4.4418044
C00415,6.3823667,7.4500303,3.2388842,4.8449636,4.4126806,6.9505076,4.9763155,2.3442724,4.5262656,4.7880588
C00416,5.004178,8.846969,4.955677,8.027448,4.7308707,5.939554,5.7035303,3.7854152,4.20097,4.533838
C00417,7.2020893,8.052143,3.5721378,6.0319405,4.8012276,6.833513,4.9654584,2.6854072,4.802286,4.8906817
C00418,5.6684704,7.1724377,3.1529422,5.2404165,4.71531,6.521782,4.9112773,2.4206924,4.3995275,4.95782
C00419,6.0559196,6.70757,3.703982,5.1817975,4.90948,6.9798355,5.2807174,2.4427106,4.2356334,5.012424
C00420,6.9982753,7.6270647,3.7000208,5.81436,4.8020153,6.9442205,5.094352,2.6487398,4.618438,4.892486
C00421,6.014088,7.540968,3.5052512,5.454821,5.018308,6.539296,5.2932587,2.7751608,4.427694,4.5764704
C00422,5.2247577,8.772022,4.338964,9.2947235,5.4344893,5.925325,5.325629,2.7060676,4.4652004,6.4976044
C00423,6.255747,6.8709707,3.8497567,5.3126917,4.9242682,6.9775805,5.3652067,2.613377,4.2722664,4.834045
C00424,7.254113,7.2723403,5.268849,8.952334,5.0929794,6.461114,4.93741,3.6064236,4.443794,5.618764
C00425,6.3752275,7.530431,3.2759953,4.971405,4.4798203,6.92195,5.016393,2.3309047,4.5326233,4.8661976
C00426,5.019821,8.141759,4.611292,8.192476,5.845895,5.71952,5.7758827,3.7553136,4.1921196,4.7951612
C00427,6.1262693,9.206293,2.4695425,5.054179,6.2025013,6.004409,5.452048,2.6806395,4.939021,4.1251464
C00428,5.949876,8.805278,3.4087152,5.848547,5.5595694,6.1063704,5.5683537,3.104653,4.6787443,4.1445146
C00429,5.528627,7.1016145,4.301777,5.631225,4.4758263,6.7042484,5.4447613,3.0952415,4.070948,4.4477015
C00430,6.2190347,9.014862,2.2787313,5.438296,5.5807643,5.987839,4.9745383,2.4282954,4.9619703,4.6090636
C00431,5.860121,8.009123,4.904181,9.303915,6.0383544,6.2845225,5.7522583,2.9906442,4.2378354,6.267159
C00432,6.9577584,7.5370274,3.727442,5.7750006,4.740444,6.971599,5.0827546,2.6405811,4.584244,4.901275
C00433,5.22313,8.892962,4.386191,8.950058,5.2672167,6.204631,5.4916873,2.5081153,4.404712,6.52795
C00434,7.011811,7.888738,3.7119253,5.7533617,4.7528744,6.99205,5.170283,2.6343396,4.663172,4.8441887
C00435,5.560868,8.918058,4.428877,8.5517645,5.324767,6.431429,5.695244,2.502225,4.4119134,6.281579
C00436,6.670014,8.419089,3.703751,5.9220433,4.8963985,6.7013474,5.329514,2.8139455,4.6717825,4.617001
C00437,5.6245866,7.8909903,4.642407,9.4841795,6.126338,5.9541907,5.4920316,3.0371766,4.2936816,6.3623886
C00438,5.0284405,8.954895,4.607365,7.4088674,4.8360295,5.9853454,5.7632737,3.556827,4.29545,4.413972
C00439,5.6353235,7.522416,3.8770802,5.5194125,4.7378254,6.515021,5.4301734,3.0210302,4.2535725,4.365527
C00440,6.1627326,6.8552556,3.5246928,4.8708434,4.871309,6.94968,5.297993,2.4800146,4.304522,4.7556624
C00441,6.7259817,7.555325,5.371543,8.670523,4.9185076,6.3202786,5.1631618,3.941314,4.329194,5.023365
C00442,7.4120755,8.0761,3.7646317,6.3732777,4.8089533,6.908854,4.980972,2.7307012,4.814206,5.0230556
C00443,5.723816,7.4084873,3.9291377,5.5270796,4.9591303,6.5408673,5.549324,3.0545056,4.2272134,4.3445525
C00444,6.7954106,7.554472,5.35027,8.445506,4.9522605,6.4164944,5.236875,3.8875647,4.323632,4.95485
C00445,5.184258,8.354682,5.0462775,8.184758,5.428443,5.945269,5.9061885,3.8816395,4.1217937,4.614169
C00446,6.7290826,7.6037025,5.162756,9.183801,5.0400305,6.275712,5.0121202,3.6812623,4.4172482,5.5947924
C00447,6.9159303,7.390062,5.005522,8.976718,5.1846294,6.26372,4.899954,3.5780284,4.4820533,5.628033
C00448,6.398346,7.6688066,3.287838,5.102196,4.391955,6.884893,4.954876,2.3679683,4.5702977,4.861244
C00449,6.042188,8.841611,3.3374517,5.688675,5.421878,6.1982875,5.496595,3.0160303,4.6824417,4.1362944
C00450,6.7590394,7.6593447,5.287012,8.585155,4.9796414,6.4322815,5.2611704,3.780892,4.3428755,5.137573
C00451,6.0124593,8.323235,4.666253,8.022648,5.25939,6.4457135,5.626896,3.1123967,4.3482704,5.4120708
C00452,5.9846983,6.9913054,3.5692704,4.859782,4.213931,6.9714613,5.046861,2.465973,4.2693205,4.7909794
C00453,5.2562866,8.0392475,4.464818,9.513574,6.6753054,6.060259,5.8726535,2.5803196,4.2040396,6.810332
C00454,4.8981233,8.890976,4.865514,7.984726,4.747087,5.857975,5.656245,3.7743149,4.2430544,4.4949203
C00455,6.2038555,6.9489117,3.359614,4.996289,5.0439715,7.0070076,5.2182264,2.171843,4.376716,5.157522
C00456,6.209003,9.085162,2.3005693,5.3169565,5.4431486,6.018358,5.0031486,2.4657195,4.9415307,4.4907117
C00457,6.7638636,7.642485,5.236927,8.500115,5.0594163,6.451898,5.2893057,3.7114365,4.344728,5.1645694
C00458,6.5465317,8.349372,3.110647,5.638308,5.3017793,6.4908714,5.181923,2.5749154,4.751222,4.71893
C00459,5.979583,6.797057,3.2580934,4.8207283,5.1861515,6.7927547,5.312196,2.3828862,4.3385444,4.836258
C00460,5.4688306,8.83018,4.7687383,9.156703,5.356985,6.2412496,5.66888,2.844726,4.351843,6.227702
C00461,5.851912,7.930627,4.7904916,9.312832,5.8765473,6.1145053,5.487977,3.1222193,4.309811,6.1677394
C00462,5.7871456,8.599537,4.748557,7.861267,5.0744658,6.386358,5.7238197,3.2508695,4.316371,5.1031785
C00463,5.7845097,7.494892,3.7803905,5.480933,5.012552,6.519286,5.4986925,2.9654634,4.294729,4.397693
C00464,5.279745,8.506303,4.3284106,9.337307,5.554795,5.838572,5.224691,2.8212566,4.459726,6.438119
C00465,7.376368,7.3715158,5.226444,8.834309,5.0205307,6.570786,4.9744234,3.5183084,4.4739466,5.6336727
C00466,5.7103724,7.626665,3.9578319,5.5082603,4.6552343,6.5699563,5.492211,3.0358584,4.253832,4.3303294
C00467,6.1208444,8.405898,4.631659,8.347606,5.4047723,6.539122,5.6465287,2.8537157,4.387187,5.870298
C00468,7.2035785,7.71741,5.3657475,8.9784,4.551803,6.5834813,4.9810715,3.684149,4.468161,5.473387
C00469,6.0578012,6.601386,3.5763972,5.1056237,5.063276,6.951178,5.280746,2.3756042,4.25313,5.04695
C00470,6.1263714,8.987985,2.311465,5.130886,6.3451385,5.990748,5.3415513,2.5264823,4.9207273,4.3937645
C00471,5.7553954,7.0705605,4.2667623,5.73697,4.7302756,6.7113285,5.500171,3.0900795,4.123207,4.485681
C00472,5.085902,8.02038,4.5658007,9.197609,6.6813693,6.0595794,5.9638276,2.7641299,4.167602,6.3818293
C00473,6.5736456,7.4239364,5.0561037,9.265471,5.2150025,6.069495,4.8910527,3.708459,4.4194508,5.6255846
C00474,6.7806973,7.731466,5.4118485,8.686757,4.6623516,6.4090276,5.158638,3.904911,4.3468657,5.047674
C00475,6.5273085,8.296354,3.7944765,6.4179635,4.9106183,6.6762805,5.2881403,2.7076395,4.6040716,5.011113
C00476,5.743007,8.717185,4.651014,9.19274,5.3102245,6.286636,5.492446,2.7578018,4.446593,6.379504
C00477,5.521256,8.438909,4.428479,9.158786,5.389185,5.9048805,5.211478,3.0231228,4.4755273,6.1229997
C00478,7.6985292,8.016615,4.0020065,6.5605936,4.678857,7.047734,4.9214344,2.8454494,4.843039,5.0487657
C00479,5.496199,8.107525,4.493584,9.4222555,6.508084,6.198,5.8451924,2.5215259,4.233554,6.838217
C00480,5.742235,8.956619,2.3319895,5.591833,5.6017885,5.7531195,5.0357018,2.603707,4.855615,4.52541
C00481,5.8408422,8.567355,4.6290154,9.025312,5.403987,6.3424315,5.5225687,2.7518067,4.4220905,6.3386636
C00482,5.7939687,7.970906,4.7826033,9.366241,5.9447703,6.127925,5.539636,3.0680454,4.302063,6.243014
C00483,5.6926827,8.625167,2.3922584,5.6194525,6.0669465,5.7682405,5.166439,2.595221,4.794674,4.613472
C00484,7.2601876,7.4409394,5.130083,8.579841,5.0017996,6.5593934,5.014913,3.557937,4.474683,5.4369836
C00485,5.070606,8.841822,4.7999787,7.693442,4.9067497,5.9827323,5.8568926,3.6608596,4.1795673,4.4212165
C00486,5.0738387,8.799379,4.993395,7.9940457,4.7720447,6.01803,5.7530646,3.747826,4.189553,4.579666
C00487,5.3730855,8.262025,5.0409985,7.945676,5.5400944,6.0731854,6.032291,3.8971622,4.1319976,4.511245
C00488,5.805372,8.364848,4.744637,8.773669,5.9094415,6.486711,5.946785,2.7511504,4.250612,6.1819005
C00489,5.332861,8.069477,4.4970455,9.467717,6.7159195,6.1427565,5.965267,2.510044,4.1963515,6.852493
C00490,5.8633246,7.162478,4.2081866,5.7414374,4.7645955,6.720848,5.4871364,3.0814862,4.1830573,4.4990377
C00491,5.2205453,7.871548,4.30735,9.4888,6.4530325,5.714041,5.471271,2.8715947,4.297182,6.527582
C00492,5.275861,7.8877277,4.3406353,9.238295,6.281035,5.7180233,5.4645567,3.0432897,4.289537,6.210048
C00493,7.809609,8.093025,4.0742154,6.723949,4.721025,7.016176,4.907982,2.9120865,4.847185,5.1085997
C00494,6.195606,9.393283,2.1157832,5.340604,5.7895694,5.882466,5.043393,2.4686449,5.0523977,4.4751496
C00495,6.026904,7.2732854,4.158108,5.8210993,4.8398814,6.719042,5.4745445,3.0436516,4.2394543,4.5379033
C00496,5.5578966,8.034738,4.54027,9.0362625,5.7690415,5.894517,5.370069,3.2065399,4.3506327,5.9019837
C00497,7.1847296,7.7511535,5.2973714,9.0311165,4.6788483,6.632227,4.996126,3.458431,4.487728,5.7391667
C00498,5.29759,8.661138,4.692943,7.644557,5.1638384,6.0514565,5.7995377,3.6186936,4.187231,4.5260506
C00499,5.3334165,7.8748536,4.3182755,9.392402,6.3234653,5.7636137,5.409552,2.8995318,4.322202,6.457042
C00500,6.684566,7.7202153,3.3778381,5.293754,4.6192365,6.894197,5.0280633,2.494961,4.6190033,4.787433
C00501,5.7458105,8.794785,2.462321,5.4434376,6.1919637,5.809103,5.327993,2.677012,4.8212996,4.414072
C00502,7.680834,8.029567,3.9809954,6.5337763,4.6884723,7.039295,4.9587226,2.8373528,4.8486147,5.0289946
C00503,5.221793,8.164054,4.744339,9.290737,6.602103,6.1616826,6.171718,2.8056195,4.109484,6.3688536
C00504,6.336423,8.969796,2.373517,5.315281,5.401293,6.1093893,4.9879904,2.423603,4.9364214,4.5530577
C00505,7.0838947,7.174977,5.255142,9.075234,5.153303,6.286239,4.8545856,3.7448974,4.4282923,5.537804
C00506,6.252212,8.868143,2.4677694,4.994871,6.229639,6.21562,5.38602,2.560503,4.8995233,4.366779
C00507,5.6426272,8.48443,4.718687,9.203611,5.375557,6.1243486,5.4242945,3.0139353,4.394004,6.141605
C00508,7.3604646,7.292997,5.2332726,8.813708,5.0350647,6.4831886,4.927356,3.657807,4.472906,5.4916296
C00509,6.1645722,9.097109,2.1976192,5.1554317,6.3564544,5.91446,5.2762103,2.4721837,4.9918823,4.4165792
C00510,7.1100764,7.7852454,5.291173,8.926928,4.6875534,6.6036654,5.0604043,3.5424285,4.4602094,5.5801477
C00511,5.594637,9.339037,3.183711,5.84501,5.314576,5.806013,5.523694,3.2054691,4.7818303,3.8827622
C00512,6.5292935,8.723106,2.7987752,5.241217,5.6022797,6.381917,5.274794,2.5542033,4.848233,4.449869
C00513,5.571125,8.208934,4.6755543,9.127185,6.385116,6.308434,6.067545,2.703799,4.162518,6.429905
C00514,5.6217422,6.9857655,3.4014385,5.297884,4.630412,6.578403,4.979952,2.5257323,4.3074107,4.9209785
C00515,5.640615,8.526158,2.4650893,5.70363,6.094222,5.7700706,5.1790204,2.5996466,4.768724,4.685131
C00516,5.509058,8.944457,4.4834013,8.673197,5.3179984,6.375879,5.69092,2.5700305,4.405223,6.2632046
C00517,5.3414545,8.93508,4.6530647,9.220048,5.3334723,6.163486,5.6074915,2.7707555,4.3925557,6.331133
C00518,7.4952226,7.9572277,3.9370024,6.662,4.7832,6.8932614,4.898884,2.854872,4.8165216,5.0756383
C00519,5.674019,7.43141,3.2307937,5.658659,5.269701,6.270654,5.1334643,2.6690338,4.4437656,4.816345
C00520,5.09181,8.391587,4.8887076,7.9082227,5.5629616,5.915068,5.9715424,3.8278732,4.1036606,4.489884
C00521,6.6918206,8.399332,3.7020347,6.066672,5.0550313,6.626818,5.3344984,2.869433,4.6787577,4.628187
C00522,5.9585943,8.596556,4.604904,8.545144,5.39454,6.5321903,5.677317,2.719939,4.3976636,6.0751123
C00523,5.020207,8.979445,4.6712303,7.5374846,4.788895,5.973303,5.7378736,3.6021774,4.295224,4.4589434
C00524,5.091284,8.800528,4.9538827,8.074847,4.765235,5.9519353,5.6786046,3.7521675,4.226379,4.5896225
C00525,5.6623173,8.16727,4.7296295,9.438305,6.298487,6.2441487,5.921616,2.7419024,4.2060347,6.5948243
C00526,6.7515745,7.804541,5.3376913,8.590936,4.7926946,6.5054293,5.3300843,3.7646468,4.315933,5.136722
C00527,5.827021,7.157783,3.1329722,4.9872746,4.5510187,6.7103834,4.8970113,2.2843823,4.4219685,4.9943256
C00528,5.8723645,6.8917646,3.1504924,5.319328,5.4276276,6.582141,5.1374965,2.313953,4.390676,5.1547723
C00529,6.8948393,7.2985783,5.2011895,9.166776,5.262962,6.2594066,4.969316,3.6801693,4.4009457,5.6297684
C00530,5.999126,8.484192,4.5876603,8.38699,5.4346366,6.508983,5.6756473,2.8121831,4.3978086,5.931493
C00531,6.609073,7.5097528,4.9884205,9.008359,5.40279,6.235108,5.112489,3.498753,4.400406,5.6898685
C00532,5.4977775,8.013156,4.4076266,9.327086,6.443312,6.0663743,5.710458,2.6562345,4.2665524,6.660458
C00533,6.9798336,7.220823,5.2343836,9.150044,5.2385335,6.2542014,4.9190326,3.7304049,4.408735,5.5826836
C00534,5.843598,7.2665963,3.8968084,5.447486,4.9652033,6.6343346,5.4947853,2.971353,4.2298603,4.4222355
C00535,5.598938,7.995348,4.707966,8.003244,5.5556016,6.0651183,5.6491237,3.575234,4.2318025,4.9157543
C00536,7.159566,7.8160844,5.279127,9.025214,4.7160177,6.630955,5.0586767,3.469411,4.475445,5.7110124
C00537,7.5104074,8.18286,3.8465064,6.453046,4.7854757,6.9513993,5.010142,2.7626085,4.830256,5.03987
C00538,5.8852363,6.7377424,3.8252661,5.10643,4.374531,7.00399,5.1563277,2.5335693,4.173286,4.90439
C00539,6.4158087,9.095563,2.291886,5.364209,5.5672784,6.0794773,4.975162,2.3960485,5.0390673,4.587127
C00540,5.8587437,7.457485,3.8354614,5.501896,4.978524,6.567886,5.5066237,2.995824,4.2813077,4.3744326
C00541,6.1237874,7.149075,3.141035,4.696757,4.350377,6.9606476,4.862588,2.1676247,4.4637876,4.9742737
C00542,5.9172783,8.630885,4.52657,8.579112,5.3894978,6.491611,5.6183424,2.6461487,4.4267673,6.183687
C00543,7.1094756,8.066156,3.5937424,5.888327,4.762032,6.876736,5.050751,2.6602836,4.7581434,4.833159
C00544,5.2398067,8.291108,4.967765,7.977278,5.6095138,6.009368,6.023253,3.8246756,4.101529,4.5761003
C00545,5.7277713,8.550735,4.2239447,8.461676,5.388655,6.1978927,5.3729286,2.754425,4.495649,6.0190268
C00546,5.520412,8.164989,4.6132417,9.2039175,6.447259,6.1804957,6.046764,2.770373,4.150279,6.4077024
C00547,6.751316,8.005009,3.459147,5.543401,4.621096,6.84851,5.0617294,2.5475194,4.6762013,4.80371
C00548,5.6075587,7.398794,3.918732,5.5084567,4.678425,6.578341,5.385632,2.992301,4.2082667,4.430612
C00549,5.195483,8.860939,4.913435,7.844864,4.785302,6.0840316,5.782199,3.6263628,4.21868,4.5777264
C00550,5.863413,9.117566,3.2656815,5.7717514,5.347622,6.0154095,5.4971204,3.0961256,4.7328815,4.018868
C00551,7.2068667,8.161489,3.6005008,5.9690256,4.7639184,6.877583,5.029681,2.6770318,4.7998667,4.8464513
C00552,5.2374,8.1616,4.6511407,9.390369,6.72516,6.1312933,6.1731253,2.6946242,4.1045885,6.564462
C00553,5.296386,8.048649,4.5302258,9.550963,6.666144,6.07893,5.901291,2.6054506,4.198802,6.782269
C00554,6.4519577,8.969628,2.5140152,5.154653,5.994832,6.161029,5.3350763,2.5506861,4.909164,4.323818
C00555,5.0970235,8.771822,4.7634068,7.6825676,4.978193,5.9894114,5.7659354,3.6834276,4.210191,4.4628186
C00556,6.6817636,7.4725122,4.1105437,6.2539573,4.834459,6.8874407,5.2759857,2.8386824,4.4418216,4.9385853
C00557,5.4572754,8.173505,4.30287,9.191278,5.601478,5.7934675,5.0877337,3.0047414,4.4680448,6.212802
C00558,7.267988,7.3013334,5.225156,8.687246,5.060495,6.590611,4.978311,3.4168458,4.4453745,5.6812882
C00559,5.4689937,8.387777,4.381403,9.327021,5.530424,5.9187984,5.178529,2.8409588,4.471272,6.4362373
C00560,7.124593,7.724464,5.277618,9.028365,4.7269363,6.5665493,5.003907,3.5132957,4.4718947,5.678602
C00561,6.2280307,9.017279,2.5748236,5.036735,6.143633,6.188341,5.4260697,2.6686985,4.91414,4.2374053
C00562,5.165934,7.8612666,4.2901983,9.356892,6.4138484,5.6417294,5.4726624,2.9990835,4.2794156,6.3188143
C00563,7.0471573,8.1895485,3.488492,5.8142056,4.832519,6.826948,5.0817738,2.622978,4.7718496,4.8111467
C00564,6.6818852,7.603432,5.2227683,8.637864,5.122951,6.361125,5.2525907,3.7634869,4.3394403,5.187375
C00565,7.322474,7.315197,5.2002716,8.679886,5.013332,6.5562634,4.9439907,3.5110369,4.467788,5.5613537
C00566,5.7102084,7.2920556,2.9913206,5.350499,4.9638395,6.432624,4.908683,2.363722,4.4737873,5.034662
C00567,7.8146386,8.087493,4.0983915,6.734071,4.71426,7.023837,4.922761,2.9200299,4.8395658,5.1195083
C00568,5.3725276,8.181219,5.027273,8.304328,5.521145,5.992025,5.8384976,3.8121498,4.14035,4.794061
C00569,4.913027,8.27217,4.676892,7.9823694,5.7219076,5.731172,5.893635,3.8079214,4.1286516,4.5566597
C00570,5.0792456,8.799987,4.842959,7.886834,4.8743253,5.9565334,5.7277546,3.7054937,4.193074,4.535899
C00571,5.7685385,9.284164,2.234184,5.5467243,5.6815696,5.671002,5.050747,2.6188805,4.9498115,4.4127197
C00572,5.1863556,8.127957,4.7772655,8.61249,5.6859226,5.7563524,5.63802,3.702476,4.1991453,5.07692
C00573,5.35753,7.841429,4.459512,9.357256,6.1804357,5.7130876,5.397177,3.1490505,4.299524,6.168265
C00574,5.5230165,8.53017,4.8947144,8.190093,5.055043,6.2202706,5.708066,3.4415956,4.243419,5.100185
C00575,5.5470076,8.263059,3.9243426,8.047914,5.960463,6.1140027,5.5501385,2.6466465,4.4189854,5.9310365
C00576,5.657624,9.048897,3.1656187,5.7866664,5.7708645,5.847666,5.562898,3.1327474,4.7373405,4.0222635
C00577,6.4106607,8.932215,2.4898057,5.125351,6.1202617,6.141258,5.368534,2.5391517,4.891068,4.320805
C00578,6.0607114,8.482407,4.6310964,8.470717,5.4475546,6.561767,5.691892,2.7482526,4.377255,6.031865
C00579,6.040549,7.012708,3.3253937,5.1212707,5.2017856,6.69475,5.2572875,2.4713051,4.3868704,4.8448176
C00580,5.4529457,7.2193832,4.1802387,5.5605273,4.5623884,6.61496,5.4043565,3.0903752,4.105919,4.408653
C00581,5.91997,7.0779915,3.1238363,4.8244123,4.4856,6.813286,4.8906217,2.222135,4.4172664,4.997902
C00582,5.6030364,8.085834,4.337632,9.049827,5.633401,5.874779,5.1431518,3.0282555,4.4523244,6.1227093
C00583,5.8818097,8.890824,2.3552105,5.282271,6.3811083,5.8599296,5.366251,2.5874383,4.88692,4.410283
C00584,5.909677,6.887254,3.34685,5.097412,5.0945187,6.679651,5.2210245,2.4993393,4.3525267,4.832722
C00585,5.7186413,7.1338515,4.2146125,5.650368,4.502008,6.7588005,5.402255,3.0148387,4.147755,4.5429454
C00586,5.974218,6.6278286,3.314646,4.9115314,5.1693687,6.8337526,5.2492714,2.3349352,4.291733,4.970654
C00587,6.7680473,7.525137,5.3850546,8.531289,4.9491787,6.355294,5.198216,3.9557085,4.3201804,4.9359827
C00588,5.7473526,6.979554,3.186732,4.9894433,4.582989,6.702946,4.9086795,2.3031638,4.35792,5.012596
C00589,5.6080775,8.719947,4.8146815,9.098211,5.3281794,6.280604,5.6334,2.9145725,4.3530064,6.1433516
C00590,5.568053,8.909452,4.5553684,8.623549,5.3634915,6.4393334,5.7726636,2.5940065,4.37301,6.2086453
C00591,5.4286633,7.902165,4.499359,9.594415,6.378576,5.90541,5.535783,2.8394415,4.28456,6.6270986
C00592,6.009985,9.098975,2.50838,5.064376,6.2932024,6.023827,5.493678,2.6865313,4.875688,4.188895
C00593,5.8406353,8.629135,4.7048516,8.861587,5.425289,6.4488907,5.6753054,2.751276,4.37932,6.2210145
C00594,5.031919,8.828506,4.7990956,7.7990384,4.82088,5.947988,5.708846,3.6838267,4.2405,4.5072527
C00595,5.8209085,6.8125906,3.2288513,5.4397845,5.3469357,6.62988,5.083701,2.2485714,4.3638034,5.3200116
C00596,5.649314,8.138624,4.5903897,9.1046295,5.5326366,5.9400043,5.27206,3.1999366,4.398415,5.9420156
C00597,6.6331224,7.436509,5.0394855,9.266969,5.2068505,6.0978456,4.891753,3.6556706,4.441166,5.6878815
C00598,6.901719,8.210977,3.4808447,5.757021,4.833203,6.837863,5.1393657,2.5514636,4.734943,4.8638663
C00599,6.0029163,7.0459146,3.1600492,4.750312,4.4264603,6.890721,4.9107394,2.2061546,4.4108105,4.981913
C00600,7.245628,7.2264333,5.2391515,8.797994,5.0646687,6.5079784,4.9098125,3.5327618,4.446542,5.5926623
C00601,6.7720356,7.585434,5.285846,8.401219,5.004609,6.414686,5.257855,3.8444977,4.333966,4.9692144
C00602,5.129494,8.623237,4.876168,8.29105,4.9351315,5.8593454,5.5514445,3.7499003,4.2441936,4.7503314
C00603,5.276437,8.413029,4.531405,7.630505,5.651605,6.015501,5.892577,3.4996269,4.2117195,4.707685
C00604,5.2957606,8.931602,4.6269865,9.18478,5.4010954,6.155464,5.646574,2.7345302,4.369375,6.3549027
C00605,6.0634065,6.633122,3.7539272,5.171791,4.8638816,7.0171647,5.2852287,2.4475472,4.211319,5.016421
C00606,5.300633,8.073605,4.798155,8.402302,5.6705456,5.8426075,5.6999135,3.7502828,4.1904755,4.9304137
C00607,6.5269256,7.4805617,5.209939,8.987774,5.0753145,6.0956383,5.0052166,3.9164262,4.3611836,5.2338305
C00608,6.448666,9.228208,2.172687,5.215928,5.592242,6.0879235,5.006803,2.378743,5.0018783,4.532609
C00609,5.678835,8.167745,4.635409,8.56395,5.411236,6.0435867,5.4213276,3.339318,4.3448234,5.478512
C00610,7.232964,7.6568856,5.319782,8.766766,4.635314,6.619824,5.0068417,3.6111028,4.4606757,5.4435086
C00611,5.5046744,7.3293915,4.087876,5.5658965,4.568095,6.5841923,5.409087,3.0675492,4.146302,4.3980064
C00612,5.2103486,8.017191,4.384665,9.041931,6.5332694,5.9424596,5.8347554,2.848598,4.2034516,6.253616
C00613,5.9351697,6.831175,3.1851346,5.0444922,5.2834105,6.7913866,5.20089,2.1665497,4.3638816,5.2052746
C00614,7.292295,7.506517,5.2115746,8.907276,5.0066295,6.574883,5.0376005,3.483229,4.4726233,5.6833487
C00615,5.8388,6.8405223,3.6307619,4.87127,4.193007,6.973387,5.067219,2.4756927,4.1910944,4.8174105
C00616,5.87849,6.7565603,3.783311,5.042243,4.304781,7.0085506,5.1211476,2.5073056,4.180621,4.89696
C00617,5.424848,8.495499,4.5193577,7.303993,5.1739006,6.155354,5.752081,3.465736,4.268878,4.5808067
C00618,5.279747,8.111503,4.8626323,8.417987,5.652964,5.8568754,5.757135,3.7925954,4.173598,4.8813553
C00619,6.500589,8.561138,2.8736255,5.7727876,5.2057323,6.30222,4.9930115,2.5860925,4.844933,4.7163143
C00620,6.277107,8.92281,2.5434892,5.122774,5.965197,6.1673074,5.34352,2.5653193,4.8634305,4.3536267
C00621,6.414769,8.918694,2.5928833,5.0922694,5.8990073,6.222138,5.3556066,2.5527124,4.8606687,4.313643
C00622,5.850095,8.591587,2.5521665,5.4985623,6.116318,5.9258776,5.2770314,2.6142528,4.788319,4.5625696
C00623,5.589649,9.078415,3.1109107,5.7424045,5.709487,5.804199,5.58223,3.1441019,4.72023,3.954727
C00624,5.73738,7.278585,3.8182564,5.5216355,4.9850454,6.5411506,5.4360366,2.953115,4.2531075,4.47443
C00625,6.670149,7.372944,5.304605,8.861831,5.0544024,6.1534634,5.0060153,3.9674325,4.350605,5.132149
C00626,6.5491867,8.1997595,3.7098854,6.102082,5.0671964,6.6060834,5.319731,2.838611,4.610234,4.7050934
C00627,6.8640184,7.676006,5.448927,8.6785,4.5824237,6.427464,5.0865393,3.93663,4.3643827,5.0251207
C00628,6.8316183,7.658183,4.838652,8.220118,5.0939302,6.4331956,5.1227093,3.505229,4.469696,5.235526
C00629,5.4954567,8.25856,4.6983533,8.995543,6.388796,6.3490467,6.1205344,2.692847,4.1538563,6.3303185
C00630,7.293637,7.3809876,5.260494,8.878518,5.0288234,6.5110774,4.9956536,3.6267407,4.4523926,5.5381165
C00631,5.214919,8.444725,4.6545844,7.6408434,5.5554285,6.010747,5.926465,3.6009355,4.1730275,4.593172
C00632,5.467282,8.106541,4.65899,9.516948,6.5509233,6.222773,5.962353,2.6083176,4.1688895,6.7827888
C00633,6.2404256,9.060032,2.3146958,5.0888376,6.276406,6.0196133,5.3346357,2.5319784,4.958255,4.3368382
C00634,6.532533,7.629016,3.2553337,4.9948106,4.592315,6.9210896,5.0484104,2.3960853,4.582376,4.7649784
C00635,5.7954793,6.9754615,3.0752356,5.273982,5.355931,6.523601,5.109017,2.3343315,4.4115987,5.08667
C00636,5.332447,7.9343214,4.1557717,9.038212,6.23691,5.772402,5.3751574,2.8843203,4.360932,6.269363
C00637,6.298829,9.45734,2.104389,5.3201747,5.655335,5.9269276,4.99773,2.4511623,5.1007357,4.4609227
C00638,5.1366735,8.262954,4.8858356,8.105769,5.637633,5.8848467,5.935678,3.8423586,4.1256065,4.6183467
C00639,5.524931,8.1276245,4.4555326,9.206199,5.6324987,5.838914,5.199429,3.106404,4.416435,6.11145
C00640,5.341334,8.343398,4.9574056,7.7986846,5.470366,6.062807,6.01628,3.8927436,4.1770806,4.4277654
C00641,6.1907287,9.029436,2.2470222,5.4057584,5.4046245,5.9728923,4.9144874,2.413316,4.952066,4.5917625
C00642,5.6715984,7.4072285,3.3483377,5.578937,5.241147,6.317557,5.2377653,2.7332141,4.399197,4.700373
C00643,6.4251513,8.961239,2.5669217,5.1150875,5.98765,6.1455255,5.4198065,2.4936097,4.8097224,4.299815
C00644,5.1019382,8.262258,4.848436,8.026447,5.698994,5.9262967,5.9367285,3.7106361,4.0885153,4.704676
C00645,7.8496923,8.095315,4.108187,6.7321873,4.690961,7.0594544,4.929237,2.9107773,4.846889,5.12722
C00646,6.227034,7.176193,3.2472425,4.949354,4.883844,6.8755584,5.125083,2.29095,4.4576015,4.9494267
C00647,6.022226,9.120793,2.5539682,5.1474586,6.182353,5.969998,5.483924,2.7485175,4.8816147,4.128568
C00648,5.13065,8.819234,4.9203444,7.911303,4.8126163,6.0553527,5.755468,3.6685572,4.206957,4.603906
C00649,7.1936207,7.7397118,5.035632,8.306186,4.843756,6.6876636,5.1439867,3.445607,4.4891934,5.3584747
C00650,7.3436046,7.421582,5.2530565,8.836655,4.992485,6.605691,5.0009117,3.4766383,4.4651613,5.6800094
C00651,5.6969624,7.3272243,3.112639,5.49245,4.9444523,6.383556,4.912919,2.4816153,4.4616084,4.981214
C00652,7.7802553,8.078878,4.0546308,6.66716,4.7067842,7.031332,4.9252043,2.8889098,4.8436894,5.0938497
C00653,6.2075315,9.002238,2.4751353,5.016242,6.212952,6.158537,5.4090643,2.649715,4.961633,4.2746234
C00654,5.971782,6.963775,3.460898,4.7937717,4.3168263,6.946267,5.0668683,2.3784158,4.262241,4.8414645
C00655,6.1687813,8.572623,3.8371403,6.259743,5.3829455,6.3151174,5.589281,3.1775749,4.5897803,4.343694
C00656,5.0998664,8.986777,4.59957,7.388627,4.8348374,6.044319,5.7525034,3.5259588,4.292305,4.454753
C00657,5.117817,8.721111,4.999686,8.071653,4.9099774,6.013119,5.812117,3.7381892,4.1629634,4.645072
C00658,6.149373,7.1692367,3.303179,4.9981728,5.1372643,6.7442803,5.3008947,2.5011911,4.4181695,4.718083
C00659,7.5711823,8.121337,3.810887,6.266799,4.693753,7.006742,4.960889,2.749294,4.848126,4.9550147
C00660,6.97554,7.7396626,5.131995,9.052423,4.88442,6.4718065,5.0230374,3.4872162,4.475719,5.7106805
C00661,6.516217,8.648472,2.875693,5.2045507,5.5229445,6.426662,5.290375,2.5721912,4.8195724,4.4357586
C00662,5.4238825,8.049391,4.6705546,9.55875,6.683261,6.2108974,6.0488486,2.5786626,4.1639695,6.8375983
C00663,6.9181695,7.813703,5.225331,9.1383915,4.7889233,6.46925,5.049595,3.5237725,4.4483366,5.7109466
C00664,6.4151444,8.940515,2.4719067,5.0739484,6.097583,6.2435317,5.2996526,2.5693636,5.0113354,4.3682427
C00665,6.5769615,7.483797,5.051706,9.046561,5.3809314,6.1998744,5.1137986,3.5947685,4.3772597,5.6067195
C00666,7.3171835,7.2274323,5.3577013,8.879384,4.967812,6.5450373,4.902709,3.5654643,4.4321837,5.606976
C00667,6.5901957,7.637857,4.9339757,8.253245,5.2134757,6.3779383,5.27278,3.5673728,4.3698416,5.1766715
C00668,7.015529,8.375694,3.7447512,6.3465,4.9184585,6.76611,5.194355,2.7580972,4.743019,4.9046183
C00669,6.6970468,7.593454,5.1987963,8.507465,5.0812225,6.3508596,5.23162,3.8053274,4.3482447,5.0621543
C00670,7.543676,8.041027,3.8165317,6.276374,4.735361,7.0003533,4.953352,2.7533994,4.8313255,4.984169
C00671,6.0057783,9.106469,2.227373,5.3544006,5.38872,5.8964987,5.0096188,2.5410419,4.886426,4.428822
C00672,5.031993,8.4120865,4.87164,7.9855566,5.5507145,5.861614,5.948847,3.8745406,4.1118155,4.4719524
C00673,5.766012,8.236811,4.8174396,9.185956,6.084127,6.408752,5.918045,2.7496858,4.2275033,6.4363856
C00674,5.932511,7.5947576,3.7302148,5.4686484,5.0253,6.5473676,5.4828362,2.9427295,4.3483377,4.392579
C00675,6.3361945,9.419745,1.9730635,5.243353,5.4901786,5.9512095,4.9252367,2.35324,4.975622,4.541269
C00676,5.9573407,6.644082,3.2669976,4.9282503,5.2371235,6.811331,5.245277,2.3020697,4.311917,5.0124474
C00677,6.9458194,8.032276,3.4522645,5.6529946,4.760868,6.8438315,5.055915,2.586868,4.7322626,4.796287
C00678,5.3016806,8.030467,4.6076484,9.684988,6.7089844,5.9845843,5.9583535,2.7318716,4.1526985,6.7731037
C00679,5.197683,8.304708,5.1153264,8.3307495,5.500918,5.9578915,5.9383597,3.8750582,4.089946,4.708951
C00680,6.9118814,8.220665,3.9530888,6.5543633,5.0188093,6.726264,5.2507,2.8892977,4.6727533,4.9245324
C00681,5.7372394,7.2993402,3.3624077,5.621855,5.197056,6.3766737,5.1734085,2.6988351,4.400915,4.7904925
C00682,6.3662868,9.492509,2.0553253,5.405609,5.6035533,5.9387074,4.9273734,2.3923223,5.1067705,4.584782
C00683,5.767591,8.585624,4.849088,8.85485,5.39383,6.3935204,5.726707,2.9431221,4.318173,5.9997444
C00684,5.115682,8.876558,4.650227,7.4632797,4.9614925,6.019964,5.799318,3.5854912,4.22598,4.4261246
C00685,5.5641084,7.441031,3.277621,5.7493615,5.1731286,6.225856,5.0976605,2.7084687,4.4188433,4.824758
C00686,5.929063,9.23451,2.32779,5.4302225,5.4759755,5.858471,5.071036,2.6116042,4.941344,4.358918
C00687,5.5906677,9.264711,3.1481853,5.8373914,5.360377,5.8016243,5.496382,3.1616466,4.732804,3.9311402
C00688,7.4001575,7.9361987,3.7985382,6.478552,4.8031197,6.860549,4.8803077,2.798253,4.8200793,5.036785
C00689,5.5459776,8.161959,4.7922373,9.30015,6.5284934,6.4243174,6.1278734,2.5721364,4.127923,6.6614914
C00690,5.6056485,8.612106,2.4961977,5.8476043,5.8362145,5.7281203,5.071951,2.6347067,4.776255,4.704315
C00691,7.6078806,8.017089,3.9325385,6.5034413,4.7205415,6.9980507,4.9376044,2.8153534,4.8312607,5.0365224
C00692,6.7184014,7.2153807,5.11798,9.130995,5.374918,6.108972,4.93464,3.7645519,4.3822694,5.512409
C00693,6.008955,8.882005,2.4494014,5.253249,6.2646976,5.9314127,5.398732,2.634423,4.86154,4.3257375
C00694,6.1829104,7.1139326,3.330574,4.7248874,4.3128324,7.0268545,4.968459,2.274306,4.4091487,4.898094
C00695,6.3250575,9.027213,2.3490696,5.073735,6.1672487,6.1168656,5.278709,2.5023892,4.993868,4.409659
C00696,5.2769146,7.8486342,4.421251,9.359461,6.343804,5.6960726,5.5138135,3.102144,4.2583766,6.2101097
C00697,6.160803,7.339736,3.8529148,5.544291,4.8912454,6.7213936,5.3693457,2.896109,4.3393235,4.530862
C00698,7.003949,7.67745,5.07488,8.41781,5.0213103,6.61441,5.215065,3.423464,4.4292083,5.445621
C00699,6.9279113,7.6557274,3.4602952,5.494319,4.8543997,6.961146,5.092777,2.4963727,4.650921,4.9034667
C00700,5.673552,8.898204,4.59138,9.226546,5.2257137,6.278344,5.4763603,2.6703703,4.485517,6.457897
C00701,5.8299546,8.846476,2.4381268,5.326149,6.354291,5.825133,5.4150114,2.687757,4.862819,4.350846
C00702,5.148559,8.089901,4.614174,9.593016,6.757265,6.0546637,6.039068,2.6601229,4.129417,6.727637
C00703,6.4604635,7.358598,3.3695643,5.08038,4.889317,6.9314213,5.209043,2.3582437,4.4988914,4.9164386
C00704,6.242004,7.047034,3.2871075,4.864611,5.0816092,6.864666,5.275811,2.4022243,4.413429,4.7856073
C00705,6.4263225,6.999172,3.9610572,5.5084324,4.8915186,7.0563965,5.3865595,2.5929255,4.307278,4.9323854
C00706,7.7735047,8.018809,4.184759,6.889468,4.7031746,7.018316,4.916073,2.9567387,4.8247094,5.1487713
C00707,5.5304165,7.9712663,4.686388,8.087333,5.6313543,5.983703,5.6363635,3.6190977,4.2269773,4.912123
C00708,6.798318,8.117089,3.6750665,5.7889924,4.8197694,6.9037805,5.265919,2.5821638,4.642086,4.877822
C00709,6.91594,8.249469,3.3446321,5.69243,4.875036,6.7456675,5.0691605,2.5885193,4.7834096,4.766857
C00710,5.5090427,7.1355476,4.289695,5.642326,4.454451,6.6873026,5.4430366,3.1039028,4.080296,4.441281
C00711,5.3185525,7.7831936,4.492625,9.4311,6.292924,5.731631,5.4228187,3.1021023,4.28449,6.266794
C00712,5.231866,8.762349,4.4419627,9.339011,5.416309,5.9810166,5.383198,2.7429821,4.423588,6.4802
C00713,6.739644,8.621644,3.278123,5.8346133,5.060616,6.5607247,5.176379,2.64948,4.80512,4.6921387
C00714,5.713446,8.339325,4.058401,7.6699767,5.541617,6.1977415,5.5020094,2.8905687,4.433264,5.450577
C00715,5.1387076,8.432755,5.044439,8.205762,5.348228,5.922236,5.9073253,3.8831308,4.131693,4.62024
C00716,5.6972866,8.8518,2.3552718,5.66182,5.63059,5.737207,5.0277014,2.6055171,4.829159,4.5777793
C00717,6.1047025,6.5801744,3.5488946,5.1966915,5.0764,6.940856,5.2224503,2.3525639,4.2721725,5.1235175
C00718,6.3403893,9.272787,2.0814464,5.3479724,5.69303,5.958297,4.934923,2.3454704,5.086136,4.607559
C00719,6.151655,6.7411156,3.9196768,5.296664,4.7146864,7.054854,5.3020506,2.5442908,4.2109246,4.95673
C00720,5.359293,8.595291,4.42098,9.427324,5.4910893,5.967738,5.27384,2.7191184,4.459395,6.592501
C00721,5.1935244,8.040481,4.515286,8.422922,5.8017707,5.727931,5.551451,3.565469,4.255181,5.144454
C00722,5.7601056,6.8730116,3.1585882,5.199521,5.304529,6.554652,5.164669,2.3872921,4.3622627,5.0029984
C00723,5.5803046,8.954045,3.053964,5.7083774,5.86235,5.8093057,5.5664115,3.0928028,4.7024775,4.0305057
C00724,5.438729,8.22732,4.3176236,9.142224,5.541629,5.782345,5.1087575,3.0497074,4.465596,6.12842
C00725,6.316166,8.186304,3.1537209,5.9016047,5.208984,6.381614,5.081701,2.6038067,4.6996984,4.858144
C00726,6.98705,7.933152,3.7548628,5.8333063,4.749882,6.9780912,5.1872735,2.6438437,4.6562614,4.8621535
C00727,6.786345,7.621718,5.429788,8.686366,4.6729994,6.3528695,5.0928845,3.9837594,4.35267,4.975956
C00728,7.343916,7.2355423,5.26376,8.959318,5.0677333,6.4416447,4.8867984,3.6556222,4.468405,5.586441
C00729,6.7556696,8.451135,3.3775315,5.820874,5.0953636,6.603563,5.214267,2.6962779,4.7575364,4.661728
C00730,5.902972,8.087724,4.672478,8.759613,5.425112,6.128975,5.3497925,3.249481,4.38385,5.7092566
C00731,6.537663,7.4034467,3.3363402,5.043642,4.8092,6.9458866,5.147376,2.376114,4.534981,4.8562016
C00732,7.2089024,7.786948,3.7476442,5.993188,4.7386065,6.9589725,5.0332575,2.700786,4.695324,4.9053206
C00733,6.4926467,7.351943,3.505293,5.189876,4.95986,6.9502215,5.3050284,2.4319131,4.4685283,4.889864
C00734,6.6102614,7.650796,3.2447047,5.043605,4.5681133,6.95001,5.0056186,2.3669145,4.6148453,4.807825
C00735,6.3684125,8.740952,2.7233863,5.552942,5.2789392,6.228976,5.0448766,2.5527637,4.867232,4.597688
C00736,6.1971464,7.0689425,3.2412324,4.9135094,4.9608645,6.926368,5.1509643,2.201203,4.428122,5.0575523
C00737,5.5626473,9.007817,3.0911613,5.727361,5.844016,5.802669,5.5991774,3.1392634,4.7053595,3.9800053
C00738,5.881217,6.9369464,3.5458317,4.821007,4.193499,6.9566426,5.0441017,2.445985,4.2308908,4.803439
C00739,6.124407,9.251244,2.4343615,5.07148,6.2005267,5.9709516,5.429957,2.6783972,4.9573464,4.1289873
C00740,6.0260496,8.622474,2.7747521,5.5091786,5.9820933,6.076381,5.350367,2.6763473,4.779176,4.495528
C00741,5.6211777,9.017967,3.147284,5.695145,5.7372503,5.8633533,5.6128387,3.1525984,4.6950946,3.9428008
C00742,5.1677485,8.126491,4.698691,9.25546,6.6678114,6.147253,6.1430244,2.7795615,4.1182895,6.374651
C00743,5.67437,8.07114,4.4026985,9.01688,5.6109223,5.9300528,5.180774,3.0570035,4.4383993,6.075308
C00744,5.0166235,8.423857,4.851277,7.940628,5.49463,5.815602,5.9605875,3.9528494,4.1463337,4.3857427
C00745,5.7368317,9.154151,2.2727706,5.608137,5.600924,5.6843457,5.0183997,2.6243782,4.8978415,4.465313
C00746,6.609788,7.4953265,5.2568636,8.782764,5.1019373,6.2037544,5.128646,3.9216423,4.3391495,5.1049285
C00747,6.2338467,9.39282,1.9840164,5.260133,5.6399603,5.865424,4.943951,2.3777962,5.0408545,4.5026093
C00748,5.752379,8.016104,4.776068,9.390227,6.0900598,6.1902366,5.694604,2.9291077,4.2677956,6.398475
C00749,6.87036,8.443665,3.4854128,6.019586,5.012175,6.6875505,5.1870623,2.666925,4.767197,4.816059
C00750,5.4778666,8.939877,4.3506303,9.120449,5.306525,6.174686,5.4044075,2.5344381,4.5131516,6.5572286
C00751,5.5275126,8.029074,4.6595097,9.603124,6.569456,6.1796894,5.9176893,2.646215,4.181324,6.8216786
C00752,5.8854,6.685367,3.40934,5.212973,5.21681,6.7162085,5.2332716,2.439673,4.2728004,4.9892616
C00753,5.507503,8.253029,4.446345,9.203507,5.5240636,5.862187,5.185745,3.0623581,4.438155,6.1438055
C00754,6.112865,9.229597,2.0695755,5.3882594,5.853995,5.823483,5.009821,2.4330356,5.0167384,4.561009
C00755,5.3757834,7.94555,4.4005823,9.481584,6.5477595,5.972657,5.674071,2.6771562,4.2633686,6.7211967
C00756,6.742849,7.524279,5.3877206,8.539185,4.9700036,6.3655076,5.2189207,3.9560091,4.302959,4.94673
C00757,5.9371195,8.990313,3.1475089,5.5773973,5.600674,6.0493603,5.5261526,3.0104997,4.734344,4.0415683
C00758,6.209463,9.023014,2.2977896,5.298506,5.5564365,6.0163426,5.0413246,2.4531379,4.917727,4.5003223
C00759,7.2559958,7.61541,5.334414,8.916461,4.592142,6.57021,4.9175572,3.6688657,4.4800467,5.4750314
C00760,5.6790996,8.399785,4.7805004,8.25794,5.2057567,6.2245703,5.621826,3.346912,4.2969546,5.2590246
C00761,5.628594,8.252869,4.005286,7.9065027,5.873634,6.151634,5.5769415,2.7675412,4.4040084,5.7234254
C00762,6.01882,6.641581,3.4280348,4.974166,5.2256947,6.811967,5.3310966,2.4736485,4.2851458,4.8205004
C00763,5.274528,8.053528,4.4503965,9.36328,6.587051,5.9052453,5.885734,2.8282564,4.176401,6.4587717
C00764,5.8250093,8.607002,4.7631273,8.961355,5.4223623,6.4073124,5.6640058,2.8185706,4.3686156,6.1984158
C00765,5.1219935,8.340279,5.091596,8.1857195,5.5239167,5.954775,5.993203,3.868617,4.056588,4.62361
C00766,5.085516,8.126967,4.6462135,8.282115,5.8132005,5.7431393,5.741447,3.721069,4.1953588,4.869788
C00767,6.8359556,7.190167,5.129013,9.134284,5.304933,6.157756,4.8805437,3.7135592,4.412202,5.582793
C00768,5.637861,8.119949,4.875594,9.461278,6.3052506,6.321357,5.993273,2.7824562,4.192225,6.54092
C00769,6.091882,9.172803,2.2891152,5.105888,6.389949,5.9330287,5.366414,2.5989342,4.9892893,4.290128
C00770,5.4211855,8.2967415,5.050897,7.933681,5.513268,6.126395,6.057509,3.8687925,4.1369,4.53595
C00771,5.786426,6.8488746,3.0942025,5.180428,5.2721725,6.636522,5.0785084,2.2025247,4.386079,5.2203193
C00772,5.3671103,8.029514,4.57026,9.633005,6.646749,6.082682,5.9038606,2.6368432,4.187112,6.852876
C00773,7.4428015,7.950195,4.195252,7.0459127,4.8212533,6.8522835,4.9720125,3.0009434,4.7457786,5.140929
C00774,6.2589765,7.223376,3.2433295,4.7966228,4.2934,6.992479,4.889947,2.2880187,4.4890733,4.8519206
C00775,5.662661,6.821491,3.6620047,5.233632,4.4353237,6.764884,5.0579405,2.571158,4.205619,4.8946724
C00776,5.971552,7.053123,3.440716,4.826641,4.1835318,6.9522285,4.9711475,2.382617,4.3155155,4.8470273
C00777,6.740484,7.75088,5.3808074,8.626122,4.7034225,6.4027286,5.18789,3.9119017,4.3476834,4.99329
C00778,6.2468767,8.994712,2.3051553,5.1282024,6.3057094,6.005472,5.33623,2.5130053,4.919848,4.3713436
C00779,5.3743887,8.461478,4.2499876,9.125116,5.4472947,5.8112,5.136191,2.9351833,4.5023446,6.20666
C00780,6.045666,6.686263,3.2690845,4.9070067,5.2047925,6.8720365,5.218797,2.246099,4.3320103,5.038201
C00781,5.2017565,7.888841,4.381898,9.413267,6.430206,5.6924834,5.55633,3.0185165,4.2521205,6.319252
C00782,6.8824606,7.7903614,3.6299071,5.6784954,4.7526627,6.8877997,5.1226244,2.666697,4.6305456,4.762862
C00783,5.542187,9.288256,3.1341078,5.8363614,5.417253,5.7686133,5.5318184,3.1763086,4.72991,3.9084437
C00784,5.5253325,8.607281,4.968998,8.242922,5.012039,6.250378,5.7473717,3.4428797,4.2360864,5.1061296
C00785,5.939721,8.63592,2.6448274,5.437754,6.070158,6.0034895,5.3307056,2.652752,4.786869,4.480855
C00786,5.8747272,7.891955,4.7589364,9.2187805,5.782539,6.059145,5.4017596,3.212877,4.329654,6.0272703
C00787,6.2996454,9.226852,2.0402312,5.3238244,5.440144,5.976202,4.8648868,2.332875,4.981889,4.6087914
C00788,7.3615813,7.2377796,5.2765436,8.833906,5.0321903,6.508113,4.9099674,3.61944,4.4575233,5.54197
C00789,6.7461905,8.429635,3.570595,6.160323,4.9540396,6.6760864,5.2083735,2.6679747,4.7249293,4.8882413
C00790,5.5287457,8.295856,4.249122,9.104762,5.461654,5.9225717,5.0738816,2.8123994,4.4998946,6.372278
C00791,5.306569,8.758179,4.3383217,9.268433,5.401127,5.964057,5.2964587,2.6795254,4.486253,6.517213
C00792,5.7849183,7.072114,4.214937,5.6832685,4.767587,6.7105894,5.5047436,3.06095,4.1426454,4.4812593
C00793,5.795252,8.948962,2.2244904,5.5849066,5.6185703,5.7458115,4.9622154,2.5140638,4.8878007,4.608607
C00794,5.9382205,9.059579,3.282318,5.795722,5.2812133,6.0769415,5.4449434,3.0531585,4.7170725,4.09717
C00795,6.5924926,7.597529,5.15505,8.73807,5.164538,6.2756057,5.198895,3.7554922,4.351352,5.2447925
C00796,5.5140553,8.716798,4.193377,8.859054,5.3885255,6.0647783,5.309221,2.6680691,4.5245275,6.3043866
C00797,7.22441,7.6303267,5.3959785,8.987745,4.609413,6.568515,4.9265666,3.6351812,4.465,5.5498676
C00798,6.831803,7.590985,3.611619,5.579477,4.712678,6.946812,5.092574,2.5815203,4.5764494,4.8548474
C00799,5.8187094,7.349587,3.8699396,5.499974,5.0032115,6.5739903,5.5092435,3.0018055,4.254504,4.3938217
C00800,5.225546,8.303608,5.0807147,8.1886,5.5230393,5.967842,5.9771705,3.8964589,4.0923953,4.6082454
C00801,5.0714927,8.966256,4.5523615,7.3032827,4.792719,6.031379,5.727971,3.5004911,4.31162,4.427196
C00802,5.730379,7.407136,3.0602453,5.546966,5.102307,6.331169,4.97213,2.4944797,4.492674,4.9637012
C00803,6.2783,7.1521564,3.3136094,4.8147683,4.2657423,7.0191636,4.9063187,2.312324,4.4532514,4.84909
C00804,4.963228,8.163941,4.6041017,8.187495,5.8282337,5.6631017,5.762611,3.7747924,4.175033,4.756606
C00805,6.713296,7.5647645,5.304226,8.6435,5.0151086,6.340119,5.1951723,3.8580084,4.3398905,5.0925097
C00806,5.466413,8.872674,4.4270077,9.237096,5.3118806,6.1728086,5.398715,2.568718,4.4839835,6.598096
C00807,5.96999,9.096851,3.2429416,5.836488,5.273021,6.07127,5.4214563,3.0202265,4.7433867,4.1466937
C00808,7.819893,8.190021,3.9676287,6.5713277,4.698705,7.05849,4.9329076,2.8466687,4.850435,5.0250998
C00809,6.126124,7.0095887,3.2511802,5.008976,5.165636,6.78907,5.2167544,2.3411899,4.411273,4.938496
C00810,5.9971437,8.4573345,4.7100267,7.7950287,5.0966425,6.4884567,5.673913,3.171425,4.3423243,5.1968966
C00811,6.724686,8.02515,3.7355242,5.7283306,4.743539,6.890657,5.268011,2.671261,4.604359,4.7631044
C00812,5.629974,7.393713,3.369041,5.6443777,5.2244616,6.302449,5.216801,2.7461374,4.3880286,4.731855
C00813,6.321528,7.459272,3.5819726,5.552299,5.030813,6.654275,5.250808,2.778917,4.466013,4.6196284
C00814,6.6635876,7.86709,3.3110144,5.378546,4.795305,6.7793427,5.0670304,2.5380542,4.6622167,4.742762
C00815,5.38216,8.313958,4.3345146,9.359079,5.6112227,5.8194404,5.1599255,2.888717,4.4467006,6.4242244
C00816,5.900739,6.8388333,3.1846507,5.242929,5.4362903,6.619594,5.209403,2.340759,4.372353,5.0894895
C00817,5.276432,7.9530354,4.199025,8.904744,6.4050927,5.8354383,5.6203165,2.8712444,4.271964,6.2024198
C00818,7.773826,8.00794,4.084817,6.6283283,4.650206,7.0844545,4.9391446,2.8867714,4.8283143,5.093397
C00819,6.2628484,7.511665,3.2444293,4.910421,4.51925,6.85029,5.0425158,2.404918,4.509804,4.744419
C00820,6.663689,7.2659936,3.60337,5.6435695,4.9956217,6.8697734,5.147566,2.579666,4.5099726,4.943591
C00821,5.4917107,8.898382,4.4156713,9.139379,5.312851,6.2606688,5.4556723,2.4784606,4.472684,6.649203
C00822,5.6435432,7.872627,4.711598,9.360727,6.0553355,5.947621,5.5237985,3.1806865,4.272267,6.1365457
C00823,5.5964575,6.9220557,3.4981894,5.3523602,4.6466007,6.5952835,5.0266633,2.5682468,4.2670813,4.917963
C00824,6.001162,9.108882,2.505222,5.073942,6.293837,6.035637,5.4772773,2.6957197,4.886991,4.1819363
C00825,6.020058,7.026889,3.2781417,4.7362967,4.422073,6.9896245,4.9936233,2.1922946,4.346805,5.0145693
C00826,5.6544347,8.847159,4.727615,9.22787,5.1539183,6.259453,5.4875016,2.8291128,4.441444,6.301765
C00827,6.2766886,9.30333,2.084894,5.273219,5.574416,5.9377103,4.9622397,2.3991487,5.0176277,4.503848
C00828,5.1897,8.924488,4.568285,7.3022704,4.8835,6.0818834,5.753187,3.4945018,4.2639766,4.4398665
C00829,5.8469825,7.067762,3.3343387,4.9804063,4.434633,6.7503705,4.970401,2.4425015,4.3605185,4.830388
C00830,6.3072624,7.2457943,3.1881523,4.8906846,4.957558,6.862179,5.1517987,2.3048463,4.4881973,4.880184
C00831,6.32098,6.8619313,3.7910311,5.2487025,4.945107,7.023939,5.3681297,2.5364664,4.296156,4.88138
C00832,5.823412,7.9050493,4.8413424,9.121753,5.7568865,6.0534625,5.4766073,3.330354,4.2916865,5.8371925
C00833,5.909592,8.551327,2.7095776,5.5279016,6.0163164,6.007919,5.309344,2.6717203,4.7692738,4.52976
C00834,5.945298,7.155108,3.2492409,4.855038,4.3466983,6.86402,4.919563,2.2784781,4.3974905,4.9491396
C00835,5.477551,7.525816,4.104134,5.680308,4.619276,6.4916396,5.4986687,3.150345,4.166539,4.316771
C00836,5.935442,9.15277,3.4198809,5.9666,5.166572,6.079868,5.468395,3.1207998,4.7110906,4.101484
C00837,4.962542,8.8820505,4.914481,8.022563,4.718121,5.9047904,5.6738315,3.7764602,4.219267,4.5189853
C00838,6.111404,8.4310875,4.756332,8.09137,5.229212,6.5499845,5.692984,3.0634983,4.351677,5.4843445
C00839,6.053923,7.063491,3.2381916,4.70945,4.3631263,6.964026,4.945952,2.2145991,4.3864055,4.959294
C00840,5.382064,8.141075,4.97143,8.280457,5.64377,6.0271587,5.9460616,3.7357237,4.082276,4.8527627
C00841,6.637016,7.414399,5.3309517,8.712851,5.1343474,6.213308,5.1565285,3.9811475,4.3090696,5.007741
C00842,7.265437,7.3664317,5.247351,8.727963,4.9688473,6.636648,4.960211,3.3919656,4.4544487,5.7191267
C00843,5.491399,8.662636,4.5177293,9.375899,5.4602647,6.10468,5.3580713,2.6882174,4.4487267,6.5909715
C00844,6.492867,8.899329,2.5889318,5.1864867,5.877494,6.203103,5.3375077,2.499386,4.842842,4.369213
C00845,5.253949,8.67578,4.464534,9.390663,5.5467176,5.981731,5.4172177,2.7101989,4.4045367,6.5643554
C00846,5.1951942,8.082193,4.6639395,9.104854,6.586793,6.150085,6.054703,2.8193085,4.147057,6.2650485
C00847,5.814501,6.8222265,3.09303,5.1001797,5.296454,6.641248,5.1245284,2.2476258,4.3751307,5.123985
C00848,6.386014,9.285647,2.3022666,5.4150376,5.727593,6.0751967,5.064431,2.4350357,5.0557,4.558452
C00849,7.360201,7.333118,5.348438,8.950712,4.957029,6.497614,4.954409,3.742577,4.446726,5.4587507
C00850,6.550183,7.46296,4.9726143,9.185105,5.2527146,6.0649724,4.903305,3.6423101,4.441207,5.642208
C00851,5.908558,6.7309265,3.8758302,5.169611,4.3793297,7.020323,5.1663737,2.5389917,4.1685514,4.930267
C00852,5.5450096,9.380508,3.1486652,5.9503803,5.31692,5.723558,5.456129,3.1841686,4.797624,3.9495852
C00853,5.8931656,9.190394,2.3479056,5.42154,5.506842,5.811876,5.0553417,2.5978584,4.9323006,4.370208
C00854,7.1938314,7.6728835,5.3499684,9.088264,4.6499324,6.5610895,4.938742,3.5822744,4.4778876,5.6478915
C00855,7.038597,7.7175717,4.8651958,7.958388,4.9637027,6.6067944,5.160672,3.4573412,4.4907227,5.1500263
C00856,5.87992,6.8253856,3.341096,5.1555586,5.173487,6.670923,5.2137218,2.4588976,4.3353987,4.9186745
C00857,6.579381,7.4977646,5.166941,8.7843075,5.201202,6.2095175,5.146959,3.8115022,4.3470783,5.220272
C00858,5.8651633,8.10967,4.5938144,9.014261,5.350826,5.977283,5.1256995,3.2612524,4.462037,5.837855
C00859,7.0500026,8.0487995,3.8698215,6.5288363,4.929864,6.745976,5.074187,2.8516383,4.7164354,4.9898367
C00860,5.542959,9.266065,3.1142418,5.860531,5.4040065,5.757075,5.456544,3.146623,4.741602,3.9702458
C00861,6.630495,7.4514847,5.038775,9.103236,5.398205,6.2049475,5.0740595,3.569638,4.392234,5.668173
C00862,5.4192777,8.8318205,4.473494,9.346904,5.3569665,6.143333,5.397398,2.5955849,4.4607224,6.6332955
C00863,5.891276,6.7062144,3.2064385,5.1756325,5.338843,6.700796,5.167569,2.2918386,4.338575,5.131341
C00864,5.526274,8.171604,4.87156,9.484653,6.4811053,6.2772446,6.1349487,2.782596,4.1207542,6.5471263
C00865,5.8305254,9.169913,3.2552097,5.798362,5.292508,5.990409,5.4749465,3.103916,4.73957,4.0105567
C00866,5.91942,9.33487,2.076501,5.4262486,5.5713973,5.7045474,4.89411,2.4421315,5.040081,4.4884863
C00867,5.2733355,8.908143,4.206219,8.937001,5.4228816,5.988174,5.432099,2.6384878,4.488919,6.3277802
C00868,5.76974,8.191584,4.744119,8.950902,6.1159587,6.375097,5.9502554,2.8227916,4.2136602,6.2282643
C00869,5.200141,8.252473,4.6903825,8.00322,5.643738,5.911204,5.817416,3.6454716,4.1719127,4.7692895
C00870,5.545035,8.47894,2.851751,5.8333616,5.867703,5.810873,5.301953,2.8448815,4.671415,4.488145
C00871,6.5406437,7.427528,5.098096,8.944016,5.3191714,6.1313653,5.083554,3.7769728,4.3576684,5.349948
C00872,5.9926834,9.052665,3.283165,5.724416,5.2638073,6.1256666,5.457633,3.0273435,4.740527,4.087653
C00873,5.9217505,8.921625,2.4965315,5.247233,6.163617,5.954846,5.3729196,2.6884272,4.866901,4.3015804
C00874,6.008096,7.5186586,3.2242835,5.6286826,5.169581,6.413009,5.0790143,2.6110322,4.5253825,4.8490276
C00875,5.9455676,7.196883,4.08132,5.6782856,4.8133483,6.7260847,5.4392133,2.9994624,4.222684,4.542745
C00876,5.7323217,7.951482,4.7726183,9.510539,6.138036,6.111888,5.6450167,2.977265,4.2478027,6.4572544
C00877,5.7623487,8.581558,2.491608,5.5647597,6.154523,5.849606,5.2470493,2.6060634,4.789129,4.6029243
C00878,5.0021167,8.915942,4.7329235,7.568062,4.743889,5.9688616,5.7655363,3.635008,4.2396173,4.411239
C00879,6.113894,6.5860395,3.6496212,5.154995,4.9790373,7.023138,5.2606874,2.3551273,4.2416916,5.110836
C00880,5.4549947,8.791492,4.258275,9.083913,5.3564672,6.062308,5.29827,2.6153018,4.522481,6.480898
C00881,5.695339,8.0607195,4.763231,9.50538,6.120156,6.1832676,5.6824107,2.8696074,4.268492,6.536831
C00882,5.832464,6.910183,3.5339687,4.763159,4.1390967,6.9973106,5.0369077,2.3964298,4.207527,4.840615
C00883,6.9912558,7.2491713,5.174711,9.128063,5.2718015,6.288331,4.936183,3.6373217,4.4190326,5.6628165
C00884,5.5782995,7.3585706,3.4827783,5.6598115,5.2523375,6.308254,5.300964,2.828764,4.341696,4.6535373
C00885,5.6145754,8.886685,4.6543493,9.311525,5.328577,6.294241,5.4818244,2.610425,4.438955,6.604309
C00886,5.4351907,8.230187,4.711103,9.231094,6.4821453,6.2373013,6.1400833,2.7438083,4.133182,6.423198
C00887,6.1656394,7.2532263,3.1619496,4.7687907,4.436655,6.9287243,4.944831,2.223967,4.4768386,4.930229
C00888,6.538819,7.9514365,3.852069,5.752188,4.5969405,6.8737435,5.277571,2.729927,4.528504,4.7385793
C00889,6.860654,7.697768,3.7953105,5.829462,4.774803,6.896619,5.1795306,2.751394,4.5767517,4.7672296
C00890,7.489167,7.971955,3.8754485,6.193671,4.6830926,7.0115514,5.0010376,2.817563,4.7895594,4.8931127
C00891,6.82429,8.380778,3.7922823,6.195542,5.0272703,6.6886024,5.310296,2.8821592,4.697351,4.7004766
C00892,5.2174997,8.131585,4.7430816,9.480716,6.6499176,6.0446997,6.1339207,2.8493342,4.101898,6.453294
C00893,6.517206,7.6413555,3.3034067,5.0258026,4.47825,6.957468,5.023259,2.358504,4.577058,4.8345523
C00894,6.077369,9.053355,2.411483,5.0465913,6.341357,6.0460334,5.408018,2.6646707,4.9471383,4.2644134
C00895,5.84799,9.278904,2.2977827,5.4395337,5.5188546,5.7578077,5.0439787,2.6089687,4.962206,4.351561
C00896,6.735875,7.495883,5.126038,9.289035,5.1560826,6.219072,4.953561,3.6236238,4.4259753,5.7256875
C00897,5.66999,7.5311465,3.9720335,5.5864043,4.9235163,6.4957557,5.5873895,3.1159706,4.230851,4.2834024
C00898,7.236411,7.518674,5.288144,8.894635,4.7264543,6.5134125,4.909433,3.6870983,4.4751306,5.4561114
C00899,5.6408935,8.73388,4.7726746,9.153647,5.2882504,6.2826624,5.586925,2.87357,4.3876925,6.216025
C00900,5.4570627,8.969253,4.4490967,9.226051,5.2510066,6.197749,5.474233,2.5681217,4.482425,6.548227
C00901,5.4121785,8.367563,4.312698,9.259566,5.5241947,5.8551455,5.14766,2.879523,4.4836073,6.3524733
C00902,5.4816856,7.866008,4.571592,9.3903265,6.064395,5.787806,5.3980303,3.195526,4.304373,6.134304
C00903,5.367168,8.975069,4.5843196,9.235738,5.24864,6.155903,5.505939,2.7297916,4.446039,6.397356
C00904,5.4651275,8.184787,4.385355,9.192344,5.563119,5.7834377,5.1351004,3.0994942,4.4450784,6.1072264
C00905,5.0471983,8.826941,4.982744,7.987236,4.753614,6.0011024,5.7627525,3.7600849,4.185297,4.548868
C00906,5.7712984,7.0724387,4.27584,5.7386527,4.7111235,6.71411,5.5057645,3.1112802,4.1212044,4.477307
C00907,5.8106303,8.491648,4.8906517,8.877347,5.528977,6.435354,5.801446,2.9329658,4.2854104,6.035435
C00908,5.4684167,7.942916,4.6149216,9.620608,6.475118,6.0293636,5.7271256,2.7795439,4.232851,6.698571
C00909,6.608755,7.468333,5.0113564,9.002269,5.404986,6.2148204,5.1060753,3.5637968,4.3898163,5.6176677
C00910,6.2752695,7.5146375,3.6150184,5.502611,4.952161,6.6829815,5.26292,2.7821057,4.4543314,4.604498
C00911,5.220063,8.004996,4.462091,9.476964,6.6051917,5.8336744,5.8302865,2.8786435,4.1831565,6.4782715
C00912,6.2879257,9.058496,2.259741,5.2952943,5.43148,6.033505,4.976972,2.4159944,4.9420633,4.530481
C00913,5.1965995,7.864381,4.288047,9.511246,6.431673,5.666676,5.4256034,2.9012654,4.3046427,6.5132046
C00914,5.877895,9.07935,2.5440652,5.211511,6.258909,5.9108753,5.484385,2.7621336,4.8701625,4.164597
C00915,6.181329,9.191557,2.441237,5.016502,6.25037,6.046262,5.44265,2.631636,4.953175,4.18098
C00916,7.506219,8.03101,3.9053051,6.3280606,4.7119994,7.0093465,5.010494,2.8127966,4.799758,4.949067
C00917,5.6226215,8.917246,4.556797,9.263149,5.3039246,6.331925,5.4245224,2.5018837,4.4901114,6.6964164
C00918,5.5344434,8.789495,4.2472067,8.962877,5.37001,6.1193423,5.3408313,2.621887,4.5275455,6.3909106
C00919,6.4926157,7.4308114,5.099708,9.029357,5.1829324,6.034103,4.955587,3.8592718,4.384713,5.318266
C00920,6.836059,7.590038,5.1657147,9.205518,4.9851847,6.315747,4.9582806,3.6448433,4.44442,5.6572065
C00921,6.5552864,7.624673,5.2527285,8.8771515,4.9597206,6.196197,5.102512,3.911432,4.3523307,5.1472945
C00922,6.45967,8.959616,2.4774058,5.1133194,6.129095,6.189078,5.3415103,2.5344462,4.94445,4.344766
C00923,7.2597303,8.168958,3.5850594,6.0380235,4.8107843,6.8543024,5.0059705,2.6696649,4.816027,4.8998566
C00924,5.217805,7.8917794,4.238195,9.106501,6.3809276,5.7200475,5.52167,2.96826,4.2756786,6.2230854
C00925,5.310286,8.28665,4.461885,9.328252,5.660789,5.7708387,5.27926,3.0712547,4.3938136,6.1782618
C00926,5.4413953,8.129962,4.523607,9.434446,6.651928,6.204778,6.000935,2.464709,4.2215753,6.855536
C00927,5.4601893,7.099416,4.3334446,5.6993246,4.414668,6.662266,5.497209,3.1588562,4.05955,4.412076
C00928,5.660518,9.000016,4.305287,8.902208,5.2363467,6.329904,5.4596934,2.4446366,4.537803,6.522053
C00929,5.5445848,8.644022,4.1472054,8.793858,5.386433,6.0394096,5.255088,2.7018712,4.53672,6.2471175
C00930,5.833995,7.250681,3.9770951,5.554051,4.983624,6.6120777,5.54359,3.0473547,4.2170463,4.4014816
C00931,5.2546277,8.148272,4.565874,9.47134,6.8093257,6.031721,6.1758566,2.6982822,4.102985,6.6449313
C00932,6.11172,8.812292,2.3546817,5.252465,6.243793,5.967697,5.2921257,2.501714,4.859132,4.46045
C00933,6.1486936,9.037963,3.1901913,5.789431,5.2201214,6.168271,5.3383746,2.9151728,4.7768297,4.25042
C00934,6.5052733,7.0540805,4.032415,5.657807,4.838957,7.070636,5.3668756,2.6238806,4.321828,4.9673247
C00935,5.184458,8.154812,4.8153687,8.344868,5.6571507,5.8542233,5.737315,3.6983142,4.1545014,4.925968
C00936,5.623294,9.0427475,2.2930317,5.689239,5.7144623,5.624443,5.0501304,2.6415877,4.884841,4.5173974
C00937,5.0493484,8.821375,4.9923987,7.9893517,4.728516,5.970306,5.7879634,3.8191934,4.154353,4.5107093
C00938,5.7839074,8.885204,3.1247382,5.6616096,5.726004,5.963782,5.532529,3.0326443,4.6968446,4.082287
C00939,6.915087,8.137621,3.6307151,5.8659887,4.798369,6.8094206,5.1482906,2.7241824,4.711959,4.74202
C00940,6.509084,7.050123,3.9514754,5.502168,4.8717175,7.0809727,5.386612,2.601229,4.332103,4.8871794
C00941,7.282631,7.1030207,5.330007,8.980673,5.076183,6.4185433,4.824938,3.6419697,4.436137,5.6121063
C00942,6.9900064,7.840838,5.227793,9.138065,4.8097277,6.5551343,5.090832,3.4280963,4.4617486,5.8066044
C00943,5.7085967,7.8727546,4.771174,9.327862,6.0732136,6.0196385,5.6039214,3.1699336,4.2468104,6.1185446
C00944,5.965355,7.0785747,3.4154115,4.7690077,4.3031816,6.9303727,5.0507646,2.380955,4.2949805,4.811616
C00945,5.582893,9.0057125,2.9127154,5.8067265,5.5078044,5.7725477,5.332185,2.9812944,4.742009,4.188232
C00946,6.4964123,7.987476,3.4685147,5.6725273,4.807466,6.64515,5.1307335,2.7053545,4.6322765,4.6790137
C00947,6.01502,8.871383,2.334751,5.2226496,6.398519,5.9308214,5.347507,2.5554845,4.8963223,4.4299655
C00948,5.8819904,6.934749,3.2358658,4.9567194,4.7792354,6.8366895,5.0410323,2.1973028,4.3454266,5.131898
C00949,5.564559,8.802422,4.537284,9.316281,5.3725266,6.2467394,5.396955,2.5578995,4.4663267,6.690837
C00950,6.457653,7.6143804,3.276786,5.0087347,4.48113,6.9354534,5.0122833,2.3319664,4.569103,4.8650985
C00951,7.0384297,7.5906324,4.778583,8.092184,5.0783486,6.547814,5.0677776,3.3493583,4.507488,5.3672147
C00952,6.7219872,7.7015705,3.3294322,5.092658,4.571207,7.0013204,5.066075,2.421285,4.617333,4.766732
C00953,7.0341268,7.3810654,5.315675,9.012208,5.1304436,6.4314933,5.0585666,3.7109954,4.3860836,5.522697
C00954,5.9104996,8.814883,2.2457256,5.6414676,5.644083,5.8174133,4.9238276,2.4543638,4.8980656,4.722991
C00955,6.1203465,9.026549,2.2308352,5.145693,6.379945,5.937387,5.3107553,2.5091796,4.9486437,4.4114475
C00956,5.8675337,8.01206,4.6795173,8.688554,5.408491,6.05464,5.3147407,3.3839753,4.3726473,5.532944
C00957,5.6383896,6.9657116,3.185641,5.4865274,5.4325123,6.4047146,5.166929,2.471638,4.3625717,5.0533566
C00958,5.687741,8.783994,2.3159523,5.796532,5.7431245,5.691943,4.981151,2.5634112,4.8455334,4.7028728
C00959,5.172324,8.329095,5.029787,7.967852,5.5746427,5.976298,6.046117,3.8996692,4.0738873,4.4758782
C00960,6.079876,9.179676,2.406063,5.032468,6.294791,5.9950504,5.437621,2.654555,4.94858,4.1836267
C00961,5.5669613,8.719742,2.98657,5.7481065,5.864778,5.822841,5.4592996,2.9951608,4.681063,4.2212543
C00963,5.3862047,8.265516,4.924456,7.76365,5.5525885,6.095037,5.9992747,3.7949178,4.142558,4.511451
C00964,6.6516857,7.470747,5.275261,8.630618,5.134303,6.2582364,5.2042227,3.913518,4.321948,5.0345335
C00965,5.027762,8.83804,5.0108795,8.030109,4.726504,5.9852843,5.761484,3.7965672,4.1733756,4.545389
C00966,5.1950755,8.062864,4.5598683,9.58261,6.7479243,6.051976,5.9865446,2.6236572,4.158395,6.7800045
C00967,5.585738,9.281155,3.2014961,5.8150992,5.348568,5.8150334,5.515151,3.1983562,4.7322702,3.893839
C00968,5.2227163,8.291041,5.107871,8.199828,5.530792,6.0010715,5.995215,3.8638322,4.070423,4.648527
C00969,5.4915166,7.2009344,4.2707634,5.6606627,4.495293,6.6362514,5.4834933,3.1409252,4.090591,4.3892927
C00970,5.8789954,8.998631,2.3214407,5.552788,6.2086596,5.7768655,5.1926613,2.6028912,4.92078,4.542496
C00971,5.573086,8.698103,2.5082128,5.7875504,5.8606153,5.707394,5.1393676,2.6839767,4.7764697,4.5986066
C00972,5.952714,7.013315,3.507018,4.962467,4.3962383,6.8611436,5.0553226,2.5041733,4.3158226,4.7647114
C00973,5.8634005,8.298754,4.535064,8.155843,5.3298516,6.3056045,5.534936,3.0926,4.371471,5.5095525
C00974,5.3456645,8.071424,4.5256724,9.621991,6.6604223,6.0791416,5.9070234,2.5771482,4.193386,6.9007287
C00975,6.026412,8.829575,2.3469665,5.6320906,5.483217,5.918147,4.9271994,2.4683073,4.88294,4.701108
C00976,6.803841,7.645723,4.050657,6.1675897,4.810586,7.0277243,5.3120565,2.651499,4.49339,5.0812874
C00977,5.7487054,9.198442,3.2727914,5.87805,5.300223,5.9361434,5.4880185,3.1373513,4.704168,4.0029263
C00978,7.414577,7.2524137,5.2673397,8.879841,5.033415,6.4957366,4.901937,3.6441612,4.4751043,5.5499754
C00979,6.726036,7.7173667,5.1781178,9.014156,5.002467,6.3779325,5.14453,3.6278782,4.402901,5.545895
C00980,5.730563,7.9000316,4.6318436,9.326036,5.893785,5.964111,5.3559484,3.1206298,4.344377,6.1882825
C00981,5.326158,8.155599,4.5559654,9.559237,6.6445827,6.12406,5.9966865,2.5714982,4.1712594,6.8296895
C00982,6.634893,7.7896132,3.687775,5.5107384,4.7803946,6.99631,5.3086996,2.4960976,4.537066,4.9013076
C00983,5.6726136,8.394775,4.2398934,7.7853904,5.717324,6.243615,5.7231283,2.949801,4.3570576,5.426149
C00984,5.1116242,8.349187,5.0616937,8.106063,5.5365543,5.9348235,5.9991984,3.9003668,4.066513,4.544842
C00985,6.8537493,7.811356,5.0641756,8.433688,5.0538516,6.5839486,5.3112288,3.4448738,4.4076843,5.3997803
C00986,7.0284657,7.231052,5.3741765,9.185023,5.230263,6.3467994,5.003399,3.7406566,4.361538,5.5975075
C00987,7.29829,7.64232,4.9852223,8.213565,4.8802633,6.6983023,5.088312,3.4161947,4.5123205,5.3606057
C00988,5.544062,8.206078,5.190701,8.309497,5.4241605,6.161727,5.9539623,3.8097253,4.1088862,4.8068585
C00989,6.240699,9.127855,2.2021606,5.246797,5.4325047,5.998378,4.9729767,2.4225771,4.9486113,4.488242
C00990,5.1486964,8.0925665,4.6600676,9.193962,6.660087,6.118783,6.1041203,2.803707,4.124849,6.3204994
C00991,5.506067,7.481909,4.05957,5.6012654,4.629722,6.5146613,5.479781,3.1133752,4.1710176,4.326941
C00992,5.242121,7.9277954,4.338804,9.52443,6.466735,5.789162,5.5209317,2.7917693,4.286983,6.6282296
C00993,6.3913846,8.734149,2.766792,5.6157365,5.2152863,6.244779,5.0255275,2.5641246,4.8691106,4.6181045
C00994,6.820372,7.68937,5.471924,8.704053,4.591164,6.402816,5.1178546,3.9613924,4.3339095,5.016028
C00995,5.935522,6.913498,3.5590003,4.832719,4.2209463,6.9813037,5.0521126,2.454341,4.244423,4.8037543
C00996,5.6992955,8.93016,4.6428323,9.231901,5.233659,6.350466,5.522045,2.6229086,4.4724317,6.516293
C00997,5.5099564,8.850542,3.0555809,5.7901464,5.822958,5.780856,5.512158,3.0885065,4.672456,4.122651
C00998,6.340731,8.9051075,2.479516,5.0162754,6.103786,6.2374196,5.3356047,2.5550334,4.9458513,4.3791294
C00999,5.3640547,8.302513,5.0343843,7.8958693,5.5218287,6.085694,6.050985,3.9032576,4.1424646,4.4754066
C01000,6.967425,7.595734,5.187744,8.6670065,5.1149864,6.551374,5.219695,3.49565,4.3935533,5.5135036
C01001,5.614478,8.014737,4.587347,8.751471,5.4860272,5.886227,5.2797327,3.4089057,4.3590674,5.5347896
C01002,5.587349,8.121518,4.6278524,9.264427,6.502462,6.350766,6.0036936,2.5401723,4.177638,6.713076
C01003,6.3616576,9.258958,2.1507823,5.373824,5.5589833,5.9660845,4.9078417,2.3771484,5.135828,4.558917
C01004,6.7791595,7.2970266,5.1273384,9.16352,5.3778434,6.1882176,5.0009847,3.70974,4.3809867,5.5835214
C01005,6.068877,8.94705,2.2902155,5.1545906,6.431762,5.9555316,5.351824,2.5241115,4.9156413,4.4222765
C01006,7.1088376,7.622652,5.3809404,8.978711,4.7010436,6.5147796,4.99346,3.68941,4.4329147,5.4764266
C01007,5.6449885,8.570775,2.5063565,5.816035,5.722343,5.772409,5.032573,2.6132743,4.7739143,4.7184544
C01008,5.567068,7.984703,4.708851,9.522275,6.4691963,6.209993,5.835951,2.7010632,4.210334,6.712135
C01009,5.624327,7.4182143,3.7508593,5.520321,4.758669,6.49639,5.305966,2.9187303,4.28269,4.500237
C01010,5.477442,8.0100155,4.5310297,8.749315,5.5893693,5.79935,5.298436,3.429706,4.3463974,5.5054646
C01011,5.8503504,6.808064,3.7332447,4.968315,4.2719593,6.971068,5.130667,2.5435178,4.183588,4.808398
C01012,5.561958,8.006321,4.8937583,8.577203,5.559081,5.9519734,5.584342,3.683921,4.2284193,5.119942
C01013,4.9804416,8.191893,4.5528216,8.10698,5.8278384,5.6732006,5.740811,3.745049,4.220434,4.7307644
C01014,6.2794123,8.662756,3.3168533,6.0185256,5.30214,6.2904077,5.3038874,2.8376908,4.7246614,4.551629
C01015,5.80023,8.301205,4.736348,8.786843,6.005316,6.4640617,5.97508,2.7646787,4.2323194,6.1806197
C01016,5.6780424,7.0747914,4.1904783,5.630963,4.729291,6.687986,5.48926,3.0623355,4.118771,4.468929
C01017,5.6133537,7.4375973,3.9353957,5.537526,4.6853895,6.5483747,5.4097404,3.0163958,4.2178626,4.4029374
C01018,7.234056,7.7319546,5.2831836,8.984253,4.6905937,6.664773,4.990939,3.4224937,4.495171,5.757708
C01019,5.934413,6.6613517,3.2438579,5.146984,5.3223743,6.7552686,5.1798916,2.2590277,4.3289375,5.1689677
C01020,6.5291567,7.479641,4.1140137,6.089553,4.836479,6.8432117,5.3442535,2.9026947,4.403161,4.79003
C01021,5.89888,8.226424,4.775924,8.63119,5.9736433,6.542863,5.981366,2.7959144,4.2302785,6.0674376
C01022,6.7332554,7.336628,3.5913591,5.6205287,4.94423,6.8947883,5.1317744,2.5739167,4.535483,4.9231877
C01023,5.6094937,9.286835,3.2011025,5.910534,5.3109465,5.833172,5.455776,3.1421402,4.7114615,3.9782603
C01024,6.597248,7.4820356,5.08893,9.260881,5.209645,6.127376,4.9614162,3.6965015,4.4057374,5.625991
C01025,5.326077,8.4783325,4.3003592,9.2126255,5.456057,5.800836,5.164631,2.9345553,4.4812803,6.251536
C01026,5.485652,7.128381,4.3323746,5.6845665,4.465677,6.649444,5.4884,3.1570575,4.0599422,4.390415
C01027,5.9035954,9.271083,2.2881866,5.385167,5.545058,5.7965813,5.0526385,2.5874252,4.9624352,4.3495235
C01028,6.234888,7.16471,3.2207663,4.728864,4.2449217,7.0148406,4.868571,2.2452934,4.4680047,4.873407
C01029,6.5203543,7.561971,5.1955247,8.920726,5.0371656,6.1348987,5.0563264,3.8967633,4.362663,5.193761
C01030,5.8291836,6.7850595,3.136179,5.155276,5.365197,6.6509237,5.160389,2.2474618,4.3554187,5.163388
C01031,5.8856444,6.70689,3.7661371,5.0289702,4.367489,7.015102,5.1421194,2.480101,4.163094,4.9192157
C01032,5.782548,8.126384,4.681336,9.101596,5.451449,6.0126653,5.2619243,3.2420099,4.4084215,5.895457
C01033,6.436685,8.696488,2.8962786,5.414281,5.215931,6.371505,5.152305,2.5933177,4.825655,4.4972496
C01034,5.6786237,9.011488,2.3048942,5.583005,5.573381,5.7088165,5.038631,2.6342359,4.8454614,4.473166
C01035,5.2016883,8.247659,4.959261,8.021952,5.668802,6.029764,6.0459075,3.7272136,4.046152,4.68899
C01036,6.1948776,6.9856563,3.4429793,5.000813,4.9243455,6.8579874,5.235239,2.4970007,4.3736506,4.759311
C01037,6.9608164,7.1315136,5.2373157,9.094722,5.230833,6.192732,4.852897,3.825563,4.4037876,5.4539285
C01038,6.0838637,8.365259,4.8046384,8.026899,5.1558037,6.4900146,5.652353,3.205434,4.3361335,5.303947
C01039,5.519916,7.312075,4.141892,5.5900717,4.567084,6.598014,5.4487996,3.0997348,4.13442,4.3739367
C01040,5.527738,9.315378,3.156504,5.8675346,5.3775473,5.7506275,5.5027237,3.19784,4.753515,3.9070666
C01041,6.146216,8.932802,2.6680777,5.2442865,6.018116,6.0541425,5.4573255,2.6808014,4.808688,4.2156005
C01042,7.514273,7.9253416,3.9554083,6.6840763,4.77113,6.8995943,4.8766584,2.8686922,4.8259883,5.0742254
C01043,6.27684,9.479948,2.09389,5.2993383,5.556539,5.897898,4.992556,2.4868205,5.096236,4.3956294
C01044,7.263254,7.4534082,5.082522,8.444783,5.018585,6.5625634,5.0365458,3.5564663,4.4790616,5.364835
C01045,7.030992,7.4568543,5.271974,8.87852,5.1083107,6.475974,5.1029305,3.6965213,4.401435,5.468978
C01046,5.3692446,8.42132,4.359838,9.412207,5.61523,5.896766,5.224833,2.7698479,4.4569855,6.5461416
C01047,5.206884,8.043586,4.572101,9.269985,6.711663,6.1596923,5.990154,2.6262197,4.1739945,6.586055
C01048,5.8212295,9.312025,2.20356,5.463469,5.6002617,5.702741,5.0176315,2.5759497,4.9722543,4.3947735
C01049,7.3641334,7.3080525,5.225359,8.904924,5.078941,6.4924607,4.9428744,3.606354,4.4752197,5.5946984
C01050,5.551294,8.789796,4.38832,9.019507,5.421011,6.224596,5.455103,2.5985014,4.4743495,6.44972
C01051,6.552272,7.6377997,5.1921597,8.835337,4.9972,6.2040625,5.1095614,3.8666701,4.36488,5.1687403
C01052,5.8129997,8.171352,4.8487096,9.243054,5.9860454,6.336591,5.803371,2.8758552,4.2486978,6.3498983
C01053,5.6330338,6.963908,3.376354,5.492424,5.060523,6.4760795,5.108689,2.5667548,4.31976,4.9554853
C01054,7.839609,8.096852,4.114669,6.753675,4.698685,7.0480165,4.9201665,2.9280603,4.845182,5.133215
C01055,5.609142,8.995006,4.5495114,9.271637,5.21846,6.2368617,5.448801,2.6326985,4.5061083,6.508514
C01056,5.799724,6.765216,3.1088057,5.1401834,5.288993,6.6570044,5.0893955,2.2136457,4.3639283,5.19584
C01057,6.440358,7.308991,5.05032,9.020853,5.349458,5.98945,4.9656925,3.8237495,4.3627086,5.366323
C01058,6.579915,7.220911,3.8876748,5.5555263,4.8527613,6.99229,5.3159094,2.678759,4.397,4.8036213
C01059,6.0894985,6.770248,3.462093,4.8289256,4.9123096,6.9285164,5.284673,2.4372902,4.2963905,4.8010387
C01060,5.684256,8.067684,4.6059256,9.105007,5.5310507,5.923483,5.2432327,3.251211,4.396318,5.898341
C01061,5.127538,8.373715,4.902048,7.9679136,5.565493,5.9244466,5.9882145,3.8475835,4.110295,4.5154443
C01062,5.6225963,8.973924,2.3384855,5.686238,5.720218,5.6455426,5.061318,2.6422167,4.8701706,4.528124
C01063,5.4534235,8.134121,4.877393,9.365136,6.4805646,6.2425437,6.174174,2.8783069,4.093955,6.34829
C01064,6.444085,7.4526453,3.2427835,4.8499193,4.296581,7.0068984,4.9111333,2.3136947,4.540879,4.814726
C01065,5.1427755,8.922777,4.757575,7.5505576,4.8450823,6.072486,5.787773,3.6050313,4.1729655,4.4503345
C01066,5.420452,9.261098,3.0755427,5.886351,5.4221687,5.66135,5.4314933,3.178966,4.77598,3.989836
C01067,5.186378,7.842848,4.2847314,9.34655,6.423496,5.6717734,5.4602127,2.9563751,4.2884226,6.3665686
C01068,6.092189,9.426306,2.1793,5.371107,5.468915,5.838209,4.9995804,2.5443242,5.0385237,4.368028
C01069,6.7874875,7.1783404,5.2129774,9.195469,5.261159,6.102802,4.866735,3.8351908,4.39182,5.493629
C01070,5.896333,9.30658,2.2449982,5.401888,5.5346518,5.767472,5.0401363,2.590505,4.972154,4.349311
C01071,6.518086,7.5630608,4.965684,9.107109,5.2766695,6.1400614,5.014949,3.5684907,4.4258695,5.661072
C01072,7.1639066,7.8005323,5.268155,8.983243,4.7443113,6.634845,5.0773745,3.4620037,4.472437,5.7011566
C01073,7.507358,8.112637,3.8354275,6.3930535,4.779634,6.983791,5.0123887,2.731681,4.8192396,5.0408454
C01074,5.2133684,7.9022994,4.416427,9.581698,6.5055566,5.751621,5.582588,2.900697,4.2516704,6.5309453
C01075,6.8035,7.6897683,5.4344516,8.668221,4.6228,6.391757,5.113438,3.9542615,4.350374,4.991787
C01076,5.754874,8.544462,2.6175723,5.720769,5.970891,5.8659797,5.1911855,2.66247,4.768673,4.6392074
C01077,5.5309677,9.047025,4.608606,9.328745,5.1884103,6.2444997,5.514289,2.6602957,4.486451,6.481517
C01078,6.431233,8.709715,2.8106058,5.7041545,5.196394,6.255746,5.01411,2.576348,4.862332,4.6574025
C01079,5.9412937,6.6700754,3.386834,4.969972,5.218429,6.7781973,5.324974,2.4488423,4.2566805,4.8329616
C01080,6.0056987,9.170598,2.209949,5.2607417,5.5413346,5.8584843,5.11639,2.57543,4.8725505,4.3274803
C01081,5.128116,8.12744,4.599442,9.443271,6.7701926,6.011003,6.116148,2.7457147,4.1101704,6.543178
C01082,6.5872526,7.825706,4.895795,8.271573,5.0895004,6.412154,5.260977,3.4908628,4.41247,5.240707
C01083,6.133795,9.077111,2.1702173,5.4260736,5.462799,5.9122405,4.9005527,2.4078987,4.9544144,4.6066957
C01084,5.493007,8.223524,4.6728086,9.151086,6.4468145,6.2784877,6.106073,2.702449,4.147644,6.430118
C01085,5.6967387,8.804787,4.4992666,9.116926,5.316835,6.336544,5.45005,2.5378246,4.4786644,6.5898705
C01086,5.105087,8.383836,4.860066,7.8156247,5.5931325,5.9146123,5.9994817,3.869432,4.1277027,4.4118514
C01087,6.6273756,7.64202,5.3425126,8.805094,4.793411,6.2420564,5.0906014,3.9733775,4.348733,5.0375266
C01088,6.698626,7.783917,3.9106328,5.87557,4.801282,6.8642263,5.286351,2.840075,4.5361185,4.704427
C01089,5.254025,8.593409,4.6173167,7.7953057,5.172238,6.010476,5.686936,3.510079,4.2384343,4.745449
C01090,5.2085676,8.174204,4.9175453,8.429009,5.637369,5.855825,5.7891083,3.7893171,4.143567,4.873407
C01091,6.788235,7.470962,3.9454703,6.01951,4.8058233,6.9427853,5.2169366,2.7240047,4.4893136,4.9401155
C01092,5.644627,6.939773,3.3922944,5.162342,4.5054717,6.655573,4.953082,2.4721382,4.299438,4.9234986
C01093,5.167202,8.134395,4.6232285,9.295838,6.731715,6.123529,6.136076,2.70319,4.1195617,6.495798
C01094,5.4616613,8.212053,4.263267,9.21069,5.546215,5.795643,5.029941,2.9431722,4.488121,6.3010335
C01095,5.544462,8.387956,5.1105447,8.170148,5.103098,6.2124615,5.8182173,3.7047284,4.169877,4.8190928
C01096,5.7579813,7.880868,4.7659755,9.423598,6.0497713,6.048508,5.5526443,3.0930407,4.271926,6.27024
C01097,6.0190573,8.561443,2.7829475,5.5096292,5.880673,6.0962486,5.3019795,2.6817214,4.7761908,4.508689
C01098,5.3405795,7.8288946,4.4049654,9.625435,6.4737635,5.8306923,5.48628,2.8121996,4.2955074,6.686806
C01099,5.980175,7.147473,3.2171643,4.792294,4.276638,6.888975,4.8799205,2.2608807,4.415909,4.930113
C01100,6.448508,8.905774,2.5174036,5.1306543,5.9644303,6.216291,5.3014617,2.517717,4.910597,4.3900514
C01101,7.294576,7.8169255,4.038454,6.846611,4.840961,6.823515,4.9354677,2.8958528,4.735241,5.1495967
C01103,5.2411857,8.098456,4.5356946,9.447539,6.6638193,5.935943,6.0204234,2.8273509,4.1339397,6.491705
C01104,5.781458,7.0015354,3.3756604,5.0313373,4.4905114,6.7113857,4.9995565,2.4889812,4.330367,4.813912
C01105,5.681858,8.192737,4.603141,9.153535,5.430361,5.9470177,5.2180085,3.1951182,4.4253507,5.9699965
C01106,6.0635285,6.9416895,3.2342603,5.0328774,5.1619134,6.840534,5.1876297,2.2068622,4.3835597,5.132425
C01107,7.2691393,7.6554546,4.9381795,8.141169,4.902139,6.6937113,5.1002307,3.4048328,4.5160375,5.3298144
C01108,6.0001173,9.374236,2.1000938,5.3708954,5.568181,5.753417,4.928124,2.4533908,5.041046,4.4476156
C01109,6.697625,7.737534,3.9261851,5.8151665,4.7952995,6.890437,5.308561,2.8367133,4.5196414,4.6845946
C01110,6.9222307,8.16431,3.3870308,5.7696486,4.8507924,6.7340508,5.040072,2.626944,4.7714615,4.7797093
C01111,5.865155,9.128522,2.1511178,5.379692,5.373672,5.8049917,5.002788,2.5550292,4.834808,4.4249525
C01112,5.355967,8.041937,4.602444,9.6995535,6.675794,6.059808,5.9100575,2.636554,4.1759963,6.8791437
C01113,6.6971297,7.7461166,3.6050284,5.7759547,4.9087667,6.753471,5.1545796,2.7251112,4.601398,4.753875
C01114,5.413925,8.174509,4.7847943,9.358615,6.5469623,6.2348285,6.1587577,2.7718518,4.113964,6.4690237
C01115,6.682817,7.9775553,3.6215951,5.7600822,4.724845,6.784858,5.1569653,2.6902559,4.627366,4.7453046
C01116,5.361271,8.685968,4.951867,7.9798965,4.948621,6.160488,5.790161,3.588702,4.2095137,4.7642937
C01117,5.199885,8.344824,4.8076463,7.763308,5.644309,5.999239,6.0101113,3.7395349,4.124527,4.536754
C01118,6.6496067,7.6519814,4.7525434,8.918653,5.1053762,6.2237267,4.8879504,3.393117,4.5213237,5.7506876
C01119,5.0825744,8.215146,4.7573056,8.277079,5.708348,5.7732525,5.7997065,3.7821958,4.1671534,4.7825108
C01120,7.212272,7.812756,5.248155,8.88647,4.7987127,6.677564,5.139603,3.4355128,4.4669476,5.6749587
C01121,5.6743193,7.0260115,3.16287,5.6066337,5.4146304,6.397804,5.0833945,2.423738,4.3963313,5.1503735
C01122,6.965291,7.2396517,5.220409,9.171673,5.2978134,6.2684174,4.9610558,3.6931775,4.3975997,5.6303897
C01123,5.2873945,8.128836,4.7936444,9.502632,6.5718193,6.0513945,6.110862,2.9105222,4.1045847,6.4203615
C01124,4.993465,8.351502,4.8212185,7.830943,5.72281,5.869064,5.939925,3.7542965,4.0716267,4.504814
C01125,5.016517,8.250893,4.7071023,8.034919,5.744835,5.7764516,5.858066,3.7772448,4.1434345,4.635778
C01126,6.7935348,7.479405,4.994259,9.127117,5.1328526,6.2173004,4.87986,3.5690293,4.478901,5.703204
C01127,5.377104,8.119832,4.695618,9.396151,6.589783,6.101406,6.1233606,2.830762,4.103978,6.438002
C01128,5.430401,9.242641,3.1340914,5.88742,5.4726725,5.687364,5.5085077,3.2148871,4.7283754,3.9315743
C01129,6.2499065,9.488386,2.0657885,5.247102,5.6224203,5.891396,5.0313177,2.4828508,5.0693717,4.3700128
C01130,6.7279196,7.659375,5.306743,8.529782,5.014616,6.4311852,5.3099184,3.7994962,4.321843,5.0819206
C01131,5.867282,8.987892,2.3215597,5.608766,5.4778843,5.804415,4.959841,2.5541224,4.894674,4.5704536
C01132,6.023818,6.618542,3.7986999,5.211623,4.8027706,7.0010605,5.271428,2.4990919,4.1823616,4.989346
C01133,5.9780884,8.974547,2.3713732,5.063966,6.294181,5.968844,5.3872128,2.6914861,4.95509,4.287818
C01134,6.9534073,8.305996,3.7997613,6.2649755,5.019187,6.763307,5.2650313,2.8165398,4.708297,4.818658
C01135,6.653125,7.4679103,4.0891333,6.1438236,4.8207836,6.9127717,5.301644,2.807136,4.4303865,4.9186125
C01136,5.99185,8.433421,4.6331053,8.346409,5.475211,6.5032897,5.724416,2.8505166,4.3520436,5.885619
C01137,6.7717805,7.4612837,5.3567843,8.484263,5.0323057,6.3622613,5.228271,3.9267662,4.3108535,4.9311132
