,recency_days,tenure_days,frequency,monetary,invoice_amount_std,avg_ticket,avg_ticket_std,avg_items,avg_items_std,age,mean_gap_days,std_gap_days,cv_gap,monetary_recent_ratio,freq_recent_ratio,recent_90d_monetary,durable_share,fmcg_share,clothing_share,top_category_share,category_entropy,pay_cash_share,pay_credit_share,noncash_share,MK,TKO,ST,CYB,topcat_Books,topcat_Electronics,topcat_Toys,topcat_other,price_quantile_median,price_quantile_iqr,gender_F,gender_M,price_bin_0,price_bin_1,price_bin_2,price_bin_3
C00001,146.9,890.5,5,9.756443560277784,8.478883431076792,3452.8240000000005,8.478883431076792,2.8,0.7397659962052513,31.0,4.969813299576001,4.773159269692886,0.5989608679897395,0.0,0.0,0.0,0.3571428571428571,0.3571428571428571,0.2857142857142857,0.2857142857142857,2.046326537903665,1.0,0.0,0.0,0.0,0.4,0.0,0.6,False,False,False,1,0.7882088714205503,0.21948343627175737,True,False,0.35714285714285715,0.07142857142857142,0.07142857142857142,0.5
C00002,288.6,872.3000000000001,5,9.165393213990027,7.978604136849103,1911.896,7.978604136849103,2.8,0.9719780738352177,60.0,4.7295977643631435,4.002628679080757,0.391210223473066,0.0,0.0,0.0,0.5,0.3571428571428571,0.14285714285714285,0.42857142857142855,1.788871870838542,1.0,0.0,0.0,0.0,0.4,0.2,0.4,False,False,True,0,0.36501965188096575,0.3240875912408759,False,True,0.21428571428571427,0.35714285714285715,0.21428571428571427,0.21428571428571427
C00003,546.0,689.0,3,8.377783986821793,7.234034879587574,1449.4533333333336,7.234034879587574,3.3333333333333335,0.45574639440832615,41.0,4.02535169073515,2.4849066497880004,0.18232155679092432,0.0,0.0,0.0,0.30000000000000004,0.6000000000000001,0.1,0.4,1.912051019218745,0.0,1.0,1.0,0.0,0.0,0.6666666666666666,0.3333333333333333,False,False,False,1,0.26934306569343064,0.1913250982594048,True,False,0.5,0.2,0.1,0.2
C00004,154.70000000000002,916.5,5,9.522130495951899,8.09666279553326,2731.5359999999996,8.09666279553326,2.0,0.5347999967395705,41.0,4.993828175779875,4.628081408414221,0.5256674423614655,0.0,0.0,0.0,0.8,0.2,0.0,0.6,1.4155699679487908,0.0,0.0,1.0,0.0,0.4,0.2,0.4,False,False,True,0,0.34755755193711396,0.4123526108927569,False,True,0.2,0.3,0.1,0.4
C00005,105.3,910.0,6,10.192432701970226,7.96095741802449,4449.8949999999995,7.96095741802449,2.6666666666666665,0.9185063976401735,37.0,4.826712455935327,4.961734362328018,0.7634796167490381,0.028973642449240226,0.21666666663055556,773.578,0.6875,0.3125,0.0,0.4375,1.6666601120686988,0.0,1.0,1.0,0.3333333333333333,0.3333333333333333,0.0,0.3333333333333333,False,False,True,0,0.7368613138686131,0.39994385176866926,False,True,0.1875,0.125,0.1875,0.5
C00006,213.20000000000002,248.3,3,10.145463456660865,7.943191318109397,8491.423333333332,7.943191318109397,3.3333333333333335,0.4557463944083262,58.0,2.6741486494265287,2.5257286443082556,0.6161861393897429,0.0,0.0,0.0,0.9,0.0,0.1,0.5,1.2263529100277513,0.0,0.0,1.0,0.3333333333333333,0.3333333333333333,0.3333333333333333,0.0,False,False,True,0,0.7254912970241437,0.09362717574396417,False,True,0.0,0.1,0.1,0.8
C00007,218.4,858.0,3,8.679896903840596,6.9056575045133455,1960.8133333333335,6.9056575045133455,3.0,0.0,41.0,5.5093883366279774,5.0689042022202315,0.49608334202719745,0.0,0.0,0.0,0.3333333333333333,0.4444444444444444,0.2222222222222222,0.3333333333333333,1.9798415877907136,1.0,0.0,0.0,0.0,0.3333333333333333,0.3333333333333333,0.3333333333333333,True,False,False,0,0.4131948343627176,0.25336889387984285,True,False,0.1111111111111111,0.2222222222222222,0.2222222222222222,0.4444444444444444
C00008,222.3,296.40000000000003,2,9.530321663053426,3.583175644346069,6885.01,3.583175644346069,3.5,0.5347999967395705,66.0,4.060443010546419,0.0,0.0,0.0,0.0,0.0,0.5714285714285714,0.2857142857142857,0.14285714285714285,0.2857142857142857,1.7573191925765397,0.0,1.0,1.0,0.5,0.5,0.0,0.0,False,True,False,0,0.5421673217293655,0.04969118472768108,False,True,0.0,0.2857142857142857,0.2857142857142857,0.42857142857142855
C00009,29.900000000000002,494.0,3,9.022416752891967,8.021835929626498,2761.9266666666667,8.021835929626498,3.6666666666666665,0.927240654712096,25.0,5.190175207928333,5.173320876373351,0.6847083119113033,0.9731305924124255,0.4333333331888889,8063.146000000001,0.18181818181818182,0.6363636363636364,0.18181818181818182,0.36363636363636365,1.9085819207210712,1.0,0.0,0.0,0.0,0.3333333333333333,0.0,0.6666666666666666,True,False,False,0,0.37316114542391915,0.09845592363840538,False,True,0.45454545454545453,0.09090909090909091,0.09090909090909091,0.36363636363636365
C00010,227.5,793.0,3,9.815314592078654,8.513072409102946,6103.683333333333,8.513072409102946,4.0,0.0,22.0,5.3867860145356445,5.363636832668679,0.6815863581565973,0.0,0.0,0.0,0.6666666666666667,0.25,0.08333333333333333,0.4166666666666667,1.8513688925508054,0.0,1.0,1.0,0.3333333333333333,0.6666666666666666,0.0,0.0,False,False,True,0,0.5749017405951713,0.2799270072992701,True,False,0.08333333333333333,0.3333333333333333,0.16666666666666666,0.4166666666666667
C00011,586.3000000000001,789.1,3,9.340241683822805,7.757150455089487,3795.3866666666668,7.757150455089487,4.333333333333333,0.7676517525907619,48.0,4.3694478524670215,3.970291913552122,0.5108256237608624,0.0,0.0,0.0,0.38461538461538464,0.5384615384615385,0.07692307692307693,0.46153846153846156,1.7911653604507427,0.0,1.0,1.0,0.3333333333333333,0.3333333333333333,0.0,0.3333333333333333,True,False,False,0,0.5120718697361033,0.12327344188658057,False,True,0.07692307692307693,0.15384615384615385,0.46153846153846156,0.3076923076923077
C00012,97.5,856.7,6,9.714187301201003,7.999065684315665,2758.293333333333,7.999065684315665,2.5,0.866430042484809,62.0,4.768988271217486,3.9842021279944877,0.37263993026418096,0.24083654385318937,0.21666666663055556,3985.787,0.6666666666666667,0.13333333333333333,0.2,0.4666666666666667,1.7686680475652328,0.0,1.0,1.0,0.16666666666666666,0.3333333333333333,0.16666666666666666,0.3333333333333333,False,False,True,0,0.42332959011791127,0.36476698483997755,True,False,0.06666666666666667,0.3333333333333333,0.26666666666666666,0.3333333333333333
C00013,75.4,912.6,5,9.410435538216795,7.906358198980164,2442.8379999999997,7.906358198980164,3.0,0.6931471805599453,32.0,5.087596335232384,5.046692556129545,0.6727773955921638,0.11638299387842205,0.519999999896,1421.5240000000001,0.6,0.26666666666666666,0.13333333333333333,0.4666666666666667,1.8140162200248267,0.0,0.0,1.0,0.0,1.0,0.0,0.0,False,False,True,0,0.43228523301516003,0.11027512633352049,True,False,0.13333333333333333,0.26666666666666666,0.4,0.2
C00014,184.6,780.0,6,10.03854496769575,8.263341009780818,3815.1749999999997,8.263341009780818,2.6666666666666665,0.9185063976401735,50.0,4.528289141652134,4.548010401229278,0.7031640650797434,0.0,0.0,0.0,0.5625,0.3125,0.125,0.3125,2.0069259405765636,1.0,0.0,0.0,0.0,0.5,0.16666666666666666,0.3333333333333333,False,False,True,0,0.5840258281864121,0.4065833801235261,False,True,0.1875,0.1875,0.125,0.5
C00015,893.1,893.1,1,6.938507543521432,0.0,1030.23,0.0,2.0,0.0,32.0,0.0,0.0,0.0,0.0,0.0,0.0,0.0,0.0,1.0,1.0,0.0,1.0,0.0,0.0,1.0,0.0,0.0,0.0,False,False,False,1,0.7070746771476698,0.0,False,True,0.0,0.5,0.0,0.5
C00016,120.9,683.8000000000001,4,9.947503959483889,8.005163722267026,5224.7475,8.005163722267026,3.5,0.8289859803936981,24.0,4.979029954680925,3.222381766008758,0.15434216342657384,0.0,0.0,0.0,0.6428571428571428,0.21428571428571427,0.14285714285714285,0.42857142857142855,1.869011876735824,0.0,1.0,1.0,0.5,0.25,0.0,0.25,False,False,True,0,0.640005614823133,0.29206906232453667,False,True,0.14285714285714285,0.21428571428571427,0.14285714285714285,0.5
C00017,40.300000000000004,539.5,4,10.214929851822232,6.857492934403078,6826.715,6.857492934403078,3.0,0.9681212834183016,47.0,4.859812404361672,4.4911834602250025,0.5242984253579224,0.3496859397235585,0.32499999991875,9548.825,0.6666666666666666,0.3333333333333333,0.0,0.5,1.3148255441195573,0.0,0.0,1.0,0.5,0.25,0.0,0.25,False,True,False,0,0.7680797304884897,0.2766704098820887,True,False,0.16666666666666666,0.16666666666666666,0.0,0.6666666666666666
C00018,399.1,789.1,2,8.839269444182284,8.442438142530463,3449.4750000000004,8.442438142530463,2.5,0.5347999967395705,24.0,5.707110264748875,0.0,0.0,0.0,0.0,0.0,0.4,0.6000000000000001,0.0,0.4,1.7318327522731591,0.0,0.0,1.0,0.0,0.0,1.0,0.0,False,False,False,1,0.27734418865805727,0.16920269511510388,False,True,0.6,0.0,0.2,0.2
C00019,9.1,846.3000000000001,7,10.552042358367085,7.714096067797203,5464.927142857143,7.714096067797203,3.142857142857143,0.6417146190238269,57.0,4.685212893661628,3.8040179432235752,0.34276000886923,0.16035597390005302,0.3714285713755102,6134.335999999999,0.6818181818181819,0.18181818181818182,0.13636363636363635,0.4090909090909091,1.855982249387177,1.0,0.0,0.0,0.14285714285714285,0.5714285714285714,0.14285714285714285,0.14285714285714285,False,False,True,0,0.743065693430657,0.22414373947220667,True,False,0.09090909090909091,0.09090909090909091,0.18181818181818182,0.6363636363636364
C00020,27.3,685.1,10,10.024058697800147,7.802466979606587,2256.182,7.802466979606587,2.6,0.7764711715966598,40.0,4.046942323327516,4.192760201297501,0.770005294055621,0.02243874829246832,0.12999999998700001,506.259,0.4230769230769231,0.42307692307692313,0.15384615384615385,0.2692307692307692,2.060051883933669,0.0,1.0,1.0,0.3,0.5,0.0,0.2,False,False,True,0,0.5320606400898371,0.3242419988770353,True,False,0.23076923076923078,0.19230769230769232,0.19230769230769232,0.38461538461538464
C00021,71.5,808.6,7,9.399195538183616,7.482243350283085,1725.3799999999999,7.482243350283085,3.2857142857142856,0.812514001834843,20.0,4.5591262474866845,4.321458685816482,0.5801051795336576,0.06175442925201888,0.1857142856877551,745.849,0.2608695652173913,0.5652173913043479,0.17391304347826086,0.391304347826087,1.9397989042835502,0.0,1.0,1.0,0.14285714285714285,0.42857142857142855,0.0,0.42857142857142855,True,False,False,0,0.5555306007860752,0.3623526108927569,False,True,0.17391304347826086,0.30434782608695654,0.21739130434782608,0.30434782608695654
C00022,367.90000000000003,640.9,4,8.788245756896453,6.343956109826073,1638.93,6.343956109826073,4.5,0.4557463944083262,35.0,4.2626798770413155,3.858555538139424,0.5085101362823546,0.0,0.0,0.0,0.2777777777777778,0.5,0.2222222222222222,0.2777777777777778,1.9748422594710173,0.0,1.0,1.0,0.25,0.0,0.25,0.5,True,False,False,0,0.3085626052779338,0.0951291409320606,False,True,0.2222222222222222,0.3333333333333333,0.2222222222222222,0.2222222222222222
C00023,135.20000000000002,945.1,5,9.585661686768885,8.094471160860616,2910.718,8.094471160860616,2.2,0.8345775047772536,44.0,5.05465217951303,4.742818092170314,0.5483427356036085,0.0,0.0,0.0,0.5454545454545454,0.36363636363636365,0.09090909090909091,0.36363636363636365,1.9704203377114269,0.0,1.0,1.0,0.4,0.6,0.0,0.0,False,False,True,0,0.538349241998877,0.43542953396968,True,False,0.18181818181818182,0.18181818181818182,0.18181818181818182,0.45454545454545453
C00024,358.8,906.1,3,9.804158809110021,8.532097048405028,6035.966666666666,8.532097048405028,3.6666666666666665,0.4557463944083262,47.0,5.354224998486333,4.363098624788363,0.31347482701223145,0.0,0.0,0.0,0.5454545454545454,0.45454545454545453,0.0,0.2727272727272727,1.7849050867403597,0.0,1.0,1.0,0.3333333333333333,0.0,0.6666666666666666,0.0,False,True,False,0,0.4843907916900618,0.38363279056709715,True,False,0.18181818181818182,0.2727272727272727,0.09090909090909091,0.45454545454545453
C00025,185.9,884.0,2,8.883828763184827,8.237068960502016,3606.68,8.237068960502016,2.5,0.5347999967395705,50.0,6.2878585601617845,0.0,0.0,0.0,0.0,0.0,0.8,0.2,0.0,0.6,1.2353517010032051,1.0,0.0,0.0,0.5,0.5,0.0,0.0,False,False,True,0,0.5979786636720943,0.2608646827624929,True,False,0.2,0.2,0.0,0.6
C00026,100.10000000000001,858.0,8,10.407568582578515,8.044675094523763,4138.53375,8.044675094523763,3.875,0.6886526999793554,31.0,4.434212387844452,4.3791524760238225,0.6656656065329796,0.3289305360865933,0.1624999999796875,10890.321,0.4838709677419355,0.3548387096774194,0.16129032258064516,0.2903225806451613,2.0428572084158185,0.0,0.0,1.0,0.125,0.375,0.375,0.125,False,False,True,0,0.5077765300393038,0.3073694553621561,False,True,0.16129032258064516,0.3225806451612903,0.16129032258064516,0.3548387096774194
C00027,117.0,946.4,7,9.619628164308013,7.8720923762491,2150.921428571429,7.8720923762491,3.2857142857142856,0.9568826012838838,58.0,4.6759392568762985,4.463600952273468,0.5916082000809436,0.4841086046179223,0.1857142856877551,7288.957,0.391304347826087,0.4782608695652174,0.13043478260869565,0.30434782608695654,1.9791153832094026,0.0,1.0,1.0,0.14285714285714285,0.42857142857142855,0.14285714285714285,0.2857142857142857,False,False,True,0,0.31521617069062324,0.06038742279618192,True,False,0.30434782608695654,0.2608695652173913,0.30434782608695654,0.13043478260869565
C00028,200.20000000000002,938.6,4,8.938610385738329,7.688845107639854,1904.8999999999999,7.688845107639854,3.75,1.0622834654819937,50.0,5.2487769209879005,4.589950964787023,0.4153559403213447,0.0,0.0,0.0,0.3333333333333333,0.6,0.06666666666666667,0.3333333333333333,1.8618780756683053,1.0,0.0,0.0,0.0,0.0,0.5,0.5,True,False,False,0,0.27172936552498594,0.08853172375070184,True,False,0.26666666666666666,0.4,0.2,0.13333333333333333
C00029,145.6,884.0,5,10.296377591510709,6.664276523147792,5924.822,6.664276523147792,3.0,0.9482307085514864,67.0,4.962844630259907,4.889080140182672,0.6566852812539498,0.0,0.0,0.0,0.6,0.26666666666666666,0.13333333333333333,0.3333333333333333,1.9366754145057685,1.0,0.0,0.0,0.6,0.2,0.2,0.0,False,True,False,0,0.7058955642897249,0.3744525547445255,False,True,0.2,0.2,0.06666666666666667,0.5333333333333333
C00030,187.20000000000002,945.1,5,9.866195777784391,7.99004081388369,3853.38,7.99004081388369,3.6,0.6389165189617602,59.0,4.988730458708206,4.010970891478183,0.3161767015563921,0.0,0.0,0.0,0.4444444444444444,0.38888888888888884,0.16666666666666666,0.2777777777777778,2.0617143471504606,0.0,1.0,1.0,0.0,0.8,0.2,0.0,False,False,True,0,0.3227400336889388,0.4215047725996631,False,True,0.3333333333333333,0.16666666666666666,0.1111111111111111,0.3888888888888889
C00031,148.20000000000002,899.6,7,10.324700673862372,8.218697000475778,4353.597142857143,8.218697000475778,3.5714285714285716,0.8208444718580478,49.0,4.578141513600172,4.194589971872945,0.5176801210573728,0.0,0.0,0.0,0.44,0.32,0.24,0.24,2.0169105451201013,0.0,1.0,1.0,0.42857142857142855,0.42857142857142855,0.0,0.14285714285714285,False,False,False,1,0.7058955642897249,0.38458731049971917,True,False,0.08,0.36,0.12,0.44
C00032,414.7,507.0,3,9.999669170709536,7.585799099129885,7339.393333333333,7.585799099129885,3.3333333333333335,0.4557463944083262,30.0,3.597312260588446,2.6741486494265287,0.3222876016214957,0.0,0.0,0.0,0.7,0.2,0.1,0.4,1.6638104935837679,1.0,0.0,0.0,0.6666666666666666,0.0,0.0,0.3333333333333333,False,True,False,0,0.7236945536215609,0.1346715328467154,False,True,0.0,0.1,0.3,0.6
C00033,84.5,409.5,6,9.977310341171753,7.862221286855298,3588.5533333333333,7.862221286855298,3.6666666666666665,0.7934721026084851,32.0,3.9318256327243257,3.534930807242594,0.5103372064579591,0.04037903853548968,0.21666666663055556,869.414,0.45454545454545453,0.36363636363636365,0.18181818181818182,0.2727272727272727,2.0574861178997663,1.0,0.0,0.0,0.0,0.6666666666666666,0.16666666666666666,0.16666666666666666,False,False,True,0,0.43700168444693993,0.26246490735541833,False,True,0.18181818181818182,0.22727272727272727,0.2727272727272727,0.3181818181818182
C00034,486.2,800.8000000000001,3,9.083562125444292,8.342923372872363,2936.0966666666664,8.342923372872363,2.3333333333333335,0.7676517525907618,25.0,4.804021044733257,2.6390573296152584,0.1020492543533685,0.0,0.0,0.0,0.5714285714285714,0.2857142857142857,0.14285714285714285,0.2857142857142857,1.7573191925765397,0.0,1.0,1.0,0.0,0.3333333333333333,0.0,0.6666666666666666,False,True,False,0,0.3201010668163953,0.2891914654688377,True,False,0.0,0.42857142857142855,0.0,0.5714285714285714
C00035,140.4,695.5,8,10.04838930689651,8.014158040721126,2889.69,8.014158040721126,2.125,0.6886526999793555,21.0,4.127134385045092,4.13806169086194,0.6987153223157484,0.0,0.0,0.0,0.5294117647058824,0.35294117647058826,0.11764705882352941,0.35294117647058826,1.9989614468700474,0.0,0.0,1.0,0.5,0.25,0.125,0.125,False,False,True,0,0.6016844469399214,0.371420550252667,True,False,0.11764705882352941,0.11764705882352941,0.11764705882352941,0.6470588235294118
C00036,106.60000000000001,594.1,7,9.712041897464845,7.927108751632487,2359.184285714286,7.927108751632487,2.857142857142857,0.5247673206928408,47.0,4.151039905898646,4.0701650474023685,0.6528802658139561,0.505483614493841,0.1857142856877551,8347.703,0.35,0.45,0.2,0.25,2.0373351112828875,0.0,0.0,1.0,0.14285714285714285,0.2857142857142857,0.14285714285714285,0.42857142857142855,False,False,False,1,0.37316114542391915,0.30567097136440197,True,False,0.25,0.25,0.25,0.25
C00037,250.9,769.6,7,10.327580415040977,8.170494163875711,4366.152857142857,8.170494163875711,2.857142857142857,0.7952459892949983,51.0,4.212127597878484,3.5316425587769045,0.4047637523931704,0.0,0.0,0.0,0.6,0.4,0.0,0.35,1.765122448476595,1.0,0.0,0.0,0.2857142857142857,0.14285714285714285,0.42857142857142855,0.14285714285714285,False,False,True,0,0.7070746771476698,0.2510948905109488,False,True,0.25,0.05,0.2,0.5
C00038,210.6,672.1,5,9.566907910147123,8.034372313761013,2856.636,8.034372313761013,2.8,0.9095640372752173,52.0,4.497028027368389,3.952784963682488,0.45460544775950307,0.0,0.0,0.0,0.2857142857142857,0.5,0.21428571428571427,0.2857142857142857,2.0463265379036644,0.0,1.0,1.0,0.2,0.4,0.0,0.4,False,False,False,1,0.5289163391353172,0.3434025828186412,False,True,0.35714285714285715,0.14285714285714285,0.21428571428571427,0.2857142857142857
C00039,106.60000000000001,777.4,2,9.364924957652681,6.440328685772475,5835.365,6.440328685772475,2.5,0.5347999967395705,21.0,6.248042874508429,0.0,0.0,0.6992760521406374,0.649999999675,8161.062,0.8,0.2,0.0,0.4,1.3713962183819874,0.0,0.0,1.0,0.5,0.0,0.0,0.5,False,True,False,0,0.6217574396406513,0.23708590679393593,True,False,0.0,0.4,0.0,0.6
C00040,124.80000000000001,926.9,9,10.592596339751369,8.037001626198709,4426.421111111111,8.037001626198709,2.2222222222222223,0.7892981091789448,54.0,4.358310108056566,3.8865004296142436,0.48180582033454655,0.0,0.0,0.0,0.75,0.05,0.2,0.4,1.5673167022353345,1.0,0.0,0.0,0.2222222222222222,0.4444444444444444,0.2222222222222222,0.1111111111111111,False,False,True,0,0.8292532285233015,0.10522178551375627,True,False,0.05,0.05,0.1,0.8
C00041,447.2,752.7,4,9.199672673876648,8.092219828065103,2473.2225,8.092219828065103,2.25,1.0622834654819937,52.0,4.373658385003365,3.479922358938243,0.3376011004244539,0.0,0.0,0.0,0.5555555555555556,0.3333333333333333,0.1111111111111111,0.3333333333333333,1.7040187815296282,1.0,0.0,0.0,0.0,0.25,0.5,0.25,True,False,False,0,0.5830151600224593,0.34211117349803477,False,True,0.0,0.4444444444444444,0.1111111111111111,0.4444444444444444
C00042,348.40000000000003,898.3000000000001,4,9.749413453109849,7.912289442513517,4285.7925,7.912289442513517,3.0,0.881373587019543,56.0,4.955827057601261,4.312841822415828,0.42025978922681356,0.0,0.0,0.0,0.5,0.41666666666666663,0.08333333333333333,0.3333333333333333,1.9155531006048432,1.0,0.0,0.0,0.5,0.25,0.25,0.0,False,False,False,1,0.501965188096575,0.2811341942728804,False,True,0.25,0.16666666666666666,0.08333333333333333,0.5
C00043,608.4,882.7,5,9.22696540704975,7.746019738976865,2033.328,7.746019738976865,2.6,0.9228988853785496,40.0,3.984343667007772,3.193818471374098,0.36689635780925556,0.0,0.0,0.0,0.3076923076923077,0.5384615384615385,0.15384615384615385,0.38461538461538464,1.9751974640349914,1.0,0.0,0.0,0.2,0.4,0.2,0.2,True,False,False,0,0.3343065693430657,0.14486243683323974,False,True,0.15384615384615385,0.3076923076923077,0.3076923076923077,0.23076923076923078
C00044,72.8,899.6,7,10.57146614474721,8.264914332081636,5572.117142857142,8.264914332081636,3.5714285714285716,0.6810240276767762,23.0,4.672828834461906,4.571118425403121,0.6431050770969242,0.2972166004098905,0.1857142856877551,11592.880000000001,0.56,0.36,0.08,0.28,1.9890255926923552,1.0,0.0,0.0,0.2857142857142857,0.14285714285714285,0.2857142857142857,0.2857142857142857,False,True,False,0,0.5324536777091522,0.3767827063447501,False,True,0.16,0.16,0.24,0.44
C00045,22.1,373.1,2,7.1522766868554415,5.700572117644633,638.005,5.700572117644633,1.0,0.0,39.0,5.602118820879701,0.0,0.0,0.43529282685838255,0.649999999675,555.438,0.0,0.5,0.5,0.5,0.9010913347279289,0.0,1.0,1.0,0.0,0.5,0.0,0.5,False,False,False,1,0.695592363840539,0.127877596855699,True,False,0.0,0.0,0.5,0.5
C00046,585.0,907.4,5,9.559369863786836,8.081380109482515,2835.182,8.081380109482515,3.6,0.9228988853785496,65.0,4.143134726391533,3.849337502969206,0.5546443797529154,0.0,0.0,0.0,0.2222222222222222,0.7222222222222222,0.05555555555555555,0.5,1.7285597535111856,0.0,1.0,1.0,0.2,0.2,0.0,0.6,False,False,False,1,0.30786075238629984,0.30976979225154405,True,False,0.3888888888888889,0.3333333333333333,0.05555555555555555,0.2222222222222222
C00047,113.10000000000001,591.5,4,8.068211837550349,6.411790367744589,797.5975,6.411790367744589,1.5,0.45574639440832615,55.0,4.817589773939326,3.8701409714271207,0.32406529905199766,0.645116427771951,0.32499999991875,2058.1730000000002,0.5,0.5,0.0,0.3333333333333333,1.7285597535111856,0.0,1.0,1.0,0.0,0.25,0.25,0.5,True,False,False,0,0.5011510387422796,0.285204941044357,False,True,0.16666666666666666,0.3333333333333333,0.16666666666666666,0.3333333333333333
C00048,37.7,509.6,4,9.728829952456621,7.8800749678827815,4198.4725,7.8800749678827815,2.75,0.4054651081081644,28.0,4.804021044733257,4.471534185606306,0.5392966836999822,0.5031514437691027,0.32499999991875,8449.869999999999,0.7272727272727273,0.09090909090909091,0.18181818181818182,0.45454545454545453,1.612889579539415,1.0,0.0,0.0,0.25,0.25,0.25,0.25,False,False,True,0,0.5879000561482314,0.31661987647389106,True,False,0.09090909090909091,0.2727272727272727,0.18181818181818182,0.45454545454545453
C00049,0.0,934.7,6,10.660312336875622,7.758959610005851,7104.825,7.758959610005851,3.3333333333333335,0.7094119683444554,38.0,4.975353479951616,4.948662616445083,0.6797979921314559,0.5512864614305408,0.4333333332611111,23500.763000000003,0.7,0.15000000000000002,0.15,0.35,1.819335190216779,1.0,0.0,0.0,0.3333333333333333,0.3333333333333333,0.0,0.3333333333333333,False,True,False,0,0.7577484559236385,0.12295058955642901,False,True,0.1,0.1,0.1,0.7
C00050,120.9,475.8,4,8.711482843986046,7.472476718913116,1517.81,7.472476718913116,3.0,0.9681212834183016,20.0,4.5217885770490405,3.3602671284760954,0.26655565696027067,0.0,0.0,0.0,0.25,0.5,0.25,0.25,2.009049774151672,0.0,1.0,1.0,0.25,0.0,0.0,0.75,False,False,False,1,0.3717855137563167,0.40138966872543524,False,True,0.3333333333333333,0.25,0.08333333333333333,0.3333333333333333
C00051,79.3,917.8000000000001,6,9.832004977164125,7.836827925858555,3103.2083333333335,7.836827925858555,3.3333333333333335,0.861310692788678,50.0,4.867534450455582,4.513465607720399,0.5303430508099755,0.07345924245068554,0.21666666663055556,1367.7560000000003,0.5,0.35,0.15,0.35,1.9674275902055827,1.0,0.0,0.0,0.16666666666666666,0.6666666666666666,0.16666666666666666,0.0,False,False,True,0,0.49716451431779896,0.3145704660303201,True,False,0.15,0.25,0.2,0.4
C00052,401.7,939.9,6,9.514557238167374,7.8256396256468435,2259.105,7.8256396256468435,3.1666666666666665,0.9563118856507806,53.0,4.428433007488037,3.7101946899087155,0.3930025964785978,0.0,0.0,0.0,0.47368421052631576,0.21052631578947367,0.3157894736842105,0.3684210526315789,1.83986136704039,0.0,1.0,1.0,0.16666666666666666,0.5,0.3333333333333333,0.0,False,False,True,0,0.39952274003368893,0.19611173498034812,True,False,0.05263157894736842,0.3157894736842105,0.21052631578947367,0.42105263157894735
C00053,521.3000000000001,846.3000000000001,4,9.127154396073655,7.98098331666408,2300.2,7.98098331666408,3.0,0.881373587019543,51.0,4.43477720005941,4.528269230182639,0.74154577978363,0.0,0.0,0.0,0.5,0.41666666666666663,0.08333333333333333,0.4166666666666667,1.8513688925508054,0.0,0.0,1.0,0.25,0.0,0.25,0.5,False,False,True,0,0.5287478944413251,0.08840539023020766,True,False,0.16666666666666666,0.3333333333333333,0.16666666666666666,0.3333333333333333
C00054,0.0,884.0,7,9.257687590838675,7.307932918923263,1497.6942857142858,7.307932918923263,2.7142857142857144,0.6684393050989095,59.0,4.73911815849783,4.627983595078556,0.6386330508757032,0.18058758892238347,0.1857142856877551,1893.2549999999999,0.3157894736842105,0.42105263157894735,0.2631578947368421,0.2631578947368421,2.0500624287553104,0.0,1.0,1.0,0.14285714285714285,0.2857142857142857,0.2857142857142857,0.2857142857142857,False,False,False,1,0.5189219539584503,0.4550533408197641,True,False,0.3157894736842105,0.21052631578947367,0.21052631578947367,0.2631578947368421
C00055,211.9,730.6,4,9.63175034899275,8.270254843669083,3810.0225,8.270254843669083,3.0,0.881373587019543,65.0,4.897839799950911,5.169308367652529,0.8390790369162212,0.0,0.0,0.0,0.3333333333333333,0.25,0.4166666666666667,0.4166666666666667,1.9080541081252984,0.0,1.0,1.0,0.25,0.5,0.25,0.0,False,False,False,1,0.531414935429534,0.5050533408197642,False,True,0.25,0.16666666666666666,0.08333333333333333,0.5
C00056,79.3,421.2,3,9.53408263955551,8.225540012884549,4607.303333333333,8.225540012884549,2.3333333333333335,0.7676517525907618,42.0,4.886582645426277,3.8815637979434374,0.30837895422091777,0.6697968659902525,0.4333333331888889,9257.872,0.5714285714285714,0.2857142857142857,0.14285714285714285,0.2857142857142857,2.0147738596416627,0.0,0.0,1.0,0.0,0.3333333333333333,0.0,0.6666666666666666,False,True,False,0,0.7058955642897249,0.1971083660864683,False,True,0.14285714285714285,0.0,0.14285714285714285,0.7142857142857143
C00057,27.3,807.3000000000001,5,10.275478259106311,8.379372550363128,5802.278,8.379372550363128,3.4,0.6389165189617602,51.0,5.017279836814924,4.988951027554538,0.678988660243819,0.6548096799222425,0.519999999896,18996.939000000002,0.6470588235294118,0.1764705882352941,0.17647058823529413,0.35294117647058826,1.887657295151789,1.0,0.0,0.0,0.0,0.4,0.0,0.6,False,False,True,0,0.7058955642897249,0.24177428411005053,True,False,0.11764705882352941,0.17647058823529413,0.23529411764705882,0.47058823529411764
C00058,436.8,722.8000000000001,3,8.938786209453202,8.228844327563339,2540.313333333333,8.228844327563339,2.6666666666666665,0.927240654712096,45.0,4.709530201312334,1.3862943611198906,0.026907452919682988,0.0,0.0,0.0,0.375,0.5,0.125,0.5,1.5769098357738756,0.0,0.0,1.0,0.3333333333333333,0.3333333333333333,0.0,0.3333333333333333,False,False,False,1,0.4151038742279618,0.2700729927007299,True,False,0.125,0.375,0.125,0.375
C00059,221.0,769.6,6,10.272140325020235,7.963265714864069,4819.118333333333,7.963265714864069,2.8333333333333335,0.9050114166450717,41.0,4.447346100794524,3.6590335129228726,0.37028640546062735,0.0,0.0,0.0,0.7058823529411764,0.1764705882352941,0.11764705882352941,0.47058823529411764,1.774983932555114,1.0,0.0,0.0,0.16666666666666666,0.5,0.0,0.3333333333333333,False,False,True,0,0.6578888265019652,0.3130685008422235,True,False,0.11764705882352941,0.058823529411764705,0.17647058823529413,0.6470588235294118
C00060,20.8,808.6,2,8.920502644435238,8.324497823318145,3741.425,8.324497823318145,3.0,0.881373587019543,45.0,6.408528791059498,0.0,0.0,0.1435466433243826,0.649999999675,1074.138,0.3333333333333333,0.3333333333333333,0.3333333333333333,0.3333333333333333,2.028923531753829,1.0,0.0,0.0,0.0,0.0,0.0,1.0,False,False,False,1,0.5458731049971925,0.007523862998315534,False,True,0.16666666666666666,0.16666666666666666,0.16666666666666666,0.5
C00061,44.2,562.9,3,8.826539392788591,8.153513705435765,2270.556666666667,8.153513705435765,2.0,0.6931471805599453,54.0,5.300814246746624,4.388257184424518,0.33539754549001916,1.1981000253974137,0.4333333331888889,8161.062,0.3333333333333333,0.5,0.16666666666666666,0.3333333333333333,2.028923531753829,0.0,0.0,1.0,0.3333333333333333,0.3333333333333333,0.3333333333333333,0.0,False,False,False,1,0.13514879281302639,0.37366647950589554,False,True,0.5,0.0,0.16666666666666666,0.3333333333333333
C00062,124.80000000000001,604.5,4,9.931013707825572,7.386742126293243,5139.2925,7.386742126293243,4.25,0.6716309107725503,64.0,4.820281565605037,4.3357662348681725,0.4780174899639999,0.0,0.0,0.0,0.5294117647058824,0.29411764705882354,0.17647058823529413,0.29411764705882354,2.0336811337605987,1.0,0.0,0.0,0.5,0.25,0.25,0.0,False,False,True,0,0.5943571027512633,0.09838573834924191,True,False,0.17647058823529413,0.11764705882352941,0.29411764705882354,0.4117647058823529
C00063,58.5,817.7,7,10.36193655848948,8.193599742951411,4518.768571428571,8.193599742951411,3.4285714285714284,0.757948207409103,42.0,4.58836306767171,4.009498293879051,0.44213081681923205,0.031538522821323904,0.1857142856877551,997.607,0.5,0.2916666666666667,0.20833333333333334,0.2916666666666667,2.0108864661888224,1.0,0.0,0.0,0.42857142857142855,0.2857142857142857,0.2857142857142857,0.0,False,False,True,0,0.5341381246490735,0.12243121841661997,True,False,0.125,0.20833333333333334,0.2916666666666667,0.375
C00064,201.5,787.8000000000001,5,9.845635427545995,8.181654609452293,3774.958,8.181654609452293,4.0,0.5347999967395705,44.0,4.7340030578310595,4.124508128317237,0.43150815823815025,0.0,0.0,0.0,0.3,0.55,0.15,0.4,1.9562247687855479,1.0,0.0,0.0,0.6,0.2,0.0,0.2,True,False,False,0,0.5120718697361033,0.19466591802358224,False,True,0.3,0.15,0.2,0.35
C00065,10.4,230.1,2,8.71979275269281,8.294224627367619,3060.955,8.294224627367619,2.5,0.5347999967395705,54.0,5.135798437050262,0.0,0.0,1.2505771891450135,0.649999999675,7655.921,0.6000000000000001,0.4,0.0,0.4,1.7318327522731591,1.0,0.0,0.0,0.0,0.5,0.0,0.5,False,False,True,0,0.48840539023020774,0.36308253790005607,True,False,0.6,0.0,0.2,0.2
C00066,106.60000000000001,902.2,6,9.933126934055347,8.399309681151232,3433.443333333333,8.399309681151232,3.0,0.7397659962052513,61.0,4.8154311114712876,4.646739715641208,0.6116666655908781,0.08089527228738883,0.21666666663055556,1666.496,0.4444444444444444,0.5,0.05555555555555555,0.2777777777777778,1.9565937594165494,1.0,0.0,0.0,0.3333333333333333,0.5,0.16666666666666666,0.0,True,False,False,0,0.49233576642335763,0.5805446378439079,True,False,0.2777777777777778,0.2222222222222222,0.16666666666666666,0.3333333333333333
C00067,53.300000000000004,738.4,5,9.52586983157747,8.39128810345249,2741.77,8.39128810345249,2.6,1.0355270088267214,54.0,4.888467660122048,4.878524048466249,0.68814999703622,0.14865623301734657,0.259999999948,2037.906,0.46153846153846156,0.46153846153846156,0.07692307692307693,0.3076923076923077,1.9481398035801074,0.0,1.0,1.0,0.0,0.6,0.2,0.2,True,False,False,0,0.6093767546322291,0.34817518248175183,True,False,0.15384615384615385,0.23076923076923078,0.23076923076923078,0.38461538461538464
C00068,348.40000000000003,772.2,3,9.022958433018372,8.051809800848432,2763.4233333333327,8.051809800848432,3.0,1.0986122886681098,36.0,5.099866427824199,4.700480365792417,0.5120518654867765,0.0,0.0,0.0,0.2222222222222222,0.6666666666666666,0.1111111111111111,0.4444444444444444,1.8551793563949421,0.0,1.0,1.0,0.3333333333333333,0.3333333333333333,0.3333333333333333,0.0,True,False,False,0,0.5824256035934868,0.14719258843346428,True,False,0.3333333333333333,0.0,0.3333333333333333,0.3333333333333333
C00069,232.70000000000002,765.7,4,9.071081752912592,7.917121986639133,2174.7574999999997,7.917121986639133,2.0,0.881373587019543,23.0,4.924835304292923,3.9460422005526117,0.3156839029119606,0.0,0.0,0.0,0.375,0.375,0.25,0.25,2.02745550313784,1.0,0.0,0.0,0.0,0.5,0.25,0.25,False,False,False,1,0.7733576642335767,0.17257158899494662,False,True,0.125,0.125,0.25,0.5
C00070,141.70000000000002,734.5,7,9.679616861920202,8.100025272090475,2283.91,8.100025272090475,2.857142857142857,0.7952459892949983,53.0,4.343805421853684,3.817485908729098,0.4608309250214093,0.0,0.0,0.0,0.35,0.5,0.15,0.3,2.007823377425918,1.0,0.0,0.0,0.2857142857142857,0.42857142857142855,0.14285714285714285,0.14285714285714285,False,False,False,1,0.21516002245929253,0.40039303761931505,False,True,0.35,0.3,0.05,0.3
C00071,61.1,937.3000000000001,7,9.384169301617163,7.784017366533704,1699.6457142857141,7.784017366533704,2.857142857142857,0.7952459892949983,51.0,4.7303333289420975,4.437740679637973,0.5562202413357105,0.1956995239343833,0.1857142856877551,2328.339,0.2,0.6000000000000001,0.2,0.55,1.6052909053879003,1.0,0.0,0.0,0.14285714285714285,0.42857142857142855,0.14285714285714285,0.2857142857142857,True,False,False,0,0.3587871982032566,0.1935710275126334,False,True,0.2,0.2,0.4,0.2
C00072,0.0,821.6,7,9.994434591305403,8.34724024274643,3129.031428571429,8.34724024274643,2.5714285714285716,0.8743332020491272,33.0,4.666578814116735,4.444995548218612,0.5874323398973479,0.1987668936348081,0.5571428570632653,4353.635,0.4444444444444444,0.4444444444444444,0.1111111111111111,0.2777777777777778,2.037173375168903,0.0,0.0,1.0,0.14285714285714285,0.5714285714285714,0.0,0.2857142857142857,False,False,False,1,0.4420550252667041,0.48172375070185286,True,False,0.3333333333333333,0.1111111111111111,0.16666666666666666,0.3888888888888889
C00073,223.6,748.8000000000001,8,10.319070634210313,7.932403915657201,3788.0099999999998,7.932403915657201,2.75,0.6346730394039083,45.0,4.072683065440922,3.8733628389514765,0.5967223648344664,0.0,0.0,0.0,0.5909090909090909,0.18181818181818182,0.22727272727272727,0.4090909090909091,1.882811098348058,0.0,0.0,1.0,0.375,0.375,0.0,0.25,False,False,True,0,0.7058955642897249,0.1778635597978664,True,False,0.09090909090909091,0.18181818181818182,0.22727272727272727,0.5
C00074,291.2,291.2,1,7.032950774353974,0.0,1132.37,0.0,4.0,0.0,58.0,0.0,0.0,0.0,0.0,0.0,0.0,0.5,0.5,0.0,0.5,0.9010913347279289,0.0,0.0,1.0,0.0,0.0,1.0,0.0,False,False,False,1,0.3552498596294217,0.0,False,True,0.5,0.0,0.25,0.25
C00075,78.0,787.8000000000001,5,10.132188831033334,8.819925517790319,5027.666,8.819925517790319,3.2,0.9719780738352177,34.0,4.923623917106626,4.835129781623416,0.6495546996219475,0.007519194791380035,0.259999999948,189.02,0.5625,0.3125,0.125,0.3125,2.0069259405765636,0.0,0.0,1.0,0.4,0.2,0.4,0.0,False,False,True,0,0.5843346434587311,0.23256597417181363,False,True,0.1875,0.125,0.25,0.4375
C00076,161.20000000000002,937.3000000000001,6,9.943286463885226,8.097809518235348,3468.5049999999997,8.097809518235348,3.0,1.063802254136828,40.0,4.79081953287472,4.409335054525486,0.5189073357638926,0.0,0.0,0.0,0.5555555555555556,0.2777777777777778,0.16666666666666666,0.3333333333333333,2.004382559772271,1.0,0.0,0.0,0.0,0.5,0.0,0.5,False,False,True,0,0.3548287478944413,0.31247894441325097,True,False,0.16666666666666666,0.2777777777777778,0.16666666666666666,0.3888888888888889
C00077,92.3,867.1,9,10.586795738544788,8.377893045240286,4400.818888888889,8.377893045240286,3.3333333333333335,0.7996422445006162,52.0,4.324132656254979,4.047573181469944,0.5625517056656323,0.04196905777889211,0.14444444442839505,1662.2839999999999,0.43333333333333335,0.4,0.16666666666666666,0.23333333333333334,2.077757215013174,0.0,1.0,1.0,0.3333333333333333,0.3333333333333333,0.0,0.3333333333333333,False,True,False,0,0.47815833801235264,0.3022459292532285,True,False,0.26666666666666666,0.16666666666666666,0.13333333333333333,0.43333333333333335
C00078,605.8000000000001,841.1,3,8.882866329901876,7.966789868415299,2402.1400000000003,7.966789868415299,3.6666666666666665,1.196767229439216,38.0,4.516338972281476,3.9415818076696905,0.44341003966833026,0.0,0.0,0.0,0.36363636363636365,0.5454545454545454,0.09090909090909091,0.2727272727272727,2.0105782918630664,0.0,1.0,1.0,0.6666666666666666,0.0,0.0,0.3333333333333333,False,False,False,1,0.2760247052217855,0.13147108366086468,False,True,0.45454545454545453,0.09090909090909091,0.18181818181818182,0.2727272727272727
C00079,83.2,884.0,7,9.597614353622923,7.747139387674572,2104.0857142857144,7.747139387674572,2.5714285714285716,0.8743332020491272,48.0,4.641180623511125,4.300431775620567,0.5355718307996143,0.10984499545101978,0.3714285713755102,1617.8629999999998,0.3888888888888889,0.3888888888888889,0.2222222222222222,0.2777777777777778,1.994383903132878,1.0,0.0,0.0,0.2857142857142857,0.2857142857142857,0.0,0.42857142857142855,True,False,False,0,0.3185289163391353,0.2934025828186412,True,False,0.1111111111111111,0.5,0.16666666666666666,0.2222222222222222
C00080,323.7,902.2,7,9.887320060123951,8.257450323492034,2811.1785714285716,8.257450323492034,3.0,0.6931471805599453,37.0,4.319707870274623,4.255022760169474,0.6608915323272375,0.0,0.0,0.0,0.47619047619047616,0.42857142857142855,0.09523809523809523,0.3333333333333333,1.9833729756923588,0.0,1.0,1.0,0.2857142857142857,0.5714285714285714,0.14285714285714285,0.0,False,False,True,0,0.4198203256597417,0.2550814149354295,False,True,0.2857142857142857,0.2857142857142857,0.09523809523809523,0.3333333333333333
C00081,382.2,728.0,2,7.569060853685923,6.521498850890598,968.16,6.521498850890598,3.0,1.342454046453526,66.0,5.58724865840025,0.0,0.0,0.0,0.0,0.0,0.3333333333333333,0.6666666666666666,0.0,0.6666666666666666,0.8274684187832566,1.0,0.0,0.0,0.0,0.5,0.5,0.0,True,False,False,0,0.5017405951712521,0.09921392476136998,False,True,0.0,0.5,0.5,0.0
C00082,465.40000000000003,830.7,6,9.710232846080784,7.95139388396083,2747.4066666666663,7.95139388396083,2.8333333333333335,0.8455077458700537,24.0,4.046553898385752,3.3157683565350555,0.38682929808528194,0.0,0.0,0.0,0.5882352941176471,0.29411764705882354,0.11764705882352941,0.47058823529411764,1.8409815844705226,0.0,0.0,1.0,0.3333333333333333,0.5,0.0,0.16666666666666666,False,False,True,0,0.6168163952835486,0.3220522178551376,False,True,0.17647058823529413,0.23529411764705882,0.17647058823529413,0.4117647058823529
C00083,66.3,487.5,5,9.19973028353083,7.73591526781845,1978.6919999999998,7.73591526781845,3.2,0.8345775047772536,55.0,4.6913478822291435,3.9358614252388295,0.3817682794628203,0.8630163764748771,0.519999999896,8538.218,0.5625,0.1875,0.25,0.5,1.6895462526148666,0.0,1.0,1.0,0.2,0.6,0.0,0.2,False,False,True,0,0.4198203256597417,0.17978663672094325,True,False,0.0625,0.375,0.1875,0.375
C00084,365.3,908.7,3,8.5520099907916,7.832899873410682,1725.3833333333332,7.832899873410682,2.6666666666666665,1.125470359664562,35.0,5.3471075307174685,5.099866427824199,0.576559602306239,0.0,0.0,0.0,0.5,0.5,0.0,0.375,1.6321270227323796,1.0,0.0,0.0,0.0,0.6666666666666666,0.0,0.3333333333333333,False,False,False,1,0.18349241998877036,0.16361594609769792,False,True,0.625,0.125,0.125,0.125
C00085,42.9,791.7,4,9.469806595021451,8.036931381798327,3240.345,8.036931381798327,3.5,1.005052538742381,41.0,5.262690188904886,4.504345720094867,0.38231436554197423,0.41575711845494734,0.32499999991875,5388.786000000001,0.3571428571428571,0.5,0.14285714285714285,0.42857142857142855,1.8690118767358241,0.0,1.0,1.0,0.0,0.75,0.0,0.25,True,False,False,0,0.514093206064009,0.15797304884896124,False,True,0.07142857142857142,0.21428571428571427,0.42857142857142855,0.2857142857142857
C00086,292.5,887.9,2,6.902400970220212,4.158270204913824,496.83000000000004,4.158270204913824,2.0,0.881373587019543,50.0,6.129050210060545,0.0,0.0,0.0,0.0,0.0,0.25,0.75,0.0,0.5,1.3516370020918933,0.0,1.0,1.0,0.5,0.5,0.0,0.0,True,False,False,0,0.5072150477259966,0.2164795058955643,False,True,0.25,0.5,0.0,0.25
C00087,452.40000000000003,917.8000000000001,5,9.745918704087735,7.767339419043107,3416.672,7.767339419043107,3.0,0.9482307085514864,22.0,4.505349850705881,3.4112941217370762,0.28324012542736454,0.0,0.0,0.0,0.4666666666666667,0.4666666666666667,0.06666666666666667,0.26666666666666666,1.988022780948999,0.0,0.0,1.0,0.4,0.0,0.2,0.4,False,True,False,0,0.3948905109489051,0.31516002245929253,False,True,0.3333333333333333,0.13333333333333333,0.13333333333333333,0.4
C00088,74.10000000000001,635.7,5,9.622995569329683,8.168947663304293,3021.448,8.168947663304293,2.2,0.6079487191729779,25.0,4.6913478822291435,4.443036261402452,0.5755346080680848,0.06364537797770714,0.259999999948,961.5060000000001,0.45454545454545453,0.36363636363636365,0.18181818181818182,0.2727272727272727,2.0105782918630664,1.0,0.0,0.0,0.4,0.2,0.0,0.4,True,False,False,0,0.49365524985962944,0.36108927568781585,False,True,0.0,0.2727272727272727,0.2727272727272727,0.45454545454545453
C00089,553.8000000000001,631.8000000000001,2,8.777020394108641,8.36525901624821,3241.265,8.36525901624821,2.0,0.0,52.0,4.110873864173311,0.0,0.0,0.0,0.0,0.0,0.5,0.5,0.0,0.25,1.8021826694558578,0.0,1.0,1.0,0.5,0.0,0.0,0.5,False,True,False,0,0.5087310499719259,0.35011229646266145,False,True,0.5,0.0,0.0,0.5
C00090,20.8,705.9,2,8.501092264366063,7.9619148600769325,2459.5699999999997,7.9619148600769325,2.0,0.0,65.0,6.269096283706261,0.0,0.0,0.11395223555334592,0.649999999675,560.547,0.5,0.5,0.0,0.25,1.8021826694558578,0.0,0.0,1.0,0.5,0.5,0.0,0.0,False,True,False,0,0.5823413812464907,0.25426726558113416,True,False,0.25,0.5,0.0,0.25
C00091,106.60000000000001,473.2,4,9.936248503974603,8.04188239769885,5166.2675,8.04188239769885,3.5,0.6931471805599453,26.0,4.553876891600541,3.997929113328794,0.4504330525074956,0.3949206075759533,0.32499999991875,8161.062,0.6428571428571428,0.3571428571428571,0.0,0.42857142857142855,1.6916972155679832,0.0,0.0,1.0,0.0,0.25,0.25,0.5,False,False,True,0,0.6219539584503089,0.34372543514879283,False,True,0.14285714285714285,0.35714285714285715,0.0,0.5
C00092,260.0,864.5,4,8.774351621317726,7.269368478669102,1616.3125,7.269368478669102,2.5,1.005052538742381,49.0,5.049856007249537,5.293254063296621,0.8230143241115765,0.0,0.0,0.0,0.5,0.30000000000000004,0.2,0.4,1.912051019218745,0.0,1.0,1.0,0.25,0.25,0.0,0.5,False,False,True,0,0.5365805727119596,0.24934025828186412,False,True,0.3,0.2,0.2,0.3
C00093,456.3,833.3000000000001,5,9.44260777408913,7.831275092830046,2522.714,7.831275092830046,3.6,0.6389165189617602,51.0,4.297285406218791,3.888567710072263,0.5067418379548302,0.0,0.0,0.0,0.4444444444444444,0.16666666666666666,0.3888888888888889,0.3888888888888889,1.6898306529170943,0.0,1.0,1.0,0.2,0.4,0.2,0.2,False,False,False,1,0.7272880404267266,0.29382369455362156,False,True,0.16666666666666666,0.1111111111111111,0.2222222222222222,0.5
C00094,379.6,919.1,4,6.951322302460651,5.464814209844432,260.8825,5.464814209844432,1.5,0.45574639440832615,64.0,4.936869143856646,4.87006890417856,0.6600633550058528,0.0,0.0,0.0,0.0,0.8333333333333333,0.16666666666666666,0.6666666666666666,1.1278321970258995,0.0,1.0,1.0,0.25,0.5,0.0,0.25,True,False,False,0,0.21864121280179674,0.08182201010668166,False,True,0.3333333333333333,0.5,0.16666666666666666,0.0
C00095,348.40000000000003,573.3000000000001,4,9.128549887830788,7.975466720010958,2303.4125,7.975466720010958,3.25,0.9162907318741551,62.0,4.071871706370042,4.0755202274670745,0.6950047391026585,0.0,0.0,0.0,0.15384615384615385,0.5384615384615385,0.3076923076923077,0.3076923076923077,1.8958149892036527,1.0,0.0,0.0,0.0,0.5,0.0,0.5,False,False,False,1,0.3962661426165076,0.2187535092644582,True,False,0.3076923076923077,0.23076923076923078,0.07692307692307693,0.38461538461538464
C00096,10.4,540.8000000000001,5,9.686428577586039,8.044616551683026,3219.33,8.044616551683026,3.4,0.9228988853785496,47.0,4.634728988229636,3.01444717100984,0.17393536640298968,0.1452256836049647,0.259999999948,2337.647,0.3529411764705882,0.4117647058823529,0.23529411764705882,0.23529411764705882,2.053003074994741,0.0,0.0,1.0,0.2,0.2,0.2,0.4,False,False,False,1,0.41830432341381246,0.1778775968556991,True,False,0.23529411764705882,0.17647058823529413,0.29411764705882354,0.29411764705882354
C00097,318.5,893.1,8,10.101416264923527,8.033339027902926,3047.06375,8.033339027902926,3.0,0.7270871325290131,40.0,4.161112738686941,4.353102422168335,0.7952569483304051,0.0,0.0,0.0,0.4166666666666667,0.4166666666666667,0.16666666666666666,0.2916666666666667,2.0429785702158414,0.0,1.0,1.0,0.25,0.375,0.25,0.125,False,False,True,0,0.5091802358225717,0.3625070185289163,False,True,0.2916666666666667,0.08333333333333333,0.25,0.375
C00098,49.4,916.5,8,10.16909999748746,8.412497331932846,3260.44875,8.412497331932846,2.75,0.772404077267102,49.0,4.5673199618569935,4.15569165602187,0.5062326510660031,0.6532672458047128,0.1624999999796875,17039.555,0.45454545454545453,0.5,0.045454545454545456,0.3181818181818182,1.934754921371716,1.0,0.0,0.0,0.375,0.375,0.0,0.25,False,False,False,1,0.36403705783267826,0.4614402021336328,True,False,0.2727272727272727,0.22727272727272727,0.13636363636363635,0.36363636363636365
C00099,9.1,854.1,4,9.59859149934966,7.971900921244138,3685.75,7.971900921244138,3.5,0.6931471805599453,65.0,5.382964840608321,4.789258756127673,0.4383905913610845,1.0875452757239987,0.6499999998375,16033.68,0.5,0.42857142857142855,0.07142857142857142,0.2857142857142857,1.9977392102683853,0.0,1.0,1.0,0.25,0.0,0.25,0.5,False,True,False,0,0.5598259404828748,0.586257720381808,False,True,0.35714285714285715,0.2857142857142857,0.0,0.35714285714285715
C00100,81.9,261.3,3,7.758965476189256,6.572119792770428,780.4933333333333,6.572119792770428,3.0,0.6931471805599453,34.0,4.248495242049359,3.912023005428146,0.5365781198623872,1.1433546304042133,0.8666666663777778,2677.1420000000003,0.2222222222222222,0.6666666666666666,0.1111111111111111,0.3333333333333333,1.7040187815296282,0.0,0.0,1.0,0.3333333333333333,0.6666666666666666,0.0,0.0,False,False,False,1,0.24519932622122403,0.1913250982594048,False,True,0.3333333333333333,0.4444444444444444,0.0,0.2222222222222222
C00101,11.700000000000001,790.4,4,9.655213996114385,8.636703272904645,3900.4825,8.636703272904645,3.75,0.916290731874155,51.0,5.301645156640712,4.396980419306658,0.33768289919155836,0.0502946109872272,0.32499999991875,784.6930000000001,0.33333333333333337,0.33333333333333337,0.3333333333333333,0.3333333333333333,2.0114727533432317,0.0,0.0,1.0,0.25,0.25,0.0,0.5,False,False,False,1,0.4696238068500842,0.22470522178551383,True,False,0.13333333333333333,0.2,0.26666666666666666,0.4
C00102,144.3,796.9,7,9.996615808219811,7.944359404292387,3135.8642857142854,7.944359404292387,2.857142857142857,0.9453024271747003,47.0,4.438721978350427,4.48549115660754,0.7170845713788866,0.0,0.0,0.0,0.65,0.25,0.1,0.5,1.7890945856479101,0.0,1.0,1.0,0.5714285714285714,0.0,0.14285714285714285,0.2857142857142857,False,False,True,0,0.5949466591802358,0.4442728804042672,False,True,0.15,0.2,0.15,0.5
C00103,275.6,747.5,5,9.70528536335936,8.021303120221331,3280.6159999999995,8.021303120221331,2.4,0.9833211655177317,51.0,4.51906748693468,4.472162877048417,0.6697114420896825,0.0,0.0,0.0,0.41666666666666663,0.08333333333333333,0.5,0.5,1.5585041067877075,1.0,0.0,0.0,0.2,0.4,0.2,0.2,False,False,False,1,0.7058955642897249,0.2158899494665918,False,True,0.0,0.25,0.16666666666666666,0.5833333333333334
C00104,375.7,947.7,7,9.365014914563382,7.749505467795017,1667.3971428571429,7.749505467795017,2.7142857142857144,0.8671555780502125,28.0,4.308559482792009,3.653870465975586,0.4141293091444475,0.0,0.0,0.0,0.3157894736842105,0.47368421052631576,0.21052631578947367,0.2631578947368421,1.9677625562168903,0.0,1.0,1.0,0.14285714285714285,0.2857142857142857,0.5714285714285714,0.0,False,False,False,1,0.4636720943290286,0.22018528916339142,True,False,0.21052631578947367,0.21052631578947367,0.3157894736842105,0.2631578947368421
C00105,65.0,947.7,11,10.273084003070007,7.8645735590432,2631.091818181818,7.8645735590432,3.090909090909091,0.865040932079504,35.0,4.232656178019613,4.072351144698961,0.6150248209860865,0.20288832738292178,0.23636363634214874,5871.996,0.29411764705882354,0.47058823529411764,0.23529411764705882,0.2647058823529412,2.048211138397784,1.0,0.0,0.0,0.2727272727272727,0.18181818181818182,0.45454545454545453,0.09090909090909091,True,False,False,0,0.34755755193711396,0.34887703537338566,False,True,0.2647058823529412,0.2647058823529412,0.14705882352941177,0.3235294117647059
C00106,63.7,934.7,10,10.548576201218452,7.989013150552872,3812.2119999999995,7.989013150552872,3.1,0.6903577567380361,57.0,4.323396550222477,4.028538072539193,0.5545783860718578,0.025257199756990818,0.12999999998700001,962.8579999999998,0.45161290322580644,0.3225806451612903,0.22580645161290322,0.22580645161290322,2.041095709333302,1.0,0.0,0.0,0.2,0.5,0.2,0.1,False,True,False,0,0.5184166198764739,0.265314430095452,True,False,0.12903225806451613,0.2903225806451613,0.1935483870967742,0.3870967741935484
C00107,704.6,783.9,3,7.555863251731803,4.704910029638588,636.9733333333334,4.704910029638588,2.0,1.005052538742381,36.0,3.449987545831587,3.3141860046725258,0.6253245842059412,0.0,0.0,0.0,0.0,0.6666666666666666,0.3333333333333333,0.3333333333333333,1.4281959752685425,0.0,0.0,1.0,0.0,0.6666666666666666,0.3333333333333333,0.0,False,False,False,1,0.7376754632229084,0.23767546322290845,False,True,0.3333333333333333,0.16666666666666666,0.16666666666666666,0.3333333333333333
C00108,3.9000000000000004,551.2,4,9.616971466724316,7.793419061523888,3754.1249999999995,7.793419061523888,4.0,0.881373587019543,44.0,4.951121166563848,3.7732940438804947,0.2646813091825297,0.12516065661105286,0.32499999991875,1879.4750000000001,0.375,0.4375,0.1875,0.375,1.8999137680952316,0.0,1.0,1.0,0.25,0.5,0.25,0.0,True,False,False,0,0.46179112857944976,0.16266142616507578,True,False,0.1875,0.1875,0.3125,0.3125
C00109,62.400000000000006,899.6,7,10.014262085915265,8.154560522905369,3191.694285714286,8.154560522905369,3.2857142857142856,0.9147000606617071,39.0,4.685212893661628,4.188280138333875,0.4729651082234791,0.03559457448932025,0.1857142856877551,795.249,0.34782608695652173,0.4782608695652174,0.17391304347826086,0.30434782608695654,2.0382651733740906,0.0,0.0,1.0,0.5714285714285714,0.14285714285714285,0.0,0.2857142857142857,False,False,False,1,0.2969118472768108,0.13733857383492418,True,False,0.30434782608695654,0.2608695652173913,0.21739130434782608,0.21739130434782608
C00110,159.9,936.0,3,9.3707732772375,7.971480539925328,3913.0633333333335,7.971480539925328,3.3333333333333335,0.4557463944083262,30.0,5.702114417555504,5.66815529701305,0.6762548869937932,0.0,0.0,0.0,0.30000000000000004,0.5,0.2,0.3,2.024247027474939,1.0,0.0,0.0,0.0,0.3333333333333333,0.3333333333333333,0.3333333333333333,True,False,False,0,0.7058955642897249,0.2111734980348119,False,True,0.2,0.3,0.1,0.4
C00111,114.4,941.2,6,9.26944100958897,7.715868053861546,1767.97,7.715868053861546,2.8333333333333335,0.9050114166450717,33.0,4.853591544486569,4.686180132790599,0.6122839671503252,0.1254249223685804,0.21666666663055556,1330.4850000000001,0.411764705882353,0.35294117647058826,0.23529411764705882,0.35294117647058826,1.9329637949546388,0.0,0.0,1.0,0.5,0.3333333333333333,0.0,0.16666666666666666,False,False,True,0,0.4329590117911286,0.14227961819202695,False,True,0.17647058823529413,0.23529411764705882,0.4117647058823529,0.17647058823529413
C00112,32.5,847.6,5,10.181271928999502,7.832524799720453,5280.606,7.832524799720453,3.0,0.5347999967395705,55.0,5.061011501421323,4.887269093793207,0.6094915781650715,0.3090956606116681,0.259999999948,8161.062,0.5333333333333333,0.3333333333333333,0.13333333333333333,0.26666666666666666,1.9585736145711299,0.0,1.0,1.0,0.2,0.2,0.4,0.2,False,True,False,0,0.7058955642897249,0.4046603032004492,False,True,0.06666666666666667,0.2,0.2,0.5333333333333333
C00113,101.4,812.5,10,9.985384079286307,7.66800755315414,2170.587,7.66800755315414,3.4,0.729945587187114,24.0,4.123543716914363,3.6409944461092922,0.47679906943817435,0.09114368601672768,0.12999999998700001,1978.353,0.2647058823529412,0.5294117647058824,0.20588235294117646,0.29411764705882354,2.0099189059839304,0.0,0.0,1.0,0.4,0.4,0.0,0.2,False,False,False,1,0.3658899494665918,0.38121841661987654,True,False,0.29411764705882354,0.2647058823529412,0.17647058823529413,0.2647058823529412
C00114,235.3,903.5,5,9.626797512402518,7.997209038042056,3032.958,7.997209038042056,2.6,0.9228988853785496,41.0,4.863680881139593,4.018527311842956,0.354208052208855,0.0,0.0,0.0,0.5384615384615385,0.38461538461538464,0.07692307692307693,0.38461538461538464,1.9228726496585367,0.0,0.0,1.0,0.6,0.0,0.2,0.2,False,False,True,0,0.7227961819202695,0.14654688377316105,True,False,0.23076923076923078,0.23076923076923078,0.0,0.5384615384615384
C00115,634.4,910.0,4,9.532028865604646,8.11392564336707,3448.3875000000003,8.11392564336707,3.0,0.881373587019543,58.0,4.272025739459553,3.766767258121023,0.4685880173020332,0.0,0.0,0.0,0.5,0.25,0.25,0.3333333333333333,1.972238316179336,0.0,1.0,1.0,0.5,0.5,0.0,0.0,False,False,True,0,0.5519371139809095,0.2453396967995508,False,True,0.16666666666666666,0.08333333333333333,0.3333333333333333,0.4166666666666667
C00116,31.200000000000003,899.6,5,9.722881922697091,8.309697345941036,3338.858,8.309697345941036,2.6,0.9228988853785496,27.0,5.123963979403259,4.562343058669739,0.449616452806245,0.019319779397625216,0.259999999948,322.53000000000003,0.38461538461538464,0.38461538461538464,0.23076923076923078,0.23076923076923078,2.068424232674721,0.0,1.0,1.0,0.2,0.4,0.2,0.2,False,True,False,0,0.4355418304323414,0.48135878719820324,True,False,0.23076923076923078,0.23076923076923078,0.0,0.5384615384615384
C00117,399.1,822.9,6,9.542575071477023,8.077490054116005,2323.3,8.077490054116005,1.8333333333333333,0.7742870681652403,63.0,4.192680462942962,4.3919242318918945,0.7992448884589861,0.0,0.0,0.0,0.45454545454545453,0.36363636363636365,0.18181818181818182,0.2727272727272727,2.0105782918630664,0.0,1.0,1.0,0.0,0.3333333333333333,0.0,0.6666666666666666,False,False,False,1,0.44138124649073557,0.28990735541830437,True,False,0.2727272727272727,0.18181818181818182,0.18181818181818182,0.36363636363636365
C00118,71.5,655.2,6,10.092241709060621,7.979991015452001,4025.646666666667,7.979991015452001,3.0,0.8175354928516673,26.0,4.508659285607248,4.35846728254168,0.6200331990255339,0.6867262319759523,0.4333333332611111,16587.103,0.4444444444444444,0.4444444444444444,0.1111111111111111,0.2777777777777778,2.037173375168903,0.0,1.0,1.0,0.0,0.0,0.16666666666666666,0.8333333333333334,False,False,False,1,0.42891633913531724,0.28740875912408764,False,True,0.2777777777777778,0.16666666666666666,0.16666666666666666,0.3888888888888889
C00119,10.4,512.2,4,9.261685365027335,7.976182303745522,2631.465,7.976182303745522,3.25,0.9961457767684165,63.0,4.864967054950337,4.842420287758815,0.6818497231055821,0.18270763624063183,0.32499999991875,1923.155,0.46153846153846156,0.15384615384615385,0.38461538461538464,0.38461538461538464,1.5863668161539084,0.0,0.0,1.0,0.5,0.0,0.25,0.25,False,False,False,1,0.5139528354856822,0.16829028635597976,False,True,0.0,0.38461538461538464,0.3076923076923077,0.3076923076923077
C00120,84.5,904.8000000000001,6,8.806479476430697,7.076842072409423,1112.7283333333332,7.076842072409423,2.5,0.866430042484809,62.0,4.845760650906022,4.352458259401007,0.4746932860546101,0.19707460790816012,0.21666666663055556,1315.743,0.13333333333333333,0.6666666666666667,0.2,0.4666666666666667,1.7686680475652328,0.0,0.0,1.0,0.8333333333333334,0.16666666666666666,0.0,0.0,True,False,False,0,0.42032565974171815,0.15915216170690627,True,False,0.3333333333333333,0.13333333333333333,0.3333333333333333,0.2
C00121,54.6,772.2,5,9.456915252992934,7.74584389132852,2559.07,7.74584389132852,4.0,0.881373587019543,63.0,4.9344739331306915,4.236763489581819,0.4015132311408857,0.05341182538968819,0.259999999948,683.4230000000001,0.44999999999999996,0.45,0.1,0.35,1.945340715422181,0.0,0.0,1.0,0.6,0.4,0.0,0.0,False,False,True,0,0.4102751263335205,0.19876473891072427,True,False,0.2,0.35,0.2,0.25
C00122,44.2,930.8000000000001,7,9.912511216542404,8.046464051202014,2882.8985714285714,8.046464051202014,3.4285714285714284,0.9210226753643587,26.0,4.742029368705289,3.576413296736015,0.2667204532466741,0.14097517924667383,0.1857142856877551,2844.92,0.33333333333333337,0.375,0.2916666666666667,0.2916666666666667,2.0429785702158414,0.0,1.0,1.0,0.42857142857142855,0.14285714285714285,0.0,0.42857142857142855,False,False,False,1,0.4394722066254913,0.21948343627175737,False,True,0.3333333333333333,0.16666666666666666,0.16666666666666666,0.3333333333333333
C00123,88.4,782.6,6,10.477960988376122,7.7621917840187615,5920.483333333334,7.7621917840187615,3.0,0.7397659962052513,65.0,4.680277658474897,4.754203007178853,0.7311386941663611,0.3409487682593386,0.21666666663055556,12111.489000000001,0.6666666666666666,0.16666666666666666,0.16666666666666666,0.3333333333333333,1.8664711566417282,0.0,1.0,1.0,0.5,0.16666666666666666,0.3333333333333333,0.0,False,True,False,0,0.6603874227961819,0.19267265581134185,True,False,0.1111111111111111,0.05555555555555555,0.3333333333333333,0.5
C00124,118.3,910.0,9,10.265598991917368,8.015631400854724,3191.797777777778,8.015631400854724,2.5555555555555554,0.7563042779025448,56.0,4.345427482225552,4.015366916292224,0.5395222999705855,0.0,0.0,0.0,0.43478260869565216,0.34782608695652173,0.21739130434782608,0.2608695652173913,2.0591105100447993,1.0,0.0,0.0,0.3333333333333333,0.2222222222222222,0.3333333333333333,0.1111111111111111,False,False,True,0,0.4730488489612577,0.4123526108927569,False,True,0.21739130434782608,0.21739130434782608,0.17391304347826086,0.391304347826087
C00125,0.0,867.1,7,10.01358736994083,8.406006522654272,3189.5414285714287,8.406006522654272,3.4285714285714284,0.5804239557076518,56.0,4.7199858604166725,4.8328032956942275,0.7516527856993144,0.10859559300731951,0.3714285713755102,2424.591,0.375,0.5,0.125,0.2916666666666667,2.018385458668367,0.0,0.0,1.0,0.2857142857142857,0.42857142857142855,0.2857142857142857,0.0,True,False,False,0,0.4477259966311061,0.18512071869736102,True,False,0.25,0.20833333333333334,0.3333333333333333,0.20833333333333334
C00126,101.4,945.1,6,9.796108334001381,7.946267744277369,2993.7833333333333,7.946267744277369,3.3333333333333335,0.7934721026084851,51.0,4.873669439023098,4.830982701473157,0.6718671428999247,0.10349368413433929,0.21666666663055556,1859.026,0.4,0.4,0.2,0.3,2.0242470274749396,0.0,1.0,1.0,0.16666666666666666,0.5,0.16666666666666666,0.16666666666666666,False,False,True,0,0.5251544076361594,0.1875772038180798,True,False,0.2,0.2,0.15,0.45
C00127,15.600000000000001,899.6,6,9.958484604537686,8.0263030152241,3521.625,8.0263030152241,3.1666666666666665,0.9050114166450717,44.0,4.919980925828125,4.5190457181183685,0.5111843949830267,0.015955796921401533,0.21666666663055556,337.142,0.42105263157894735,0.42105263157894735,0.15789473684210525,0.2631578947368421,2.06735048143849,1.0,0.0,0.0,0.16666666666666666,0.5,0.16666666666666666,0.16666666666666666,False,False,True,0,0.5316956765861875,0.45937675463222905,False,True,0.21052631578947367,0.2631578947368421,0.21052631578947367,0.3157894736842105
C00128,120.9,729.3000000000001,10,10.664343230794683,8.262825895373956,4396.879999999999,8.262825895373956,3.1,0.787192469699016,57.0,3.970291913552122,3.5296668908473467,0.4927313965294372,0.0,0.0,0.0,0.45161290322580644,0.3548387096774194,0.1935483870967742,0.3225806451612903,1.9053157922272024,0.0,1.0,1.0,0.3,0.4,0.2,0.1,True,False,False,0,0.6553340819764177,0.30509545199326216,False,True,0.06451612903225806,0.22580645161290322,0.25806451612903225,0.45161290322580644
C00129,460.2,460.2,1,9.033103068434446,0.0,8374.810000000001,0.0,5.0,0.0,23.0,0.0,0.0,0.0,0.0,0.0,0.0,0.6000000000000001,0.4,0.0,0.4,1.7318327522731591,1.0,0.0,0.0,1.0,0.0,0.0,0.0,False,True,False,0,0.5981471083660864,0.0,False,True,0.2,0.2,0.2,0.4
C00130,119.60000000000001,895.7,7,9.716939275733042,7.830628502401263,2370.7671428571425,7.830628502401263,3.0,0.881373587019543,38.0,4.61015772749913,4.375917232977347,0.5816974643495555,0.0,0.0,0.0,0.38095238095238093,0.42857142857142855,0.19047619047619047,0.2857142857142857,2.0428802728387754,0.0,1.0,1.0,0.0,0.42857142857142855,0.14285714285714285,0.42857142857142855,False,False,False,1,0.24643458731049972,0.4359910162829871,True,False,0.3333333333333333,0.09523809523809523,0.23809523809523808,0.3333333333333333
C00131,136.5,841.1,5,9.904554982629865,8.197698803814886,4004.072,8.197698803814886,3.4,1.0355270088267214,35.0,4.916324614625014,4.723272003451513,0.6005619030498467,0.0,0.0,0.0,0.3529411764705882,0.47058823529411764,0.17647058823529413,0.23529411764705882,2.0530030749947406,1.0,0.0,0.0,0.0,0.4,0.0,0.6,False,True,False,0,0.4198203256597417,0.3363840539023021,True,False,0.17647058823529413,0.23529411764705882,0.17647058823529413,0.4117647058823529
C00132,19.5,929.5,6,9.93685124292369,7.925623689728236,3446.2549999999997,7.925623689728236,3.3333333333333335,0.4163376403318288,45.0,4.948759890378168,5.231671808558861,0.8455780553589153,0.8013803873092773,0.6499999998916667,16570.567,0.3,0.55,0.15,0.4,1.9562247687855479,0.0,1.0,1.0,0.6666666666666666,0.3333333333333333,0.0,0.0,True,False,False,0,0.530320044918585,0.38396967995508147,True,False,0.2,0.2,0.2,0.4
C00133,50.7,882.7,7,10.215621354909842,8.154744811342267,3903.6785714285716,8.154744811342267,3.2857142857142856,0.812514001834843,32.0,4.679040034554547,5.17600882640098,0.9744714097951155,0.20055083575015503,0.3714285713755102,5480.202,0.4782608695652174,0.3913043478260869,0.13043478260869565,0.2608695652173913,2.0591105100447993,1.0,0.0,0.0,0.2857142857142857,0.14285714285714285,0.0,0.5714285714285714,False,False,True,0,0.5660303200449186,0.5097417181358787,False,True,0.2608695652173913,0.2608695652173913,0.08695652173913043,0.391304347826087
C00134,19.5,880.1,6,10.384339624063683,7.579140790953325,5391.34,7.579140790953325,3.3333333333333335,0.7934721026084851,57.0,4.893352133481524,4.640983064774491,0.573954397852289,0.491876262054811,0.4333333332611111,15911.233,0.45,0.45,0.1,0.25,2.0373351112828875,1.0,0.0,0.0,0.0,0.8333333333333334,0.16666666666666666,0.0,False,True,False,0,0.5464065131948344,0.5105839416058393,True,False,0.2,0.25,0.1,0.45
C00135,61.1,878.8000000000001,7,10.224157371771048,8.196961072175027,3937.144285714286,8.196961072175027,3.2857142857142856,0.7479654631212419,54.0,4.661865529664636,4.687259563428583,0.7060459047671436,0.326155070335594,0.5571428570632653,8988.837000000001,0.43478260869565216,0.3913043478260869,0.17391304347826086,0.2608695652173913,2.0591105100447993,0.0,0.0,1.0,0.14285714285714285,0.42857142857142855,0.2857142857142857,0.14285714285714285,True,False,False,0,0.7058955642897249,0.3469679955081416,False,True,0.21739130434782608,0.17391304347826086,0.13043478260869565,0.4782608695652174
C00136,23.400000000000002,23.400000000000002,1,8.793064288088171,0.0,6587.389999999999,0.0,4.0,0.0,52.0,0.0,0.0,0.0,1.2999999999998026,1.2999999987,8563.607,0.75,0.25,0.0,0.5,1.3516370020918933,1.0,0.0,0.0,0.0,0.0,0.0,1.0,False,False,True,0,0.48747894441325096,0.0,False,True,0.25,0.25,0.0,0.5
C00137,169.0,893.1,6,9.393807106137494,7.8327550451271275,2002.125,7.8327550451271275,3.1666666666666665,0.9050114166450716,36.0,4.722063937459591,3.7979600795228246,0.3303628877914444,0.0,0.0,0.0,0.21052631578947367,0.5263157894736842,0.2631578947368421,0.3157894736842105,1.9366975732095548,1.0,0.0,0.0,0.16666666666666666,0.3333333333333333,0.5,0.0,False,False,False,1,0.5147108366086468,0.3224592925322852,True,False,0.3684210526315789,0.05263157894736842,0.3157894736842105,0.2631578947368421
C00138,31.200000000000003,929.5,7,9.945918971238203,7.978517082423096,2980.8414285714284,7.978517082423096,1.7142857142857142,0.5629980308512322,58.0,4.755025941532469,4.22923099845456,0.46218228727217764,0.0877171306855309,0.3714285713755102,1830.296,0.6666666666666667,0.16666666666666666,0.16666666666666666,0.4166666666666667,1.8513688925508054,0.0,1.0,1.0,0.42857142857142855,0.42857142857142855,0.0,0.14285714285714285,False,False,True,0,0.7742279618192027,0.1965749578888265,True,False,0.08333333333333333,0.08333333333333333,0.16666666666666666,0.6666666666666666
C00139,122.2,707.2,6,9.35602819981913,7.776375585141515,1927.8916666666667,7.776375585141515,3.3333333333333335,0.7934721026084851,59.0,4.51085950651685,4.570613390946703,0.7238021844533662,0.0,0.0,0.0,0.35,0.3,0.35,0.35,1.8818178522205165,0.0,0.0,1.0,0.0,0.3333333333333333,0.3333333333333333,0.3333333333333333,False,False,False,1,0.34553621560920833,0.3483997754070746,True,False,0.2,0.35,0.2,0.25
C00140,61.1,884.0,6,9.63850195537616,8.026057416397979,2557.2233333333334,8.026057416397979,2.6666666666666665,0.861310692788678,43.0,4.848900370910689,5.213187030731364,0.8932097056522702,0.04252463935492256,0.21666666663055556,652.47,0.375,0.375,0.25,0.375,1.7171548460941188,0.0,1.0,1.0,0.5,0.16666666666666666,0.0,0.3333333333333333,True,False,False,0,0.46555306007860753,0.2623947220662549,False,True,0.0625,0.25,0.375,0.3125
C00141,1.3,834.6,7,9.665507609239652,7.926377784340341,2251.91,7.926377784340341,2.5714285714285716,0.6810240276767762,31.0,4.6805868252728455,4.031718440059581,0.4175047190457832,0.5473636030873762,0.1857142856877551,8628.295,0.5555555555555556,0.3333333333333333,0.1111111111111111,0.4444444444444444,1.855179356394942,1.0,0.0,0.0,0.42857142857142855,0.2857142857142857,0.14285714285714285,0.14285714285714285,False,False,True,0,0.3108366086468276,0.3199045480067378,True,False,0.2222222222222222,0.2222222222222222,0.2777777777777778,0.2777777777777778
C00142,143.0,552.5,5,9.856751227793822,7.986587545642879,3817.156,7.986587545642879,2.6,0.9228988853785496,35.0,4.378896741664954,4.320871830768448,0.664187150720064,0.0,0.0,0.0,0.6923076923076923,0.23076923076923078,0.07692307692307693,0.46153846153846156,1.7911653604507427,0.0,1.0,1.0,0.4,0.4,0.2,0.0,False,False,True,0,0.7254912970241437,0.0555867490174059,False,True,0.07692307692307693,0.15384615384615385,0.07692307692307693,0.6923076923076923
C00143,104.0,591.5,5,9.442440493199948,7.883991236445199,2522.292,7.883991236445199,3.2,0.8345775047772536,27.0,4.5512418439625355,4.066334581066276,0.4772620211150317,0.17347785268318078,0.259999999948,2187.809,0.4375,0.4375,0.125,0.3125,1.958787784536036,0.0,1.0,1.0,0.2,0.2,0.2,0.4,True,False,False,0,0.5016282987085907,0.2020213363279057,False,True,0.125,0.25,0.3125,0.3125
C00144,152.1,778.7,7,10.277671122010839,7.986053903361766,4153.5828571428565,7.986053903361766,2.7142857142857144,0.8671555780502124,64.0,4.398555936625092,4.432979486395732,0.7107212810831255,0.0,0.0,0.0,0.5263157894736842,0.47368421052631576,0.0,0.42105263157894735,1.5883556784367099,0.0,1.0,1.0,0.14285714285714285,0.14285714285714285,0.42857142857142855,0.2857142857142857,True,False,False,0,0.4746209994385177,0.37316114542391915,False,True,0.15789473684210525,0.21052631578947367,0.15789473684210525,0.47368421052631576
C00145,48.1,926.9,7,9.835633139901761,7.933778445204002,2669.5614285714287,7.933778445204002,2.857142857142857,0.9453024271747004,67.0,4.733270188615407,3.9895466588297706,0.38572755207968673,0.08167762173882592,0.1857142856877551,1526.3039999999999,0.44999999999999996,0.35,0.2,0.35,1.945340715422181,1.0,0.0,0.0,0.14285714285714285,0.42857142857142855,0.2857142857142857,0.14285714285714285,False,False,True,0,0.5933183604716451,0.22201010668163956,False,True,0.15,0.1,0.35,0.4
C00147,158.6,699.4,7,10.092522358297694,7.789933988160484,3451.522857142857,7.789933988160484,3.0,0.8813735870195429,49.0,4.253245844807957,4.172929467800583,0.6532160543574972,0.0,0.0,0.0,0.42857142857142855,0.23809523809523808,0.3333333333333333,0.3333333333333333,1.9833729756923588,1.0,0.0,0.0,0.14285714285714285,0.5714285714285714,0.0,0.2857142857142857,False,False,False,1,0.6105558674901741,0.21895002807411568,True,False,0.14285714285714285,0.14285714285714285,0.19047619047619047,0.5238095238095238
C00148,40.300000000000004,933.4,9,10.398874714168757,8.391902034701847,3646.852222222222,8.391902034701847,2.6666666666666665,0.9776914835495976,30.0,4.464470303884956,4.409336505387608,0.6656392180122693,0.28366521264761113,0.2888888888567901,9310.366,0.5,0.375,0.125,0.3333333333333333,1.887210492817597,1.0,0.0,0.0,0.2222222222222222,0.1111111111111111,0.3333333333333333,0.3333333333333333,True,False,False,0,0.3421111734980348,0.43099382369455363,False,True,0.08333333333333333,0.3333333333333333,0.16666666666666666,0.4166666666666667
C00149,111.8,890.5,11,10.599871489144943,7.97462391029905,3648.061818181818,7.97462391029905,2.4545454545454546,0.659693149246136,52.0,4.109233174715851,3.810358237676987,0.5523547308013292,0.15934675648438576,0.11818181817107437,6394.375,0.5555555555555556,0.3333333333333333,0.1111111111111111,0.3333333333333333,2.0017021313884684,0.0,0.0,1.0,0.18181818181818182,0.6363636363636364,0.0,0.18181818181818182,False,False,True,0,0.520550252667041,0.4817518248175182,False,True,0.2222222222222222,0.14814814814814814,0.18518518518518517,0.4444444444444444
C00150,260.0,260.0,1,6.568709734241798,0.0,711.45,0.0,2.0,0.0,59.0,0.0,0.0,0.0,0.0,0.0,0.0,0.5,0.5,0.0,0.5,0.9010913347279289,1.0,0.0,0.0,0.0,1.0,0.0,0.0,True,False,False,0,0.4715889949466592,0.0,False,True,0.5,0.0,0.0,0.5
C00151,28.6,946.4,6,9.932592368246235,7.9654689302245725,3431.6083333333336,7.9654689302245725,3.1666666666666665,0.7742870681652403,30.0,4.95723451736914,4.317754708637045,0.42148342315620124,0.07097274601559177,0.21666666663055556,1461.3039999999999,0.3157894736842105,0.42105263157894735,0.2631578947368421,0.3157894736842105,1.9957481038707099,1.0,0.0,0.0,0.16666666666666666,0.3333333333333333,0.5,0.0,True,False,False,0,0.5077484559236385,0.3125631667602471,False,True,0.15789473684210525,0.3157894736842105,0.15789473684210525,0.3684210526315789
C00152,367.90000000000003,367.90000000000003,1,9.124094883437284,0.0,9172.69,0.0,4.0,0.0,25.0,0.0,0.0,0.0,0.0,0.0,0.0,0.75,0.25,0.0,0.5,1.3516370020918933,0.0,1.0,1.0,0.0,1.0,0.0,0.0,False,True,False,0,0.8292532285233015,0.0,False,True,0.0,0.25,0.0,0.75
C00153,62.400000000000006,647.4,5,9.626915534238014,8.024384385228323,3033.316,8.024384385228323,2.6,0.7608878000194387,43.0,4.7318028369214575,3.579234500234793,0.26983095286579023,0.5380950748289636,0.259999999948,8161.062,0.6153846153846154,0.23076923076923078,0.15384615384615385,0.46153846153846156,1.8434901748271977,1.0,0.0,0.0,0.4,0.2,0.0,0.4,False,False,True,0,0.4636720943290286,0.3097136440202134,True,False,0.15384615384615385,0.3076923076923077,0.15384615384615385,0.38461538461538464
C00154,29.900000000000002,926.9,11,10.361574205849369,8.143079102405753,2874.538181818182,8.143079102405753,3.0,0.7397659962052514,38.0,4.248495242049359,4.150882400579932,0.644824292409594,0.2782915643050242,0.11818181817107437,8799.556999999999,0.4545454545454546,0.30303030303030304,0.24242424242424243,0.30303030303030304,2.0240780356331878,1.0,0.0,0.0,0.18181818181818182,0.5454545454545454,0.09090909090909091,0.18181818181818182,False,False,True,0,0.7058955642897249,0.4256878158338012,False,True,0.21212121212121213,0.18181818181818182,0.12121212121212122,0.48484848484848486
C00155,162.5,890.5,5,9.568414736269325,8.142866088013816,2860.944,8.142866088013816,1.8,0.7397659962052513,51.0,4.948759890378168,4.054279620743641,0.3397506463762485,0.0,0.0,0.0,0.5555555555555556,0.3333333333333333,0.1111111111111111,0.3333333333333333,1.979841587790714,0.0,1.0,1.0,0.4,0.2,0.2,0.2,False,False,True,0,0.7058955642897249,0.37271195957327347,True,False,0.2222222222222222,0.1111111111111111,0.0,0.6666666666666666
C00156,13.0,937.3000000000001,6,10.055187087904619,7.865444358087614,3879.2016666666664,7.865444358087614,4.333333333333333,0.7094119683444554,46.0,4.964242254526545,4.559121261173981,0.5095569873518138,0.6830476287861342,0.4333333332611111,15898.077000000001,0.34615384615384615,0.5384615384615385,0.11538461538461539,0.38461538461538464,1.939862553338076,0.0,0.0,1.0,0.16666666666666666,0.16666666666666666,0.5,0.16666666666666666,True,False,False,0,0.47498596294216733,0.1101066816395283,True,False,0.23076923076923078,0.15384615384615385,0.3076923076923077,0.3076923076923077
C00157,94.9,650.0,11,9.522549921432985,7.59591377785234,1242.1281818181817,7.59591377785234,2.909090909090909,0.8944530605525013,56.0,3.7773481021015445,3.123702947951905,0.41138654969826205,0.05122586528545574,0.11818181817107437,699.92,0.34375,0.53125,0.125,0.3125,1.8559652532623954,0.0,1.0,1.0,0.2727272727272727,0.45454545454545453,0.18181818181818182,0.09090909090909091,False,False,False,1,0.4198203256597417,0.3117630544637844,False,True,0.375,0.15625,0.28125,0.1875
C00158,131.3,910.0,5,9.92425246178852,8.150637833292897,4083.728,8.150637833292897,2.6,0.7608878000194386,25.0,5.015622835607295,4.599899306048085,0.5053655305669527,0.0,0.0,0.0,0.5384615384615385,0.3076923076923077,0.15384615384615385,0.3076923076923077,1.9821196109391868,0.0,0.0,1.0,0.4,0.2,0.2,0.2,False,False,True,0,0.5016282987085907,0.393935991016283,True,False,0.15384615384615385,0.23076923076923078,0.15384615384615385,0.46153846153846156
C00159,31.200000000000003,804.7,4,9.159194435152026,8.031034481184763,2375.0999999999995,8.031034481184763,3.75,0.6716309107725503,35.0,5.294978465282522,5.451410357083016,0.7748123661853477,0.30394909688009936,0.6499999998375,2887.638,0.39999999999999997,0.5333333333333333,0.06666666666666667,0.3333333333333333,1.8399798756029444,0.0,1.0,1.0,0.25,0.75,0.0,0.0,True,False,False,0,0.30423919146546885,0.1354576080853453,False,True,0.3333333333333333,0.26666666666666666,0.13333333333333333,0.26666666666666666
C00160,0.0,819.0,7,9.092352690381247,7.223669064876639,1269.4385714285713,7.223669064876639,3.0,1.0050525387423812,36.0,4.663439094112067,4.747063334119473,0.736231072266414,0.20973197375215258,0.1857142856877551,1863.6930000000002,0.2857142857142857,0.5238095238095237,0.19047619047619047,0.2857142857142857,1.9527769119239944,0.0,0.0,1.0,0.14285714285714285,0.42857142857142855,0.14285714285714285,0.2857142857142857,True,False,False,0,0.4437394722066255,0.15665356541268954,False,True,0.19047619047619047,0.2857142857142857,0.3333333333333333,0.19047619047619047
C00161,139.1,679.9,8,10.519043393363512,8.54201490108995,4626.5875,8.54201490108995,3.0,0.9210226753643587,36.0,4.101462029990965,4.4299422724690976,0.8735498333991103,0.0,0.0,0.0,0.5416666666666667,0.4583333333333333,0.0,0.375,1.665085961091004,1.0,0.0,0.0,0.125,0.125,0.5,0.25,True,False,False,0,0.5127456485120718,0.47744244806288594,True,False,0.16666666666666666,0.20833333333333334,0.20833333333333334,0.4166666666666667
C00162,14.3,946.4,8,9.64698303616158,7.9231033991868545,1934.2537499999999,7.9231033991868545,1.875,0.6067844806227372,49.0,4.638881243330403,4.313893596175495,0.5422239533066481,0.04140434004586773,0.1624999999796875,640.692,0.4,0.4666666666666667,0.13333333333333333,0.3333333333333333,1.9820235869653628,1.0,0.0,0.0,0.125,0.625,0.0,0.25,True,False,False,0,0.44407636159460984,0.5154969118472769,False,True,0.3333333333333333,0.13333333333333333,0.13333333333333333,0.4
C00163,353.6,930.8000000000001,5,9.694196362707288,8.092206093668196,3244.436,8.092206093668196,3.0,0.7996422445006162,40.0,4.718498871295094,4.13688714604191,0.44149077912433077,0.0,0.0,0.0,0.4666666666666667,0.4666666666666667,0.06666666666666667,0.4666666666666667,1.5223778309874823,0.0,1.0,1.0,0.2,0.4,0.2,0.2,True,False,False,0,0.6105558674901741,0.37782144862436834,False,True,0.06666666666666667,0.3333333333333333,0.2,0.4
C00164,33.800000000000004,923.0,6,9.215238357238375,7.77864337913546,1674.6833333333334,7.77864337913546,2.5,1.0154776369738763,26.0,4.925803358579558,4.5894058559685735,0.5378088401217251,0.040950627481808395,0.21666666663055556,411.476,0.3333333333333333,0.33333333333333337,0.3333333333333333,0.3333333333333333,1.9366754145057685,0.0,1.0,1.0,0.6666666666666666,0.0,0.0,0.3333333333333333,False,False,False,1,0.4024143739472207,0.31472487366647955,True,False,0.2,0.26666666666666666,0.26666666666666666,0.26666666666666666
C00165,156.0,673.4,3,9.26796190078406,8.102761414590502,3530.713333333333,8.102761414590502,4.0,0.6931471805599453,28.0,5.298317366548036,4.574710978503383,0.3936705316136922,0.0,0.0,0.0,0.3333333333333333,0.5,0.16666666666666666,0.3333333333333333,2.028923531753829,0.0,1.0,1.0,0.3333333333333333,0.3333333333333333,0.3333333333333333,0.0,True,False,False,0,0.42717574396406516,0.19570466030320044,True,False,0.3333333333333333,0.16666666666666666,0.16666666666666666,0.3333333333333333
C00166,371.8,911.3000000000001,5,9.122606916168563,7.825008984541363,1831.81,7.825008984541363,2.6,0.9228988853785496,27.0,4.6515765588022475,4.498852913938944,0.6189632327461789,0.0,0.0,0.0,0.5384615384615385,0.3076923076923077,0.15384615384615385,0.46153846153846156,1.8434901748271975,1.0,0.0,0.0,0.0,0.0,0.2,0.8,False,False,True,0,0.49820325659741715,0.41723750701852896,False,True,0.15384615384615385,0.38461538461538464,0.15384615384615385,0.3076923076923077
C00167,323.7,873.6,5,9.454363617400633,7.815379069942805,2552.548,7.815379069942805,2.6,0.43678453268671025,29.0,4.670489652108734,4.350525608108856,0.5444068804031154,0.0,0.0,0.0,0.5384615384615385,0.23076923076923078,0.23076923076923078,0.3076923076923077,1.9821196109391868,0.0,1.0,1.0,0.0,0.6,0.2,0.2,False,False,True,0,0.7058955642897249,0.3519371139809096,True,False,0.23076923076923078,0.15384615384615385,0.15384615384615385,0.46153846153846156
C00168,96.2,734.5,5,10.070838016351576,7.997937885547979,4728.474,7.997937885547979,3.4,0.6389165189617602,24.0,4.8182634014487995,4.790656993200692,0.6793267887198227,0.07582188249316478,0.259999999948,1792.609,0.6470588235294118,0.1764705882352941,0.17647058823529413,0.47058823529411764,1.8009684911238217,1.0,0.0,0.0,0.2,0.4,0.0,0.4,False,False,True,0,0.7058955642897249,0.1294778214486244,True,False,0.058823529411764705,0.11764705882352941,0.23529411764705882,0.5882352941176471
C00169,45.5,943.8000000000001,9,10.392770694336205,8.103695591587707,3624.658888888889,8.103695591587707,3.111111111111111,0.8604504680835822,64.0,4.470209200553974,4.125145257850146,0.5334457419813767,0.0042620102489336386,0.14444444442839505,139.035,0.6428571428571428,0.25,0.10714285714285714,0.42857142857142855,1.8847882158668252,0.0,1.0,1.0,0.2222222222222222,0.3333333333333333,0.2222222222222222,0.2222222222222222,False,False,True,0,0.46732172936552496,0.14839977540707472,False,True,0.21428571428571427,0.14285714285714285,0.2857142857142857,0.35714285714285715
C00170,166.4,747.5,5,9.08198413652404,7.7119229159189,1758.8799999999999,7.7119229159189,3.0,0.7996422445006162,28.0,4.725172978382788,4.541529326819836,0.6047153618676273,0.0,0.0,0.0,0.3333333333333333,0.5333333333333333,0.13333333333333333,0.4,1.8678772696519415,1.0,0.0,0.0,0.4,0.2,0.0,0.4,True,False,False,0,0.45306007860752384,0.1358225715889949,True,False,0.13333333333333333,0.3333333333333333,0.4666666666666667,0.06666666666666667
C00171,135.20000000000002,726.7,4,9.583197574046828,8.047023531845497,3629.4425,8.047023531845497,2.75,0.6716309107725503,50.0,5.028256895446075,4.572354795850077,0.4894764752379094,0.0,0.0,0.0,0.6363636363636364,0.36363636363636365,0.0,0.45454545454545453,1.6128895795394147,0.0,1.0,1.0,0.25,0.5,0.0,0.25,False,False,True,0,0.5628579449747333,0.32549129702414376,False,True,0.18181818181818182,0.09090909090909091,0.2727272727272727,0.45454545454545453
C00172,20.8,937.3000000000001,11,10.631424731652585,8.054101124514508,3765.0081818181816,8.054101124514508,3.0,0.881373587019543,47.0,4.269697449699962,4.186949244140527,0.6520420377392107,0.22736092086241452,0.23636363634214874,9416.173,0.5151515151515151,0.36363636363636365,0.12121212121212122,0.3333333333333333,2.010808747299032,0.0,0.0,1.0,0.2727272727272727,0.5454545454545454,0.0,0.18181818181818182,False,False,True,0,0.368107804604155,0.38660864682762497,True,False,0.2727272727272727,0.21212121212121213,0.12121212121212122,0.3939393939393939
C00173,66.3,903.5,8,10.585199094719616,8.25928138075444,4943.0225,8.25928138075444,3.375,0.723026403199168,32.0,4.532599493153256,4.710687156800267,0.7871150387860647,0.22038390984462897,0.1624999999796875,8714.901,0.5185185185185185,0.37037037037037035,0.1111111111111111,0.2962962962962963,2.032395456142737,0.0,1.0,1.0,0.25,0.125,0.125,0.5,False,False,True,0,0.6459573273441886,0.4232734418865805,False,True,0.18518518518518517,0.2222222222222222,0.07407407407407407,0.5185185185185185
C00174,61.1,687.7,6,10.100918140879521,8.049052278722709,4060.728333333334,8.049052278722709,4.0,0.8175354928516673,36.0,4.578826210648489,4.533407625325263,0.6704601608897548,0.13484280529313356,0.21666666663055556,3285.3599999999997,0.45833333333333337,0.375,0.16666666666666666,0.2916666666666667,2.056664945256692,0.0,0.0,1.0,0.3333333333333333,0.16666666666666666,0.0,0.5,False,False,True,0,0.6546883773161145,0.41282987085906797,True,False,0.16666666666666666,0.20833333333333334,0.16666666666666666,0.4583333333333333
C00175,434.2,886.6,5,9.473721811253622,7.782663962808414,2602.446,7.782663962808414,3.0,0.7996422445006162,35.0,4.477336814478207,4.1591310372533234,0.544832976618052,0.0,0.0,0.0,0.4,0.4666666666666667,0.13333333333333333,0.4,1.8678772696519415,0.0,0.0,1.0,0.0,0.6,0.2,0.2,True,False,False,0,0.48747894441325096,0.14312184166198771,True,False,0.06666666666666667,0.2,0.4666666666666667,0.26666666666666666
C00176,15.600000000000001,616.2,3,8.003663916075933,6.362453634592682,996.9666666666667,6.362453634592682,3.0,0.0,38.0,5.44673737166631,5.3706380281276624,0.6556565716423649,0.3077117255674521,0.4333333331888889,920.335,0.1111111111111111,0.6666666666666666,0.2222222222222222,0.4444444444444444,1.6549368375665137,0.0,1.0,1.0,0.3333333333333333,0.0,0.3333333333333333,0.3333333333333333,True,False,False,0,0.3552498596294217,0.22453677709152164,False,True,0.2222222222222222,0.3333333333333333,0.2222222222222222,0.2222222222222222
C00177,26.0,577.2,3,8.972277326441386,8.36918184294845,2626.8433333333332,8.36918184294845,2.6666666666666665,0.9272406547120959,47.0,5.3612921657094255,5.0106352940962555,0.5322916836589215,1.2662616600658498,0.8666666663777778,9978.813,0.375,0.375,0.25,0.375,1.7171548460941188,1.0,0.0,0.0,0.0,1.0,0.0,0.0,False,False,False,1,0.09404828747894442,0.3701291409320607,False,True,0.375,0.125,0.0,0.5
C00178,365.3,826.8000000000001,5,9.80405664417984,7.991198926089794,3621.21,7.991198926089794,3.2,0.7397659962052514,28.0,4.497028027368389,4.394502199680486,0.6426203633467937,0.0,0.0,0.0,0.5625,0.0625,0.375,0.4375,1.511509783546838,1.0,0.0,0.0,0.4,0.2,0.2,0.2,False,False,True,0,0.7318360471645143,0.053677709152161746,False,True,0.125,0.0625,0.1875,0.625
C00179,387.40000000000003,941.2,6,9.91894250709099,8.062791396864318,3385.0833333333335,8.062791396864318,2.3333333333333335,0.7094119683444554,44.0,4.456670177669648,3.9590921982639395,0.47212671651704413,0.0,0.0,0.0,0.5714285714285714,0.4285714285714286,0.0,0.35714285714285715,1.6302544722534837,0.0,0.0,1.0,0.16666666666666666,0.5,0.0,0.3333333333333333,True,False,False,0,0.6032004491858506,0.5388265019651881,True,False,0.21428571428571427,0.35714285714285715,0.0,0.42857142857142855
C00180,94.9,713.7,7,9.618530430698502,7.68844124331112,2148.561428571428,7.68844124331112,3.142857142857143,0.9453024271747004,31.0,4.386184644822546,4.303406464194169,0.6520928247001716,0.28636177163056703,0.1857142856877551,4306.861,0.5454545454545454,0.4545454545454546,0.0,0.4090909090909091,1.5901510901128313,0.0,1.0,1.0,0.2857142857142857,0.2857142857142857,0.14285714285714285,0.2857142857142857,False,False,True,0,0.4621560920830994,0.2953958450308815,True,False,0.09090909090909091,0.4090909090909091,0.22727272727272727,0.2727272727272727
C00181,70.2,930.8000000000001,5,9.919069028392888,8.094682448467518,4062.614,8.094682448467518,2.2,0.607948719172978,31.0,5.1149953094204985,4.523324068235599,0.43870848248024574,0.40626763950498834,0.259999999948,8252.543,0.6363636363636364,0.2727272727272727,0.09090909090909091,0.36363636363636365,1.9085819207210712,0.0,1.0,1.0,0.4,0.2,0.0,0.4,False,False,True,0,0.7058955642897249,0.11987647389107248,False,True,0.2727272727272727,0.0,0.09090909090909091,0.6363636363636364
C00182,13.0,932.1,9,9.902001448830825,7.892604207940534,2218.811111111111,7.892604207940534,2.7777777777777777,0.678959670009112,34.0,4.492841001014172,4.350677048597071,0.6237861105883845,0.018073042119652764,0.14444444442839505,360.906,0.4,0.48000000000000004,0.12,0.28,2.0066950925190765,1.0,0.0,0.0,0.3333333333333333,0.3333333333333333,0.2222222222222222,0.1111111111111111,True,False,False,0,0.3526108927568782,0.4118472768107805,True,False,0.28,0.28,0.16,0.28
C00183,171.6,925.6,10,10.552634255044698,7.909834140673995,3827.714,7.909834140673995,3.3,0.9140618971052096,35.0,4.181201606315367,4.120110649420943,0.6625941962056174,0.0,0.0,0.0,0.48484848484848486,0.3939393939393939,0.12121212121212122,0.2727272727272727,2.039048343441198,0.0,0.0,1.0,0.2,0.5,0.2,0.1,False,False,True,0,0.37613700168444697,0.4063166760247053,True,False,0.30303030303030304,0.15151515151515152,0.15151515151515152,0.3939393939393939
C00184,113.10000000000001,832.0,6,10.485426318425812,8.090788841941503,5964.848333333332,8.090788841941503,3.0,0.8175354928516673,53.0,4.71492104994721,3.789457445081829,0.32994357818684666,0.25073638362975287,0.21666666663055556,8973.627,0.5555555555555556,0.4444444444444444,0.0,0.3333333333333333,1.7613505689078175,0.0,0.0,1.0,0.0,0.8333333333333334,0.16666666666666666,0.0,False,True,False,0,0.5192026951151039,0.3949466591802358,True,False,0.1111111111111111,0.2777777777777778,0.16666666666666666,0.4444444444444444
C00185,514.8000000000001,877.5,3,8.939801183687344,8.182110699579034,2542.893333333333,8.182110699579034,2.0,0.6931471805599453,49.0,4.945207488773801,4.4942386252808095,0.49128102769023796,0.0,0.0,0.0,0.6666666666666666,0.16666666666666666,0.16666666666666666,0.5,1.6151893223622003,0.0,1.0,1.0,0.0,0.3333333333333333,0.3333333333333333,0.3333333333333333,False,False,True,0,0.5738349241998877,0.24455362156092086,True,False,0.0,0.3333333333333333,0.16666666666666666,0.5
C00186,49.4,300.3,2,9.459659143591663,4.984715261117124,6415.254999999999,4.984715261117124,4.0,0.881373587019543,42.0,5.267858159063328,0.0,0.0,0.6604000932152612,0.649999999675,8473.27,0.5,0.5,0.0,0.25,1.8021826694558578,1.0,0.0,0.0,0.0,0.5,0.5,0.0,False,True,False,0,0.5944974733295901,0.11139809096013464,True,False,0.25,0.125,0.25,0.375
C00187,59.800000000000004,59.800000000000004,1,5.511814540810441,0.0,246.6,0.0,1.0,0.0,25.0,0.0,0.0,0.0,1.2999999999947285,1.2999999987,320.58,0.0,1.0,0.0,1.0,0.0,0.0,1.0,1.0,1.0,0.0,0.0,0.0,True,False,False,0,0.35379000561482316,0.0,True,False,0.0,1.0,0.0,0.0
C00188,309.40000000000003,685.1,2,8.89278448767254,8.371568947263738,3639.13,8.371568947263738,3.0,0.0,36.0,5.66988092298052,0.0,0.0,0.0,0.0,0.0,0.16666666666666666,0.6666666666666666,0.16666666666666666,0.5,1.6151893223622003,1.0,0.0,0.0,0.0,0.5,0.5,0.0,True,False,False,0,0.5030881527231892,0.2152161706906232,False,True,0.16666666666666666,0.3333333333333333,0.16666666666666666,0.3333333333333333
C00189,127.4,764.4,9,9.922578161701667,7.734207643407671,2264.942222222222,7.734207643407671,3.3333333333333335,0.881373587019543,62.0,4.131158535344817,3.9911521632131746,0.6244505215503996,0.0,0.0,0.0,0.30000000000000004,0.5666666666666667,0.13333333333333333,0.4,1.9317255084567237,1.0,0.0,0.0,0.2222222222222222,0.6666666666666666,0.0,0.1111111111111111,True,False,False,0,0.39258843346434585,0.12403144300954522,True,False,0.16666666666666666,0.36666666666666664,0.3333333333333333,0.13333333333333333
C00190,123.5,924.3000000000001,6,9.654529916266428,7.831327031537527,2598.5433333333335,7.831327031537527,2.8333333333333335,0.7742870681652403,23.0,4.821893169499378,4.670910134252299,0.6198906635875128,0.0,0.0,0.0,0.29411764705882354,0.4117647058823529,0.29411764705882354,0.4117647058823529,1.6681244424209345,0.0,0.0,1.0,0.3333333333333333,0.16666666666666666,0.0,0.5,True,False,False,0,0.592756878158338,0.29962099943851767,False,True,0.11764705882352941,0.35294117647058826,0.058823529411764705,0.47058823529411764
C00191,49.4,897.0,7,10.196594011366841,8.118251637851433,3830.1014285714286,8.118251637851433,3.5714285714285716,0.9625432742127614,30.0,4.697445462097262,4.454157261452455,0.5777689927121568,0.03524356497832265,0.1857142856877551,944.9050000000001,0.48000000000000004,0.4,0.12,0.28,2.0494821893417035,1.0,0.0,0.0,0.14285714285714285,0.42857142857142855,0.42857142857142855,0.0,False,False,True,0,0.4862436833239753,0.4332116788321167,False,True,0.16,0.28,0.16,0.4
C00192,72.8,664.3000000000001,4,10.136194825326266,8.190525990934024,6309.8099999999995,8.190525990934024,4.25,0.6716309107725503,43.0,5.028256895446075,4.468500178873046,0.45013362794803047,0.36622731112345824,0.32499999991875,9243.298999999999,0.7058823529411764,0.11764705882352941,0.17647058823529413,0.47058823529411764,1.6289600939463036,0.0,0.0,1.0,0.0,0.5,0.25,0.25,False,False,True,0,0.7616788321167883,0.2143177989893318,True,False,0.11764705882352941,0.17647058823529413,0.11764705882352941,0.5882352941176471
C00193,3.9000000000000004,375.7,3,9.420809541577336,8.073616839555745,4113.856666666667,8.073616839555745,1.3333333333333333,0.45574639440832615,51.0,4.969813299576001,4.219507705176107,0.38426290045533035,0.04514239274257286,0.4333333331888889,557.128,0.75,0.0,0.25,0.5,1.3516370020918933,0.0,0.0,1.0,0.3333333333333333,0.6666666666666666,0.0,0.0,False,True,False,0,0.8588433464345873,0.16344750140370579,False,True,0.0,0.0,0.25,0.75
C00194,414.7,760.5,5,9.39943808534388,7.7642128502507015,2416.118,7.7642128502507015,3.8,1.0256308957368645,63.0,4.212127597878484,3.2852170354810806,0.32691849261944017,0.0,0.0,0.0,0.3684210526315789,0.3157894736842105,0.3157894736842105,0.3157894736842105,1.8060446649806192,0.0,0.0,1.0,0.4,0.4,0.0,0.2,False,False,False,1,0.5397529477821449,0.2943851768669287,True,False,0.2631578947368421,0.15789473684210525,0.15789473684210525,0.42105263157894735
C00195,141.70000000000002,761.8000000000001,5,9.731280669525946,8.018211594643567,3367.0199999999995,8.018211594643567,4.0,0.8813735870195429,40.0,4.78957290898587,4.585975687269525,0.5956700411471247,0.0,0.0,0.0,0.4,0.44999999999999996,0.15,0.3,1.9783116435689498,1.0,0.0,0.0,0.2,0.4,0.2,0.2,True,False,False,0,0.4069062324536777,0.4417181358787198,False,True,0.15,0.4,0.15,0.3
C00196,241.8,864.5,5,10.145043745956693,8.228506576092332,5092.716,8.228506576092332,4.0,0.5347999967395705,46.0,4.793722292532682,4.534244006896108,0.5707226960898266,0.0,0.0,0.0,0.4,0.45,0.15,0.25,2.07584563611531,0.0,1.0,1.0,0.2,0.2,0.0,0.6,False,False,False,1,0.37316114542391915,0.2572150477259966,True,False,0.2,0.25,0.25,0.3
C00197,2.6,715.0,5,9.653477558824687,8.007107382654095,3114.9719999999998,8.007107382654095,3.0,0.7996422445006162,48.0,4.927253685157205,3.9022329364374113,0.3031434141091831,0.6608533238821626,0.519999999896,10292.697999999999,0.4,0.4666666666666667,0.13333333333333333,0.26666666666666666,2.0333709534085926,1.0,0.0,0.0,0.0,0.6,0.2,0.2,True,False,False,0,0.4437394722066255,0.3279056709713644,True,False,0.26666666666666666,0.2,0.13333333333333333,0.4
C00198,722.8000000000001,924.3000000000001,3,8.86491477336315,7.659534748298528,2359.396666666667,7.659534748298528,4.666666666666667,0.45574639440832615,43.0,4.363098624788363,3.5409593240373143,0.3592522649491386,0.0,0.0,0.0,0.3571428571428571,0.3571428571428571,0.2857142857142857,0.2857142857142857,1.8860465261091008,1.0,0.0,0.0,0.0,0.6666666666666666,0.3333333333333333,0.0,False,False,False,1,0.49247613700168447,0.28304323413812466,True,False,0.2857142857142857,0.14285714285714285,0.2857142857142857,0.2857142857142857
C00199,96.2,139.1,2,8.140181420379157,7.68103811863753,1714.2699999999998,7.68103811863753,2.5,0.5347999967395705,43.0,3.5263605246161616,0.0,0.0,1.2306990730744776,0.649999999675,4219.500999999999,0.4,0.6000000000000001,0.0,0.4,1.7318327522731591,0.0,0.0,1.0,0.5,0.0,0.0,0.5,False,False,False,1,0.23840539023020774,0.12038180797304884,True,False,0.6,0.2,0.0,0.2
C00200,484.90000000000003,739.7,2,8.362782477783119,6.571146092290344,2141.8,6.571146092290344,2.5,1.1382560993413577,43.0,5.2832037287379885,0.0,0.0,0.0,0.0,0.0,0.2,0.4,0.4,0.4,1.3713962183819874,0.0,0.0,1.0,0.5,0.5,0.0,0.0,False,False,False,1,0.7044637843907917,0.14208309938236952,True,False,0.0,0.2,0.2,0.6
C00201,46.800000000000004,757.9,7,10.288040858440993,8.301474547870985,4196.88,8.301474547870985,4.285714285714286,0.6684393050989095,56.0,4.5235985322942796,4.313611662924191,0.592507349220866,0.09398951465986657,0.1857142856877551,2761.2389999999996,0.5333333333333333,0.33333333333333337,0.13333333333333333,0.4,1.915744083675847,0.0,1.0,1.0,0.2857142857142857,0.42857142857142855,0.0,0.2857142857142857,False,False,True,0,0.5760808534531162,0.254800673778776,False,True,0.13333333333333333,0.16666666666666666,0.36666666666666664,0.3333333333333333
C00202,443.3,724.1,3,9.636612178295971,6.946794136247109,5104.79,6.946794136247109,2.6666666666666665,0.7676517525907618,27.0,4.6913478822291435,3.6888794541139363,0.3083013596520601,0.0,0.0,0.0,0.5,0.25,0.25,0.375,1.942427679776101,0.0,1.0,1.0,0.3333333333333333,0.3333333333333333,0.0,0.3333333333333333,False,True,False,0,0.839921392476137,0.13349241998877037,False,True,0.0,0.25,0.25,0.5
C00203,22.1,891.8000000000001,7,10.630402625839798,8.273080246210977,5910.397142857143,8.273080246210977,3.2857142857142856,0.747965463121242,52.0,4.722953221644475,4.70117143431703,0.6822179144168811,0.5283672018172207,0.5571428570632653,21860.019999999997,0.4782608695652174,0.34782608695652173,0.17391304347826086,0.30434782608695654,2.0382651733740906,0.0,1.0,1.0,0.42857142857142855,0.2857142857142857,0.2857142857142857,0.0,False,True,False,0,0.8248175182481752,0.4787759685569904,True,False,0.2608695652173913,0.13043478260869565,0.08695652173913043,0.5217391304347826
C00204,81.9,670.8000000000001,8,9.986644636271281,7.923697875041418,2716.65625,7.923697875041418,2.875,0.9371310592087758,50.0,4.1853163404278275,4.26244165621998,0.733048611990291,0.0644052776275953,0.324999999959375,1399.736,0.4782608695652174,0.3913043478260869,0.13043478260869565,0.34782608695652173,1.9693737993658944,0.0,0.0,1.0,0.125,0.625,0.0,0.25,False,False,True,0,0.41709713644020213,0.35554463784390783,False,True,0.2608695652173913,0.21739130434782608,0.21739130434782608,0.30434782608695654
C00205,50.7,872.3000000000001,4,9.028124009649096,8.064634958798225,2083.3025,8.064634958798225,2.25,0.9162907318741551,30.0,5.355012710224582,4.961107031735924,0.5145420171522589,0.15602882922665387,0.32499999991875,1300.2210000000002,0.5555555555555556,0.3333333333333333,0.1111111111111111,0.4444444444444444,1.855179356394942,1.0,0.0,0.0,0.0,0.5,0.5,0.0,False,False,True,0,0.5309376754632229,0.10506737787759685,True,False,0.2222222222222222,0.2222222222222222,0.2222222222222222,0.3333333333333333
C00206,61.1,860.6,8,10.260302886619703,7.984963518699433,3571.805,7.984963518699433,3.375,0.6503051165062174,47.0,4.487029943683866,3.9168350232439852,0.44498623991530567,0.021431426127685397,0.1624999999796875,612.3910000000001,0.4444444444444444,0.37037037037037035,0.18518518518518517,0.2962962962962963,2.0445611228457152,1.0,0.0,0.0,0.25,0.625,0.125,0.0,False,False,True,0,0.4999438517686693,0.11958169567658622,True,False,0.18518518518518517,0.2962962962962963,0.14814814814814814,0.37037037037037035
C00207,490.1,811.2,3,9.549699152802976,8.185587442739763,4679.823333333333,8.185587442739763,3.6666666666666665,0.4557463944083262,32.0,4.824305715904762,4.5591262474866845,0.568253906717547,0.0,0.0,0.0,0.6363636363636364,0.36363636363636365,0.0,0.45454545454545453,1.6747279965297706,1.0,0.0,0.0,0.6666666666666666,0.0,0.3333333333333333,0.0,False,False,True,0,0.7058955642897249,0.3223750701852891,True,False,0.2727272727272727,0.18181818181818182,0.09090909090909091,0.45454545454545453
C00208,11.700000000000001,919.1,11,9.725992927341206,7.611772605369209,1522.3918181818183,7.611772605369209,2.909090909090909,0.9933507898321869,30.0,4.259859000699674,4.2609222421872195,0.6936865589201641,0.19859139117810437,0.3545454545132231,3325.6730000000002,0.21875,0.625,0.15625,0.40625,1.911391313266081,0.0,0.0,1.0,0.36363636363636365,0.2727272727272727,0.0,0.36363636363636365,False,False,False,1,0.3526108927568782,0.07804604154969119,False,True,0.4375,0.15625,0.21875,0.1875
C00209,260.0,665.6,3,9.015356586455828,7.869500084940721,2742.4933333333333,7.869500084940721,3.3333333333333335,0.7676517525907619,28.0,5.056245805348308,4.343805421853684,0.39688136441467303,0.0,0.0,0.0,0.6,0.30000000000000004,0.1,0.5,1.7670077108645086,0.0,0.0,1.0,0.0,0.6666666666666666,0.3333333333333333,0.0,False,False,True,0,0.5843346434587311,0.20867490174059522,True,False,0.1,0.1,0.3,0.5
C00210,127.4,620.1,4,9.867359213062933,7.948214071188519,4822.3325,7.948214071188519,3.5,0.6931471805599453,28.0,4.846808319938465,4.303066516974786,0.4556839563321228,0.0,0.0,0.0,0.5,0.3571428571428571,0.14285714285714285,0.2857142857142857,2.046326537903665,0.0,0.0,1.0,0.25,0.25,0.0,0.5,False,False,True,0,0.5240033688938799,0.4368893879842785,True,False,0.35714285714285715,0.14285714285714285,0.14285714285714285,0.35714285714285715
C00211,85.8,774.8000000000001,5,8.19256493710255,5.557836691822056,722.596,5.557836691822056,2.6,0.7608878000194387,48.0,4.894101477840304,3.903220704107037,0.3122558539160402,0.18586540750289623,0.259999999948,671.5279999999999,0.07692307692307693,0.6153846153846154,0.3076923076923077,0.3076923076923077,1.6708809313561295,1.0,0.0,0.0,0.2,0.2,0.0,0.6,False,False,False,1,0.32807411566535655,0.36760247052217854,True,False,0.38461538461538464,0.15384615384615385,0.23076923076923078,0.23076923076923078
C00212,291.2,834.6,5,9.85033568997499,7.778073400498728,3792.744,7.778073400498728,3.2,0.8345775047772536,63.0,4.658710952916121,4.162127657800416,0.4730372408967234,0.0,0.0,0.0,0.5625,0.25,0.1875,0.3125,1.7816531068945816,0.0,1.0,1.0,0.2,0.4,0.2,0.2,False,False,True,0,0.4166760247052218,0.4473329590117911,True,False,0.3125,0.0,0.25,0.4375
C00213,263.90000000000003,756.6,3,8.837576695687865,8.18346917272687,2295.7599999999998,8.18346917272687,2.3333333333333335,0.9272406547120959,64.0,5.249652194566756,4.757891273005756,0.4759227520829323,0.0,0.0,0.0,0.2857142857142857,0.7142857142857142,0.0,0.42857142857142855,1.6601445373059809,0.0,1.0,1.0,0.3333333333333333,0.0,0.3333333333333333,0.3333333333333333,True,False,False,0,0.3790005614823133,0.15404267265581134,False,True,0.2857142857142857,0.42857142857142855,0.0,0.2857142857142857
C00214,105.3,947.7,7,10.075256964089625,8.223471649936474,3392.44,8.223471649936474,3.142857142857143,0.7270871325290131,67.0,4.6913478822291435,4.398036993541859,0.5558581384536128,0.5764793818860855,0.1857142856877551,13689.702000000001,0.5,0.36363636363636365,0.13636363636363635,0.3181818181818182,2.0207626749721883,0.0,1.0,1.0,0.14285714285714285,0.5714285714285714,0.2857142857142857,0.0,False,False,True,0,0.503312745648512,0.40595171252105555,True,False,0.18181818181818182,0.22727272727272727,0.2727272727272727,0.3181818181818182
C00215,40.300000000000004,936.0,5,9.475280546705568,7.8986365140314625,2606.5060000000003,7.8986365140314625,3.0,0.7996422445006162,20.0,5.1547356380700124,4.423715787205436,0.39096524349231976,0.07415344526350033,0.259999999948,966.407,0.6,0.26666666666666666,0.13333333333333333,0.4666666666666667,1.6190733698903068,0.0,1.0,1.0,0.6,0.0,0.0,0.4,False,False,True,0,0.7058955642897249,0.280628860190904,True,False,0.06666666666666667,0.26666666666666666,0.26666666666666666,0.4
C00216,81.9,432.90000000000003,3,7.878394034803069,6.569500199149342,879.5433333333334,6.569500199149342,3.6666666666666665,1.196767229439216,60.0,4.912654885736052,3.1354942159291497,0.15097102690884065,0.5017452238470336,0.4333333331888889,1323.92,0.36363636363636365,0.5454545454545454,0.09090909090909091,0.36363636363636365,1.6829087155983646,1.0,0.0,0.0,0.0,0.6666666666666666,0.0,0.3333333333333333,False,False,True,0,0.30033688938798425,0.1242279618192027,False,True,0.18181818181818182,0.45454545454545453,0.2727272727272727,0.09090909090909091
C00217,13.0,925.6,9,10.322201505808819,8.061315754240232,3377.678888888889,8.061315754240232,2.888888888888889,0.9308209522248956,25.0,4.485823428355525,4.058577359155634,0.49976912253456623,0.2853647689027644,0.14444444442839505,8674.835000000001,0.5,0.23076923076923078,0.2692307692307692,0.34615384615384615,1.9588633286328574,1.0,0.0,0.0,0.2222222222222222,0.4444444444444444,0.2222222222222222,0.1111111111111111,False,False,True,0,0.48747894441325096,0.23548568220101068,False,True,0.19230769230769232,0.23076923076923078,0.19230769230769232,0.38461538461538464
C00218,118.3,841.1,7,9.77592743914239,7.648240996652451,2514.8299999999995,7.648240996652451,3.0,0.6931471805599453,36.0,4.539742380665636,4.309852132469615,0.5835580070337582,0.0,0.0,0.0,0.42857142857142855,0.42857142857142855,0.14285714285714285,0.3333333333333333,1.9552665624952454,0.0,1.0,1.0,0.14285714285714285,0.2857142857142857,0.14285714285714285,0.42857142857142855,True,False,False,0,0.4609208309938237,0.1414935429533969,False,True,0.19047619047619047,0.19047619047619047,0.42857142857142855,0.19047619047619047
C00219,179.4,646.1,4,9.429755380907244,7.6567067871578764,3113.12,7.6567067871578764,4.25,0.6716309107725504,30.0,4.7930319231576615,4.212940694221456,0.44222711753989014,0.0,0.0,0.0,0.3529411764705882,0.35294117647058826,0.29411764705882354,0.29411764705882354,1.9223769820423402,0.0,0.0,1.0,0.25,0.25,0.0,0.5,False,False,False,1,0.564486243683324,0.1370999438517687,True,False,0.11764705882352941,0.11764705882352941,0.47058823529411764,0.29411764705882354
C00220,35.1,794.3000000000001,4,8.191122273046997,6.6028018343319514,901.9425,6.6028018343319514,3.25,1.1189222424187428,51.0,5.276412531159987,4.354641780139804,0.33269408424659597,0.44682421551250573,0.32499999991875,1612.039,0.23076923076923078,0.46153846153846156,0.3076923076923077,0.3076923076923077,1.7911653604507427,0.0,1.0,1.0,0.5,0.5,0.0,0.0,False,False,False,1,0.3653846153846154,0.1745367770915216,True,False,0.23076923076923078,0.38461538461538464,0.23076923076923078,0.15384615384615385
C00221,210.6,820.3000000000001,6,9.952698104520696,8.033426744220915,3501.305,8.033426744220915,2.1666666666666665,0.6847077083112325,25.0,4.551769409260976,4.346851429282945,0.5948388549292061,0.0,0.0,0.0,0.5384615384615385,0.23076923076923078,0.23076923076923078,0.3076923076923077,1.791165360450743,0.0,0.0,1.0,0.0,0.3333333333333333,0.3333333333333333,0.3333333333333333,False,False,True,0,0.680235822571589,0.3911145423919146,False,True,0.23076923076923078,0.07692307692307693,0.07692307692307693,0.6153846153846154
C00222,232.70000000000002,561.6,4,9.396118448118374,7.925374785571577,3010.1375000000003,7.925374785571577,3.25,0.6716309107725503,55.0,4.446565155811452,4.275087800127298,0.6100648738219893,0.0,0.0,0.0,0.5384615384615385,0.23076923076923078,0.23076923076923078,0.38461538461538464,1.9228726496585367,1.0,0.0,0.0,0.0,0.5,0.5,0.0,False,False,True,0,0.4323413812464907,0.22523862998315547,False,True,0.07692307692307693,0.3076923076923077,0.23076923076923078,0.38461538461538464
C00223,49.4,912.6,5,9.989485874892482,8.116734664173023,4359.018,8.116734664173023,3.0,0.9482307085514864,30.0,5.117993812416755,4.695303409768265,0.5027157418896949,0.835943967196243,0.519999999896,18219.474,0.5333333333333333,0.26666666666666666,0.2,0.3333333333333333,1.9661245808836376,0.0,0.0,1.0,0.0,0.4,0.2,0.4,False,False,True,0,0.7058955642897249,0.24649073554183049,True,False,0.13333333333333333,0.06666666666666667,0.3333333333333333,0.4666666666666667
C00224,76.7,889.2,4,9.709880351755114,8.065674186140546,4119.6575,8.065674186140546,4.0,0.596909690446534,27.0,5.343927877800089,4.861290613380065,0.47953059317880936,0.5416717287783911,0.32499999991875,8926.008,0.5,0.3125,0.1875,0.375,1.8999137680952314,0.0,0.0,1.0,0.75,0.25,0.0,0.0,False,False,True,0,0.5720662549129703,0.12359629421673213,False,True,0.0625,0.25,0.375,0.3125
C00225,78.0,919.1,8,10.312704613259019,8.433149774698947,3763.97125,8.433149774698947,3.0,1.0740628088010393,34.0,4.537197202401885,4.304735216384361,0.5824031806303126,0.12146449710528072,0.324999999959375,3657.5110000000004,0.5833333333333333,0.2916666666666667,0.125,0.3333333333333333,1.958551941138485,0.0,0.0,1.0,0.125,0.25,0.25,0.375,False,False,True,0,0.5899775407074677,0.5139949466591802,True,False,0.08333333333333333,0.25,0.20833333333333334,0.4583333333333333
C00226,23.400000000000002,635.7,7,10.192621071130146,8.144391278443704,3814.9142857142856,8.144391278443704,3.4285714285714284,0.8208444718580477,35.0,4.375757021660286,4.338904069687931,0.6746557293071686,0.4363634082772712,0.3714285713755102,11652.822999999999,0.5833333333333334,0.25,0.16666666666666666,0.4166666666666667,1.908054108125298,0.0,1.0,1.0,0.14285714285714285,0.42857142857142855,0.14285714285714285,0.2857142857142857,False,False,True,0,0.520550252667041,0.16656372824256033,True,False,0.125,0.20833333333333334,0.2916666666666667,0.375
C00227,215.8,215.8,1,8.744924602389284,0.0,6277.74,0.0,2.0,0.0,35.0,0.0,0.0,0.0,0.0,0.0,0.0,1.0,0.0,0.0,0.5,0.9010913347279289,0.0,1.0,1.0,0.0,1.0,0.0,0.0,False,True,False,0,0.8588433464345873,0.0,True,False,0.0,0.0,0.0,1.0
C00228,133.9,721.5,4,9.231939423950584,7.842263704394378,2554.335,7.842263704394378,3.0,1.0387709348496783,40.0,5.02168513028284,4.444065364985467,0.44360861992876527,0.0,0.0,0.0,0.5833333333333334,0.3333333333333333,0.08333333333333333,0.5,1.7653712114835216,1.0,0.0,0.0,0.5,0.0,0.0,0.5,False,False,True,0,0.5955362156092083,0.32237507018528916,True,False,0.08333333333333333,0.08333333333333333,0.3333333333333333,0.5
C00229,5.2,924.3000000000001,4,9.052847613620838,8.033391970562077,2135.4575,8.033391970562077,3.25,0.9162907318741551,65.0,5.466652681367251,5.293053787268308,0.6097426249259558,1.0219615702957068,0.32499999991875,8729.422,0.46153846153846156,0.5384615384615385,0.0,0.38461538461538464,1.5863668161539084,1.0,0.0,0.0,0.0,0.25,0.25,0.5,True,False,False,0,0.3470241437394722,0.10982594048287475,False,True,0.15384615384615385,0.38461538461538464,0.3076923076923077,0.15384615384615385
C00230,262.6,712.4,7,10.07519674688235,8.071014610047325,3392.2357142857145,8.071014610047325,3.5714285714285716,0.9625432742127613,25.0,4.071871706370042,3.9191595176475422,0.6183809836781127,0.0,0.0,0.0,0.48,0.44000000000000006,0.08,0.36,1.9161061249557798,0.0,0.0,1.0,0.0,0.2857142857142857,0.14285714285714285,0.5714285714285714,False,False,True,0,0.368107804604155,0.4680797304884896,True,False,0.28,0.32,0.04,0.36
C00231,218.4,847.6,2,7.368592020403056,6.477554629601788,792.2,6.477554629601788,3.0,0.0,61.0,6.184148890937483,0.0,0.0,0.0,0.0,0.0,0.16666666666666666,0.6666666666666666,0.16666666666666666,0.3333333333333333,1.7285597535111856,1.0,0.0,0.0,0.5,0.0,0.0,0.5,False,False,False,1,0.27128017967434026,0.21810780460415494,False,True,0.5,0.16666666666666666,0.16666666666666666,0.16666666666666666
C00232,339.3,834.6,7,9.969900565715237,8.076534960278607,3053.1942857142853,8.076534960278607,3.7142857142857144,0.9948564871722189,20.0,4.1666652238017265,3.860956031643532,0.5495381955220148,0.0,0.0,0.0,0.5,0.34615384615384615,0.15384615384615385,0.34615384615384615,1.989937011110039,0.0,1.0,1.0,0.42857142857142855,0.42857142857142855,0.14285714285714285,0.0,False,False,True,0,0.4009545199326221,0.40460415496911845,True,False,0.19230769230769232,0.2692307692307692,0.15384615384615385,0.38461538461538464
C00233,1.3,890.5,10,10.624783561208584,8.041403874116641,4114.094999999999,8.041403874116641,2.4,0.6115433614545654,34.0,4.343805421853684,4.443133437720531,0.7446966626676643,0.2093928069235103,0.12999999998700001,8614.618999999999,0.625,0.2916666666666667,0.08333333333333333,0.3333333333333333,1.8351416078144822,1.0,0.0,0.0,0.5,0.3,0.2,0.0,False,False,True,0,0.7058955642897249,0.37255755193711393,True,False,0.125,0.20833333333333334,0.125,0.5416666666666666
C00234,462.8,843.7,3,8.343515766233876,4.431929811075063,1400.6133333333335,4.431929811075063,3.6666666666666665,0.45574639440832615,22.0,4.993828175779875,4.56954300834494,0.5019122976968707,0.0,0.0,0.0,0.36363636363636365,0.36363636363636365,0.2727272727272727,0.36363636363636365,1.6829087155983646,0.0,1.0,1.0,0.0,0.6666666666666666,0.3333333333333333,0.0,False,False,True,0,0.4151038742279618,0.03158338012352613,True,False,0.18181818181818182,0.36363636363636365,0.18181818181818182,0.2727272727272727
C00235,72.8,756.6,4,10.167016907253078,8.064305670619108,6507.3275,8.064305670619108,3.0,0.881373587019543,35.0,5.172376143190189,4.553217003982122,0.42902813809687296,0.33015381506462016,0.32499999991875,8593.676,0.8333333333333334,0.08333333333333333,0.08333333333333333,0.4166666666666667,1.486820906254125,0.0,0.0,1.0,0.5,0.25,0.0,0.25,False,True,False,0,0.716619876473891,0.27021336327905665,False,True,0.08333333333333333,0.08333333333333333,0.16666666666666666,0.6666666666666666
C00236,721.5,813.8000000000001,3,9.557623954809046,8.064856049159854,4717.06,8.064856049159854,3.3333333333333335,0.7676517525907618,22.0,3.597312260588446,3.56953269648137,0.6789625455541056,0.0,0.0,0.0,0.6000000000000001,0.4,0.0,0.4,1.6638104935837679,1.0,0.0,0.0,0.6666666666666666,0.0,0.3333333333333333,0.0,False,False,True,0,0.5933183604716451,0.2746771476698484,True,False,0.2,0.2,0.1,0.5
C00237,29.900000000000002,566.8000000000001,3,9.593097596615461,8.290438830271716,4887.406666666667,8.290438830271716,3.3333333333333335,1.125470359664562,20.0,5.335131339670753,4.0163830207523885,0.23421999492059478,0.6841920936938142,0.4333333331888889,10031.775,0.6,0.4,0.0,0.3,1.7079842431505712,1.0,0.0,0.0,0.3333333333333333,0.0,0.0,0.6666666666666666,False,True,False,0,0.48747894441325096,0.022122403144300917,True,False,0.2,0.2,0.2,0.4
C00238,89.7,491.40000000000003,4,10.06636164395644,8.163975104256044,5884.192499999999,8.163975104256044,2.75,0.9162907318741552,36.0,4.6443908991413725,4.184931477378182,0.4873820826186524,0.2501026266560684,0.32499999991875,5886.608,0.7272727272727273,0.09090909090909091,0.18181818181818182,0.45454545454545453,1.612889579539415,0.0,0.0,1.0,0.25,0.0,0.25,0.5,False,True,False,0,0.8366086468276249,0.02226277372262775,True,False,0.0,0.09090909090909091,0.09090909090909091,0.8181818181818182
C00239,107.9,906.1,9,10.664343230794683,8.257051728812446,5037.247777777778,8.257051728812446,3.888888888888889,0.5775881474589166,31.0,4.353498551059343,4.06435036075752,0.5571152767727297,0.23174178227395711,0.2888888888567901,10506.067,0.5428571428571428,0.3142857142857143,0.14285714285714285,0.2857142857142857,2.021409816256101,0.0,1.0,1.0,0.3333333333333333,0.2222222222222222,0.1111111111111111,0.3333333333333333,False,False,True,0,0.7122964626614262,0.22414373947220667,True,False,0.2,0.11428571428571428,0.2,0.4857142857142857
C00240,253.5,491.40000000000003,3,9.012300324434756,8.109168935408643,2734.1233333333334,8.109168935408643,3.0,1.0986122886681098,45.0,4.52720864451838,2.740840023925201,0.14710012182909651,0.0,0.0,0.0,0.6666666666666667,0.2222222222222222,0.1111111111111111,0.5555555555555556,1.4937776060618062,0.0,0.0,1.0,0.0,0.3333333333333333,0.0,0.6666666666666666,False,False,True,0,0.5312184166198765,0.14118472768107815,False,True,0.1111111111111111,0.2222222222222222,0.4444444444444444,0.2222222222222222
C00241,104.0,928.2,9,10.664343230794683,7.858313047509737,4802.7411111111105,7.858313047509737,3.7777777777777777,0.7385537318656519,43.0,4.385146762010125,4.19243684625638,0.6002143744088049,0.03610042598358679,0.14444444442839505,1560.4290000000003,0.38235294117647056,0.4411764705882353,0.17647058823529413,0.2647058823529412,2.074195696966492,0.0,0.0,1.0,0.2222222222222222,0.5555555555555556,0.1111111111111111,0.1111111111111111,True,False,False,0,0.4437394722066255,0.1782144862436833,True,False,0.23529411764705882,0.17647058823529413,0.17647058823529413,0.4117647058823529
C00242,169.0,878.8000000000001,6,9.748376411613746,7.869841567895468,2854.2333333333336,7.869841567895468,3.8333333333333335,0.7742870681652403,48.0,4.702296896718814,4.513693903591386,0.6024241086442215,0.0,0.0,0.0,0.3913043478260869,0.30434782608695654,0.30434782608695654,0.30434782608695654,2.0126027961071613,0.0,0.0,1.0,0.16666666666666666,0.3333333333333333,0.3333333333333333,0.16666666666666666,False,False,False,1,0.4286917462099944,0.38465749578888264,False,True,0.21739130434782608,0.2608695652173913,0.34782608695652173,0.17391304347826086
C00243,161.20000000000002,800.8000000000001,2,9.578291203473041,7.020998744002778,7223.355,7.020998744002778,3.0,0.0,58.0,6.20050917404269,0.0,0.0,0.0,0.0,0.0,0.8333333333333333,0.16666666666666666,0.0,0.5,1.3148255441195573,1.0,0.0,0.0,0.5,0.0,0.5,0.0,False,True,False,0,0.7705783267827063,0.06468276249298133,True,False,0.0,0.16666666666666666,0.0,0.8333333333333334
C00244,15.600000000000001,705.9,4,9.804665613717884,8.464684713913355,4529.2699999999995,8.464684713913355,3.0,0.881373587019543,58.0,5.181783550292085,4.326121350661284,0.3518906761851151,0.03049967213259364,0.32499999991875,552.565,0.5833333333333333,0.08333333333333333,0.3333333333333333,0.3333333333333333,1.6718745379366928,0.0,1.0,1.0,0.25,0.25,0.25,0.25,False,False,False,1,0.6341381246490736,0.23982313307130831,False,True,0.0,0.3333333333333333,0.16666666666666666,0.5
C00245,31.200000000000003,895.7,7,9.896975897654146,7.991749528927152,2838.4557142857143,7.991749528927152,1.8571428571428572,0.6417146190238269,46.0,4.717009667743627,4.566325554457509,0.6199619306555246,0.020012441372797785,0.1857142856877551,397.63100000000003,0.6153846153846154,0.3076923076923077,0.07692307692307693,0.38461538461538464,1.9228726496585367,0.0,0.0,1.0,0.0,0.2857142857142857,0.42857142857142855,0.2857142857142857,False,False,True,0,0.5312184166198765,0.3859067939359911,False,True,0.15384615384615385,0.15384615384615385,0.23076923076923078,0.46153846153846156
C00246,522.6,843.7,2,8.202000138503873,6.785328107826204,1823.62,6.785328107826204,4.5,0.5347999967395705,45.0,5.5134287461649825,0.0,0.0,0.0,0.0,0.0,0.2222222222222222,0.3333333333333333,0.4444444444444444,0.4444444444444444,1.6549368375665132,1.0,0.0,0.0,0.0,1.0,0.0,0.0,False,False,False,1,0.48778775968556987,0.2425884334643459,True,False,0.2222222222222222,0.2222222222222222,0.1111111111111111,0.4444444444444444
C00247,436.8,860.6,4,9.229660529961583,7.997360119753028,2548.52,7.997360119753028,4.25,0.6716309107725503,55.0,4.697445462097262,4.557237417788642,0.6248541534714519,0.0,0.0,0.0,0.411764705882353,0.5294117647058824,0.058823529411764705,0.35294117647058826,1.7869399563458288,0.0,1.0,1.0,0.0,0.5,0.0,0.5,False,False,False,1,0.3837170129140932,0.23806850084222347,True,False,0.29411764705882354,0.17647058823529413,0.35294117647058826,0.17647058823529413
C00248,159.9,811.2,4,9.988458557715525,7.928527049639702,5443.1775,7.928527049639702,3.75,0.8146148592237981,56.0,5.123963979403259,5.1662397909046645,0.7146350226328984,0.0,0.0,0.0,0.5333333333333333,0.2,0.26666666666666666,0.3333333333333333,1.7711817307491173,0.0,1.0,1.0,0.5,0.25,0.25,0.0,False,False,True,0,0.7214766984839978,0.1559657495788883,True,False,0.06666666666666667,0.2,0.2,0.5333333333333333
C00249,7.800000000000001,934.7,5,9.587749567937514,7.903168761598911,2916.802,7.903168761598911,4.2,0.607948719172978,64.0,5.188781479479729,4.063486806427013,0.2782130165138113,0.4811173332985592,0.259999999948,7016.620000000001,0.47619047619047616,0.5238095238095237,0.0,0.38095238095238093,1.678572264577277,0.0,0.0,1.0,0.4,0.0,0.2,0.4,False,False,True,0,0.28439079169006176,0.18489612577203818,False,True,0.38095238095238093,0.23809523809523808,0.19047619047619047,0.19047619047619047
C00250,378.3,926.9,9,9.746802747858375,7.49401402713975,1899.8300000000002,7.49401402713975,3.3333333333333335,0.7996422445006162,57.0,3.984343667007772,4.107162950121514,0.7576032374080404,0.0,0.0,0.0,0.3333333333333333,0.5,0.16666666666666666,0.3,1.9691241778754554,1.0,0.0,0.0,0.2222222222222222,0.4444444444444444,0.2222222222222222,0.1111111111111111,True,False,False,0,0.5533969679955082,0.18613138686131392,False,True,0.23333333333333334,0.13333333333333333,0.3333333333333333,0.3
C00251,13.0,815.1,5,10.265591333635475,8.176059347235231,5745.192,8.176059347235231,3.8,0.6079487191729779,40.0,5.045036720813588,4.232899528901992,0.3648536484004811,0.07977320862383433,0.259999999948,2291.562,0.5263157894736842,0.3684210526315789,0.10526315789473684,0.2631578947368421,2.0268130868780454,0.0,1.0,1.0,0.0,0.4,0.6,0.0,False,True,False,0,0.5892195395845031,0.18422234699606965,False,True,0.10526315789473684,0.21052631578947367,0.21052631578947367,0.47368421052631576
C00252,58.5,925.6,6,10.149539882452045,8.366926095069248,4263.054999999999,8.366926095069248,3.1666666666666665,0.5611989071173201,59.0,4.900820428089049,4.730547805334898,0.6109937268479353,0.0054077025357009085,0.21666666663055556,138.32000000000002,0.631578947368421,0.3684210526315789,0.0,0.42105263157894735,1.705231656341489,0.0,1.0,1.0,0.0,0.3333333333333333,0.16666666666666666,0.5,False,False,True,0,0.5073273441886581,0.3030039303761932,True,False,0.3157894736842105,0.10526315789473684,0.15789473684210525,0.42105263157894735
C00253,180.70000000000002,353.6,4,9.71337190054116,7.875160022365872,4134.0675,7.875160022365872,2.5,0.6931471805599453,47.0,3.8140425970679424,3.543536272439129,0.5639760131433088,0.0,0.0,0.0,0.8,0.2,0.0,0.5,1.3385489182839458,1.0,0.0,0.0,0.5,0.5,0.0,0.0,False,False,True,0,0.7224873666479505,0.05909601347557558,True,False,0.3,0.0,0.0,0.7
C00254,24.7,409.5,4,9.671716264105934,8.038337869340054,3965.3875,8.038337869340054,3.5,0.45574639440832615,56.0,4.601831284722577,3.6636366141943832,0.32581909927034275,0.0641634014330211,0.32499999991875,1017.731,0.5714285714285714,0.2857142857142857,0.14285714285714285,0.42857142857142855,1.9175992043711032,0.0,1.0,1.0,0.0,0.75,0.0,0.25,False,False,True,0,0.6005614823133072,0.13444693992139245,False,True,0.14285714285714285,0.14285714285714285,0.2857142857142857,0.42857142857142855
C00255,149.5,934.7,7,10.664343230794683,8.100329949855565,6200.331428571429,8.100329949855565,3.0,0.7676517525907618,39.0,4.621699487939302,4.127119695362822,0.4737162400155041,0.0,0.0,0.0,0.6666666666666666,0.19047619047619047,0.14285714285714285,0.38095238095238093,1.8544938478470987,0.0,1.0,1.0,0.42857142857142855,0.14285714285714285,0.0,0.42857142857142855,False,True,False,0,0.8261089275687816,0.0592925322852329,False,True,0.047619047619047616,0.14285714285714285,0.047619047619047616,0.7619047619047619
C00256,221.0,911.3000000000001,4,9.66444261667264,7.923935768032617,3936.6475,7.923935768032617,3.75,0.8146148592237981,56.0,5.181783550292085,4.915307577978501,0.5680106222172188,0.0,0.0,0.0,0.33333333333333337,0.5333333333333333,0.13333333333333333,0.3333333333333333,2.0114727533432317,0.0,0.0,1.0,0.0,0.5,0.0,0.5,True,False,False,0,0.33138686131386863,0.10659741718135879,True,False,0.3333333333333333,0.2,0.2,0.26666666666666666
C00257,293.8,861.9,3,8.964672543033291,8.181050379766562,2606.94,8.181050379766562,3.0,1.005052538742381,26.0,5.391352232515226,3.7954891891721947,0.18155848922469214,0.0,0.0,0.0,0.2222222222222222,0.6666666666666666,0.1111111111111111,0.3333333333333333,1.9042613003580569,0.0,0.0,1.0,0.6666666666666666,0.3333333333333333,0.0,0.0,False,False,False,1,0.3227400336889388,0.16507580011229644,False,True,0.2222222222222222,0.3333333333333333,0.2222222222222222,0.2222222222222222
C00258,88.4,770.9,4,9.381052297038371,7.762367384144658,2965.1225000000004,7.762367384144658,3.5,1.0698198067208364,40.0,5.170483995038151,5.016676086390912,0.6187587420035991,0.5770972362861417,0.32499999991875,6844.656,0.42857142857142855,0.3571428571428571,0.21428571428571427,0.2857142857142857,1.966186532006383,0.0,1.0,1.0,0.25,0.25,0.25,0.25,False,False,False,1,0.36967995508141493,0.1807973048848961,True,False,0.35714285714285715,0.14285714285714285,0.21428571428571427,0.2857142857142857
C00259,83.2,897.0,6,9.859656347379707,7.850251535657962,3190.2183333333337,7.850251535657962,3.0,0.9357769712751458,48.0,4.837867950107113,4.641486622021982,0.5989874278257572,0.027876775414011477,0.21666666663055556,533.598,0.38888888888888884,0.38888888888888884,0.2222222222222222,0.2222222222222222,2.079962847204928,0.0,0.0,1.0,0.16666666666666666,0.3333333333333333,0.0,0.5,False,False,False,1,0.5639528354856822,0.2471504772599663,True,False,0.2777777777777778,0.2777777777777778,0.16666666666666666,0.2777777777777778
C00260,206.70000000000002,817.7,8,10.274594108007854,7.8632071359571505,3623.21875,7.8632071359571505,3.0,0.9568826012838838,50.0,4.221606341833028,3.534809239817366,0.40265166828097365,0.0,0.0,0.0,0.5,0.20833333333333331,0.2916666666666667,0.2916666666666667,1.9663165736652533,1.0,0.0,0.0,0.125,0.5,0.25,0.125,False,False,False,1,0.7058955642897249,0.1821869736103312,False,True,0.125,0.16666666666666666,0.16666666666666666,0.5416666666666666
C00261,267.8,854.1,7,10.600483068744522,8.219964609609868,5736.175714285714,8.219964609609868,3.2857142857142856,0.5629980308512322,34.0,4.33292392166615,4.2181309314158595,0.6366339172791546,0.0,0.0,0.0,0.6086956521739131,0.30434782608695654,0.08695652173913043,0.30434782608695654,1.9582700465386937,1.0,0.0,0.0,0.14285714285714285,0.42857142857142855,0.0,0.42857142857142855,False,True,False,0,0.7058955642897249,0.2331555306007861,False,True,0.13043478260869565,0.13043478260869565,0.2608695652173913,0.4782608695652174
C00262,451.1,802.1,2,8.814144669875168,8.183374749968186,3363.875,8.183374749968186,3.0,1.342454046453526,20.0,5.602118820879701,0.0,0.0,0.0,0.0,0.0,0.5,0.3333333333333333,0.16666666666666666,0.3333333333333333,2.0289235317538283,0.0,1.0,1.0,0.5,0.5,0.0,0.0,False,False,True,0,0.5604154969118473,0.25704660303200455,True,False,0.3333333333333333,0.16666666666666666,0.16666666666666666,0.3333333333333333
C00263,525.2,790.4,2,7.667153575851016,4.850287925045094,1067.995,4.850287925045094,3.0,0.0,33.0,5.3230099791384085,0.0,0.0,0.0,0.0,0.0,0.3333333333333333,0.5,0.16666666666666666,0.3333333333333333,1.7285597535111856,0.0,0.0,1.0,0.5,0.5,0.0,0.0,True,False,False,0,0.5309376754632229,0.0032004491858506068,True,False,0.16666666666666666,0.16666666666666666,0.5,0.16666666666666666
C00264,756.6,813.8000000000001,3,9.974309882875591,8.3544821526646,7155.603333333333,8.3544821526646,4.333333333333333,0.4557463944083262,33.0,3.1354942159291497,2.833213344056216,0.5465437063489311,0.0,0.0,0.0,0.46153846153846156,0.38461538461538464,0.15384615384615385,0.3076923076923077,1.9481398035801074,1.0,0.0,0.0,0.3333333333333333,0.0,0.3333333333333333,0.3333333333333333,False,True,False,0,0.5905670971364402,0.3155249859629422,False,True,0.23076923076923078,0.15384615384615385,0.15384615384615385,0.46153846153846156
C00265,438.1,568.1,2,9.521250082027267,6.648820897662892,6822.83,6.648820897662892,3.5,1.1382560993413577,45.0,4.61512051684126,0.0,0.0,0.0,0.0,0.0,0.42857142857142855,0.42857142857142855,0.14285714285714285,0.2857142857142857,2.0147738596416622,0.0,0.0,1.0,0.0,0.5,0.5,0.0,False,True,False,0,0.6336608646827625,0.22518248175182476,False,True,0.14285714285714285,0.2857142857142857,0.0,0.5714285714285714
C00266,341.90000000000003,561.6,2,8.185631677435172,4.993001900769204,1794.005,4.993001900769204,5.0,0.0,30.0,5.135798437050262,0.0,0.0,0.0,0.0,0.0,0.4,0.5,0.1,0.4,1.6638104935837679,1.0,0.0,0.0,1.0,0.0,0.0,0.0,False,False,True,0,0.5110892756878158,0.00946097697922521,False,True,0.2,0.2,0.3,0.3
C00267,70.2,230.1,3,9.480710961653074,8.014521283999171,4367.833333333333,8.014521283999171,4.0,0.6931471805599453,33.0,4.135166556742356,2.4423470353692043,0.15762894420121185,0.08890021749913467,0.4333333331888889,1164.904,0.25,0.5833333333333333,0.16666666666666666,0.3333333333333333,1.972238316179336,0.0,0.0,1.0,0.3333333333333333,0.0,0.3333333333333333,0.3333333333333333,True,False,False,0,0.39752947782144865,0.2206906232453678,True,False,0.25,0.3333333333333333,0.16666666666666666,0.25
C00268,239.20000000000002,943.8000000000001,5,9.652318685089302,8.05158734391162,3111.364,8.05158734391162,3.2,0.9719780738352177,31.0,4.916324614625014,4.430045259386547,0.47751783450891483,0.0,0.0,0.0,0.5,0.3125,0.1875,0.375,1.9700362732553534,1.0,0.0,0.0,0.2,0.8,0.0,0.0,False,False,True,0,0.45805727119595735,0.20426726558113423,False,True,0.1875,0.3125,0.1875,0.3125
C00269,301.6,835.9,5,9.865298027525554,8.314265649840005,3849.922,8.314265649840005,3.2,0.8345775047772536,22.0,4.641984159110808,4.132419123561041,0.468046247041762,0.0,0.0,0.0,0.375,0.25,0.375,0.375,1.9275223615744836,0.0,1.0,1.0,0.2,0.4,0.0,0.4,False,False,False,1,0.45642897248736664,0.1887142055025267,False,True,0.1875,0.3125,0.125,0.375
C00270,100.10000000000001,834.6,7,10.263332367122171,8.023832817891284,4094.4485714285715,8.023832817891284,3.2857142857142856,0.8671555780502125,46.0,4.555629740427955,4.369675450079322,0.6035011793156715,0.2847431051242105,0.1857142856877551,8161.062,0.5217391304347826,0.43478260869565216,0.043478260869565216,0.34782608695652173,1.8038252018287695,0.0,1.0,1.0,0.5714285714285714,0.2857142857142857,0.0,0.14285714285714285,True,False,False,0,0.520550252667041,0.1299831555306008,False,True,0.08695652173913043,0.21739130434782608,0.34782608695652173,0.34782608695652173
C00271,0.0,923.0,4,9.869155908383936,8.633303570187431,4831.005,8.633303570187431,2.75,0.9162907318741551,27.0,5.470869131746186,5.710338391484422,0.8205363291059752,1.2762335166284617,0.97499999975625,24661.962000000003,0.6363636363636364,0.18181818181818182,0.18181818181818182,0.36363636363636365,1.7447471325887205,0.0,0.0,1.0,0.25,0.75,0.0,0.0,False,False,True,0,0.4827905670971364,0.1813166760247052,False,True,0.09090909090909091,0.18181818181818182,0.18181818181818182,0.5454545454545454
C00272,166.4,942.5,3,9.136267476130357,8.045096145886792,3095.013333333333,8.045096145886792,2.0,0.6931471805599453,23.0,5.702114417555504,5.090678001769792,0.43245655664930777,0.0,0.0,0.0,0.6666666666666666,0.3333333333333333,0.0,0.3333333333333333,1.4281959752685425,0.0,0.0,1.0,0.3333333333333333,0.3333333333333333,0.0,0.3333333333333333,False,True,False,0,0.2969118472768108,0.410078607523863,True,False,0.3333333333333333,0.16666666666666666,0.0,0.5
C00273,139.1,417.3,3,9.706132354732295,7.587940441567604,5472.326666666667,7.587940441567604,3.0,0.0,63.0,4.68213122712422,3.4657359027997265,0.2544248506931991,0.0,0.0,0.0,0.6666666666666666,0.2222222222222222,0.1111111111111111,0.3333333333333333,1.9042613003580569,1.0,0.0,0.0,0.3333333333333333,0.0,0.0,0.6666666666666666,False,True,False,0,0.7058955642897249,0.31858506457046604,True,False,0.2222222222222222,0.1111111111111111,0.1111111111111111,0.5555555555555556
C00274,174.20000000000002,919.1,6,9.833083864887334,7.892364499033097,3106.558333333333,7.892364499033097,3.6666666666666665,0.7934721026084851,54.0,4.750135956238277,4.085284887576261,0.4121840469632389,0.0,0.0,0.0,0.45454545454545453,0.5,0.045454545454545456,0.3181818181818182,1.8861332204369126,1.0,0.0,0.0,0.0,0.5,0.16666666666666666,0.3333333333333333,True,False,False,0,0.40165637282425604,0.3200168444693992,True,False,0.18181818181818182,0.3181818181818182,0.22727272727272727,0.2727272727272727
C00275,171.6,312.0,2,8.808932522053407,8.330034835456846,3346.3849999999998,8.330034835456846,1.5,0.5347999967395705,31.0,4.6913478822291435,0.0,0.0,0.0,0.0,0.0,1.0,0.0,0.0,0.6666666666666666,0.8274684187832566,0.0,1.0,1.0,0.0,1.0,0.0,0.0,False,False,True,0,0.6999438517686692,0.15889949466591813,True,False,0.0,0.0,0.3333333333333333,0.6666666666666666
C00276,169.0,600.6,4,10.13039839867556,8.36869921897389,6273.34,8.36869921897389,3.5,0.6931471805599453,42.0,4.715518243156957,4.081257459962181,0.42270454511320604,0.0,0.0,0.0,0.5714285714285714,0.42857142857142855,0.0,0.2857142857142857,1.7573191925765397,0.0,0.0,1.0,0.25,0.5,0.0,0.25,False,True,False,0,0.7058955642897249,0.1740033688938799,False,True,0.21428571428571427,0.14285714285714285,0.14285714285714285,0.5
C00277,32.5,804.7,10,10.466782279155884,7.968116381494263,3512.8,7.968116381494263,2.6,0.946866987399848,47.0,4.204692619390966,4.270861584979514,0.7272798267512968,0.07355280687770233,0.25999999997400003,2583.7630000000004,0.5,0.3076923076923077,0.19230769230769232,0.2692307692307692,2.0077270695572143,0.0,1.0,1.0,0.2,0.5,0.0,0.3,False,False,True,0,0.5678832116788322,0.42740033688938794,True,False,0.15384615384615385,0.23076923076923078,0.19230769230769232,0.4230769230769231
C00278,209.3,570.7,5,9.854489516762891,7.917499739108585,3808.532,7.917499739108585,3.4,0.7608878000194387,30.0,4.255612709818223,4.118566616345682,0.62598511512422,0.0,0.0,0.0,0.5294117647058824,0.23529411764705882,0.23529411764705882,0.35294117647058826,1.9329637949546385,0.0,0.0,1.0,0.2,0.4,0.2,0.2,False,False,True,0,0.6040426726558114,0.3488489612577204,True,False,0.17647058823529413,0.17647058823529413,0.29411764705882354,0.35294117647058826
C00279,81.9,898.3000000000001,7,10.174891603963001,8.069026496934763,3747.871428571428,8.069026496934763,3.0,0.7676517525907619,47.0,4.660289485209171,4.611853487745328,0.6689910452023085,0.34405544480484757,0.1857142856877551,9026.329,0.5714285714285714,0.2857142857142857,0.14285714285714285,0.3333333333333333,1.9833729756923588,0.0,1.0,1.0,0.2857142857142857,0.42857142857142855,0.0,0.2857142857142857,False,False,True,0,0.6105558674901741,0.34957888826501965,True,False,0.19047619047619047,0.14285714285714285,0.19047619047619047,0.47619047619047616
C00280,267.8,841.1,3,7.710362062450827,6.410828884471685,743.4499999999999,6.410828884471685,3.0,1.005052538742381,52.0,5.40042258948519,5.358941988364472,0.6725278933549893,0.0,0.0,0.0,0.0,0.5555555555555556,0.4444444444444444,0.4444444444444444,1.3791140313054278,1.0,0.0,0.0,0.3333333333333333,0.0,0.0,0.6666666666666666,False,False,False,1,0.293542953396968,0.0961819202695115,True,False,0.3333333333333333,0.3333333333333333,0.2222222222222222,0.1111111111111111
C00281,66.3,262.6,2,9.171386423238111,8.018885648501133,4808.475,8.018885648501133,3.5,0.5347999967395705,25.0,5.0238805208462765,0.0,0.0,0.35972756435248593,0.649999999675,3459.482,0.2857142857142857,0.5714285714285714,0.14285714285714285,0.2857142857142857,1.7573191925765397,0.0,1.0,1.0,0.5,0.5,0.0,0.0,False,True,False,0,0.5121560920830994,0.22776530039303766,True,False,0.2857142857142857,0.2857142857142857,0.0,0.42857142857142855
C00282,162.5,735.8000000000001,6,9.600435294986454,7.619332292185976,2461.7016666666664,7.619332292185976,2.3333333333333335,0.7094119683444554,46.0,4.490881039585964,3.841129720005562,0.4165752317737475,0.0,0.0,0.0,0.5714285714285714,0.2857142857142857,0.14285714285714285,0.35714285714285715,1.9427241747934958,1.0,0.0,0.0,0.8333333333333334,0.0,0.0,0.16666666666666666,False,False,True,0,0.6792813026389669,0.32814430095451996,True,False,0.21428571428571427,0.07142857142857142,0.21428571428571427,0.5
C00283,120.9,542.1,7,10.105679953253704,8.149902900892082,3497.238571428571,8.149902900892082,2.5714285714285716,0.8208444718580477,36.0,4.007333185232471,3.5266575235858006,0.47704015114652437,0.0,0.0,0.0,0.4444444444444444,0.4444444444444444,0.1111111111111111,0.2777777777777778,2.0371733751689027,0.0,1.0,1.0,0.2857142857142857,0.5714285714285714,0.0,0.14285714285714285,False,True,False,0,0.4730488489612577,0.41698483997754066,False,True,0.2222222222222222,0.2222222222222222,0.1111111111111111,0.4444444444444444
C00284,208.0,208.0,1,8.432349644801652,0.0,4592.28,0.0,3.0,0.0,25.0,0.0,0.0,0.0,0.0,0.0,0.0,0.3333333333333333,0.0,0.6666666666666666,0.6666666666666666,0.8274684187832566,1.0,0.0,0.0,1.0,0.0,0.0,0.0,False,False,False,1,0.8008422234699607,0.0,True,False,0.0,0.0,0.0,1.0
C00285,148.20000000000002,917.8000000000001,5,9.88504706710335,8.037754126165094,3926.714,8.037754126165094,3.2,0.6079487191729779,44.0,5.003946305945459,4.834022822544787,0.6112175011973833,0.0,0.0,0.0,0.375,0.375,0.25,0.25,2.0550640966170923,0.0,0.0,1.0,0.2,0.4,0.2,0.2,False,False,False,1,0.4394722066254913,0.07507018528916343,False,True,0.125,0.375,0.1875,0.3125
C00286,128.70000000000002,453.7,3,8.16914096476839,5.034050104982675,1176.4366666666667,5.034050104982675,4.0,0.6931471805599453,41.0,4.836281906951478,3.871201010907891,0.31918073950896586,0.0,0.0,0.0,0.08333333333333333,0.5833333333333333,0.3333333333333333,0.3333333333333333,1.6718745379366928,0.0,1.0,1.0,0.3333333333333333,0.3333333333333333,0.3333333333333333,0.0,False,False,False,1,0.34351487928130264,0.15345311622683888,False,True,0.16666666666666666,0.4166666666666667,0.25,0.16666666666666666
C00287,157.3,802.1,6,9.949482384831844,7.9691039416129446,3490.063333333333,7.9691039416129446,2.3333333333333335,0.9185063976401735,49.0,4.607168188650764,4.616295366202822,0.6977671850076426,0.0,0.0,0.0,0.3571428571428571,0.4285714285714286,0.21428571428571427,0.35714285714285715,1.9427241747934956,0.0,0.0,1.0,0.16666666666666666,0.3333333333333333,0.3333333333333333,0.16666666666666666,True,False,False,0,0.7525828186412128,0.29281302638966866,True,False,0.14285714285714285,0.07142857142857142,0.35714285714285715,0.42857142857142855
C00288,59.800000000000004,647.4,6,10.363735941272337,7.979738988165716,5281.391666666667,7.979738988165716,4.166666666666667,0.6847077083112325,33.0,4.515245478460105,3.908590723819774,0.4318734944544587,0.07975745029324406,0.21666666663055556,2527.382,0.36,0.44,0.2,0.24,2.0581894320323975,0.0,0.0,1.0,0.0,0.3333333333333333,0.5,0.16666666666666666,False,True,False,0,0.7120999438517687,0.16451431779898928,True,False,0.28,0.16,0.08,0.48
C00289,26.0,938.6,6,9.633017172105305,7.698227596473173,2543.235,7.698227596473173,3.1666666666666665,0.9050114166450717,26.0,4.951592753462473,4.815115866740412,0.6267497815173161,0.3583947216831871,0.4333333332611111,5468.892000000001,0.3684210526315789,0.3684210526315789,0.2631578947368421,0.2631578947368421,2.0268130868780454,0.0,0.0,1.0,0.3333333333333333,0.5,0.0,0.16666666666666666,False,False,False,1,0.3316395283548568,0.39834362717574395,False,True,0.2631578947368421,0.3157894736842105,0.05263157894736842,0.3684210526315789
C00290,144.3,908.7,4,9.649652808067728,8.587805082657027,3878.85,8.587805082657027,3.75,0.40546510810816433,49.0,5.2832037287379885,4.9441285013584935,0.5370555827266702,0.0,0.0,0.0,0.4666666666666667,0.3333333333333333,0.2,0.3333333333333333,1.9366754145057685,0.0,0.0,1.0,0.25,0.5,0.0,0.25,False,False,True,0,0.42683885457608084,0.1719118472768108,True,False,0.2,0.26666666666666666,0.06666666666666667,0.4666666666666667
C00291,114.4,547.3000000000001,6,9.283847306400054,7.737203147307884,1793.6266666666668,7.737203147307884,2.5,0.9228988853785496,33.0,4.213607983048918,3.842465682668047,0.5219378254502626,0.0689624187865118,0.21666666663055556,742.157,0.26666666666666666,0.4,0.3333333333333333,0.3333333333333333,1.9661245808836376,0.0,0.0,1.0,0.3333333333333333,0.16666666666666666,0.16666666666666666,0.3333333333333333,False,False,False,1,0.602049410443571,0.4048568220101067,False,True,0.2,0.13333333333333333,0.3333333333333333,0.3333333333333333
C00292,182.0,947.7,7,10.200680131409719,8.008886577737849,3845.7842857142855,8.008886577737849,2.5714285714285716,0.8208444718580477,53.0,4.596801936317575,4.834377919172371,0.8201776152989776,0.0,0.0,0.0,0.5,0.38888888888888884,0.1111111111111111,0.2777777777777778,2.037173375168903,1.0,0.0,0.0,0.14285714285714285,0.42857142857142855,0.14285714285714285,0.2857142857142857,False,False,True,0,0.5660303200449186,0.39121280179674334,False,True,0.16666666666666666,0.2222222222222222,0.1111111111111111,0.5
C00293,240.5,664.3000000000001,4,9.208555780539713,8.013194432781393,2495.2925,8.013194432781393,3.0,0.881373587019543,59.0,4.697445462097262,4.334626425393249,0.5264501981576977,0.0,0.0,0.0,0.3333333333333333,0.5,0.16666666666666666,0.3333333333333333,1.972238316179336,0.0,1.0,1.0,0.25,0.25,0.25,0.25,True,False,False,0,0.5320887142055025,0.24570466030320048,False,True,0.16666666666666666,0.16666666666666666,0.3333333333333333,0.3333333333333333
C00294,288.6,821.6,5,9.92667122236673,8.002179648565193,4093.618,8.002179648565193,3.8,0.6079487191729779,41.0,4.639571612705423,4.466325612363703,0.6094279193682948,0.0,0.0,0.0,0.3684210526315789,0.47368421052631576,0.15789473684210525,0.3684210526315789,1.9705142752693259,0.0,1.0,1.0,0.0,0.4,0.2,0.4,True,False,False,0,0.5574957888826502,0.32689500280741157,False,True,0.15789473684210525,0.3684210526315789,0.10526315789473684,0.3684210526315789
C00295,387.40000000000003,838.5,2,9.050597585425159,8.453492761316381,4261.315,8.453492761316381,3.5,0.5347999967395705,50.0,5.8522024797744745,0.0,0.0,0.0,0.0,0.0,0.2857142857142857,0.42857142857142855,0.2857142857142857,0.2857142857142857,1.7573191925765397,1.0,0.0,0.0,0.5,0.0,0.0,0.5,False,True,False,0,0.5484839977540708,0.2776249298147108,False,True,0.0,0.42857142857142855,0.14285714285714285,0.42857142857142855
C00296,375.7,375.7,1,8.825490795961663,0.0,6804.53,0.0,4.0,0.0,57.0,0.0,0.0,0.0,0.0,0.0,0.0,0.75,0.25,0.0,0.5,1.3516370020918933,0.0,1.0,1.0,0.0,1.0,0.0,0.0,False,False,True,0,0.5445816956765862,0.0,False,True,0.0,0.25,0.25,0.5
C00297,84.5,885.3000000000001,9,9.984494103255994,7.86434787364509,2409.6177777777775,7.86434787364509,2.5555555555555554,0.8047033499877982,33.0,4.356708826689592,4.250999267841105,0.6410025426307152,0.05359079540507791,0.14444444442839505,1162.2,0.4782608695652174,0.3913043478260869,0.13043478260869565,0.34782608695652173,1.9950361766328237,0.0,0.0,1.0,0.4444444444444444,0.4444444444444444,0.0,0.1111111111111111,False,False,True,0,0.3961819202695115,0.25951712521055587,False,True,0.21739130434782608,0.2608695652173913,0.2608695652173913,0.2608695652173913
C00298,85.8,924.3000000000001,8,9.326588007286274,7.911441257085617,1403.9675,7.911441257085617,2.0,0.881373587019543,29.0,4.53413441287134,4.142894326230107,0.5144414010655957,0.0301303270909022,0.1624999999796875,338.416,0.3125,0.5625,0.125,0.4375,1.891932945750681,0.0,1.0,1.0,0.25,0.375,0.125,0.25,True,False,False,0,0.428579449747333,0.17473329590117914,True,False,0.25,0.1875,0.375,0.1875
C00299,314.6,791.7,5,10.037911359340637,8.063122294234331,4575.3099999999995,8.063122294234331,3.2,0.8345775047772536,30.0,4.529907701487544,3.7509018133806316,0.3736055957743264,0.0,0.0,0.0,0.5,0.25,0.25,0.3125,1.9644120288956943,0.0,1.0,1.0,0.4,0.2,0.0,0.4,False,False,True,0,0.7087591240875912,0.2158899494665918,False,True,0.0625,0.125,0.25,0.5625
C00300,348.40000000000003,774.8000000000001,5,9.041422187321345,7.8769184461533035,1688.9560000000001,7.8769184461533035,3.6,0.7608878000194387,60.0,4.418840607796598,4.598842231625173,0.7882866279207487,0.0,0.0,0.0,0.16666666666666666,0.7222222222222222,0.1111111111111111,0.3888888888888889,1.7970459766375755,0.0,0.0,1.0,0.2,0.4,0.0,0.4,False,False,False,1,0.2545760808534531,0.21970802919708027,False,True,0.5,0.3333333333333333,0.05555555555555555,0.1111111111111111
C00301,192.4,898.3000000000001,8,10.625411676367477,8.191289508122345,5145.849999999999,8.191289508122345,4.125,0.6067844806227373,61.0,4.364008129171204,3.6405600216527527,0.3909866116755244,0.0,0.0,0.0,0.3939393939393939,0.4545454545454546,0.15151515151515152,0.30303030303030304,2.044253609089816,1.0,0.0,0.0,0.25,0.0,0.25,0.5,True,False,False,0,0.5738629983155531,0.2521195957327344,False,True,0.21212121212121213,0.18181818181818182,0.21212121212121213,0.3939393939393939
C00302,235.3,510.90000000000003,7,9.72135817727412,7.850198386231166,2381.2671428571434,7.850198386231166,3.0,0.7676517525907618,20.0,3.592735593561034,3.6582095917832644,0.727345698875751,0.0,0.0,0.0,0.23809523809523808,0.42857142857142855,0.3333333333333333,0.3333333333333333,1.9833729756923584,1.0,0.0,0.0,0.2857142857142857,0.5714285714285714,0.0,0.14285714285714285,False,False,False,1,0.510555867490174,0.35404267265581135,True,False,0.2857142857142857,0.14285714285714285,0.3333333333333333,0.23809523809523808
C00303,1.3,677.3000000000001,8,9.663398737770716,7.785727739631388,1966.27,7.785727739631388,2.625,0.8787491646860062,54.0,4.321290399486049,4.394001737375913,0.730652639415546,0.28508800927642913,0.4874999999390625,4484.4800000000005,0.47619047619047616,0.38095238095238093,0.14285714285714285,0.38095238095238093,1.9516685031176573,1.0,0.0,0.0,0.125,0.625,0.125,0.125,False,False,True,0,0.43992139247613704,0.3938658057271196,True,False,0.2857142857142857,0.2857142857142857,0.09523809523809523,0.3333333333333333
C00304,54.6,612.3000000000001,6,10.450471030611496,8.37222031045185,5759.941666666667,8.37222031045185,3.5,0.7996422445006162,31.0,4.463606621666305,3.0365529235345776,0.20795470635852376,0.07335482274849217,0.21666666663055556,2535.117,0.5714285714285714,0.2857142857142857,0.14285714285714285,0.3333333333333333,1.9833729756923588,1.0,0.0,0.0,0.3333333333333333,0.16666666666666666,0.3333333333333333,0.16666666666666666,False,False,True,0,0.5257439640651319,0.1425322852330151,True,False,0.09523809523809523,0.19047619047619047,0.19047619047619047,0.5238095238095238
C00305,286.0,863.2,7,9.439467585423932,7.6148490256667225,1796.2885714285715,7.6148490256667225,2.857142857142857,0.8523644683967538,26.0,4.31748811353631,3.4725765747910846,0.35198499507324893,0.0,0.0,0.0,0.45,0.44999999999999996,0.1,0.4,1.7475349691809203,1.0,0.0,0.0,0.0,0.5714285714285714,0.14285714285714285,0.2857142857142857,False,False,True,0,0.538349241998877,0.1740033688938799,False,True,0.15,0.15,0.45,0.25
C00306,297.7,947.7,7,8.8535111304199,6.210917608827345,999.7028571428572,6.210917608827345,3.2857142857142856,0.7479654631212419,58.0,4.43477720005941,4.456001328039103,0.7039428833186562,0.0,0.0,0.0,0.30434782608695654,0.43478260869565216,0.2608695652173913,0.30434782608695654,1.7775354913955275,1.0,0.0,0.0,0.2857142857142857,0.42857142857142855,0.0,0.2857142857142857,False,False,True,0,0.3587871982032566,0.12327344188658063,True,False,0.21739130434782608,0.30434782608695654,0.2608695652173913,0.21739130434782608
C00307,105.3,704.6,7,10.207426635772883,8.034468055406439,3871.8185714285714,8.034468055406439,2.5714285714285716,0.5804239557076518,54.0,4.354569788440842,3.642588764482671,0.3947695772202665,0.03244684207088982,0.1857142856877551,879.398,0.6111111111111112,0.33333333333333337,0.05555555555555555,0.3333333333333333,1.8186823562860068,0.0,0.0,1.0,0.42857142857142855,0.14285714285714285,0.14285714285714285,0.2857142857142857,False,False,True,0,0.8108366086468276,0.45126333520494105,False,True,0.16666666666666666,0.16666666666666666,0.16666666666666666,0.5
C00308,608.4,651.3000000000001,2,9.01477429243196,8.35898356800645,4111.345,8.35898356800645,4.0,0.0,67.0,3.5263605246161616,0.0,0.0,0.0,0.0,0.0,0.5,0.375,0.125,0.375,1.6321270227323796,0.0,0.0,1.0,0.0,0.0,0.5,0.5,True,False,False,0,0.49410443571027507,0.09921392476137003,True,False,0.125,0.125,0.5,0.25
C00309,66.3,854.1,7,9.804812969468875,7.950654844028815,2588.535714285714,7.950654844028815,2.857142857142857,0.6417146190238269,26.0,4.624972813284271,4.267551935348587,0.5285688236326092,0.13728605527117443,0.1857142856877551,2487.5890000000004,0.44999999999999996,0.4,0.15,0.35,1.9674275902055827,0.0,1.0,1.0,0.42857142857142855,0.14285714285714285,0.2857142857142857,0.14285714285714285,False,False,True,0,0.4198203256597417,0.30286355979786633,False,True,0.15,0.25,0.15,0.45
C00310,161.20000000000002,735.8000000000001,4,9.843168915151681,8.478804006744344,4707.0725,8.478804006744344,3.75,0.6716309107725503,61.0,4.999461993498131,4.282876035773071,0.39537746861031975,0.0,0.0,0.0,0.26666666666666666,0.5333333333333333,0.2,0.26666666666666666,1.988022780948999,0.0,1.0,1.0,0.0,0.75,0.25,0.0,False,False,False,1,0.3425042111173498,0.18040426726558118,False,True,0.26666666666666666,0.3333333333333333,0.06666666666666667,0.3333333333333333
C00311,127.4,943.8000000000001,6,10.024572242838454,7.962844352103521,3762.2350000000006,7.962844352103521,3.6666666666666665,0.9681212834183016,67.0,4.841032509710076,4.439295415348888,0.5107391467228223,0.0,0.0,0.0,0.45454545454545453,0.22727272727272727,0.3181818181818182,0.3181818181818182,1.9371314060079103,0.0,0.0,1.0,0.16666666666666666,0.5,0.16666666666666666,0.16666666666666666,False,False,False,1,0.47551937113980913,0.15992419988770357,True,False,0.22727272727272727,0.22727272727272727,0.18181818181818182,0.36363636363636365
C00313,14.3,903.5,6,10.367178171600209,8.315642578324564,5299.6033333333335,8.315642578324564,3.3333333333333335,0.596909690446534,64.0,4.925803358579558,4.457508223377647,0.4844828634274614,0.266915699980053,0.21666666663055556,8487.284,0.6,0.4,0.0,0.35,1.6971001897872036,1.0,0.0,0.0,0.5,0.16666666666666666,0.16666666666666666,0.16666666666666666,False,False,True,0,0.6062605277933746,0.3908338012352611,True,False,0.05,0.45,0.0,0.5
C00314,96.2,936.0,9,10.56917052066888,8.246602894214547,4323.931111111112,8.246602894214547,2.6666666666666665,0.5347999967395703,47.0,4.403665809777363,3.987135300236294,0.5038684252845504,0.21345514292806048,0.14444444442839505,8306.688,0.5833333333333333,0.375,0.041666666666666664,0.3333333333333333,1.887210492817597,0.0,0.0,1.0,0.2222222222222222,0.4444444444444444,0.1111111111111111,0.2222222222222222,False,False,True,0,0.7058955642897249,0.392363840539023,False,True,0.20833333333333334,0.16666666666666666,0.125,0.5
C00315,811.2,947.7,4,8.251363930777082,6.7108232035804924,957.9625000000001,6.7108232035804924,3.25,0.9961457767684165,52.0,3.58351893845611,3.323979011672338,0.5680799581859713,0.0,0.0,0.0,0.15384615384615385,0.7692307692307693,0.07692307692307693,0.38461538461538464,1.7249962522658977,0.0,0.0,1.0,0.25,0.25,0.25,0.25,False,False,False,1,0.2702133632790567,0.16176305446378436,False,True,0.38461538461538464,0.3076923076923077,0.23076923076923078,0.07692307692307693
C00316,11.700000000000001,887.9,10,10.418916464892982,7.980268767769594,3348.613,7.980268767769594,2.4,0.6760477058230966,62.0,4.329270282234571,4.331764324979694,0.6944116309302062,0.33097966232585463,0.389999999961,11083.228,0.7083333333333334,0.25,0.041666666666666664,0.5,1.7049364996692566,0.0,1.0,1.0,0.3,0.3,0.2,0.2,False,False,True,0,0.6504211117349803,0.1923357664233577,True,False,0.125,0.041666666666666664,0.3333333333333333,0.5
C00317,165.1,768.3000000000001,4,9.582699473947347,8.10672265307691,3627.635,8.10672265307691,3.0,0.596909690446534,35.0,5.0477169690007875,5.116335734071942,0.7282667308471185,0.0,0.0,0.0,0.5,0.5,0.0,0.3333333333333333,1.7653712114835218,1.0,0.0,0.0,0.25,0.5,0.0,0.25,False,False,True,0,0.5061482313307131,0.27973048848961257,True,False,0.25,0.08333333333333333,0.25,0.4166666666666667
C00318,132.6,932.1,7,9.23854388729913,7.686801698438888,1469.292857142857,7.686801698438888,2.0,0.596909690446534,35.0,4.639571612705423,4.611389565360487,0.6790179583187842,0.0,0.0,0.0,0.3571428571428571,0.5,0.14285714285714285,0.35714285714285715,1.9111714965314937,0.0,1.0,1.0,0.2857142857142857,0.42857142857142855,0.14285714285714285,0.14285714285714285,True,False,False,0,0.5016282987085907,0.3348119034250421,True,False,0.07142857142857142,0.35714285714285715,0.21428571428571427,0.35714285714285715
C00319,144.3,815.1,4,10.013754412378729,7.4462646695104615,5582.63,7.4462646695104615,3.5,0.8289859803936981,50.0,5.153291594497779,5.1302625344192805,0.68163199702966,0.0,0.0,0.0,0.5,0.42857142857142855,0.07142857142857142,0.2857142857142857,1.9977392102683853,1.0,0.0,0.0,0.25,0.75,0.0,0.0,False,True,False,0,0.40539023020774845,0.1814008983717013,True,False,0.21428571428571427,0.2857142857142857,0.0,0.5
C00320,136.5,943.8000000000001,8,9.725487046540897,7.927950311891077,2092.23,7.927950311891077,2.25,0.8249382611234762,39.0,4.496630017412885,4.276252753542907,0.5877792457025593,0.0,0.0,0.0,0.3333333333333333,0.5,0.16666666666666666,0.4444444444444444,1.8173892126786135,1.0,0.0,0.0,0.125,0.625,0.0,0.25,True,False,False,0,0.48354856822010106,0.08921953958450302,False,True,0.1111111111111111,0.16666666666666666,0.4444444444444444,0.2777777777777778
C00321,19.5,841.1,7,9.649763652379272,7.931367682722209,2216.7314285714288,7.931367682722209,2.7142857142857144,0.9147000606617072,43.0,4.666578814116735,4.505862290992089,0.6152526282739186,0.04463212245571056,0.1857142856877551,692.562,0.3684210526315789,0.5789473684210527,0.05263157894736842,0.3684210526315789,1.8709263500477258,0.0,0.0,1.0,0.5714285714285714,0.42857142857142855,0.0,0.0,True,False,False,0,0.4746209994385177,0.2514879281302639,True,False,0.42105263157894735,0.05263157894736842,0.3157894736842105,0.21052631578947367
C00322,75.4,466.7,5,9.172352898070683,7.8302154418194725,1925.25,7.8302154418194725,3.0,1.054600731433602,52.0,4.334017415487521,4.490050820294903,0.7752382372079977,0.16329526035578099,0.519999999896,1571.921,0.3333333333333333,0.4666666666666667,0.2,0.4,1.8225290971923473,1.0,0.0,0.0,0.0,0.2,0.0,0.8,False,False,False,1,0.49820325659741715,0.5717012914093206,False,True,0.26666666666666666,0.3333333333333333,0.06666666666666667,0.3333333333333333
C00323,185.9,612.3000000000001,4,8.7014761567236,7.248103264297482,1502.6950000000002,7.248103264297482,3.0,0.0,34.0,4.703506086708953,4.639130219335982,0.6611828454625562,0.0,0.0,0.0,0.41666666666666663,0.5,0.08333333333333333,0.4166666666666667,1.757872219003977,0.0,1.0,1.0,0.25,0.5,0.0,0.25,True,False,False,0,0.36198764738910727,0.10527793374508704,False,True,0.16666666666666666,0.4166666666666667,0.25,0.16666666666666666
C00324,500.5,790.4,3,8.214281061518346,6.675692744605191,1230.7733333333333,6.675692744605191,2.6666666666666665,0.927240654712096,51.0,4.722953221644475,4.212127597878484,0.4677589593885611,0.0,0.0,0.0,0.375,0.375,0.25,0.25,2.02745550313784,1.0,0.0,0.0,0.3333333333333333,0.0,0.0,0.6666666666666666,False,False,False,1,0.4715889949466592,0.04096013475575516,False,True,0.125,0.25,0.5,0.125
C00325,36.4,806.0,7,10.112176335232721,8.342585203291522,3520.032857142857,8.342585203291522,1.8571428571428572,0.5247673206928408,54.0,4.601831284722577,4.19685426486955,0.5089941828453498,0.042270181731256476,0.3714285713755102,1041.547,0.5384615384615385,0.38461538461538464,0.07692307692307693,0.3076923076923077,1.9821196109391865,1.0,0.0,0.0,0.0,0.42857142857142855,0.0,0.5714285714285714,False,True,False,0,0.7058955642897249,0.5130263896687255,False,True,0.3076923076923077,0.07692307692307693,0.07692307692307693,0.5384615384615384
C00326,188.5,663.0,3,9.74668402368111,7.362482868732492,5698.813333333333,7.362482868732492,2.3333333333333335,0.45574639440832615,55.0,5.212214667494625,4.848116364598481,0.526591103872956,0.0,0.0,0.0,0.8571428571428571,0.0,0.14285714285714285,0.42857142857142855,1.3055152149702993,1.0,0.0,0.0,0.0,0.3333333333333333,0.3333333333333333,0.3333333333333333,False,True,False,0,0.8366086468276249,0.04562043795620441,True,False,0.0,0.14285714285714285,0.0,0.8571428571428571
C00327,271.7,679.9,3,8.648908936750335,7.739836169307746,1900.9733333333334,7.739836169307746,2.6666666666666665,1.125470359664562,42.0,5.062595033026967,1.791759469228055,0.03135052988387943,0.0,0.0,0.0,0.5,0.375,0.125,0.375,1.6321270227323796,0.0,0.0,1.0,0.0,0.6666666666666666,0.3333333333333333,0.0,False,False,False,1,0.2578326782706345,0.31532846715328466,True,False,0.375,0.375,0.125,0.125
C00328,143.0,934.7,7,10.462385654425091,7.974611392501619,4996.2699999999995,7.974611392501619,3.0,0.7676517525907619,65.0,4.629862798578463,4.435190072004297,0.5995841205865058,0.0,0.0,0.0,0.6666666666666666,0.23809523809523808,0.09523809523809523,0.42857142857142855,1.8064607246149877,1.0,0.0,0.0,0.5714285714285714,0.42857142857142855,0.0,0.0,False,False,True,0,0.7058955642897249,0.27332959011791136,False,True,0.047619047619047616,0.2857142857142857,0.047619047619047616,0.6190476190476191
C00329,75.4,910.0,10,10.208221044710271,7.85049561509111,2712.427,7.85049561509111,3.1,0.9536371827205795,47.0,4.28128506487235,4.143674911167437,0.6257438057511967,0.30985405321506126,0.12999999998700001,8404.565,0.3870967741935484,0.4838709677419355,0.12903225806451613,0.2903225806451613,2.0213799850587626,0.0,1.0,1.0,0.5,0.2,0.1,0.2,True,False,False,0,0.4647669848399775,0.3105418304323414,True,False,0.22580645161290322,0.25806451612903225,0.12903225806451613,0.3870967741935484
C00330,124.80000000000001,549.9,6,10.027820203668425,8.124251651478732,3774.475,8.124251651478732,3.1666666666666665,0.7742870681652403,27.0,4.1956970564823886,3.227007944516087,0.31487917516763825,0.0,0.0,0.0,0.5789473684210527,0.3684210526315789,0.05263157894736842,0.42105263157894735,1.53205686682799,1.0,0.0,0.0,0.16666666666666666,0.5,0.0,0.3333333333333333,False,False,True,0,0.5516844469399214,0.24640651319483442,False,True,0.05263157894736842,0.3684210526315789,0.21052631578947367,0.3684210526315789
C00331,58.5,864.5,5,10.271655349899431,8.042428252768199,5780.138,8.042428252768199,2.8,0.6079487191729779,52.0,5.049856007249537,4.911182122575883,0.6257654009972119,0.56821598377061,0.519999999896,16421.834000000003,0.6428571428571428,0.3571428571428571,0.0,0.35714285714285715,1.6537168294663707,0.0,0.0,1.0,0.2,0.4,0.0,0.4,False,True,False,0,0.7212801796743402,0.12335766423357664,False,True,0.07142857142857142,0.14285714285714285,0.14285714285714285,0.6428571428571429
C00332,263.90000000000003,886.6,4,8.024531598277916,5.6391366561369125,763.4975,5.6391366561369125,2.75,1.1189222424187428,63.0,5.07933182538249,4.096114781792696,0.31494623455221293,0.0,0.0,0.0,0.36363636363636365,0.4545454545454546,0.18181818181818182,0.36363636363636365,1.6427507614467254,1.0,0.0,0.0,0.5,0.25,0.0,0.25,True,False,False,0,0.4370297585626053,0.2741858506457047,True,False,0.2727272727272727,0.36363636363636365,0.2727272727272727,0.09090909090909091
C00333,104.0,772.2,6,9.156843599080402,7.746587518994003,1579.6816666666666,7.746587518994003,2.3333333333333335,0.7094119683444554,23.0,4.642465970731788,4.237818083158358,0.5092089953968106,0.8610449995726078,0.21666666663055556,8161.062,0.14285714285714285,0.6428571428571428,0.21428571428571427,0.35714285714285715,1.8625841688962137,0.0,1.0,1.0,0.0,0.5,0.0,0.5,True,False,False,0,0.5330993823694554,0.22828467153284682,False,True,0.35714285714285715,0.14285714285714285,0.2857142857142857,0.21428571428571427
C00334,276.90000000000003,529.1,3,9.350482242169626,7.969642747756491,3834.4566666666665,7.969642747756491,3.0,0.6931471805599453,63.0,4.584967478670572,2.70805020110221,0.13481922280765105,0.0,0.0,0.0,0.6666666666666666,0.2222222222222222,0.1111111111111111,0.4444444444444444,1.8551793563949421,0.0,1.0,1.0,0.0,0.3333333333333333,0.0,0.6666666666666666,False,False,True,0,0.7058955642897249,0.10673778775968568,False,True,0.1111111111111111,0.0,0.4444444444444444,0.4444444444444444
C00335,122.2,889.2,5,10.07608994758861,8.451368090460173,4753.374,8.451368090460173,2.8,0.6079487191729779,30.0,5.000584958242754,5.020300465036907,0.7031203486463795,0.0,0.0,0.0,0.5714285714285714,0.42857142857142855,0.0,0.2857142857142857,1.7573191925765397,1.0,0.0,0.0,0.0,0.6,0.2,0.2,False,True,False,0,0.7058955642897249,0.3785513756316676,False,True,0.2857142857142857,0.21428571428571427,0.14285714285714285,0.35714285714285715
C00336,114.4,808.6,6,10.298322695558758,8.020646280162982,4946.965,8.020646280162982,3.6666666666666665,0.596909690446534,20.0,4.680277658474897,4.624543585284342,0.6654074857626923,0.2800582107750146,0.21666666663055556,8312.629,0.7272727272727273,0.2727272727272727,0.0,0.5454545454545454,1.539152904541834,0.0,0.0,1.0,0.5,0.0,0.3333333333333333,0.16666666666666666,False,False,True,0,0.6603874227961819,0.3347557551937114,False,True,0.045454545454545456,0.2727272727272727,0.13636363636363635,0.5454545454545454
C00337,66.3,915.2,9,10.536639475688304,8.096001811596656,4185.528888888889,8.096001811596656,3.0,0.7996422445006162,66.0,4.414312298171851,3.6867866831490312,0.389857481445519,0.018594915391018724,0.14444444442839505,700.4660000000001,0.48148148148148145,0.3333333333333333,0.18518518518518517,0.25925925925925924,2.069220157070483,1.0,0.0,0.0,0.2222222222222222,0.3333333333333333,0.1111111111111111,0.3333333333333333,False,False,True,0,0.5410443571027512,0.3834924199887703,False,True,0.1111111111111111,0.25925925925925924,0.18518518518518517,0.4444444444444444
C00338,253.5,785.2,4,9.257175292568759,8.064797110194199,2619.6225,8.064797110194199,2.75,0.8146148592237982,27.0,4.922411060681417,4.450678217327561,0.4831429560719622,0.0,0.0,0.0,0.36363636363636365,0.5454545454545454,0.09090909090909091,0.36363636363636365,1.9704203377114269,0.0,0.0,1.0,0.5,0.25,0.25,0.0,True,False,False,0,0.5037338573834924,0.13440482874789444,True,False,0.2727272727272727,0.09090909090909091,0.36363636363636365,0.2727272727272727
C00339,180.70000000000002,666.9,5,9.170251442031757,7.583001462448087,1921.2079999999999,7.583001462448087,3.2,0.8345775047772536,54.0,4.548599834499697,4.15511758774141,0.5135564036881243,0.0,0.0,0.0,0.3125,0.625,0.0625,0.4375,1.7792965289096898,1.0,0.0,0.0,0.6,0.2,0.0,0.2,True,False,False,0,0.366535654126895,0.07192588433464348,True,False,0.125,0.3125,0.375,0.1875
C00340,126.10000000000001,851.5,5,9.528103682991418,8.05508343961614,2747.9020000000005,8.05508343961614,3.6,0.7608878000194387,46.0,4.945207488773801,4.652251834362853,0.5563159675453068,0.0,0.0,0.0,0.3333333333333333,0.5555555555555556,0.1111111111111111,0.3333333333333333,1.9798415877907136,0.0,0.0,1.0,0.4,0.6,0.0,0.0,False,False,False,1,0.31195957327344187,0.22026951151038743,True,False,0.2777777777777778,0.4444444444444444,0.16666666666666666,0.1111111111111111
C00341,453.7,911.3000000000001,4,9.35789621070677,7.961001809878674,2897.245,7.961001809878674,2.5,0.828985980393698,46.0,4.773505500807306,3.480574872667874,0.23766300239776567,0.0,0.0,0.0,0.7,0.1,0.2,0.5,1.5867894439189227,0.0,1.0,1.0,0.25,0.0,0.5,0.25,False,False,True,0,0.6570185289163392,0.17342784952273993,False,True,0.0,0.0,0.5,0.5
C00342,286.0,475.8,2,8.918286088658624,8.398961491811717,3733.1399999999994,8.398961491811717,3.0,0.881373587019543,46.0,4.990432586778736,0.0,0.0,0.0,0.0,0.0,0.5,0.16666666666666666,0.3333333333333333,0.3333333333333333,1.7285597535111856,1.0,0.0,0.0,0.5,0.0,0.0,0.5,False,False,False,1,0.5570466030320045,0.15171252105558675,True,False,0.16666666666666666,0.16666666666666666,0.16666666666666666,0.5
C00343,63.7,941.2,6,10.031103860489424,7.73356050132321,3786.89,7.73356050132321,3.3333333333333335,0.7934721026084851,36.0,4.912654885736052,4.328500257698267,0.44102516471929876,0.047778476093397325,0.21666666663055556,1085.5910000000001,0.45,0.35,0.2,0.3,1.951725373297821,0.0,0.0,1.0,0.3333333333333333,0.3333333333333333,0.16666666666666666,0.16666666666666666,True,False,False,0,0.5154126895002807,0.09421673217293658,False,True,0.05,0.35,0.2,0.4
C00344,183.3,183.3,1,5.084071612169438,0.0,160.43,0.0,1.0,0.0,45.0,0.0,0.0,0.0,0.0,0.0,0.0,0.0,0.0,1.0,1.0,0.0,0.0,0.0,1.0,1.0,0.0,0.0,0.0,False,False,False,1,0.26934306569343064,0.0,True,False,0.0,1.0,0.0,0.0
C00345,59.800000000000004,941.2,6,10.29854468508776,7.803810174776011,4948.0633333333335,7.803810174776011,2.5,0.9228988853785496,67.0,4.91705694713669,4.650460894329027,0.567729430053728,0.46550290046137704,0.6499999998916667,13820.027000000002,0.5333333333333333,0.26666666666666666,0.2,0.3333333333333333,2.0114727533432317,0.0,1.0,1.0,0.16666666666666666,0.3333333333333333,0.3333333333333333,0.16666666666666666,False,True,False,0,0.7058955642897249,0.17383492419988766,False,True,0.13333333333333333,0.13333333333333333,0.2,0.5333333333333333
C00346,483.6,483.6,1,6.46404298369047,0.0,640.65,0.0,2.0,0.0,67.0,0.0,0.0,0.0,0.0,0.0,0.0,0.5,0.5,0.0,0.5,0.9010913347279289,0.0,1.0,1.0,1.0,0.0,0.0,0.0,False,False,False,1,0.4355418304323414,0.0,True,False,0.5,0.0,0.0,0.5
C00347,187.20000000000002,867.1,4,10.094502875458812,7.9098367116762525,6052.139999999999,7.9098367116762525,3.5,0.8289859803936981,24.0,5.1666889240696,5.0962726939652585,0.6583568476112721,0.0,0.0,0.0,0.7142857142857142,0.14285714285714285,0.14285714285714285,0.42857142857142855,1.788871870838542,1.0,0.0,0.0,0.0,0.75,0.0,0.25,False,False,True,0,0.7946378439079169,0.084418865805727,True,False,0.14285714285714285,0.07142857142857142,0.07142857142857142,0.7142857142857143
C00348,449.8,757.9,5,9.556390168424207,8.108140197330878,2826.746,8.108140197330878,3.0,0.9482307085514864,56.0,4.098502572370764,3.6508097331870983,0.490424838233126,0.0,0.0,0.0,0.26666666666666666,0.6,0.13333333333333333,0.3333333333333333,1.9820235869653628,0.0,1.0,1.0,0.4,0.2,0.2,0.2,False,False,False,1,0.3790005614823133,0.16967995508141492,False,True,0.3333333333333333,0.4,0.0,0.26666666666666666
C00349,35.1,850.2,8,9.817886090240401,7.7201963467977635,2294.775,7.7201963467977635,3.0,0.8369476273681566,31.0,4.506138805381912,4.20539823440036,0.5523725307931094,0.49829509429026275,0.4874999999390625,9147.801000000001,0.375,0.5,0.125,0.375,1.9424276797761009,1.0,0.0,0.0,0.0,0.125,0.375,0.5,True,False,False,0,0.40336889387984276,0.07650196518809654,False,True,0.16666666666666666,0.3333333333333333,0.2916666666666667,0.20833333333333334
C00350,2.6,791.7,5,9.407024951605905,7.71801623753668,2434.5199999999995,7.71801623753668,2.4,0.7608878000194386,30.0,5.028802598051705,4.332151270575974,0.4020891320539753,0.24228020307902648,0.259999999948,2949.18,0.41666666666666663,0.25,0.3333333333333333,0.3333333333333333,1.7653712114835218,0.0,0.0,1.0,0.4,0.2,0.0,0.4,False,False,False,1,0.6055025266704099,0.35991016282987087,False,True,0.0,0.08333333333333333,0.5,0.4166666666666667
C00351,106.60000000000001,783.9,9,10.291406964561743,8.052521957980655,3275.246666666667,8.052521957980655,2.5555555555555554,0.9199762744533129,23.0,4.191546890178463,4.470621030525825,0.8445146613684823,0.5709064151911011,0.2888888888567901,16828.734,0.43478260869565216,0.43478260869565216,0.13043478260869565,0.2608695652173913,2.0591105100447993,0.0,0.0,1.0,0.6666666666666666,0.2222222222222222,0.1111111111111111,0.0,False,False,True,0,0.5533969679955082,0.22925322852330154,True,False,0.17391304347826086,0.17391304347826086,0.13043478260869565,0.5217391304347826
C00352,508.3,508.3,1,8.842249080249248,0.0,6919.54,0.0,4.0,0.0,49.0,0.0,0.0,0.0,0.0,0.0,0.0,0.5,0.25,0.25,0.25,1.8021826694558578,0.0,0.0,1.0,1.0,0.0,0.0,0.0,False,True,False,0,0.7138124649073554,0.0,True,False,0.25,0.0,0.0,0.75
C00353,169.0,521.3000000000001,4,9.00344534549406,7.9484439663811,2032.5124999999998,7.9484439663811,2.5,0.8289859803936981,64.0,4.5145158177199605,4.270289490770984,0.5771253407039638,0.0,0.0,0.0,0.4,0.5,0.1,0.5,1.5187671852295312,0.0,0.0,1.0,0.0,0.5,0.25,0.25,False,False,False,1,0.4716170690623246,0.6286777091521617,False,True,0.5,0.0,0.2,0.3
C00354,691.6,796.9,2,8.804256072208423,8.424069514199749,3330.7699999999995,8.424069514199749,2.0,0.881373587019543,49.0,4.406719247264253,0.0,0.0,0.0,0.0,0.0,0.5,0.0,0.5,0.5,1.3516370020918933,1.0,0.0,0.0,0.0,1.0,0.0,0.0,False,False,False,1,0.44629421673217295,0.25960134755755193,True,False,0.25,0.25,0.0,0.5
C00355,556.4,556.4,1,7.014041366166454,0.0,1111.14,0.0,3.0,0.0,41.0,0.0,0.0,0.0,0.0,0.0,0.0,0.0,0.6666666666666666,0.3333333333333333,0.6666666666666666,0.8274684187832566,0.0,0.0,1.0,0.0,1.0,0.0,0.0,True,False,False,0,0.479842784952274,0.0,False,True,0.0,0.3333333333333333,0.6666666666666666,0.0
C00356,11.700000000000001,943.8000000000001,3,9.869347869061045,5.230824754713566,6442.576666666667,5.230824754713566,3.0,0.6931471805599453,53.0,5.884714177161102,4.993828175779875,0.3426297692348756,0.4222462751704198,0.4333333331888889,8161.062,0.7777777777777777,0.1111111111111111,0.1111111111111111,0.4444444444444444,1.5793565501338565,1.0,0.0,0.0,0.3333333333333333,0.0,0.3333333333333333,0.3333333333333333,False,False,True,0,0.7058955642897249,0.17700729927007297,False,True,0.0,0.3333333333333333,0.0,0.6666666666666666
C00357,387.40000000000003,803.4,4,9.894616823702922,8.586190374568078,4955.5925,8.586190374568078,3.0,1.0387709348496783,39.0,4.679040034554547,4.618486442813461,0.663044858332222,0.0,0.0,0.0,0.5833333333333333,0.25,0.16666666666666666,0.3333333333333333,1.972238316179336,0.0,1.0,1.0,0.25,0.5,0.0,0.25,False,False,True,0,0.6284110050533408,0.4535794497473329,True,False,0.16666666666666666,0.16666666666666666,0.25,0.4166666666666667
C00358,65.0,936.0,9,10.224447594776812,8.035781040981849,3063.112222222222,8.035781040981849,2.0,0.6238107163648714,27.0,4.43970574626056,4.4025378607097565,0.6745140124045972,0.2993960028308064,0.14444444442839505,8253.752,0.6111111111111112,0.3333333333333333,0.05555555555555555,0.3888888888888889,1.8971672360517895,0.0,0.0,1.0,0.3333333333333333,0.4444444444444444,0.0,0.2222222222222222,False,False,True,0,0.49365524985962944,0.3279056709713644,True,False,0.16666666666666666,0.16666666666666666,0.2222222222222222,0.4444444444444444
C00359,78.0,767.0,5,9.710317159353776,8.203164238609022,3297.1659999999997,8.203164238609022,3.0,0.7996422445006162,53.0,4.894101477840304,4.692461569002093,0.5966423456531411,0.6195534589401552,0.259999999948,10213.853,0.4,0.4,0.2,0.2,2.092269286164331,0.0,1.0,1.0,0.6,0.2,0.0,0.2,False,True,False,0,0.5289163391353172,0.4529477821448625,True,False,0.26666666666666666,0.13333333333333333,0.2,0.4
C00360,174.20000000000002,686.4,4,8.961981571520909,7.462942547131574,1949.95,7.462942547131574,3.75,0.6716309107725503,35.0,4.885323992019081,4.854726229288939,0.6778488358704902,0.0,0.0,0.0,0.26666666666666666,0.6666666666666667,0.06666666666666667,0.4666666666666667,1.7686680475652328,0.0,1.0,1.0,0.25,0.75,0.0,0.0,True,False,False,0,0.34553621560920833,0.04211117349803478,True,False,0.2,0.5333333333333333,0.0,0.26666666666666666
C00361,232.70000000000002,793.0,4,9.098833226657442,8.078863268165616,2235.9624999999996,8.078863268165616,2.5,0.8289859803936981,45.0,4.974432245432295,5.153832741455513,0.7874876130207925,0.0,0.0,0.0,0.6,0.30000000000000004,0.1,0.5,1.7670077108645084,1.0,0.0,0.0,0.25,0.5,0.0,0.25,False,False,True,0,0.49247613700168447,0.08476979225154402,True,False,0.1,0.2,0.4,0.3
C00362,293.8,881.4,4,8.776589980357143,7.324751530020856,1619.935,7.324751530020856,2.75,1.1189222424187428,41.0,5.02168513028284,2.65496978678435,0.08413304189994607,0.0,0.0,0.0,0.36363636363636365,0.2727272727272727,0.36363636363636365,0.36363636363636365,1.9085819207210712,0.0,0.0,1.0,0.0,0.5,0.25,0.25,False,False,False,1,0.6496911847276811,0.29573273441886583,True,False,0.18181818181818182,0.18181818181818182,0.09090909090909091,0.5454545454545454
C00363,141.70000000000002,720.2,5,9.099143971732733,7.553940332959519,1789.3260000000002,7.553940332959519,3.2,1.0256308957368645,27.0,4.720728526622364,4.432298201903045,0.5580069442539369,0.0,0.0,0.0,0.375,0.625,0.0,0.375,1.7171548460941188,0.0,0.0,1.0,0.4,0.4,0.2,0.0,True,False,False,0,0.2738349241998877,0.18517686692869179,True,False,0.25,0.375,0.25,0.125
C00364,32.5,741.0,3,9.103414186852884,8.007534699227545,2994.9733333333334,8.007534699227545,4.333333333333333,0.45574639440832615,64.0,5.611301621862036,3.960813169597578,0.17310490168844733,0.9337917310336727,0.4333333331888889,8390.044,0.15384615384615385,0.6923076923076923,0.15384615384615385,0.38461538461538464,1.8365680279230026,0.0,0.0,1.0,0.0,0.3333333333333333,0.3333333333333333,0.3333333333333333,False,False,False,1,0.4025266704098821,0.07448062886019091,True,False,0.3076923076923077,0.15384615384615385,0.23076923076923078,0.3076923076923077
C00365,707.2,750.1,2,8.883669346179408,8.316882836159586,3606.1049999999996,8.316882836159586,3.0,0.881373587019543,63.0,3.5263605246161616,0.0,0.0,0.0,0.0,0.0,0.3333333333333333,0.6666666666666666,0.0,0.5,1.6151893223622003,1.0,0.0,0.0,0.0,0.5,0.0,0.5,True,False,False,0,0.45836608646827626,0.013222908478382922,False,True,0.16666666666666666,0.16666666666666666,0.3333333333333333,0.3333333333333333
C00366,240.5,923.0,6,8.321436181780426,5.968292244167912,685.0099999999999,5.968292244167912,3.0,0.8175354928516673,31.0,4.663439094112067,4.188090507391924,0.481231086333459,0.0,0.0,0.0,0.2222222222222222,0.6111111111111112,0.16666666666666666,0.3333333333333333,1.7613505689078175,1.0,0.0,0.0,0.3333333333333333,0.3333333333333333,0.0,0.3333333333333333,True,False,False,0,0.3035934868051656,0.13527512633352046,False,True,0.4444444444444444,0.2222222222222222,0.2222222222222222,0.1111111111111111
C00367,44.2,809.9,6,9.960230769082496,8.065498046653909,3527.78,8.065498046653909,2.6666666666666665,0.7094119683444554,62.0,4.777441406928545,4.928942346442043,0.7724055875115262,0.4158343207342665,0.4333333332611111,8801.832,0.5,0.3125,0.1875,0.3125,2.0345345340558163,0.0,1.0,1.0,0.16666666666666666,0.3333333333333333,0.0,0.5,False,False,True,0,0.6179393599101628,0.32149073554183044,True,False,0.1875,0.125,0.3125,0.375
C00368,340.6,906.1,6,9.990088553666435,8.165484680057984,3634.705,8.165484680057984,2.8333333333333335,0.9050114166450717,53.0,4.477336814478207,3.6548481936007513,0.35969516133968615,0.0,0.0,0.0,0.6470588235294118,0.23529411764705882,0.11764705882352941,0.47058823529411764,1.8009684911238217,0.0,1.0,1.0,0.16666666666666666,0.3333333333333333,0.3333333333333333,0.16666666666666666,False,False,True,0,0.3893599101628299,0.448301516002246,True,False,0.23529411764705882,0.23529411764705882,0.058823529411764705,0.47058823529411764
C00369,70.2,923.0,7,10.147723487288664,8.011967091589979,3647.4157142857143,8.011967091589979,2.5714285714285716,0.6810240276767762,40.0,4.703506086708953,4.457136235334167,0.5764087506742067,0.047021041512364456,0.1857142856877551,1200.537,0.5555555555555556,0.2777777777777778,0.16666666666666666,0.3333333333333333,2.004382559772271,0.0,1.0,1.0,0.2857142857142857,0.14285714285714285,0.42857142857142855,0.14285714285714285,False,False,True,0,0.7058955642897249,0.18408197641774282,True,False,0.16666666666666666,0.1111111111111111,0.16666666666666666,0.5555555555555556
C00370,19.5,938.6,7,9.782220078268331,7.781274749378425,2530.7057142857143,7.781274749378425,2.7142857142857144,0.9568826012838837,24.0,4.7777219511862405,4.799785230207886,0.7043332798911536,0.6084365512950872,0.3714285713755102,10778.417000000001,0.3157894736842105,0.5263157894736842,0.15789473684210525,0.42105263157894735,1.9181844371088446,0.0,1.0,1.0,0.42857142857142855,0.2857142857142857,0.14285714285714285,0.14285714285714285,True,False,False,0,0.5299831555306008,0.39789444132509827,False,True,0.10526315789473684,0.2631578947368421,0.21052631578947367,0.42105263157894735
C00371,302.90000000000003,708.5,2,7.575081961127563,6.361112628797274,974.01,6.361112628797274,3.5,0.5347999967395705,51.0,5.746203190540153,0.0,0.0,0.0,0.0,0.0,0.14285714285714285,0.42857142857142855,0.42857142857142855,0.42857142857142855,1.6601445373059809,0.0,0.0,1.0,0.5,0.0,0.0,0.5,False,False,False,1,0.2925884334643459,0.01527231892195402,False,True,0.14285714285714285,0.7142857142857143,0.0,0.14285714285714285
C00372,790.4,932.1,3,8.913081925407363,8.201186728324966,2475.8399999999997,8.201186728324966,2.6666666666666665,0.9272406547120959,35.0,4.0163830207523885,3.6506582412937387,0.5235878753723628,0.0,0.0,0.0,0.25,0.5,0.25,0.375,1.942427679776101,0.0,0.0,1.0,0.6666666666666666,0.3333333333333333,0.0,0.0,False,False,False,1,0.21235261089275687,0.14477821448624367,False,True,0.25,0.375,0.125,0.25
C00373,84.5,812.5,7,10.093630112066085,7.858988330367698,3455.3485714285716,7.858988330367698,3.5714285714285716,0.757948207409103,62.0,4.546834608975128,3.8982736892919436,0.41718595011831144,0.3488577129286791,0.1857142856877551,8437.975,0.48,0.48000000000000004,0.04,0.32,1.9043765123879122,0.0,0.0,1.0,0.0,0.5714285714285714,0.42857142857142855,0.0,False,False,True,0,0.42172936552498597,0.19884896125772034,True,False,0.16,0.4,0.16,0.28
C00374,248.3,929.5,4,7.564020609115754,5.940682111178303,481.645,5.940682111178303,2.0,0.881373587019543,46.0,5.168588259873252,4.754010636535361,0.5060198338660005,0.0,0.0,0.0,0.375,0.5,0.125,0.375,1.7171548460941186,0.0,1.0,1.0,0.75,0.25,0.0,0.0,False,False,True,0,0.3265581134194273,0.28715609208309933,False,True,0.375,0.25,0.25,0.125
C00375,117.0,682.5,4,9.926607221381776,8.171243529138499,5116.695,8.171243529138499,2.5,0.8289859803936981,40.0,4.983606621708336,3.5365048960792196,0.2069954644201332,0.41468584701646205,0.32499999991875,8487.284,0.7,0.30000000000000004,0.0,0.4,1.6638104935837679,1.0,0.0,0.0,0.25,0.75,0.0,0.0,False,True,False,0,0.7660022459292533,0.1561201572150478,False,True,0.1,0.1,0.2,0.6
C00376,564.2,929.5,3,8.71514364491824,7.14917709463517,2031.17,7.14917709463517,3.3333333333333335,0.45574639440832615,44.0,4.952299717083292,4.600157644164547,0.5312560631547769,0.0,0.0,0.0,0.30000000000000004,0.6000000000000001,0.1,0.4,1.9120510192187443,0.0,0.0,1.0,0.3333333333333333,0.6666666666666666,0.0,0.0,False,False,False,1,0.32807411566535655,0.1679112857944975,True,False,0.5,0.0,0.3,0.2
C00377,770.9,770.9,1,3.6381123370602833,0.0,37.02,0.0,1.0,0.0,63.0,0.0,0.0,0.0,0.0,0.0,0.0,0.0,1.0,0.0,1.0,0.0,0.0,1.0,1.0,1.0,0.0,0.0,0.0,False,False,False,1,0.022459292532285232,0.0,True,False,1.0,0.0,0.0,0.0
C00378,65.0,798.2,7,10.262600472195471,7.931416909894045,4091.452857142857,7.931416909894045,2.5714285714285716,0.8743332020491272,38.0,4.553876891600541,4.11160192687004,0.4939462720119452,0.30745952276120186,0.3714285713755102,8805.693,0.6111111111111112,0.3333333333333333,0.05555555555555555,0.3333333333333333,1.9238029440199174,0.0,1.0,1.0,0.0,0.42857142857142855,0.14285714285714285,0.42857142857142855,False,False,True,0,0.6067939359910163,0.18220101066816397,True,False,0.1111111111111111,0.16666666666666666,0.2222222222222222,0.5
C00379,74.10000000000001,858.0,9,10.577357107962138,8.21914001143526,4359.475555555556,8.21914001143526,2.6666666666666665,0.9162907318741552,34.0,4.335655417491759,3.851068200295401,0.476765855192212,0.34795418816941415,0.14444444442839505,13652.079999999998,0.6666666666666667,0.29166666666666663,0.041666666666666664,0.4166666666666667,1.823026284763559,0.0,0.0,1.0,0.0,0.3333333333333333,0.3333333333333333,0.3333333333333333,False,False,True,0,0.8077484559236384,0.5184727681078045,True,False,0.16666666666666666,0.16666666666666666,0.16666666666666666,0.5
C00380,149.5,912.6,11,10.40619067794488,7.883560853347846,3005.6981818181816,7.883560853347846,3.272727272727273,0.8537341280755775,37.0,4.089332020398556,4.06937742912597,0.6830496775327489,0.0,0.0,0.0,0.3611111111111111,0.4722222222222222,0.16666666666666666,0.25,2.0411940177446075,0.0,0.0,1.0,0.0,0.8181818181818182,0.0,0.18181818181818182,True,False,False,0,0.5247052217855137,0.30261089275687814,False,True,0.25,0.19444444444444445,0.25,0.3055555555555556
C00381,22.1,917.8000000000001,6,9.41334896877964,7.882060357102325,2041.6383333333333,7.882060357102325,3.5,0.866430042484809,64.0,4.933034048072704,4.730450438572536,0.5962438135400573,0.34855128601781843,0.4333333332611111,4269.694,0.47619047619047616,0.3333333333333333,0.19047619047619047,0.38095238095238093,1.9516685031176573,0.0,1.0,1.0,0.3333333333333333,0.3333333333333333,0.0,0.3333333333333333,False,False,True,0,0.3071869736103313,0.22025547445255478,True,False,0.3333333333333333,0.19047619047619047,0.2857142857142857,0.19047619047619047
C00382,178.1,670.8000000000001,4,10.065990256902277,7.38899548796552,5882.0075,7.38899548796552,3.0,0.596909690446534,39.0,4.846808319938465,4.639413175271081,0.5939983628913446,0.0,0.0,0.0,0.5833333333333333,0.25,0.16666666666666666,0.3333333333333333,1.7653712114835218,0.0,0.0,1.0,0.0,0.5,0.0,0.5,False,True,False,0,0.649606962380685,0.2041128579449748,False,True,0.0,0.16666666666666666,0.25,0.5833333333333334
C00383,279.5,832.0,6,10.187140895544635,8.003194408208943,4426.408333333334,8.003194408208943,2.8333333333333335,0.8455077458700537,64.0,4.454347296253507,4.4814861173484974,0.706968270314756,0.0,0.0,0.0,0.47058823529411764,0.35294117647058826,0.17647058823529413,0.29411764705882354,1.96768348184519,0.0,0.0,1.0,0.3333333333333333,0.16666666666666666,0.16666666666666666,0.3333333333333333,True,False,False,0,0.6013475575519371,0.41597417181358787,True,False,0.058823529411764705,0.11764705882352941,0.29411764705882354,0.5294117647058824
C00384,248.3,734.5,3,9.441556849357186,7.843964422836033,4200.106666666667,7.843964422836033,4.333333333333333,0.45574639440832615,37.0,5.236441962829949,4.90527477843843,0.5403325062731968,0.0,0.0,0.0,0.3076923076923077,0.5384615384615385,0.15384615384615385,0.3076923076923077,2.0344444253156415,1.0,0.0,0.0,0.3333333333333333,0.6666666666666666,0.0,0.0,True,False,False,0,0.45120718697361034,0.14896125772038177,True,False,0.23076923076923078,0.3076923076923077,0.15384615384615385,0.3076923076923077
C00385,106.60000000000001,858.0,5,9.608633825133099,8.048697274636082,2978.362,8.048697274636082,3.2,0.6079487191729779,30.0,4.980176086611547,4.088126351692225,0.34055713440947266,0.025965413203631663,0.259999999948,386.672,0.5,0.5,0.0,0.375,1.6966252835328426,1.0,0.0,0.0,0.6,0.0,0.4,0.0,False,False,True,0,0.39752947782144865,0.393935991016283,False,True,0.25,0.375,0.125,0.25
C00386,55.9,932.1,12,10.493586819090284,7.999775110447544,3006.8624999999997,7.999775110447544,3.0833333333333335,0.8065260473632583,42.0,4.131523565463855,4.048379406777012,0.651760655823011,0.03987151612907584,0.21666666664861112,1438.658,0.32432432432432434,0.35135135135135137,0.32432432432432434,0.32432432432432434,2.0347474033825557,0.0,1.0,1.0,0.25,0.5,0.16666666666666666,0.08333333333333333,False,False,False,1,0.4896687254351488,0.19751544076361588,True,False,0.21621621621621623,0.21621621621621623,0.24324324324324326,0.32432432432432434
C00387,449.8,899.6,7,10.184852086297594,7.826474227485323,3785.39,7.826474227485323,2.2857142857142856,0.812514001834843,30.0,4.071871706370042,4.218140102186063,0.7702184695098093,0.0,0.0,0.0,0.625,0.1875,0.1875,0.3125,1.9162738728551665,0.0,1.0,1.0,0.14285714285714285,0.2857142857142857,0.14285714285714285,0.42857142857142855,False,True,False,0,0.8277933745087029,0.22478944413250979,False,True,0.125,0.125,0.1875,0.5625
C00388,16.900000000000002,530.4,3,8.959528817233181,7.613392021808598,2593.5633333333335,7.613392021808598,3.6666666666666665,0.4557463944083262,36.0,5.290789100127245,3.901972669574645,0.219592951590188,0.24846678122374127,0.4333333331888889,1933.2430000000002,0.36363636363636365,0.36363636363636365,0.2727272727272727,0.2727272727272727,2.0105782918630664,1.0,0.0,0.0,0.0,0.6666666666666666,0.0,0.3333333333333333,False,False,False,1,0.44654688377316115,0.09679955081414937,False,True,0.18181818181818182,0.09090909090909091,0.5454545454545454,0.18181818181818182
C00389,165.1,793.0,10,10.123779040581711,7.910388315329222,2492.7799999999997,7.910388315329222,2.5,0.9482307085514864,67.0,4.001254139156089,3.554880986783799,0.4905632186553009,0.0,0.0,0.0,0.4,0.4,0.2,0.28,2.0390117222953457,0.0,0.0,1.0,0.3,0.1,0.2,0.4,False,False,False,1,0.5302638966872544,0.33662268388545763,False,True,0.24,0.2,0.16,0.4
C00390,499.20000000000005,724.1,2,9.358576739544459,7.293061104265119,5798.4349999999995,7.293061104265119,4.5,0.5347999967395705,44.0,5.159055299214529,0.0,0.0,0.0,0.0,0.0,0.2222222222222222,0.3333333333333333,0.4444444444444444,0.4444444444444444,1.6549368375665137,0.0,0.0,1.0,0.0,1.0,0.0,0.0,False,False,False,1,0.4717012914093206,0.29590117911285796,False,True,0.3333333333333333,0.0,0.1111111111111111,0.5555555555555556
C00391,270.40000000000003,917.8000000000001,5,9.93861045805546,8.03005443398892,4142.788,8.03005443398892,3.2,0.8345775047772536,65.0,4.832305758571839,3.5729906335823935,0.24537157893850686,0.0,0.0,0.0,0.5,0.4375,0.0625,0.3125,1.9644120288956943,0.0,0.0,1.0,0.4,0.4,0.2,0.0,False,False,True,0,0.48747894441325096,0.24654688377316114,True,False,0.375,0.125,0.0,0.5
C00392,52.0,859.3000000000001,6,9.126341181068293,7.862286950917295,1532.22,7.862286950917295,2.5,0.9719780738352176,30.0,4.829912458665998,4.367346693691954,0.4865437349783851,0.14084846388463135,0.4333333332611111,1294.865,0.3333333333333333,0.5333333333333333,0.13333333333333333,0.4,1.8678772696519415,1.0,0.0,0.0,0.3333333333333333,0.3333333333333333,0.16666666666666666,0.16666666666666666,True,False,False,0,0.29432902863559796,0.19626614261650766,True,False,0.3333333333333333,0.26666666666666666,0.26666666666666666,0.13333333333333333
C00393,417.3,434.2,2,8.561248353612408,8.17654087843354,2612.1,8.17654087843354,1.5,0.5347999967395705,64.0,2.6390573296152584,0.0,0.0,0.0,0.0,0.0,0.3333333333333333,0.3333333333333333,0.3333333333333333,0.3333333333333333,1.4281959752685425,1.0,0.0,0.0,0.0,0.5,0.0,0.5,False,True,False,0,0.4925322852330152,0.34873666479505894,True,False,0.3333333333333333,0.0,0.0,0.6666666666666666
C00394,91.0,789.1,13,10.273892161786623,7.78142415177212,2228.1084615384616,7.78142415177212,3.3846153846153846,0.7518391485378998,56.0,3.82319179172153,3.917540606230913,0.742486728653356,0.03239070325605499,0.09999999999230769,938.21,0.34090909090909094,0.45454545454545453,0.20454545454545456,0.25,2.031415318377397,1.0,0.0,0.0,0.38461538461538464,0.3076923076923077,0.07692307692307693,0.23076923076923078,False,False,True,0,0.37798989331836047,0.20707467714766986,True,False,0.3181818181818182,0.29545454545454547,0.13636363636363635,0.25
C00395,439.40000000000003,439.40000000000003,1,8.23741844020156,0.0,3778.77,0.0,5.0,0.0,62.0,0.0,0.0,0.0,0.0,0.0,0.0,0.6000000000000001,0.2,0.2,0.4,1.7318327522731591,0.0,0.0,1.0,0.0,0.0,0.0,1.0,False,False,True,0,0.3094890510948905,0.0,True,False,0.2,0.4,0.2,0.2
C00396,468.0,769.6,3,8.841478612401295,7.434525911692644,2304.7366666666667,7.434525911692644,2.6666666666666665,0.927240654712096,39.0,4.762173934797756,4.07753744390572,0.4054651081052908,0.0,0.0,0.0,0.5,0.25,0.25,0.25,2.02745550313784,0.0,1.0,1.0,0.6666666666666666,0.0,0.0,0.3333333333333333,False,True,False,0,0.772206625491297,0.29842784952273993,False,True,0.25,0.125,0.0,0.625
C00397,122.2,841.1,5,9.204169370452515,7.884555242263767,1987.4959999999999,7.884555242263767,3.0,0.881373587019543,63.0,4.9362708788073935,4.942122342976148,0.6960983549234525,0.0,0.0,0.0,0.3333333333333333,0.4,0.26666666666666666,0.26666666666666666,1.9585736145711299,0.0,0.0,1.0,0.0,0.8,0.0,0.2,False,False,False,1,0.29247613700168446,0.3434025828186412,True,False,0.2,0.3333333333333333,0.2,0.26666666666666666
C00398,59.800000000000004,902.2,8,10.455512315694305,7.969613810167102,4341.79,7.969613810167102,2.5,0.6553519028723696,59.0,4.538725086579938,4.179608910149573,0.5277028251463761,0.24711487082515948,0.1624999999796875,8583.367,0.65,0.15000000000000002,0.2,0.4,1.8395293650416265,0.0,1.0,1.0,0.125,0.375,0.0,0.5,False,False,True,0,0.7058955642897249,0.17921111734980355,False,True,0.05,0.2,0.15,0.6
C00399,11.700000000000001,678.6,6,9.264331274544787,7.744947636524371,1758.9583333333333,7.744947636524371,3.5,0.43678453268671036,64.0,4.640537329825382,4.043464629228164,0.43569595602640054,0.8715416794977262,0.4333333332611111,9198.033,0.2857142857142857,0.5238095238095237,0.19047619047619047,0.2857142857142857,1.9527769119239948,0.0,0.0,1.0,0.3333333333333333,0.5,0.16666666666666666,0.0,False,False,False,1,0.3191184727681078,0.1271195957327344,True,False,0.3333333333333333,0.2857142857142857,0.19047619047619047,0.19047619047619047
C00400,68.9,335.40000000000003,3,9.180570617485778,8.023495935222117,3235.2299999999996,8.023495935222117,4.666666666666667,0.4557463944083262,62.0,4.639571612705423,4.102643365036796,0.45773353665033795,0.9037659352399569,0.4333333331888889,8771.672,0.3571428571428571,0.3571428571428571,0.2857142857142857,0.2857142857142857,1.966186532006383,1.0,0.0,0.0,0.3333333333333333,0.3333333333333333,0.3333333333333333,0.0,False,False,False,1,0.5312184166198765,0.2594329028635598,True,False,0.2857142857142857,0.07142857142857142,0.2857142857142857,0.35714285714285715
C00401,48.1,919.1,6,10.004697114895391,8.196921575672222,3688.195,8.196921575672222,2.5,0.866430042484809,61.0,4.90527477843843,4.562821728696693,0.5352425727102925,0.003762093200964891,0.21666666663055556,83.25200000000001,0.4666666666666667,0.26666666666666666,0.26666666666666666,0.26666666666666666,1.988022780948999,1.0,0.0,0.0,0.5,0.16666666666666666,0.3333333333333333,0.0,False,False,False,1,0.4254912970241438,0.4563166760247052,True,False,0.13333333333333333,0.26666666666666666,0.13333333333333333,0.4666666666666667
C00402,435.5,933.4,6,10.205084364406401,8.024781927578665,4506.553333333333,8.024781927578665,2.6666666666666665,0.4163376403318288,44.0,4.351567427189173,3.8245764251518657,0.46060409938131314,0.0,0.0,0.0,0.625,0.1875,0.1875,0.4375,1.6942687055479513,0.0,1.0,1.0,0.16666666666666666,0.3333333333333333,0.0,0.5,False,True,False,0,0.7914654688377316,0.23575238629983164,True,False,0.0,0.125,0.25,0.625
C00403,457.6,773.5,4,7.993282328101591,6.282188460457996,740.0,6.282188460457996,3.5,0.8289859803936981,65.0,4.406719247264253,4.221369878891445,0.6036191430480938,0.0,0.0,0.0,0.07142857142857142,0.6428571428571428,0.2857142857142857,0.35714285714285715,1.6537168294663709,0.0,1.0,1.0,0.0,0.25,0.0,0.75,True,False,False,0,0.25339696799550815,0.10517967434025832,True,False,0.35714285714285715,0.35714285714285715,0.2857142857142857,0.0
C00404,321.1,773.5,3,9.127266324430929,7.901406036751691,3067.2766666666666,7.901406036751691,4.333333333333333,0.7676517525907619,61.0,5.1647859739235145,4.875197323201151,0.557972402189235,0.0,0.0,0.0,0.38461538461538464,0.23076923076923078,0.38461538461538464,0.38461538461538464,1.8365680279230023,0.0,0.0,1.0,0.0,0.6666666666666666,0.3333333333333333,0.0,False,False,False,1,0.5373385738349242,0.20558674901740592,True,False,0.3076923076923077,0.15384615384615385,0.23076923076923078,0.3076923076923077
C00405,339.3,598.0,2,7.3823359177209795,6.214081069379772,803.17,6.214081069379772,3.5,0.5347999967395705,63.0,5.298317366548036,0.0,0.0,0.0,0.0,0.0,0.2857142857142857,0.5714285714285714,0.14285714285714285,0.42857142857142855,1.6601445373059809,0.0,1.0,1.0,0.0,0.5,0.5,0.0,True,False,False,0,0.27857944974733295,0.07846715328467149,True,False,0.42857142857142855,0.2857142857142857,0.14285714285714285,0.14285714285714285
C00406,37.7,842.4,8,10.173487971835016,8.34799726183564,3274.7875,8.34799726183564,2.75,1.0125274509517603,37.0,4.493440222044785,4.95353399935701,0.9519780017234357,0.18364088509559084,0.4874999999390625,4811.079,0.6363636363636364,0.2727272727272727,0.09090909090909091,0.36363636363636365,1.9085819207210712,0.0,1.0,1.0,0.0,0.25,0.375,0.375,False,False,True,0,0.7282987085906794,0.40596574957888826,True,False,0.22727272727272727,0.045454545454545456,0.2727272727272727,0.45454545454545453
C00407,46.800000000000004,692.9,6,10.275509279854369,7.816364085440629,4835.381666666667,7.816364085440629,2.8333333333333335,0.5611989071173201,55.0,4.609162207257629,3.9874512791343055,0.42681369172248307,0.11011354153704826,0.21666666663055556,3194.646,0.7647058823529411,0.1764705882352941,0.058823529411764705,0.47058823529411764,1.689664339405563,0.0,1.0,1.0,0.0,0.16666666666666666,0.16666666666666666,0.6666666666666666,False,False,True,0,0.7058955642897249,0.08443290286355987,True,False,0.11764705882352941,0.23529411764705882,0.0,0.6470588235294118
C00408,438.1,752.7,4,8.969465546631659,8.042539896624078,1964.6,8.042539896624078,2.0,0.881373587019543,62.0,4.402645921876617,3.230043835248608,0.263134137794182,0.0,0.0,0.0,0.625,0.25,0.125,0.5,1.5769098357738756,1.0,0.0,0.0,0.0,0.25,0.5,0.25,False,False,True,0,0.44825940482874793,0.12775126333520503,True,False,0.125,0.375,0.25,0.25
C00409,42.9,583.7,7,9.610998612250835,7.912953520187019,2132.4385714285713,7.912953520187019,2.2857142857142856,0.747965463121242,42.0,4.253245844807957,4.373157506825387,0.7557626266999263,0.4869494817133914,0.3714285713755102,7268.729,0.5,0.3125,0.1875,0.375,1.8999137680952314,1.0,0.0,0.0,0.2857142857142857,0.2857142857142857,0.42857142857142855,0.0,False,False,True,0,0.6040426726558114,0.4901179112857945,True,False,0.375,0.125,0.125,0.375
C00410,120.9,668.2,3,10.046881153319246,7.904853806812845,7694.2266666666665,7.904853806812845,3.6666666666666665,0.45574639440832615,26.0,5.354224998486333,5.305789381386738,0.6691075613714811,0.0,0.0,0.0,0.7272727272727273,0.2727272727272727,0.0,0.36363636363636365,1.417077556324019,0.0,0.0,1.0,0.3333333333333333,0.3333333333333333,0.0,0.3333333333333333,False,True,False,0,0.7254912970241437,0.06701291409320609,False,True,0.09090909090909091,0.0,0.2727272727272727,0.6363636363636364
C00411,87.10000000000001,874.9,9,10.350221915128897,7.986776402761329,3473.6644444444446,7.986776402761329,2.6666666666666665,0.750488294618865,55.0,4.340553386467307,3.9047633910268544,0.49596995054362203,0.4037063325377042,0.2888888888567901,12621.063,0.625,0.25,0.125,0.4166666666666667,1.9127734620706156,0.0,1.0,1.0,0.0,0.5555555555555556,0.2222222222222222,0.2222222222222222,False,False,True,0,0.5905670971364402,0.33879842784952274,False,True,0.16666666666666666,0.16666666666666666,0.2916666666666667,0.375
C00412,49.4,920.4,5,9.453299099527442,8.013922147066843,2549.832,8.013922147066843,2.0,0.6931471805599453,55.0,5.126935749792416,4.888201362540807,0.5801778699120703,0.6401254670895463,0.259999999948,8161.062,0.4,0.4,0.2,0.2,2.092269286164331,0.0,0.0,1.0,0.2,0.6,0.0,0.2,False,True,False,0,0.5574957888826502,0.512521055586749,True,False,0.3,0.0,0.4,0.3
C00413,127.4,871.0,7,10.191024239419939,8.0896790370417,3808.8271428571425,8.0896790370417,3.5714285714285716,0.6810240276767763,42.0,4.567814399444322,4.219349158734339,0.5322059016132603,0.0,0.0,0.0,0.28,0.32,0.4,0.4,1.8963453186492074,0.0,0.0,1.0,0.0,0.2857142857142857,0.0,0.7142857142857143,False,False,False,1,0.7070746771476698,0.2578888265019651,True,False,0.2,0.16,0.12,0.52
C00414,158.6,895.7,8,10.295604299687234,7.900634093458851,3700.15125,7.900634093458851,3.125,0.7542383412758771,50.0,4.406719247264253,4.267969220084884,0.6253212093124669,0.0,0.0,0.0,0.48000000000000004,0.4,0.12,0.28,2.0390117222953457,1.0,0.0,0.0,0.125,0.375,0.25,0.25,False,False,True,0,0.5316114542391914,0.360471645143178,False,True,0.16,0.24,0.16,0.44
C00415,278.2,799.5,5,9.178807392328142,7.900666119041161,1937.718,7.900666119041161,3.4,1.0355270088267214,32.0,4.617592705986649,4.5104128774195384,0.6404583247003023,0.0,0.0,0.0,0.1764705882352941,0.7058823529411765,0.11764705882352941,0.35294117647058826,1.8269530496925295,0.0,0.0,1.0,0.4,0.2,0.0,0.4,False,False,False,1,0.2494104435710275,0.17933745087029757,False,True,0.23529411764705882,0.35294117647058826,0.23529411764705882,0.17647058823529413
C00416,35.1,895.7,8,10.351265383476758,7.825885557421658,3911.9525,7.825885557421658,2.875,0.8093393758375047,65.0,4.559873911072915,4.298142068234293,0.569442993182078,0.18826468368416452,0.324999999959375,5891.8600000000015,0.5652173913043478,0.2608695652173913,0.17391304347826086,0.34782608695652173,1.912767890580198,1.0,0.0,0.0,0.25,0.25,0.125,0.375,False,False,True,0,0.6812745648512072,0.3646827624929814,False,True,0.13043478260869565,0.13043478260869565,0.17391304347826086,0.5652173913043478
C00417,76.7,76.7,1,4.941428113932554,0.0,138.97,0.0,2.0,0.0,46.0,0.0,0.0,0.0,1.2999999999906457,1.2999999987,180.661,0.0,1.0,0.0,1.0,0.0,0.0,0.0,1.0,1.0,0.0,0.0,0.0,False,False,False,1,0.08528916339135317,0.0,True,False,1.0,0.0,0.0,0.0
C00418,106.60000000000001,717.6,6,9.6477032922809,7.900949104445261,2580.8633333333332,7.900949104445261,2.8333333333333335,0.9050114166450716,43.0,4.553876891600541,4.163499433841201,0.5148354211523556,0.4870313422252445,0.21666666663055556,7541.768,0.3529411764705882,0.4117647058823529,0.23529411764705882,0.23529411764705882,2.053003074994741,0.0,0.0,1.0,0.5,0.3333333333333333,0.16666666666666666,0.0,False,False,False,1,0.41732172936552503,0.3076221224031443,False,True,0.23529411764705882,0.23529411764705882,0.17647058823529413,0.35294117647058826
C00419,57.2,932.1,5,9.342659905596115,7.848751818892834,2282.746,7.848751818892834,2.4,0.6389165189617602,22.0,5.131376911792384,3.931175696464806,0.2600383888710184,0.044763017874082815,0.259999999948,510.913,0.41666666666666663,0.25,0.3333333333333333,0.3333333333333333,1.972238316179336,0.0,1.0,1.0,0.2,0.6,0.2,0.0,False,False,False,1,0.4655249859629422,0.1417181358787198,True,False,0.08333333333333333,0.25,0.4166666666666667,0.25
C00420,205.4,800.8000000000001,2,7.544120445443098,4.489503641460082,944.3,4.489503641460082,3.5,0.5347999967395705,51.0,6.129050210060545,0.0,0.0,0.0,0.0,0.0,0.14285714285714285,0.2857142857142857,0.5714285714285714,0.5714285714285714,1.4998645255114174,0.0,1.0,1.0,1.0,0.0,0.0,0.0,False,False,False,1,0.36765861875350925,0.03177989893318367,True,False,0.42857142857142855,0.14285714285714285,0.2857142857142857,0.14285714285714285
C00421,84.5,673.4,5,8.39558359380117,6.75603322161407,885.2940000000001,6.75603322161407,3.0,0.9482307085514864,62.0,4.738389029774314,5.033539009365008,0.8528649386299568,0.24045977946303926,0.259999999948,1064.388,0.26666666666666666,0.6666666666666667,0.06666666666666667,0.4,1.8225290971923473,1.0,0.0,0.0,0.0,0.4,0.4,0.2,False,False,False,1,0.22296462661426164,0.10011229646266143,True,False,0.4666666666666667,0.26666666666666666,0.06666666666666667,0.2
C00422,50.7,938.6,11,10.16538863282731,7.986663014912182,2362.450909090909,7.986663014912182,2.6363636363636362,0.8892765397849498,44.0,4.238444906195857,4.016045687989061,0.5864948041967125,0.14301672838992543,0.4727272726842975,3716.57,0.4482758620689655,0.3793103448275862,0.1724137931034483,0.3448275862068966,1.9433355953677338,0.0,0.0,1.0,0.18181818181818182,0.6363636363636364,0.09090909090909091,0.09090909090909091,False,False,True,0,0.5048287478944413,0.11400898371701296,False,True,0.13793103448275862,0.20689655172413793,0.3103448275862069,0.3448275862068966
C00423,286.0,864.5,4,9.205323810044055,7.98041114307287,2487.24,7.98041114307287,3.25,0.9961457767684165,59.0,5.006180943746876,4.439670033661991,0.44762146803115627,0.0,0.0,0.0,0.3076923076923077,0.23076923076923078,0.46153846153846156,0.46153846153846156,1.7911653604507427,0.0,0.0,1.0,0.25,0.75,0.0,0.0,False,False,False,1,0.5201010668163952,0.03980909601347549,True,False,0.07692307692307693,0.15384615384615385,0.6153846153846154,0.15384615384615385
C00424,2.6,934.7,6,10.345422478166721,8.334094454196938,5185.548333333333,8.334094454196938,2.5,0.6079487191729779,35.0,4.972587226458726,4.3779625904112685,0.4373796490887037,0.010924527750038297,0.21666666663055556,339.89799999999997,0.6666666666666666,0.26666666666666666,0.06666666666666667,0.3333333333333333,1.6450370254684241,0.0,1.0,1.0,0.16666666666666666,0.5,0.16666666666666666,0.16666666666666666,False,True,False,0,0.6336608646827625,0.4527231892195395,True,False,0.2,0.13333333333333333,0.06666666666666667,0.6
C00425,161.20000000000002,739.7,4,9.054312097236947,7.924294251232356,2138.5874999999996,7.924294251232356,2.75,0.6716309107725503,48.0,5.006180943746876,4.110357505557761,0.33952620536851846,0.0,0.0,0.0,0.36363636363636365,0.5454545454545454,0.09090909090909091,0.2727272727272727,1.9487398748727103,0.0,0.0,1.0,0.0,0.25,0.25,0.5,False,False,False,1,0.36670409882088717,0.21669006176305444,False,True,0.45454545454545453,0.0,0.18181818181818182,0.36363636363636365
C00426,6.5,910.0,6,9.942970731242312,8.11114483723592,3467.41,8.11114483723592,2.6666666666666665,0.7934721026084851,27.0,4.941642422609304,4.583819510838555,0.5288813333716055,0.4004216403597882,0.4333333332611111,8330.556,0.5,0.375,0.125,0.3125,2.0069259405765636,1.0,0.0,0.0,0.16666666666666666,0.16666666666666666,0.5,0.16666666666666666,False,False,True,0,0.368893879842785,0.15189500280741153,True,False,0.125,0.3125,0.25,0.3125
C00427,301.6,774.8000000000001,6,9.756586613053209,7.940417005899182,2877.765,7.940417005899182,3.1666666666666665,0.7742870681652403,33.0,4.301358731606427,4.149514412939799,0.6190629140796625,0.0,0.0,0.0,0.3157894736842105,0.47368421052631576,0.21052631578947367,0.3157894736842105,2.01303615655389,0.0,0.0,1.0,0.5,0.16666666666666666,0.0,0.3333333333333333,True,False,False,0,0.4623806850084222,0.36489331836047156,True,False,0.21052631578947367,0.3684210526315789,0.10526315789473684,0.3157894736842105
C00428,169.0,643.5,4,9.322117854790449,7.601392043939746,2795.41,7.601392043939746,4.5,0.45574639440832615,49.0,4.809470649500821,4.158290246892469,0.41706191338486026,0.0,0.0,0.0,0.1111111111111111,0.6111111111111112,0.2777777777777778,0.3333333333333333,1.7185610968717924,1.0,0.0,0.0,0.25,0.5,0.25,0.0,True,False,False,0,0.36005053340819765,0.09755755193711396,True,False,0.2777777777777778,0.2222222222222222,0.2222222222222222,0.2777777777777778
C00429,126.10000000000001,809.9,6,10.046014798367693,7.846978484814686,3843.7816666666663,7.846978484814686,3.5,0.7996422445006162,64.0,4.665324108807838,4.701661615144817,0.7116536493086942,0.0,0.0,0.0,0.38095238095238093,0.2857142857142857,0.3333333333333333,0.3333333333333333,1.7625949989438288,1.0,0.0,0.0,0.16666666666666666,0.5,0.0,0.3333333333333333,False,False,False,1,0.7275407074677147,0.18196238068500847,False,True,0.047619047619047616,0.14285714285714285,0.2857142857142857,0.5238095238095238
C00430,127.4,422.5,4,8.977682957043122,7.854934306254909,1980.8125,7.854934306254909,2.75,1.1189222424187428,24.0,4.339467020255086,3.7205015418697065,0.42683652914018694,0.0,0.0,0.0,0.18181818181818182,0.5454545454545454,0.2727272727272727,0.45454545454545453,1.7767243676717654,0.0,1.0,1.0,0.25,0.75,0.0,0.0,True,False,False,0,0.5218697361033128,0.17768107804604155,False,True,0.09090909090909091,0.09090909090909091,0.5454545454545454,0.2727272727272727
C00431,431.6,579.8000000000001,3,9.610134765263556,8.23459320832283,4971.393333333333,8.23459320832283,3.0,0.6931471805599453,66.0,4.060443010546419,3.6109179126442243,0.48954822531191466,0.0,0.0,0.0,0.6666666666666666,0.1111111111111111,0.2222222222222222,0.4444444444444444,1.6549368375665132,0.0,1.0,1.0,0.3333333333333333,0.0,0.0,0.6666666666666666,False,False,True,0,0.7507018528916339,0.17796181920269516,True,False,0.2222222222222222,0.1111111111111111,0.0,0.6666666666666666
C00432,319.8,852.8000000000001,2,8.032655654761465,5.855484512482791,1539.455,5.855484512482791,4.0,0.881373587019543,51.0,6.018593214496234,0.0,0.0,0.0,0.0,0.0,0.125,0.375,0.5,0.5,1.5769098357738756,0.0,1.0,1.0,1.0,0.0,0.0,0.0,False,False,False,1,0.4644300954519932,0.046125772038180746,False,True,0.25,0.125,0.375,0.25
C00433,144.3,601.9,4,9.427592201131205,7.985053110202558,3106.3925,7.985053110202558,3.75,0.6716309107725503,58.0,4.773505500807306,4.855765266832301,0.7354729387248402,0.0,0.0,0.0,0.4,0.4,0.2,0.26666666666666666,2.062820119786462,0.0,0.0,1.0,0.0,0.75,0.25,0.0,False,False,True,0,0.5271476698483998,0.28549971925884343,False,True,0.26666666666666666,0.2,0.13333333333333333,0.4
C00434,790.4,834.6,2,6.598454531216753,4.765258846024361,366.48,4.765258846024361,2.0,0.0,32.0,3.5553480614894135,0.0,0.0,0.0,0.0,0.0,0.25,0.5,0.25,0.25,1.8021826694558578,1.0,0.0,0.0,0.5,0.0,0.5,0.0,False,False,False,1,0.2897248736664795,0.04329028635597981,True,False,0.5,0.25,0.25,0.0
C00435,470.6,921.7,3,8.963837350292488,8.108894345983119,2604.7633333333333,8.108894345983119,3.3333333333333335,0.4557463944083262,53.0,5.161924741642482,4.705015520957808,0.48926929825409365,0.0,0.0,0.0,0.5,0.30000000000000004,0.2,0.4,1.912051019218745,0.0,0.0,1.0,0.3333333333333333,0.3333333333333333,0.0,0.3333333333333333,False,False,True,0,0.30786075238629984,0.07448062886019091,False,True,0.4,0.2,0.1,0.3
C00436,737.1,748.8000000000001,2,9.157447904856411,8.675176120696062,4741.91,8.675176120696062,4.0,0.881373587019543,47.0,2.302585092994046,0.0,0.0,0.0,0.0,0.0,0.25,0.625,0.125,0.375,1.7171548460941186,1.0,0.0,0.0,0.0,0.5,0.5,0.0,True,False,False,0,0.34138124649073553,0.14957888826501964,False,True,0.5,0.0,0.25,0.25
C00437,74.10000000000001,912.6,6,10.18835441600309,7.886493049608378,4431.783333333333,7.886493049608378,2.6666666666666665,0.9185063976401735,50.0,4.867534450455582,4.8286104231009395,0.6737236792559297,0.3382780821866164,0.21666666663055556,8995.051,0.625,0.25,0.125,0.375,1.8999137680952314,0.0,1.0,1.0,0.3333333333333333,0.3333333333333333,0.0,0.3333333333333333,False,False,True,0,0.6975014037057833,0.2602049410443571,True,False,0.0625,0.125,0.25,0.5625
C00438,127.4,910.0,7,9.406287839629714,7.6705626987173074,1737.6614285714284,7.6705626987173074,3.4285714285714284,0.757948207409103,42.0,4.618415412738112,3.9579642854938166,0.4133012999766008,0.0,0.0,0.0,0.4166666666666667,0.5,0.08333333333333333,0.375,1.7837769404696895,1.0,0.0,0.0,0.0,0.2857142857142857,0.14285714285714285,0.5714285714285714,False,False,True,0,0.4102751263335205,0.24820325659741715,False,True,0.375,0.16666666666666666,0.25,0.20833333333333334
C00439,178.1,828.1,7,10.035853516312192,7.971041881744055,3261.36,7.971041881744055,3.2857142857142856,0.9568826012838838,64.0,4.43477720005941,4.163641384271823,0.5651223607284478,0.0,0.0,0.0,0.3913043478260869,0.5217391304347826,0.08695652173913043,0.2608695652173913,1.9885797774384175,1.0,0.0,0.0,0.14285714285714285,0.2857142857142857,0.0,0.5714285714285714,False,False,False,1,0.34351487928130264,0.22192588433464344,False,True,0.34782608695652173,0.21739130434782608,0.17391304347826086,0.2608695652173913
C00440,131.3,913.9,6,9.166220236229277,7.839889899458131,1594.5649999999998,7.839889899458131,3.0,0.9833211655177317,52.0,4.799090878625398,4.49823664781501,0.5527509845631362,0.0,0.0,0.0,0.33333333333333337,0.3333333333333333,0.3333333333333333,0.3333333333333333,1.8992619720383603,0.0,0.0,1.0,0.16666666666666666,0.16666666666666666,0.3333333333333333,0.3333333333333333,False,False,False,1,0.36445816956765864,0.18162549129702416,True,False,0.16666666666666666,0.4444444444444444,0.1111111111111111,0.2777777777777778
C00441,180.70000000000002,938.6,5,10.22537211887594,8.409010882801622,5518.702,8.409010882801622,3.4,0.7608878000194386,21.0,4.988730458708206,4.7848477427597755,0.5956956117736087,0.0,0.0,0.0,0.5294117647058824,0.29411764705882354,0.17647058823529413,0.29411764705882354,2.0336811337605987,1.0,0.0,0.0,0.2,0.4,0.0,0.4,False,True,False,0,0.839921392476137,0.4359348680516564,True,False,0.17647058823529413,0.17647058823529413,0.17647058823529413,0.47058823529411764
C00442,97.5,97.5,1,6.763353589608416,0.0,864.54,0.0,2.0,0.0,39.0,0.0,0.0,0.0,1.2999999999984964,1.2999999987,1123.902,0.0,0.5,0.5,0.5,0.9010913347279289,0.0,1.0,1.0,0.0,1.0,0.0,0.0,False,False,False,1,0.5749017405951713,0.0,False,True,0.0,0.0,1.0,0.0
C00443,241.8,885.3000000000001,5,9.86862018978746,8.150394006172217,3862.7339999999995,8.150394006172217,3.4,0.9228988853785496,40.0,4.826311734631628,4.5433341023811025,0.5604982667186275,0.0,0.0,0.0,0.29411764705882354,0.5294117647058824,0.17647058823529413,0.29411764705882354,1.96768348184519,1.0,0.0,0.0,0.2,0.4,0.2,0.2,False,False,False,1,0.4394722066254913,0.4284671532846716,True,False,0.29411764705882354,0.11764705882352941,0.23529411764705882,0.35294117647058826
C00444,299.0,735.8000000000001,4,9.20810287063599,7.90185688593225,2494.1625,7.90185688593225,1.75,0.6716309107725503,64.0,4.727387818712341,2.1734873957086327,0.06723199675353132,0.0,0.0,0.0,0.5714285714285714,0.42857142857142855,0.0,0.2857142857142857,1.7573191925765397,1.0,0.0,0.0,0.25,0.25,0.25,0.25,False,True,False,0,0.6432341381246491,0.40807130825379,True,False,0.0,0.14285714285714285,0.42857142857142855,0.42857142857142855
C00445,131.3,858.0,8,10.512471024918868,7.7921400256453115,4596.2787499999995,7.7921400256453115,3.375,0.723026403199168,50.0,4.39268392914787,3.6276232501978423,0.37748396895095937,0.0,0.0,0.0,0.5185185185185185,0.2962962962962963,0.18518518518518517,0.2962962962962963,2.032395456142737,1.0,0.0,0.0,0.375,0.125,0.25,0.25,False,False,True,0,0.6191746209994385,0.3488910724312184,True,False,0.14814814814814814,0.18518518518518517,0.2222222222222222,0.4444444444444444
C00446,92.3,886.6,6,10.495912333617703,7.326862592217965,6027.7266666666665,7.326862592217965,3.0,0.8175354928516673,38.0,4.81380905109942,4.529349061775586,0.5598411571411175,0.2424425902966115,0.21666666663055556,8768.266,0.5555555555555556,0.2777777777777778,0.16666666666666666,0.3333333333333333,1.9420514440743855,0.0,0.0,1.0,0.0,0.16666666666666666,0.16666666666666666,0.6666666666666666,False,True,False,0,0.7321729365524986,0.3256035934868051,False,True,0.1111111111111111,0.05555555555555555,0.2777777777777778,0.5555555555555556
C00447,49.4,791.7,3,9.56829869203537,7.278064185301647,4767.686666666667,7.278064185301647,3.0,0.6931471805599453,31.0,5.6577385361547945,3.9415818076696905,0.1628691308666129,0.42104172114215976,0.4333333331888889,6022.185000000001,0.5555555555555556,0.2222222222222222,0.2222222222222222,0.3333333333333333,1.7795990689622851,0.0,1.0,1.0,0.0,0.6666666666666666,0.3333333333333333,0.0,False,True,False,0,0.4151038742279618,0.2379281302638967,True,False,0.0,0.3333333333333333,0.2222222222222222,0.4444444444444444
C00448,162.5,908.7,3,9.0321295545041,8.137978304784074,2788.8866666666668,8.137978304784074,2.3333333333333335,0.927240654712096,24.0,5.662960480135946,3.6109179126442243,0.1181701074626471,0.0,0.0,0.0,0.42857142857142855,0.5714285714285714,0.0,0.42857142857142855,1.660144537305981,0.0,1.0,1.0,0.0,0.0,0.3333333333333333,0.6666666666666666,False,False,False,1,0.510555867490174,0.3669006176305447,False,True,0.2857142857142857,0.2857142857142857,0.0,0.42857142857142855
C00449,211.9,865.8000000000001,4,8.126559551311965,5.905189977305349,845.535,5.905189977305349,3.25,0.9162907318741551,39.0,5.127924380619356,5.137337228459665,0.6978927491708538,0.0,0.0,0.0,0.23076923076923078,0.5384615384615385,0.23076923076923078,0.38461538461538464,1.7319183991700926,1.0,0.0,0.0,0.25,0.25,0.25,0.25,True,False,False,0,0.3748455923638405,0.09869455362156088,True,False,0.3076923076923077,0.23076923076923078,0.38461538461538464,0.07692307692307693
C00450,393.90000000000003,885.3000000000001,4,9.980086954214515,7.361314177678912,5397.797500000001,7.361314177678912,2.75,0.6716309107725503,33.0,4.844187086458591,4.664590800174877,0.6066644567499083,0.0,0.0,0.0,0.7272727272727273,0.18181818181818182,0.09090909090909091,0.36363636363636365,1.8065855495790761,1.0,0.0,0.0,0.0,0.25,0.0,0.75,False,True,False,0,0.8265861875350926,0.10179674340258282,True,False,0.09090909090909091,0.09090909090909091,0.18181818181818182,0.6363636363636364
C00451,315.90000000000003,500.5,2,8.781454117621625,8.395530264358111,3255.67,8.395530264358111,2.0,0.881373587019543,40.0,4.962844630259907,0.0,0.0,0.0,0.0,0.0,0.75,0.25,0.0,0.5,1.3516370020918933,1.0,0.0,0.0,0.5,0.0,0.0,0.5,False,False,True,0,0.4684446939921393,0.2374508702975856,False,True,0.25,0.25,0.0,0.5
C00452,379.6,854.1,5,9.624385896134875,7.998297241320325,3025.652,7.998297241320325,3.0,0.9482307085514864,44.0,4.524502282920636,3.3726163588962037,0.2689156259218154,0.0,0.0,0.0,0.4,0.3333333333333333,0.26666666666666666,0.26666666666666666,1.9585736145711299,0.0,0.0,1.0,0.4,0.2,0.2,0.2,False,False,False,1,0.4498034811903425,0.08944413250982591,False,True,0.06666666666666667,0.3333333333333333,0.26666666666666666,0.3333333333333333
C00453,58.5,886.6,7,9.668977774711415,7.924888432625042,2259.738571428571,7.924888432625042,3.857142857142857,0.8523644683967538,37.0,4.674385255009565,4.142084659617793,0.45955210915350847,0.1358468141384158,0.1857142856877551,2148.848,0.37037037037037035,0.4074074074074074,0.2222222222222222,0.2962962962962963,1.9764171259118588,0.0,1.0,1.0,0.42857142857142855,0.14285714285714285,0.14285714285714285,0.2857142857142857,False,False,True,0,0.44654688377316115,0.28155530600786083,True,False,0.18518518518518517,0.25925925925925924,0.25925925925925924,0.2962962962962963
C00454,33.800000000000004,949.0,9,10.586078461197705,7.957690367111826,4397.663333333334,7.957690367111826,3.3333333333333335,0.8428059248189437,52.0,4.48863636973214,4.097617633034286,0.514433013772471,0.18410456361041777,0.14444444442839505,7286.668999999999,0.4666666666666667,0.4,0.13333333333333333,0.26666666666666666,2.0555640842108835,1.0,0.0,0.0,0.3333333333333333,0.3333333333333333,0.1111111111111111,0.2222222222222222,False,False,True,0,0.6055025266704099,0.38938798427849525,False,True,0.2,0.2,0.13333333333333333,0.4666666666666667
C00455,365.3,539.5,4,9.093759363595465,8.095174605885544,2224.645,8.095174605885544,2.5,0.828985980393698,50.0,3.821368637160015,3.9543552555938772,0.7633349051237237,0.0,0.0,0.0,0.4,0.4,0.2,0.3,1.956224768785548,0.0,1.0,1.0,0.25,0.5,0.25,0.0,False,False,False,1,0.3559236384053902,0.21528635597978663,True,False,0.3,0.1,0.2,0.4
C00456,223.6,891.8000000000001,6,9.329746090370529,7.768868810159166,1877.8783333333333,7.768868810159166,4.0,0.8175354928516673,28.0,4.642465970731788,4.311374968185638,0.5396451136964656,0.0,0.0,0.0,0.20833333333333331,0.5833333333333333,0.20833333333333334,0.3333333333333333,1.9118036043650708,0.0,1.0,1.0,0.3333333333333333,0.16666666666666666,0.16666666666666666,0.3333333333333333,True,False,False,0,0.335513756316676,0.1420550252667041,False,True,0.2916666666666667,0.3333333333333333,0.2916666666666667,0.08333333333333333
C00457,150.8,728.0,3,9.507566752270884,8.098184333679411,4486.733333333333,8.098184333679411,2.0,0.6931471805599453,37.0,5.407171771460119,3.332204510175204,0.11477551459193974,0.0,0.0,0.0,0.6666666666666666,0.16666666666666666,0.16666666666666666,0.3333333333333333,1.7285597535111856,1.0,0.0,0.0,0.0,0.6666666666666666,0.0,0.3333333333333333,False,True,False,0,0.7925884334643458,0.07647389107243119,True,False,0.0,0.16666666666666666,0.0,0.8333333333333334
C00458,46.800000000000004,635.7,4,7.7870085127537285,6.036295064827186,602.025,6.036295064827186,2.25,1.0622834654819937,47.0,5.0238805208462765,3.315841300196575,0.16194740577337516,0.2372293509404771,0.32499999991875,571.272,0.2222222222222222,0.5555555555555556,0.2222222222222222,0.3333333333333333,1.7795990689622851,0.0,1.0,1.0,0.0,0.5,0.5,0.0,True,False,False,0,0.42908478382930937,0.35478663672094335,True,False,0.2222222222222222,0.4444444444444444,0.2222222222222222,0.1111111111111111
C00459,137.8,790.4,7,9.767178018734286,7.974967748358084,2492.921428571429,7.974967748358084,3.0,0.927240654712096,20.0,4.438721978350427,4.350528534932594,0.649495554488836,0.0,0.0,0.0,0.38095238095238093,0.47619047619047616,0.14285714285714285,0.23809523809523808,2.0709866860358885,0.0,0.0,1.0,0.2857142857142857,0.2857142857142857,0.14285714285714285,0.2857142857142857,False,False,False,1,0.3570466030320045,0.185513756316676,True,False,0.2857142857142857,0.23809523809523808,0.19047619047619047,0.2857142857142857
C00460,301.6,884.0,7,10.219443986183261,8.109994594259796,3918.63,8.109994594259796,2.5714285714285716,0.42821924718591803,30.0,4.326337728813293,3.711501335537855,0.4282556911240283,0.0,0.0,0.0,0.6111111111111112,0.2777777777777778,0.1111111111111111,0.3888888888888889,1.872626264070232,0.0,0.0,1.0,0.2857142857142857,0.14285714285714285,0.42857142857142855,0.14285714285714285,False,False,True,0,0.7058955642897249,0.4213644020213363,False,True,0.2222222222222222,0.2222222222222222,0.05555555555555555,0.5
C00461,107.9,603.2,3,9.552470145938031,7.973372966900453,4692.81,7.973372966900453,2.3333333333333335,0.45574639440832615,50.0,5.2548878086207,5.244389024522481,0.6878840105130599,0.5796855189108032,0.4333333331888889,8161.062,0.7142857142857142,0.0,0.2857142857142857,0.42857142857142855,1.4026898702408583,0.0,1.0,1.0,0.0,0.3333333333333333,0.0,0.6666666666666666,False,False,True,0,0.7834924199887704,0.07647389107243119,True,False,0.0,0.14285714285714285,0.0,0.8571428571428571
C00462,865.8000000000001,915.2,2,9.171222133572185,8.678042347303494,4807.6849999999995,8.678042347303494,3.5,0.5347999967395705,42.0,3.6635616461296463,0.0,0.0,0.0,0.0,0.0,0.7142857142857142,0.14285714285714285,0.14285714285714285,0.42857142857142855,1.6601445373059809,1.0,0.0,0.0,0.0,0.0,1.0,0.0,False,False,True,0,0.5723189219539585,0.2537900056148231,False,True,0.0,0.42857142857142855,0.14285714285714285,0.42857142857142855
C00463,41.6,830.7,5,9.580873052410958,8.122228979136931,2896.812,8.122228979136931,3.2,0.6079487191729779,26.0,5.028802598051705,4.509464847942922,0.4651449525840516,0.030229093223859187,0.259999999948,437.84000000000003,0.375,0.625,0.0,0.375,1.7171548460941188,1.0,0.0,0.0,0.2,0.8,0.0,0.0,False,False,False,1,0.32807411566535655,0.3531162268388546,True,False,0.3125,0.3125,0.125,0.25
C00464,57.2,887.9,9,9.869306996425088,7.822082022824027,2147.4377777777777,7.822082022824027,2.7777777777777777,0.9088091086856578,55.0,4.392904752821065,4.1514944220071595,0.5782042511652244,0.4895971115965337,0.4333333332851852,9462.414,0.36000000000000004,0.48,0.16,0.28,1.9977328353830492,0.0,0.0,1.0,0.0,0.3333333333333333,0.3333333333333333,0.3333333333333333,False,False,True,0,0.550477259966311,0.222515440763616,False,True,0.2,0.16,0.32,0.32
C00465,595.4,885.3000000000001,3,9.871789433587551,6.413938206663873,6458.326666666667,6.413938206663873,3.6666666666666665,0.45574639440832615,42.0,4.722953221644475,4.66814498514948,0.6658727626359258,0.0,0.0,0.0,0.45454545454545453,0.36363636363636365,0.18181818181818182,0.2727272727272727,2.0724167088534218,0.0,1.0,1.0,0.3333333333333333,0.3333333333333333,0.3333333333333333,0.0,False,True,False,0,0.5918585064570466,0.21746209994385168,True,False,0.18181818181818182,0.18181818181818182,0.09090909090909091,0.5454545454545454
C00466,375.7,634.4,4,10.047230256806854,8.42660607419375,5772.6849999999995,8.42660607419375,3.5,1.005052538742381,56.0,4.209655408733095,3.429064199065856,0.37154028678293766,0.0,0.0,0.0,0.42857142857142855,0.5714285714285714,0.0,0.35714285714285715,1.7338568353636525,1.0,0.0,0.0,0.25,0.75,0.0,0.0,False,False,False,1,0.4192026951151039,0.44592925322852334,False,True,0.42857142857142855,0.21428571428571427,0.07142857142857142,0.2857142857142857
C00467,279.5,431.6,2,9.128967613510445,8.40413386440635,4608.75,8.40413386440635,3.5,0.5347999967395705,37.0,4.770684624465665,0.0,0.0,0.0,0.0,0.0,0.7142857142857142,0.2857142857142857,0.0,0.42857142857142855,1.6601445373059809,0.0,1.0,1.0,0.0,0.5,0.0,0.5,False,False,True,0,0.674171813587872,0.153621560920831,True,False,0.14285714285714285,0.0,0.2857142857142857,0.5714285714285714
C00468,361.40000000000003,917.8000000000001,7,10.275349340355278,8.382665824591648,4143.95,8.382665824591648,2.4285714285714284,0.8743332020491272,20.0,4.28128506487235,4.167231206002059,0.636946509412146,0.0,0.0,0.0,0.5294117647058824,0.29411764705882354,0.17647058823529413,0.29411764705882354,1.77635314343353,0.0,0.0,1.0,0.14285714285714285,0.7142857142857143,0.14285714285714285,0.0,False,True,False,0,0.56771476698484,0.32464907355418304,False,True,0.0,0.11764705882352941,0.35294117647058826,0.5294117647058824
C00469,145.6,887.9,7,10.181376453034634,8.012876228042153,3772.2557142857145,8.012876228042153,3.4285714285714284,0.8743332020491272,27.0,4.566082797280044,4.088158134136458,0.4800013838522215,0.0,0.0,0.0,0.33333333333333337,0.4583333333333333,0.20833333333333334,0.3333333333333333,2.0015507816721274,0.0,1.0,1.0,0.14285714285714285,0.42857142857142855,0.14285714285714285,0.2857142857142857,False,False,False,1,0.7853453116226838,0.2426445816956766,True,False,0.2916666666666667,0.16666666666666666,0.041666666666666664,0.5
C00470,208.0,751.4,7,10.125878020354131,7.963711053878385,3568.597142857143,7.963711053878385,3.0,0.881373587019543,55.0,4.257973986003903,3.9103649023530536,0.5318981750754915,0.0,0.0,0.0,0.38095238095238093,0.5238095238095237,0.09523809523809523,0.2857142857142857,2.0218451539974405,0.0,1.0,1.0,0.42857142857142855,0.14285714285714285,0.42857142857142855,0.0,True,False,False,0,0.4394722066254913,0.3804884896125773,True,False,0.2857142857142857,0.14285714285714285,0.23809523809523808,0.3333333333333333
C00471,263.90000000000003,852.8000000000001,6,10.081859235505663,7.900785475084914,3984.065,7.900785475084914,2.8333333333333335,0.7742870681652403,59.0,4.517431271680085,4.7760603939759365,0.8322180736544887,0.0,0.0,0.0,0.5882352941176471,0.058823529411764705,0.35294117647058826,0.35294117647058826,1.6149315591683107,1.0,0.0,0.0,0.16666666666666666,0.0,0.0,0.8333333333333334,False,False,False,1,0.7512914093206065,0.2030741156653566,True,False,0.0,0.17647058823529413,0.29411764705882354,0.5294117647058824
C00472,26.0,785.2,5,9.522362555872716,7.762729465058739,2732.1699999999996,7.762729465058739,3.2,0.8345775047772536,43.0,4.990432586778736,4.345298391300643,0.41958884442381117,0.3636804444818321,0.259999999948,4968.184,0.5,0.375,0.125,0.3125,2.0069259405765636,0.0,0.0,1.0,0.0,0.2,0.6,0.2,False,False,True,0,0.3961819202695115,0.5075800112296462,True,False,0.3125,0.25,0.125,0.3125
C00473,27.3,938.6,11,10.620469905018506,8.335436223232971,3723.9872727272727,8.335436223232971,2.8181818181818183,0.9045947766578883,42.0,4.264087336809195,3.8341874744820363,0.4980987168561061,0.46285191385771596,0.23636363634214874,18960.200999999997,0.45161290322580644,0.4193548387096774,0.12903225806451613,0.25806451612903225,2.0611461791321504,0.0,1.0,1.0,0.09090909090909091,0.36363636363636365,0.09090909090909091,0.45454545454545453,False,True,False,0,0.5660303200449186,0.3592644581695676,False,True,0.22580645161290322,0.1935483870967742,0.16129032258064516,0.41935483870967744
C00474,322.40000000000003,726.7,4,9.893163441835975,8.085800867856914,4948.3949999999995,8.085800867856914,2.5,0.8289859803936981,52.0,4.650780697240144,4.049518218541737,0.4342211491215789,0.0,0.0,0.0,0.5,0.4,0.1,0.3,1.956224768785548,1.0,0.0,0.0,0.0,0.25,0.25,0.5,False,True,False,0,0.7010948905109489,0.3740454800673779,False,True,0.2,0.0,0.2,0.6
C00475,497.90000000000003,559.0,3,9.390575587205698,8.07936101706556,3991.33,8.07936101706556,3.6666666666666665,0.9272406547120959,57.0,3.1986731175506815,2.1400661634962708,0.27698678332473786,0.0,0.0,0.0,0.5454545454545454,0.2727272727272727,0.18181818181818182,0.36363636363636365,1.970420337711427,0.0,0.0,1.0,0.3333333333333333,0.3333333333333333,0.0,0.3333333333333333,False,False,True,0,0.3185289163391353,0.11151038742279623,False,True,0.09090909090909091,0.6363636363636364,0.0,0.2727272727272727
C00476,59.800000000000004,902.2,6,10.23668407270881,7.880079243046169,4651.238333333334,7.880079243046169,2.8333333333333335,0.7742870681652403,29.0,4.8721392168423305,4.797792027234503,0.6563776224042553,0.03985884762588172,0.21666666663055556,1112.3580000000002,0.6470588235294117,0.17647058823529413,0.17647058823529413,0.4117647058823529,1.7134309422237846,0.0,1.0,1.0,0.3333333333333333,0.3333333333333333,0.16666666666666666,0.16666666666666666,False,False,True,0,0.7244806288601909,0.1700308815272319,False,True,0.058823529411764705,0.058823529411764705,0.29411764705882354,0.5882352941176471
C00477,75.4,860.6,4,9.763823105408154,7.88656734888421,4348.0,7.88656734888421,3.25,0.9162907318741551,28.0,5.309916502391388,5.169496365246666,0.6250516023035658,0.4692422953081607,0.32499999991875,8161.062,0.5384615384615385,0.3076923076923077,0.15384615384615385,0.3076923076923077,2.0344444253156415,0.0,0.0,1.0,0.75,0.0,0.0,0.25,False,False,True,0,0.5356260527793375,0.1386299831555305,False,True,0.15384615384615385,0.23076923076923078,0.07692307692307693,0.5384615384615384
C00478,604.5,604.5,1,9.311230409922441,0.0,11060.55,0.0,5.0,0.0,62.0,0.0,0.0,0.0,0.0,0.0,0.0,0.4,0.2,0.4,0.4,1.3713962183819874,0.0,1.0,1.0,1.0,0.0,0.0,0.0,False,True,False,0,0.6029758562605277,0.0,True,False,0.2,0.0,0.4,0.4
C00479,189.8,835.9,5,9.780194426676415,7.935225842899279,3535.818,7.935225842899279,4.2,0.7397659962052513,51.0,4.830311739964974,4.855423192574349,0.7058827696295981,0.0,0.0,0.0,0.5238095238095237,0.38095238095238093,0.09523809523809523,0.42857142857142855,1.8107458631747275,0.0,1.0,1.0,0.0,0.6,0.2,0.2,False,False,True,0,0.4355418304323414,0.3471083660864683,True,False,0.09523809523809523,0.3333333333333333,0.23809523809523808,0.3333333333333333
C00480,16.900000000000002,924.3000000000001,7,10.015571713744176,7.97981979815691,3195.8771428571426,7.97981979815691,3.5714285714285716,0.757948207409103,26.0,4.9459189793765646,4.546103127338556,0.5116749283172779,0.3648031347530629,0.1857142856877551,8161.062,0.28,0.56,0.16,0.32,2.0123799653325967,0.0,0.0,1.0,0.14285714285714285,0.2857142857142857,0.14285714285714285,0.42857142857142855,True,False,False,0,0.29247613700168446,0.2587871982032566,False,True,0.24,0.36,0.12,0.28
C00481,257.40000000000003,882.7,5,10.325342936538386,8.201479835597024,6098.952,8.201479835597024,4.0,0.6931471805599453,58.0,4.7978545298175925,4.742760637157709,0.6657505544386318,0.0,0.0,0.0,0.8,0.15,0.05,0.55,1.4426601177379894,0.0,0.0,1.0,0.2,0.6,0.0,0.2,False,False,True,0,0.6134194272880404,0.13986524424480629,False,True,0.25,0.05,0.25,0.45
C00482,35.1,886.6,4,9.73141430199824,7.70882812821713,4209.3375,7.70882812821713,2.75,0.4054651081081644,27.0,5.390592642657207,4.586537106146282,0.3680954096732924,0.27078613914895927,0.32499999991875,4559.321,0.7272727272727273,0.18181818181818182,0.09090909090909091,0.45454545454545453,1.7767243676717654,0.0,1.0,1.0,0.25,0.0,0.0,0.75,False,False,True,0,0.754884896125772,0.056049971925884234,True,False,0.09090909090909091,0.09090909090909091,0.18181818181818182,0.6363636363636364
C00483,13.0,798.2,5,9.625465999969476,7.996661546137801,3028.922,7.996661546137801,2.8,0.6079487191729779,23.0,5.0238805208462765,5.13343467980492,0.7497861086632078,0.6269191481325286,0.519999999896,9494.446,0.2857142857142857,0.5714285714285714,0.14285714285714285,0.35714285714285715,1.9913115024287749,0.0,1.0,1.0,0.2,0.2,0.4,0.2,True,False,False,0,0.39943851768669286,0.48455923638405385,True,False,0.21428571428571427,0.21428571428571427,0.2857142857142857,0.2857142857142857
C00484,315.90000000000003,858.0,3,9.871691885376594,7.796135692579102,6457.696666666667,7.796135692579102,4.333333333333333,0.7676517525907619,41.0,5.344723739362192,3.449987545831587,0.13652451069204247,0.0,0.0,0.0,0.5384615384615385,0.3076923076923077,0.15384615384615385,0.3076923076923077,1.9821196109391868,0.0,0.0,1.0,0.0,0.3333333333333333,0.3333333333333333,0.3333333333333333,False,True,False,0,0.6055025266704099,0.0806569343065694,True,False,0.07692307692307693,0.23076923076923078,0.3076923076923077,0.38461538461538464
C00485,127.4,924.3000000000001,4,9.487438632968319,8.08328837911191,3297.99,8.08328837911191,2.5,0.8289859803936981,28.0,5.32463467486541,5.169366220616715,0.6181442182099174,0.0,0.0,0.0,0.5,0.4,0.1,0.3,2.0242470274749396,1.0,0.0,0.0,0.0,0.5,0.0,0.5,False,False,True,0,0.6423638405390231,0.358113419427288,False,True,0.3,0.1,0.2,0.4
C00486,23.400000000000002,923.0,5,10.028427582366959,8.063751283995028,4532.122,8.063751283995028,3.6,0.43678453268671025,63.0,5.159055299214529,4.806538043379205,0.5313334107796776,0.049970058175836836,0.259999999948,1132.352,0.5,0.2777777777777778,0.2222222222222222,0.3333333333333333,1.9420514440743855,1.0,0.0,0.0,0.4,0.2,0.2,0.2,False,False,True,0,0.5171252105558675,0.2442448062886019,False,True,0.05555555555555555,0.2222222222222222,0.3333333333333333,0.3888888888888889
C00487,231.4,846.3000000000001,5,9.988718011298554,8.38424883845463,4355.6720000000005,8.38424883845463,3.2,0.6079487191729779,58.0,4.781222129768451,3.9562499058189227,0.36011664327770143,0.0,0.0,0.0,0.5625,0.25,0.1875,0.3125,2.0069259405765636,1.0,0.0,0.0,0.2,0.8,0.0,0.0,False,False,True,0,0.7138124649073554,0.3024143739472206,True,False,0.1875,0.125,0.1875,0.5
C00488,230.1,795.6,4,8.933062652706374,7.9830513470399085,1894.36,7.9830513470399085,1.5,0.45574639440832615,26.0,4.983606621708336,4.079675821515816,0.33709420704042037,0.0,0.0,0.0,0.6666666666666666,0.3333333333333333,0.0,0.5,1.3148255441195573,0.0,0.0,1.0,0.25,0.5,0.25,0.0,False,False,True,0,0.5244244806288602,0.27418585064570467,True,False,0.0,0.3333333333333333,0.16666666666666666,0.5
C00489,146.9,832.0,6,9.199161116304147,7.775472471305258,1647.9716666666666,7.775472471305258,2.5,0.7996422445006162,25.0,4.667205576907544,4.008852737960424,0.4141787036168172,0.0,0.0,0.0,0.39999999999999997,0.4666666666666667,0.13333333333333333,0.3333333333333333,1.9366754145057685,0.0,1.0,1.0,0.16666666666666666,0.3333333333333333,0.16666666666666666,0.3333333333333333,False,False,True,0,0.46322290847838293,0.14407636159460974,True,False,0.2,0.2,0.3333333333333333,0.26666666666666666
C00490,161.20000000000002,650.0,4,9.649470403765832,8.004948518024241,3878.1425,8.004948518024241,3.25,0.9162907318741551,49.0,4.838923916414316,4.337634492542732,0.4716294753531893,0.0,0.0,0.0,0.46153846153846156,0.23076923076923078,0.3076923076923077,0.3076923076923077,1.9481398035801074,1.0,0.0,0.0,0.5,0.25,0.0,0.25,False,False,False,1,0.5150758001122965,0.2548708590679394,True,False,0.07692307692307693,0.23076923076923078,0.23076923076923078,0.46153846153846156
C00491,20.8,795.6,10,10.534022355751963,8.01453127500735,3757.13,8.01453127500735,3.2,0.801675341365909,20.0,4.208003880694622,4.6783698638802855,0.9592157412058867,0.3256451333863794,0.389999999961,12234.911,0.53125,0.375,0.09375,0.34375,1.9829772057013273,0.0,1.0,1.0,0.3,0.3,0.2,0.2,False,False,True,0,0.3664514317798989,0.5301375631667603,True,False,0.25,0.25,0.125,0.375
C00492,88.4,885.3000000000001,6,9.948747206066464,7.8853082976190905,3487.498333333333,7.8853082976190905,3.6666666666666665,1.0120335713557185,35.0,4.817050545023591,5.000694288255955,0.7899253480158878,0.5278642427069009,0.4333333332611111,11045.554,0.5,0.2727272727272727,0.22727272727272727,0.36363636363636365,1.8895609702331184,0.0,0.0,1.0,0.16666666666666666,0.5,0.0,0.3333333333333333,False,False,True,0,0.5644020213363279,0.07930937675463223,True,False,0.045454545454545456,0.3181818181818182,0.3181818181818182,0.3181818181818182
C00493,521.3000000000001,521.3000000000001,1,8.77038008775635,0.0,6439.62,0.0,3.0,0.0,49.0,0.0,0.0,0.0,0.0,0.0,0.0,0.6666666666666666,0.3333333333333333,0.0,0.3333333333333333,1.4281959752685425,1.0,0.0,0.0,0.0,1.0,0.0,0.0,False,True,False,0,0.7058955642897249,0.0,False,True,0.0,0.3333333333333333,0.0,0.6666666666666666
C00494,341.90000000000003,599.3000000000001,4,9.639808424013642,8.155109193996353,3840.85,8.155109193996353,2.75,0.9162907318741551,52.0,4.204692619390966,3.8037922208560784,0.5096524184292516,0.0,0.0,0.0,0.45454545454545453,0.36363636363636365,0.18181818181818182,0.2727272727272727,2.0105782918630664,0.0,0.0,1.0,0.5,0.0,0.5,0.0,True,False,False,0,0.5915496911847277,0.3547164514317798,False,True,0.09090909090909091,0.18181818181818182,0.18181818181818182,0.5454545454545454
C00495,222.3,575.9,3,9.215068178266412,7.6312980488368405,3348.796666666667,7.6312980488368405,3.3333333333333335,0.4557463944083262,63.0,4.919980925828125,4.430816798843313,0.4764168440776621,0.0,0.0,0.0,0.5,0.3,0.2,0.3,1.7760065018399622,1.0,0.0,0.0,0.6666666666666666,0.0,0.0,0.3333333333333333,False,False,False,1,0.45306007860752384,0.10154407636159457,True,False,0.3,0.2,0.1,0.4
C00496,10.4,453.7,5,9.300238661155209,7.90271610502893,2187.926,7.90271610502893,2.2,0.8345775047772536,22.0,4.457250055911469,4.240899903126276,0.5895468632527299,0.8517011087211495,0.519999999896,9317.295,0.7272727272727273,0.2727272727272727,0.0,0.5454545454545454,1.519073927466014,0.0,0.0,1.0,0.6,0.0,0.0,0.4,False,False,True,0,0.5949466591802358,0.34087591240875914,True,False,0.18181818181818182,0.09090909090909091,0.45454545454545453,0.2727272727272727
C00497,221.0,856.7,5,9.904244266156145,8.094965778978818,4002.828,8.094965778978818,2.4,0.9228988853785496,66.0,4.814214812922799,4.212677279421181,0.4345518693353569,0.0,0.0,0.0,0.5,0.41666666666666663,0.08333333333333333,0.25,2.009049774151672,0.0,1.0,1.0,0.6,0.0,0.2,0.2,False,True,False,0,0.5341381246490735,0.4503649635036496,False,True,0.16666666666666666,0.16666666666666666,0.16666666666666666,0.5
C00498,561.6,820.3000000000001,3,9.483277774074047,8.198625328266587,4379.06,8.198625328266587,2.6666666666666665,0.9272406547120959,22.0,4.61015772749913,2.917770732084279,0.1620162906317058,0.0,0.0,0.0,0.625,0.375,0.0,0.375,1.7171548460941186,1.0,0.0,0.0,0.0,1.0,0.0,0.0,False,False,True,0,0.45120718697361034,0.204491858506457,False,True,0.0,0.5,0.0,0.5
C00499,14.3,934.7,7,10.310787642701133,8.26683042840809,4293.442857142857,8.26683042840809,3.5714285714285716,0.8743332020491272,48.0,4.77912349311153,4.404027033362549,0.5215117236206025,0.42718790447890875,0.5571428570632653,12838.748,0.56,0.32,0.12,0.36,1.858088801614085,0.0,1.0,1.0,0.14285714285714285,0.7142857142857143,0.14285714285714285,0.0,False,False,True,0,0.5264458169567658,0.3884053902302077,True,False,0.08,0.36,0.16,0.4
C00500,321.1,458.90000000000003,3,7.773506116801951,6.093354143798112,791.93,6.093354143798112,3.3333333333333335,0.927240654712096,38.0,3.9889840465642745,3.091042453358316,0.3337731796466935,0.0,0.0,0.0,0.1,0.6,0.3,0.3,1.7079842431505712,0.0,0.0,1.0,0.0,0.6666666666666666,0.0,0.3333333333333333,False,False,False,1,0.34351487928130264,0.2018248175182482,False,True,0.3,0.4,0.2,0.1
C00501,61.1,934.7,8,10.056934556269997,7.934804496673072,2914.49,7.934804496673072,3.375,0.7828667342439188,23.0,4.574710978503383,4.249455566613031,0.5420048054862882,0.3778655099176709,0.324999999959375,8810.282,0.3333333333333333,0.5925925925925926,0.07407407407407407,0.4074074074074074,1.8840789151730848,0.0,0.0,1.0,0.25,0.25,0.375,0.125,True,False,False,0,0.43220101066816397,0.28808253790005606,True,False,0.18518518518518517,0.25925925925925924,0.25925925925925924,0.2962962962962963
C00502,886.6,886.6,1,8.240081719456837,0.0,3788.85,0.0,5.0,0.0,28.0,0.0,0.0,0.0,0.0,0.0,0.0,0.4,0.4,0.2,0.2,2.092269286164331,1.0,0.0,0.0,0.0,0.0,0.0,1.0,False,True,False,0,0.4609208309938237,0.0,False,True,0.2,0.2,0.2,0.4
C00503,163.8,547.3000000000001,6,10.128747263204888,8.007565771315006,4175.326666666667,8.007565771315006,2.5,0.866430042484809,25.0,4.0943445622221,3.931119246638692,0.6134799895093342,0.0,0.0,0.0,0.6,0.33333333333333337,0.06666666666666667,0.3333333333333333,1.9366754145057685,0.0,0.0,1.0,0.16666666666666666,0.16666666666666666,0.5,0.16666666666666666,False,False,True,0,0.5920269511510388,0.41757439640651317,True,False,0.2,0.13333333333333333,0.2,0.4666666666666667
C00504,235.3,886.6,5,9.220586698622235,7.823330270788807,2020.398,7.823330270788807,3.0,0.9482307085514864,51.0,4.838264068155469,4.73168290079021,0.6408507066753519,0.0,0.0,0.0,0.26666666666666666,0.6666666666666667,0.06666666666666667,0.4666666666666667,1.814016220024827,0.0,1.0,1.0,0.2,0.4,0.2,0.2,True,False,False,0,0.24519932622122403,0.09489051094890513,False,True,0.3333333333333333,0.26666666666666666,0.2,0.2
C00505,81.9,887.9,6,10.309686724486825,7.872360717443145,5003.505,7.872360717443145,3.0,0.9357769712751458,28.0,4.8283137373023015,4.279922241880693,0.45392148869473026,0.17730144502036813,0.21666666663055556,5322.772,0.4444444444444444,0.2777777777777778,0.2777777777777778,0.2777777777777778,1.9565937594165494,0.0,0.0,1.0,0.16666666666666666,0.6666666666666666,0.16666666666666666,0.0,False,True,False,0,0.6337170129140932,0.5164795058955642,True,False,0.16666666666666666,0.16666666666666666,0.16666666666666666,0.5
C00506,492.7,916.5,8,9.91173742853409,7.817715989885981,2520.585,7.817715989885981,3.375,0.8787491646860062,33.0,3.8622323409251305,3.248409609109162,0.42620055845594296,0.0,0.0,0.0,0.3333333333333333,0.48148148148148145,0.18518518518518517,0.2962962962962963,2.032395456142737,0.0,1.0,1.0,0.125,0.25,0.5,0.125,True,False,False,0,0.43065693430656937,0.23523301516002243,True,False,0.3333333333333333,0.1111111111111111,0.2962962962962963,0.25925925925925924
C00507,20.8,946.4,4,9.588060797997995,8.06489028397222,3647.1375,8.06489028397222,2.5,0.45574639440832615,42.0,5.473670254025898,5.089494835809179,0.5185960977099242,0.1011267055327568,0.32499999991875,1475.2920000000001,0.6000000000000001,0.30000000000000004,0.1,0.4,1.912051019218745,0.0,0.0,1.0,0.25,0.5,0.0,0.25,False,False,True,0,0.5755193711398091,0.30739752947782145,False,True,0.2,0.1,0.1,0.6
C00508,157.3,592.8000000000001,4,10.160125839454247,8.3038230111235,6462.6375,8.3038230111235,4.0,0.596909690446534,57.0,4.724433606814909,4.879472005104321,0.774360563091857,0.0,0.0,0.0,0.5,0.4375,0.0625,0.3125,1.9162738728551665,0.0,1.0,1.0,0.0,1.0,0.0,0.0,False,True,False,0,0.6751824817518248,0.41650758001122956,True,False,0.25,0.1875,0.0625,0.5
C00509,154.70000000000002,796.9,7,10.111923880904508,7.999072263419892,3519.1442857142856,7.999072263419892,3.2857142857142856,0.8671555780502125,63.0,4.422848629194137,3.902729954906314,0.46343478235837776,0.0,0.0,0.0,0.3913043478260869,0.3913043478260869,0.21739130434782608,0.2608695652173913,2.03344813277787,0.0,1.0,1.0,0.42857142857142855,0.2857142857142857,0.14285714285714285,0.14285714285714285,True,False,False,0,0.5410443571027512,0.19087591240875912,True,False,0.13043478260869565,0.21739130434782608,0.21739130434782608,0.43478260869565216
C00510,222.3,444.6,4,9.917729650665779,8.561087011490013,5071.47,8.561087011490013,2.75,0.6716309107725503,39.0,4.060443010546419,3.8496848506209167,0.591466588685869,0.0,0.0,0.0,0.4545454545454546,0.4545454545454546,0.09090909090909091,0.36363636363636365,1.8065855495790761,0.0,0.0,1.0,0.5,0.25,0.0,0.25,False,True,False,0,0.7103593486805165,0.3424199887703536,False,True,0.18181818181818182,0.18181818181818182,0.18181818181818182,0.45454545454545453
C00511,124.80000000000001,822.9,6,9.856892676956443,7.927687090358864,3181.4133333333334,7.927687090358864,3.3333333333333335,0.7094119683444554,48.0,4.685828089005546,4.348350524982111,0.5370201436450995,0.0,0.0,0.0,0.3,0.5,0.2,0.3,2.046333902258341,1.0,0.0,0.0,0.16666666666666666,0.16666666666666666,0.3333333333333333,0.3333333333333333,True,False,False,0,0.4152161706906232,0.3203537338573835,False,True,0.25,0.15,0.3,0.3
C00512,553.8000000000001,934.7,5,8.262548653039966,6.537012608663537,774.992,6.537012608663537,2.2,0.8345775047772536,55.0,4.307437777682809,4.0674542141672525,0.5787055768228591,0.0,0.0,0.0,0.4545454545454546,0.5454545454545454,0.0,0.36363636363636365,1.6427507614467254,0.0,1.0,1.0,0.4,0.4,0.0,0.2,True,False,False,0,0.3900617630544638,0.21560920830993827,True,False,0.36363636363636365,0.2727272727272727,0.2727272727272727,0.09090909090909091
C00513,145.6,661.7,4,9.64642456145521,8.142318342808998,3866.3475,8.142318342808998,3.25,0.6716309107725503,45.0,4.892852258439873,4.486175973322644,0.5088244514356802,0.0,0.0,0.0,0.6153846153846154,0.15384615384615385,0.23076923076923078,0.46153846153846156,1.6525359243387536,0.0,0.0,1.0,0.25,0.5,0.25,0.0,False,False,True,0,0.5143177989893318,0.20920830993823697,True,False,0.07692307692307693,0.07692307692307693,0.46153846153846156,0.38461538461538464
C00514,16.900000000000002,757.9,6,9.874477294816524,8.146322516582723,3237.8549999999996,8.146322516582723,2.6666666666666665,0.9185063976401735,31.0,4.74493212836325,4.1124015630967365,0.4233926891463444,0.4854882321783771,0.4333333332611111,9431.643,0.3125,0.3125,0.375,0.375,1.8297912629351099,0.0,0.0,1.0,0.3333333333333333,0.5,0.16666666666666666,0.0,False,False,False,1,0.564486243683324,0.08218697361033134,False,True,0.1875,0.1875,0.3125,0.3125
C00515,3.9000000000000004,789.1,6,10.047690488649728,7.947115148145013,3850.228333333333,7.947115148145013,2.8333333333333335,0.6847077083112325,51.0,4.802380355275797,4.884751606347721,0.735521384225652,0.7203109166252599,0.4333333332611111,16640.169,0.47058823529411764,0.47058823529411764,0.058823529411764705,0.47058823529411764,1.5629624420308952,0.0,1.0,1.0,0.16666666666666666,0.3333333333333333,0.0,0.5,True,False,False,0,0.3432060640089837,0.19854014598540143,True,False,0.17647058823529413,0.4117647058823529,0.11764705882352941,0.29411764705882354
C00516,328.90000000000003,605.8000000000001,4,9.067133753510781,8.04881320106483,2166.1875,8.04881320106483,2.75,0.8146148592237981,36.0,4.276666119016055,3.8833871659449657,0.5129797584554718,0.0,0.0,0.0,0.4545454545454546,0.36363636363636365,0.18181818181818182,0.36363636363636365,1.9704203377114269,0.0,0.0,1.0,0.25,0.25,0.25,0.25,False,False,True,0,0.3199045480067378,0.29904548006737786,False,True,0.2727272727272727,0.18181818181818182,0.18181818181818182,0.36363636363636365
C00517,74.10000000000001,696.8000000000001,8,10.374068515092912,8.309523013553378,4002.1850000000004,8.309523013553378,2.75,0.8249382611234762,20.0,4.24029847484518,3.684589544464224,0.449440569419125,0.02338519458745587,0.1624999999796875,748.7349999999999,0.5454545454545454,0.40909090909090906,0.045454545454545456,0.3181818181818182,1.934754921371716,0.0,0.0,1.0,0.25,0.375,0.25,0.125,False,False,True,0,0.5564008983717013,0.5731190342504211,False,True,0.2727272727272727,0.13636363636363635,0.18181818181818182,0.4090909090909091
C00518,0.0,0.0,1,8.592666088778445,0.0,5390.969999999999,0.0,3.0,0.0,29.0,0.0,0.0,0.0,1.2999999999997587,1.2999999987,7008.2609999999995,0.3333333333333333,0.6666666666666666,0.0,0.3333333333333333,1.4281959752685425,0.0,0.0,1.0,0.0,1.0,0.0,0.0,False,True,False,0,0.46732172936552496,0.0,False,True,0.3333333333333333,0.0,0.3333333333333333,0.3333333333333333
C00519,28.6,722.8000000000001,3,8.976075204121463,8.197135134104258,2636.8399999999997,8.197135134104258,3.0,1.005052538742381,65.0,5.5909869805108565,5.442417710521793,0.621341367694646,1.1204556716876866,0.4333333331888889,8863.387,0.2222222222222222,0.6666666666666666,0.1111111111111111,0.3333333333333333,1.9042613003580569,1.0,0.0,0.0,0.0,0.6666666666666666,0.3333333333333333,0.0,False,False,False,1,0.4069062324536777,0.1779618192026951,True,False,0.3333333333333333,0.2222222222222222,0.2222222222222222,0.2222222222222222
C00520,3.9000000000000004,916.5,8,9.686909898464007,7.71091515800592,2013.05,7.71091515800592,3.125,0.8570512900435359,52.0,4.617945377476814,3.9335991627675697,0.4051171957508308,0.06775992896350887,0.1624999999796875,1091.233,0.44,0.32,0.24,0.36,1.9352838346928316,1.0,0.0,0.0,0.0,0.125,0.25,0.625,False,False,True,0,0.45359348680516565,0.2772318921953958,True,False,0.16,0.36,0.28,0.2
C00521,543.4,700.7,2,8.622225053073253,8.000899324910362,2776.365,8.000899324910362,3.5,0.5347999967395705,31.0,4.804021044733257,0.0,0.0,0.0,0.0,0.0,0.2857142857142857,0.5714285714285714,0.14285714285714285,0.42857142857142855,1.9175992043711032,1.0,0.0,0.0,0.0,0.5,0.0,0.5,True,False,False,0,0.3351487928130264,0.018641212801796758,True,False,0.14285714285714285,0.5714285714285714,0.14285714285714285,0.14285714285714285
C00522,408.2,895.7,3,9.076933543021855,7.987314110014793,2916.6966666666667,7.987314110014793,3.0,1.005052538742381,42.0,5.2390980068880655,0.9162907318741551,0.007968169649134547,0.0,0.0,0.0,0.6666666666666667,0.2222222222222222,0.1111111111111111,0.5555555555555556,1.694020124890235,0.0,1.0,1.0,0.3333333333333333,0.0,0.3333333333333333,0.3333333333333333,False,False,True,0,0.5324536777091522,0.18096574957888822,False,True,0.1111111111111111,0.1111111111111111,0.4444444444444444,0.3333333333333333
C00523,224.9,889.2,8,10.011482395305384,8.030914334467365,2784.98,8.030914334467365,3.0,0.7270871325290131,44.0,4.30406509320417,3.3909936715500724,0.33152307362129024,0.0,0.0,0.0,0.4583333333333333,0.5,0.041666666666666664,0.3333333333333333,1.878140448348124,1.0,0.0,0.0,0.25,0.0,0.375,0.375,False,False,True,0,0.36513194834362717,0.4611454239191465,False,True,0.375,0.16666666666666666,0.20833333333333334,0.25
C00524,111.8,804.7,5,10.017055494933157,7.999277461614389,4480.872,7.999277461614389,3.6,0.7608878000194387,67.0,4.899703733388974,4.3881741664344505,0.4678592930027881,0.08014274900063738,0.259999999948,1795.547,0.5,0.3333333333333333,0.16666666666666666,0.3333333333333333,2.004382559772271,1.0,0.0,0.0,0.0,0.0,0.4,0.6,False,False,True,0,0.7183043234138125,0.3003368893879843,False,True,0.2222222222222222,0.2222222222222222,0.0,0.5555555555555556
C00525,279.5,798.2,5,10.082188395783966,7.775234652266675,4782.451999999999,7.775234652266675,3.2,0.8345775047772536,41.0,4.612642200826793,4.811773933716853,0.7986559340712802,0.0,0.0,0.0,0.625,0.1875,0.1875,0.375,1.8999137680952314,0.0,1.0,1.0,0.4,0.6,0.0,0.0,False,False,True,0,0.7058955642897249,0.23554183043234145,True,False,0.125,0.0625,0.1875,0.625
C00526,568.1,893.1,5,10.25112366907617,8.38299592235468,5662.668,8.38299592235468,3.2,0.9095640372752173,32.0,4.151039905898646,3.812374316846054,0.5353958578629313,0.0,0.0,0.0,0.625,0.1875,0.1875,0.375,1.8999137680952316,1.0,0.0,0.0,0.4,0.0,0.0,0.6,False,True,False,0,0.7058955642897249,0.002863559797866344,False,True,0.1875,0.0625,0.0625,0.6875
C00527,9.1,876.2,5,9.540446674682737,8.195420831043542,2782.032,8.195420831043542,2.8,0.9719780738352177,29.0,5.122474775851791,4.434046920730545,0.40505230497608263,0.28567241498298473,0.259999999948,3973.7490000000003,0.5,0.42857142857142855,0.07142857142857142,0.2857142857142857,1.966186532006383,0.0,0.0,1.0,0.2,0.4,0.0,0.4,False,False,False,1,0.3869174620999439,0.6001122964626615,False,True,0.35714285714285715,0.14285714285714285,0.07142857142857142,0.42857142857142855
C00528,27.3,904.8000000000001,6,9.710437854472897,7.9330461070186695,2747.97,7.9330461070186695,3.0,0.7397659962052513,50.0,4.912654885736052,3.544472615995895,0.22238131565644256,0.5019633280809408,0.21666666663055556,8276.281,0.3888888888888889,0.5555555555555556,0.05555555555555555,0.2777777777777778,1.9138042873805245,0.0,1.0,1.0,0.3333333333333333,0.5,0.0,0.16666666666666666,False,False,False,1,0.48144300954519936,0.2774985962942168,True,False,0.2777777777777778,0.1111111111111111,0.2777777777777778,0.3333333333333333
C00529,58.5,925.6,8,10.44980212739242,8.03137538755163,4317.0675,8.03137538755163,2.375,0.5561949774250475,51.0,4.5673199618569935,4.199585152480955,0.5241789823916858,0.26718504517243863,0.324999999959375,9227.646999999999,0.5263157894736842,0.21052631578947367,0.2631578947368421,0.2631578947368421,1.9504745035337103,0.0,1.0,1.0,0.375,0.25,0.25,0.125,False,True,False,0,0.7267265581134195,0.15026670409882092,True,False,0.10526315789473684,0.10526315789473684,0.15789473684210525,0.631578947368421
C00530,471.90000000000003,808.6,2,8.714285127113643,8.05195187230579,3044.1400000000003,8.05195187230579,2.5,0.5347999967395705,43.0,5.560681631015528,0.0,0.0,0.0,0.0,0.0,1.0,0.0,0.0,0.8,0.6505231505996443,0.0,1.0,1.0,0.5,0.0,0.0,0.5,False,False,True,0,0.5621841661987648,0.023834924199887753,True,False,0.0,0.2,0.6,0.2
C00531,24.7,774.8000000000001,3,9.472136013269694,8.123752036778672,4330.536666666667,8.123752036778672,1.6666666666666667,0.45574639440832615,21.0,5.66815529701305,3.7495040759303713,0.13439756851193577,0.6281794173315987,0.4333333331888889,8161.062,0.8,0.2,0.0,0.4,1.3713962183819874,0.0,1.0,1.0,0.0,0.0,1.0,0.0,False,True,False,0,0.8588433464345873,0.13902302077484552,True,False,0.0,0.0,0.2,0.8
C00532,7.800000000000001,633.1,6,9.860643201931657,7.935063462223317,3193.3683333333333,7.935063462223317,3.1666666666666665,0.7742870681652403,55.0,4.576770711466393,4.594653748520435,0.7022216143077986,0.044394242025528705,0.21666666663055556,850.603,0.631578947368421,0.2631578947368421,0.10526315789473684,0.47368421052631576,1.7749796819732837,0.0,1.0,1.0,0.3333333333333333,0.6666666666666666,0.0,0.0,False,False,True,0,0.4827063447501404,0.1320044918585065,True,False,0.10526315789473684,0.3157894736842105,0.21052631578947367,0.3684210526315789
C00533,13.0,690.3000000000001,8,10.544294575148557,8.366940101029366,4744.905000000001,8.366940101029366,2.875,0.8992414040421934,57.0,4.323186134650948,3.7352043047304955,0.43791568759833094,0.23053817726592443,0.1624999999796875,8751.054,0.5217391304347826,0.34782608695652173,0.13043478260869565,0.30434782608695654,1.9791153832094026,0.0,1.0,1.0,0.125,0.375,0.125,0.375,False,True,False,0,0.48200449185850647,0.4147810218978102,True,False,0.08695652173913043,0.17391304347826086,0.17391304347826086,0.5652173913043478
C00534,126.10000000000001,834.6,8,9.87751876347886,7.931733030444834,2435.7887499999997,7.931733030444834,3.5,0.881373587019543,56.0,4.367637897221782,4.9360757505352,1.0207729430612933,0.0,0.0,0.0,0.21428571428571427,0.4285714285714286,0.35714285714285715,0.35714285714285715,1.934949850962519,1.0,0.0,0.0,0.125,0.25,0.125,0.5,False,False,False,1,0.3849522740033689,0.25915216170690625,True,False,0.25,0.25,0.25,0.25
C00535,57.2,464.1,3,9.02262429086492,8.135464747622258,2762.5,8.135464747622258,3.3333333333333335,0.45574639440832615,45.0,5.059425458265688,3.5115454388310208,0.1886910050783357,0.13522352941174837,0.4333333331888889,1120.665,0.5,0.4,0.1,0.4,1.912051019218745,1.0,0.0,0.0,0.3333333333333333,0.0,0.0,0.6666666666666666,False,False,True,0,0.4498034811903425,0.16075238629983157,True,False,0.3,0.1,0.3,0.3
C00536,412.1,782.6,5,9.824642918552273,7.961841353159506,3696.5339999999997,7.961841353159506,2.4,0.7608878000194387,63.0,4.2801323269925415,4.136846634758233,0.6230641897910691,0.0,0.0,0.0,0.6666666666666666,0.3333333333333333,0.0,0.3333333333333333,1.6718745379366928,0.0,1.0,1.0,0.4,0.0,0.2,0.4,False,True,False,0,0.7254912970241437,0.2500280741156654,False,True,0.08333333333333333,0.08333333333333333,0.25,0.5833333333333334
C00537,507.0,507.0,1,6.034380348084814,0.0,416.54,0.0,1.0,0.0,56.0,0.0,0.0,0.0,0.0,0.0,0.0,1.0,0.0,0.0,1.0,0.0,1.0,0.0,0.0,0.0,1.0,0.0,0.0,False,False,True,0,0.5431779898933183,0.0,True,False,0.0,0.0,1.0,0.0
C00538,182.0,908.7,5,9.93576595428307,8.056688302639795,4131.0199999999995,8.056688302639795,3.4,0.9228988853785496,51.0,4.9469852670198,4.488137364287167,0.4881984527115165,0.0,0.0,0.0,0.47058823529411764,0.23529411764705882,0.29411764705882354,0.29411764705882354,1.948361540611048,0.0,1.0,1.0,0.0,0.6,0.2,0.2,False,False,False,1,0.7058955642897249,0.1630544637843908,False,True,0.058823529411764705,0.17647058823529413,0.23529411764705882,0.5294117647058824
C00539,196.3,742.3000000000001,4,9.09879409723127,7.716939133027265,2235.875,7.716939133027265,2.5,0.6931471805599453,51.0,4.948759890378168,3.744494114483737,0.2584423481801276,0.0,0.0,0.0,0.30000000000000004,0.6000000000000001,0.1,0.4,1.912051019218745,0.0,1.0,1.0,0.25,0.5,0.0,0.25,True,False,False,0,0.5215889949466592,0.20842223469960697,False,True,0.3,0.1,0.4,0.2
C00540,404.3,734.5,7,9.633426644752848,7.835443859743893,2180.808571428571,7.835443859743893,3.0,0.6931471805599453,61.0,3.7689221617874726,3.8560227369875824,0.7386730512389861,0.0,0.0,0.0,0.2857142857142857,0.5714285714285714,0.14285714285714285,0.2857142857142857,1.9937387408003275,1.0,0.0,0.0,0.0,0.42857142857142855,0.42857142857142855,0.14285714285714285,False,False,False,1,0.21235261089275687,0.36086468276249295,True,False,0.38095238095238093,0.23809523809523808,0.14285714285714285,0.23809523809523808
C00541,358.8,665.6,7,9.842829492660648,7.927428865065797,2688.842857142857,7.927428865065797,2.857142857142857,0.8523644683967538,46.0,3.6971782569286313,3.654901607251348,0.6716947740367479,0.0,0.0,0.0,0.25,0.55,0.2,0.3,2.007823377425918,0.0,1.0,1.0,0.2857142857142857,0.42857142857142855,0.0,0.2857142857142857,False,False,False,1,0.3742841100505334,0.3683604716451432,False,True,0.35,0.1,0.25,0.3
C00542,383.5,851.5,3,9.03131537555138,8.1292148023727,2786.616666666667,8.1292148023727,3.0,0.6931471805599453,55.0,5.198497031265826,3.871201010907891,0.23199316659004204,0.0,0.0,0.0,0.5555555555555556,0.2222222222222222,0.2222222222222222,0.4444444444444444,1.6549368375665132,0.0,1.0,1.0,0.0,0.6666666666666666,0.0,0.3333333333333333,False,False,True,0,0.5760808534531162,0.19752947782144858,False,True,0.2222222222222222,0.0,0.4444444444444444,0.3333333333333333
C00543,174.20000000000002,572.0,2,6.967400597908577,5.545330846144035,530.23,5.545330846144035,2.0,0.0,51.0,5.726847747587197,0.0,0.0,0.0,0.0,0.0,0.5,0.5,0.0,0.5,1.3516370020918933,0.0,0.0,1.0,0.5,0.0,0.0,0.5,False,False,True,0,0.37798989331836047,0.09359910162829876,True,False,0.5,0.0,0.25,0.25
C00544,260.0,864.5,5,9.94351899465216,7.957332067404736,4163.174,7.957332067404736,3.2,0.8345775047772536,39.0,4.764308407326388,4.382120573577764,0.5185762350076984,0.0,0.0,0.0,0.5625,0.3125,0.125,0.375,1.9700362732553534,1.0,0.0,0.0,0.2,0.6,0.2,0.0,False,False,True,0,0.49365524985962944,0.23599101628298708,True,False,0.1875,0.125,0.3125,0.375
C00545,48.1,443.3,4,8.315052527190307,6.374787502847449,1020.9749999999999,6.374787502847449,2.75,0.9162907318741551,50.0,4.628235458919088,4.180466327253159,0.4919425875957364,0.36891427312119085,0.6499999998375,1506.6090000000002,0.5454545454545454,0.2727272727272727,0.18181818181818182,0.5454545454545454,1.519073927466014,0.0,1.0,1.0,0.0,0.5,0.0,0.5,False,False,True,0,0.4998877035373386,0.17288040426726559,False,True,0.18181818181818182,0.09090909090909091,0.45454545454545453,0.2727272727272727
C00546,137.8,926.9,6,10.044644174067928,8.07197027348286,3838.5166666666664,8.07197027348286,3.3333333333333335,0.9185063976401735,44.0,4.807294370078226,4.130932600765125,0.40840387827978564,0.0,0.0,0.0,0.6,0.2,0.2,0.45,1.854191380751461,0.0,0.0,1.0,0.3333333333333333,0.5,0.0,0.16666666666666666,False,False,True,0,0.5294216732172936,0.08232734418865806,True,False,0.15,0.15,0.3,0.4
C00547,260.0,712.4,2,8.528158848235663,8.084443703450193,2527.065,8.084443703450193,2.5,0.5347999967395705,29.0,5.855071922202427,0.0,0.0,0.0,0.0,0.0,0.4,0.6000000000000001,0.0,0.4,1.7318327522731591,0.0,1.0,1.0,0.0,0.5,0.0,0.5,False,False,False,1,0.32310499719258845,0.11075238629983158,False,True,0.4,0.2,0.2,0.2
C00548,15.600000000000001,915.2,8,9.433779079727445,7.066531107890241,1562.83625,7.066531107890241,4.0,0.5629980308512322,49.0,4.603740593178497,4.2103278973134906,0.5136975705288099,0.14139501179345074,0.324999999959375,1767.818,0.25,0.46875,0.28125,0.28125,1.9086266322005911,1.0,0.0,0.0,0.625,0.375,0.0,0.0,False,False,False,1,0.33722627737226274,0.2891212801796743,False,True,0.25,0.25,0.3125,0.1875
C00549,547.3000000000001,900.9,4,9.847504859030783,7.886619805470736,4727.5275,7.886619805470736,3.25,0.9162907318741551,66.0,4.518158808998462,4.394054622227717,0.6323353293480122,0.0,0.0,0.0,0.5384615384615385,0.3076923076923077,0.15384615384615385,0.3076923076923077,1.9821196109391868,1.0,0.0,0.0,0.0,0.25,0.5,0.25,False,False,True,0,0.6174340258281864,0.5074957888826501,False,True,0.23076923076923078,0.23076923076923078,0.07692307692307693,0.46153846153846156
C00550,169.0,679.9,5,9.307413542253677,7.434649509420776,2203.682,7.434649509420776,3.2,0.9095640372752173,65.0,4.882801922586371,4.249701504720778,0.42354240081337485,0.0,0.0,0.0,0.3125,0.4375,0.25,0.375,1.8999137680952316,1.0,0.0,0.0,0.4,0.4,0.0,0.2,True,False,False,0,0.39943851768669286,0.08994946659180236,False,True,0.1875,0.3125,0.3125,0.1875
C00551,815.1,815.1,1,4.344065128386763,0.0,76.02,0.0,1.0,0.0,53.0,0.0,0.0,0.0,0.0,0.0,0.0,0.0,1.0,0.0,1.0,0.0,1.0,0.0,0.0,0.0,1.0,0.0,0.0,False,False,False,1,0.09696799550814149,0.0,False,True,1.0,0.0,0.0,0.0
C00552,349.7,812.5,7,10.173687575566932,7.87327784537433,3743.3614285714284,7.87327784537433,3.4285714285714284,0.757948207409103,45.0,4.099884742597716,3.7516648686415497,0.531209043814967,0.0,0.0,0.0,0.5,0.33333333333333337,0.16666666666666666,0.3333333333333333,2.0152371567129777,0.0,0.0,1.0,0.2857142857142857,0.42857142857142855,0.14285714285714285,0.14285714285714285,False,False,True,0,0.5410443571027512,0.329842784952274,True,False,0.20833333333333334,0.20833333333333334,0.25,0.3333333333333333
C00553,149.5,885.3000000000001,9,10.280548385013676,8.060119147930408,3239.8733333333334,8.060119147930408,3.111111111111111,0.8972980328190612,38.0,4.273187854639731,4.151409846653628,0.6332508380540623,0.0,0.0,0.0,0.5357142857142857,0.2857142857142857,0.17857142857142858,0.39285714285714285,1.9612429751810279,0.0,1.0,1.0,0.2222222222222222,0.3333333333333333,0.2222222222222222,0.2222222222222222,False,False,True,0,0.41151038742279616,0.2890510948905109,True,False,0.25,0.21428571428571427,0.17857142857142858,0.35714285714285715
C00554,128.70000000000002,942.5,5,8.925310778589425,6.061331646371825,1503.784,6.061331646371825,4.0,0.881373587019543,48.0,5.059425458265688,4.413095657413252,0.41931775158500184,0.0,0.0,0.0,0.2,0.55,0.25,0.4,1.715409102224138,0.0,1.0,1.0,0.6,0.2,0.0,0.2,True,False,False,0,0.4995508141493543,0.10432341381246485,True,False,0.1,0.3,0.3,0.3
C00555,365.3,942.5,8,10.23838032817959,7.881111022882154,3494.3512499999997,7.881111022882154,3.25,0.8707619066095406,26.0,4.165557190447365,3.7310178594511414,0.495918951295392,0.0,0.0,0.0,0.5,0.38461538461538464,0.11538461538461539,0.34615384615384615,2.0000047678853834,1.0,0.0,0.0,0.0,0.5,0.125,0.375,False,False,True,0,0.5912128017967434,0.16312464907355417,False,True,0.11538461538461539,0.11538461538461539,0.34615384615384615,0.4230769230769231
C00556,94.9,339.3,2,8.995467523908324,8.401847857144476,4032.7200000000003,8.401847857144476,2.5,1.1382560993413577,23.0,5.241747015059643,0.0,0.0,1.1576670336644799,0.649999999675,9337.094000000001,0.4,0.0,0.6,0.6,1.2353517010032051,1.0,0.0,0.0,0.5,0.0,0.0,0.5,False,False,False,1,0.7944974733295901,0.0303200449185852,True,False,0.0,0.2,0.0,0.8
C00557,54.6,910.0,4,9.46094577117759,8.310628568110777,3211.7574999999997,8.310628568110777,3.75,1.0622834654819937,44.0,5.395141551183577,5.045992620469523,0.532945805829466,1.0578789805892057,0.6499999998375,13590.603,0.5333333333333333,0.26666666666666666,0.2,0.4,1.9426746084894044,0.0,1.0,1.0,0.0,0.0,0.5,0.5,False,False,True,0,0.47038180797304885,0.17375070185289165,False,True,0.13333333333333333,0.13333333333333333,0.26666666666666666,0.4666666666666667
C00558,157.3,741.0,4,9.679179573539066,8.03446272335239,3995.095,8.03446272335239,1.75,0.6716309107725503,63.0,5.015069891164122,4.097239421645754,0.33316072978952216,0.0,0.0,0.0,0.5714285714285714,0.42857142857142855,0.0,0.42857142857142855,1.3055152149702993,0.0,0.0,1.0,0.25,0.75,0.0,0.0,False,True,False,0,0.4737226277372263,0.7722627737226277,True,False,0.42857142857142855,0.0,0.0,0.5714285714285714
C00559,76.7,599.3000000000001,7,10.197645610455245,7.908204187175696,3834.131428571429,7.908204187175696,3.2857142857142856,0.747965463121242,60.0,4.219507705176107,3.4882313093397292,0.38767608372226386,0.30407564834947515,0.1857142856877551,8161.062,0.5217391304347826,0.2608695652173913,0.21739130434782608,0.34782608695652173,1.912767890580198,0.0,1.0,1.0,0.14285714285714285,0.14285714285714285,0.2857142857142857,0.42857142857142855,False,False,True,0,0.5933183604716451,0.30530600786075235,False,True,0.08695652173913043,0.30434782608695654,0.13043478260869565,0.4782608695652174
C00560,162.5,735.8000000000001,4,10.07199918983779,8.459250773872467,5917.459999999999,8.459250773872467,3.0,1.0387709348496783,47.0,4.997212273764115,3.364000730619737,0.17380809210847065,0.0,0.0,0.0,0.6666666666666666,0.16666666666666666,0.16666666666666666,0.3333333333333333,1.878741642632507,0.0,1.0,1.0,0.5,0.5,0.0,0.0,False,True,False,0,0.6116788321167883,0.5588854576080853,False,True,0.25,0.16666666666666666,0.16666666666666666,0.4166666666666667
C00561,214.5,841.1,4,9.542836858624051,8.239841710941958,3485.8625,8.239841710941958,2.25,0.9162907318741551,33.0,5.085536602269373,4.449988677227698,0.42312012600040605,0.0,0.0,0.0,0.3333333333333333,0.5555555555555556,0.1111111111111111,0.3333333333333333,1.979841587790714,0.0,0.0,1.0,0.0,0.25,0.25,0.5,True,False,False,0,0.4583941605839416,0.17595451993262212,True,False,0.2222222222222222,0.2222222222222222,0.2222222222222222,0.3333333333333333
C00562,72.8,760.5,8,10.34174828990204,8.27884629756277,3874.8975,8.27884629756277,3.625,0.7828667342439188,29.0,4.3382240120154885,4.077239163605944,0.5694263546366821,0.4407837884743906,0.324999999959375,13663.936000000002,0.4482758620689655,0.4137931034482759,0.13793103448275862,0.27586206896551724,2.0510915469361963,0.0,0.0,1.0,0.25,0.5,0.0,0.25,False,False,True,0,0.35516563728242556,0.3138826501965188,True,False,0.2413793103448276,0.27586206896551724,0.1724137931034483,0.3103448275862069
C00563,486.2,929.5,2,5.457498230900349,3.9941649720363173,116.755,3.9941649720363173,1.0,0.0,48.0,5.834810737062605,0.0,0.0,0.0,0.0,0.0,0.5,0.5,0.0,0.5,0.9010913347279289,0.0,1.0,1.0,0.0,0.0,0.0,1.0,True,False,False,0,0.1837731611454239,0.0807411566535654,True,False,0.5,0.5,0.0,0.0
C00564,110.5,630.5,5,10.370250310828277,8.29087336847841,6379.092,8.29087336847841,2.8,0.8345775047772536,38.0,4.61512051684126,4.287453787378566,0.5410497387155053,0.22261735682757913,0.259999999948,7100.483,0.6428571428571428,0.14285714285714285,0.21428571428571427,0.35714285714285715,1.7338568353636528,1.0,0.0,0.0,0.2,0.2,0.2,0.4,False,True,False,0,0.8588433464345873,0.11892195395845029,True,False,0.14285714285714285,0.0,0.21428571428571427,0.6428571428571429
C00565,354.90000000000003,863.2,3,9.863254967613237,6.0801072048342215,6403.44,6.0801072048342215,3.3333333333333335,0.9272406547120959,24.0,5.280662431309316,3.5409593240373143,0.15816162412807092,0.0,0.0,0.0,0.6,0.30000000000000004,0.1,0.3,1.956224768785548,0.0,0.0,1.0,0.6666666666666666,0.3333333333333333,0.0,0.0,False,True,False,0,0.3552498596294217,0.27015721504772605,True,False,0.2,0.3,0.1,0.4
C00566,14.3,785.2,5,9.516218635036566,7.976943190334812,2715.4339999999997,7.976943190334812,2.6,0.850851874462102,24.0,5.0056227522727115,4.465586409392617,0.45736941311727164,0.6196997607011904,0.519999999896,8413.769,0.38461538461538464,0.5384615384615385,0.07692307692307693,0.3076923076923077,1.9821196109391865,0.0,1.0,1.0,0.4,0.4,0.0,0.2,False,False,False,1,0.3094890510948905,0.2886580572711959,False,True,0.23076923076923078,0.38461538461538464,0.07692307692307693,0.3076923076923077
C00567,751.4,751.4,1,8.781342016454042,0.0,6510.61,0.0,3.0,0.0,38.0,0.0,0.0,0.0,0.0,0.0,0.0,0.6666666666666666,0.3333333333333333,0.0,0.3333333333333333,1.4281959752685425,0.0,0.0,1.0,0.0,1.0,0.0,0.0,False,True,False,0,0.7058955642897249,0.0,True,False,0.0,0.3333333333333333,0.0,0.6666666666666666
C00568,24.7,581.1,4,9.668257502886759,8.178028916204958,3951.6949999999997,8.178028916204958,2.75,0.8146148592237981,67.0,4.967495801435638,3.877489676110281,0.2863524877294936,0.12777055162404186,0.32499999991875,2019.641,0.5454545454545454,0.2727272727272727,0.18181818181818182,0.36363636363636365,1.7447471325887205,1.0,0.0,0.0,0.5,0.0,0.25,0.25,False,False,True,0,0.7217855137563167,0.11516002245929258,True,False,0.0,0.18181818181818182,0.18181818181818182,0.6363636363636364
C00569,54.6,813.8000000000001,4,9.101134695375425,7.9241692956395795,2241.115,7.9241692956395795,2.5,1.005052538742381,63.0,5.276412531159987,5.23898442680616,0.674512098806189,0.01034697014655536,0.32499999991875,92.755,0.4,0.4,0.2,0.3,2.0242470274749396,1.0,0.0,0.0,0.25,0.25,0.25,0.25,False,False,True,0,0.49303761931499157,0.5154126895002807,True,False,0.3,0.2,0.1,0.4
C00570,117.0,741.0,5,9.935653632484874,8.387715968396975,4130.5560000000005,8.387715968396975,3.2,1.0256308957368645,22.0,4.795790545596741,4.313462836022409,0.4788121728778131,0.034863006336191306,0.259999999948,720.018,0.625,0.3125,0.0625,0.375,1.8999137680952314,1.0,0.0,0.0,0.2,0.4,0.2,0.2,False,False,True,0,0.73307130825379,0.3323413812464907,False,True,0.1875,0.25,0.125,0.4375
C00571,29.900000000000002,820.3000000000001,9,10.202210821027277,7.894594516218584,2995.7477777777776,7.894594516218584,2.111111111111111,0.860450468083582,40.0,4.343805421853684,4.11657862788167,0.5844843254694181,0.0586794690103321,0.14444444442839505,1582.1000000000001,0.3684210526315789,0.42105263157894735,0.21052631578947367,0.2631578947368421,2.06735048143849,0.0,0.0,1.0,0.1111111111111111,0.3333333333333333,0.3333333333333333,0.2222222222222222,True,False,False,0,0.7058955642897249,0.41937113980909596,False,True,0.15789473684210525,0.21052631578947367,0.15789473684210525,0.47368421052631576
C00572,35.1,737.1,9,10.285740326900385,7.851084614109848,3256.738888888889,7.851084614109848,2.888888888888889,0.7731898882334818,27.0,4.22683374526818,4.305359221867758,0.7337617047648077,0.5053845274669615,0.4333333332851852,14813.149,0.5,0.23076923076923078,0.2692307692307692,0.34615384615384615,1.8860875371247652,1.0,0.0,0.0,0.3333333333333333,0.2222222222222222,0.1111111111111111,0.3333333333333333,False,False,True,0,0.7376754632229084,0.2709152161706907,True,False,0.07692307692307693,0.19230769230769232,0.23076923076923078,0.5
C00573,100.10000000000001,669.5,8,10.394222299466032,8.232329198971474,4083.665,8.232329198971474,2.75,0.8249382611234762,39.0,4.152164133110927,3.8291488753318332,0.5420633584798055,0.5247163087569461,0.324999999959375,17142.125,0.5,0.3181818181818182,0.18181818181818182,0.2727272727272727,2.0574861178997668,0.0,0.0,1.0,0.375,0.25,0.125,0.25,False,False,True,0,0.7239191465468837,0.26552498596294205,True,False,0.18181818181818182,0.09090909090909091,0.18181818181818182,0.5454545454545454
C00574,369.2,764.4,3,8.965845494750937,8.08242928613459,2610.0,8.08242928613459,2.0,0.6931471805599453,51.0,5.030437921392435,4.795790545596741,0.5819215454468185,0.0,0.0,0.0,0.6666666666666666,0.16666666666666666,0.16666666666666666,0.5,1.6151893223622003,1.0,0.0,0.0,0.0,0.6666666666666666,0.3333333333333333,0.0,False,False,True,0,0.7058955642897249,0.1210836608646827,False,True,0.16666666666666666,0.0,0.16666666666666666,0.6666666666666666
C00575,62.400000000000006,913.9,6,8.14028055412524,6.2400597969931155,571.48,6.2400597969931155,1.8333333333333333,0.7742870681652403,20.0,4.882801922586371,4.494349082347077,0.5161999490868284,0.562299059751125,0.21666666663055556,1928.0559999999998,0.36363636363636365,0.36363636363636365,0.2727272727272727,0.36363636363636365,1.7447471325887205,0.0,1.0,1.0,0.3333333333333333,0.3333333333333333,0.16666666666666666,0.16666666666666666,False,False,True,0,0.33874227961819203,0.3037057832678271,True,False,0.2727272727272727,0.2727272727272727,0.2727272727272727,0.18181818181818182
C00576,214.5,739.7,4,9.539846976239728,8.46087682411357,3475.455,8.46087682411357,2.75,1.1189222424187428,48.0,4.9102008967744855,4.250618598578357,0.41441238503392064,0.0,0.0,0.0,0.36363636363636365,0.4545454545454546,0.18181818181818182,0.36363636363636365,1.9085819207210712,1.0,0.0,0.0,0.25,0.5,0.0,0.25,True,False,False,0,0.47644581695676586,0.5062886019090399,True,False,0.0,0.45454545454545453,0.0,0.5454545454545454
C00577,165.1,941.2,7,9.499740467780327,7.499046106636356,1907.8942857142854,7.499046106636356,2.857142857142857,0.8523644683967538,53.0,4.61015772749913,4.077622669386629,0.4592997406839679,0.0,0.0,0.0,0.35,0.45,0.2,0.4,1.8395293650416265,0.0,1.0,1.0,0.14285714285714285,0.5714285714285714,0.2857142857142857,0.0,True,False,False,0,0.5091521617069062,0.14371139809096012,True,False,0.05,0.35,0.35,0.25
C00578,127.4,868.4,2,9.05484378682456,8.11751291904144,4279.45,8.11751291904144,4.0,0.881373587019543,53.0,6.3473892096560105,0.0,0.0,0.0,0.0,0.0,0.75,0.125,0.125,0.625,1.39560570033108,0.0,1.0,1.0,0.0,1.0,0.0,0.0,False,False,True,0,0.5857102751263336,0.12018528916339133,False,True,0.0,0.25,0.375,0.375
C00579,6.5,709.8000000000001,4,9.035659550278181,8.067414917682157,2099.0625,8.067414917682157,2.5,0.828985980393698,44.0,5.200336958187833,4.751557895961603,0.4924999263983364,0.18206115825515176,0.32499999991875,1528.6310000000003,0.4,0.5,0.1,0.3,1.956224768785548,0.0,0.0,1.0,0.0,0.5,0.25,0.25,False,False,False,1,0.3279056709713644,0.22568781583380124,True,False,0.2,0.3,0.2,0.3
C00580,127.4,941.2,5,9.772865637559423,8.031033853871829,3509.9979999999996,8.031033853871829,3.4,0.7608878000194387,38.0,5.059425458265688,5.064722028811482,0.695815894300875,0.0,0.0,0.0,0.4117647058823529,0.29411764705882354,0.29411764705882354,0.29411764705882354,1.9223769820423402,1.0,0.0,0.0,0.0,0.6,0.2,0.2,False,False,False,1,0.4636720943290286,0.3082537900056148,False,True,0.058823529411764705,0.17647058823529413,0.35294117647058826,0.4117647058823529
C00581,40.300000000000004,930.8000000000001,8,9.90577992304598,8.20943270641384,2505.6125,8.20943270641384,2.625,0.9547379954758697,48.0,4.593675806562357,3.8311147433465758,0.37913352636870895,0.3535258843895279,0.1624999999796875,7086.391000000001,0.42857142857142855,0.47619047619047616,0.09523809523809523,0.2857142857142857,1.9937387408003275,0.0,1.0,1.0,0.0,0.625,0.125,0.25,False,False,False,1,0.4160303200449186,0.3853593486805167,False,True,0.3333333333333333,0.19047619047619047,0.23809523809523808,0.23809523809523808
C00582,23.400000000000002,340.6,5,9.754767682462854,8.058103247211314,3447.042,8.058103247211314,2.4,0.9228988853785496,61.0,4.127134385045092,2.824869900434154,0.23109547736143307,0.6973142189737928,0.519999999896,12018.357,0.5833333333333333,0.3333333333333333,0.08333333333333333,0.3333333333333333,1.9155531006048432,0.0,1.0,1.0,0.2,0.4,0.0,0.4,False,False,True,0,0.5048287478944413,0.3449185850645705,False,True,0.08333333333333333,0.25,0.16666666666666666,0.5
C00583,53.300000000000004,928.2,10,10.505324766758806,8.024368306251308,3650.839,8.024368306251308,2.7,0.9427461747306778,30.0,4.327805080507242,3.491938632363367,0.3548192652877251,0.22353935629590288,0.12999999998700001,8161.062,0.4444444444444444,0.4444444444444444,0.1111111111111111,0.2962962962962963,2.0227005792479607,0.0,1.0,1.0,0.4,0.2,0.1,0.3,True,False,False,0,0.44792251544076367,0.4091661987647389,True,False,0.2222222222222222,0.14814814814814814,0.18518518518518517,0.4444444444444444
C00584,44.2,887.9,7,9.303899018741701,7.408016393794625,1568.5357142857142,7.408016393794625,2.5714285714285716,1.0341284982460945,37.0,4.692875766407197,4.65823704563393,0.6758176786302196,0.16429982467723178,0.3714285713755102,1803.9710000000002,0.33333333333333337,0.3333333333333333,0.3333333333333333,0.3333333333333333,1.8992619720383603,0.0,0.0,1.0,0.0,0.8571428571428571,0.0,0.14285714285714285,False,False,False,1,0.3742841100505334,0.24716451431779896,True,False,0.2222222222222222,0.2777777777777778,0.16666666666666666,0.3333333333333333
C00585,204.1,439.40000000000003,5,9.264074485140535,7.316340515435073,2110.2079999999996,7.316340515435073,3.2,0.7397659962052513,41.0,3.834061463958434,2.9153515950716096,0.3262433042924657,0.0,0.0,0.0,0.3125,0.1875,0.5,0.5,1.7596687577749883,1.0,0.0,0.0,0.0,0.6,0.2,0.2,False,False,False,1,0.7138124649073554,0.29185850645704664,False,True,0.25,0.0625,0.1875,0.5
C00586,139.1,837.2,8,10.125614186965587,7.917874287362724,3121.6987499999996,7.917874287362724,4.0,0.6553519028723696,29.0,4.353039097800629,4.146405110673277,0.5938150131649176,0.0,0.0,0.0,0.28125,0.40625,0.3125,0.3125,1.9485230032553977,0.0,1.0,1.0,0.375,0.25,0.0,0.375,False,False,False,1,0.396771476698484,0.44192869174621,True,False,0.3125,0.25,0.1875,0.25
C00587,293.8,737.1,4,9.81538503501458,7.928590668173232,4578.085,7.928590668173232,3.0,1.0387709348496783,53.0,4.742029368705289,4.4662792414850045,0.5635408457049107,0.0,0.0,0.0,0.5,0.41666666666666663,0.08333333333333333,0.25,2.009049774151672,1.0,0.0,0.0,0.25,0.5,0.25,0.0,False,True,False,0,0.691100505334082,0.4051375631667602,True,False,0.08333333333333333,0.25,0.25,0.4166666666666667
C00588,23.400000000000002,898.3000000000001,7,10.231841928304995,7.992296674791166,3967.5171428571425,7.992296674791166,3.7142857142857144,0.9147000606617072,25.0,4.728861658330641,4.319628140912634,0.5075191620926515,0.3106056252524857,0.1857142856877551,8626.332,0.34615384615384615,0.4230769230769231,0.23076923076923078,0.2692307692307692,2.0600518839336694,0.0,1.0,1.0,0.14285714285714285,0.42857142857142855,0.0,0.42857142857142855,False,False,False,1,0.45805727119595735,0.2525266704098821,False,True,0.3076923076923077,0.11538461538461539,0.19230769230769232,0.38461538461538464
C00589,312.0,685.1,5,9.93720758773869,8.015657381164099,4136.98,8.015657381164099,2.4,0.43678453268671025,40.0,4.287028906051602,4.140527720631132,0.6215574049877772,0.0,0.0,0.0,0.6666666666666667,0.25,0.08333333333333333,0.4166666666666667,1.8513688925508052,0.0,0.0,1.0,0.2,0.2,0.2,0.4,False,False,True,0,0.7058955642897249,0.38281864121280174,False,True,0.16666666666666666,0.16666666666666666,0.0,0.6666666666666666
C00590,397.8,694.2,5,9.01118430666023,7.864165371874659,1638.6439999999998,7.864165371874659,2.0,0.5347999967395705,31.0,4.060443010546419,3.8409271290383717,0.587480863368488,0.0,0.0,0.0,0.6,0.30000000000000004,0.1,0.5,1.7670077108645084,0.0,0.0,1.0,0.2,0.6,0.2,0.0,False,False,True,0,0.33587871982032563,0.11701291409320608,False,True,0.2,0.4,0.1,0.3
C00591,70.2,919.1,9,10.276226624675767,8.115377510844874,3225.9011111111113,8.115377510844874,2.888888888888889,0.8604504680835822,44.0,4.414312298171851,3.9438326433429127,0.48249079533657385,0.3143473434296114,0.14444444442839505,9126.481,0.5,0.23076923076923078,0.2692307692307692,0.3076923076923077,1.9737472621981351,0.0,1.0,1.0,0.1111111111111111,0.4444444444444444,0.3333333333333333,0.1111111111111111,False,False,True,0,0.5843346434587311,0.33099382369455366,True,False,0.19230769230769232,0.11538461538461539,0.23076923076923078,0.46153846153846156
C00592,215.8,894.4,5,9.654125787994465,8.57845260384313,3116.9919999999997,8.57845260384313,2.8,1.0256308957368645,32.0,4.879006851617819,4.590940832680014,0.5583545245487991,0.0,0.0,0.0,0.3571428571428571,0.5,0.14285714285714285,0.2857142857142857,2.046326537903665,0.0,0.0,1.0,0.4,0.4,0.2,0.0,True,False,False,0,0.36103312745648514,0.4307130825379,True,False,0.21428571428571427,0.2857142857142857,0.21428571428571427,0.2857142857142857
C00593,413.40000000000003,821.6,3,8.97274413188967,8.061891555751687,2628.07,8.061891555751687,2.3333333333333335,0.4557463944083262,31.0,5.062595033026967,4.07753744390572,0.3143922227776365,0.0,0.0,0.0,0.7142857142857142,0.2857142857142857,0.0,0.5714285714285714,1.4998645255114174,0.0,1.0,1.0,0.3333333333333333,0.3333333333333333,0.0,0.3333333333333333,False,False,True,0,0.7138124649073554,0.3146266142616507,False,True,0.14285714285714285,0.14285714285714285,0.2857142857142857,0.42857142857142855
C00594,50.7,692.9,7,9.94347527915167,8.031500106623296,2973.565714285714,8.031500106623296,3.0,1.005052538742381,27.0,4.422848629194137,4.585364729829554,0.778687328288515,0.02435186039271638,0.1857142856877551,506.88300000000004,0.47619047619047616,0.3333333333333333,0.19047619047619047,0.3333333333333333,1.9018398918970578,1.0,0.0,0.0,0.42857142857142855,0.2857142857142857,0.14285714285714285,0.14285714285714285,False,False,True,0,0.5189219539584503,0.19376754632229082,False,True,0.09523809523809523,0.23809523809523808,0.23809523809523808,0.42857142857142855
C00595,41.6,929.5,5,9.852287937971012,8.029441207788597,3800.156,8.029441207788597,2.0,0.5347999967395705,32.0,5.146039931102459,4.78069441703545,0.5260084734280929,0.4326003458805148,0.259999999948,8219.744,0.5,0.4,0.1,0.4,1.6638104935837676,0.0,1.0,1.0,0.2,0.6,0.0,0.2,False,False,False,1,0.7058955642897249,0.26552498596294216,True,False,0.4,0.0,0.0,0.6
C00596,5.2,665.6,7,10.036737468049685,8.04284273666377,3264.2442857142855,8.04284273666377,2.5714285714285716,0.8743332020491272,36.0,4.45046379622711,4.033757619150672,0.5039155395750221,0.3958575841881409,0.3714285713755102,9045.231,0.7222222222222222,0.2222222222222222,0.05555555555555555,0.5555555555555556,1.6562299811739063,0.0,0.0,1.0,0.42857142857142855,0.0,0.0,0.5714285714285714,False,False,True,0,0.5660303200449186,0.2727681078046041,False,True,0.1111111111111111,0.1111111111111111,0.2777777777777778,0.5
C00597,16.900000000000002,869.7,8,10.366752276277834,7.994914298042799,3973.01,7.994914298042799,2.875,0.8992414040421934,22.0,4.550864841130549,4.378856831577403,0.6099210809963502,0.3916240142863851,0.324999999959375,12447.409000000001,0.5652173913043479,0.21739130434782608,0.21739130434782608,0.30434782608695654,1.9791153832094026,0.0,1.0,1.0,0.375,0.25,0.0,0.375,False,True,False,0,0.6294216732172937,0.4538040426726557,False,True,0.13043478260869565,0.2608695652173913,0.08695652173913043,0.5217391304347826
C00598,254.8,664.3000000000001,2,6.759904711703358,5.031729006423829,430.78,5.031729006423829,2.0,0.881373587019543,39.0,5.755742213586912,0.0,0.0,0.0,0.0,0.0,0.5,0.5,0.0,0.5,1.3516370020918933,0.0,0.0,1.0,0.0,0.5,0.5,0.0,False,False,True,0,0.42405951712521056,0.298736664795059,False,True,0.5,0.25,0.0,0.25
C00599,119.60000000000001,815.1,9,10.215216907446356,7.73753621703157,3034.9666666666667,7.73753621703157,3.4444444444444446,0.7563042779025448,35.0,4.2176677782541,3.6264767132552254,0.436313244605964,0.0,0.0,0.0,0.29032258064516125,0.45161290322580644,0.25806451612903225,0.25806451612903225,2.0541242092203005,0.0,1.0,1.0,0.0,0.5555555555555556,0.0,0.4444444444444444,False,False,False,1,0.4009545199326221,0.4679955081414935,False,True,0.2903225806451613,0.22580645161290322,0.1935483870967742,0.2903225806451613
C00600,132.6,949.0,5,9.97432758363952,8.24027161928941,4293.438,8.24027161928941,2.6,0.9228988853785496,35.0,5.062595033026967,4.3648420179119265,0.4017937302431146,0.0,0.0,0.0,0.5384615384615385,0.38461538461538464,0.07692307692307693,0.3076923076923077,1.8958149892036524,0.0,0.0,1.0,0.8,0.2,0.0,0.0,False,True,False,0,0.4084783829309377,0.3143177989893318,True,False,0.23076923076923078,0.15384615384615385,0.0,0.6153846153846154
C00601,219.70000000000002,572.0,3,9.7330544472256,8.386427224950117,5621.663333333334,8.386427224950117,3.3333333333333335,0.4557463944083262,67.0,4.916324614625014,3.979681653901961,0.32747032250813274,0.0,0.0,0.0,0.5,0.4,0.1,0.3,1.956224768785548,1.0,0.0,0.0,0.3333333333333333,0.3333333333333333,0.3333333333333333,0.0,False,True,False,0,0.5843346434587311,0.19837170129140924,True,False,0.1,0.1,0.3,0.5
C00602,39.0,839.8000000000001,8,10.664343230794683,8.107414783232308,5732.3012499999995,8.107414783232308,3.25,0.6346730394039083,26.0,4.48863636973214,4.819695817925262,0.8741771296974877,0.21147758938872477,0.324999999959375,9698.026000000002,0.6538461538461539,0.2692307692307693,0.07692307692307693,0.38461538461538464,1.7963218419371332,1.0,0.0,0.0,0.0,0.25,0.25,0.5,False,False,True,0,0.6861313868613139,0.3574396406513195,False,True,0.11538461538461539,0.15384615384615385,0.15384615384615385,0.5769230769230769
C00603,55.9,873.6,6,8.171398838573717,5.344706827926628,589.5483333333333,5.344706827926628,2.0,0.6389165189617602,29.0,4.842611042003125,4.976517220286972,0.7628712387279181,0.23911497219616173,0.21666666663055556,845.8190000000001,0.5,0.5,0.0,0.5,1.3148255441195573,1.0,0.0,0.0,0.16666666666666666,0.3333333333333333,0.16666666666666666,0.3333333333333333,False,False,True,0,0.39491858506457045,0.14449747332959018,True,False,0.16666666666666666,0.25,0.5,0.08333333333333333
C00604,184.6,832.0,11,10.288226006566829,8.171507440992318,2671.2363636363634,8.171507440992318,2.4545454545454546,0.7552540678123522,27.0,3.927896354584436,3.797888111502689,0.6289500221979345,0.0,0.0,0.0,0.5555555555555556,0.3333333333333333,0.1111111111111111,0.37037037037037035,1.97534282676137,0.0,0.0,1.0,0.2727272727272727,0.2727272727272727,0.2727272727272727,0.18181818181818182,False,False,True,0,0.550477259966311,0.5016844469399214,False,True,0.25925925925925924,0.18518518518518517,0.18518518518518517,0.37037037037037035
C00605,152.1,791.7,5,9.822986573205508,7.988164398590851,3690.416,7.988164398590851,3.0,0.9482307085514864,29.0,4.820281565605037,4.060820966829387,0.38089429702828814,0.0,0.0,0.0,0.4,0.26666666666666666,0.3333333333333333,0.3333333333333333,1.9661245808836376,0.0,1.0,1.0,0.0,0.6,0.2,0.2,False,False,False,1,0.6040426726558114,0.1881527231892195,True,False,0.13333333333333333,0.13333333333333333,0.3333333333333333,0.4
C00606,57.2,695.5,5,9.959335135390189,7.8598710738058015,4229.546,7.8598710738058015,3.8,0.7397659962052513,29.0,4.8182634014487995,4.641192041825009,0.6078060259884642,0.38590723448803327,0.259999999948,8161.062,0.5263157894736842,0.42105263157894735,0.05263157894736842,0.3157894736842105,1.9366975732095546,1.0,0.0,0.0,0.0,0.4,0.2,0.4,False,False,True,0,0.6009545199326222,0.21195957327344184,True,False,0.2631578947368421,0.15789473684210525,0.10526315789473684,0.47368421052631576
C00607,9.1,863.2,8,10.643646650454746,8.266984344947847,5240.5475,8.266984344947847,2.625,0.8339825381967165,30.0,4.552372000421121,4.052029094613886,0.47133292141460376,0.3755125299408036,0.1624999999796875,15743.13,0.5714285714285714,0.3333333333333333,0.09523809523809523,0.3333333333333333,1.9833729756923584,1.0,0.0,0.0,0.125,0.25,0.125,0.5,False,True,False,0,0.6356541268950029,0.4505755193711397,False,True,0.23809523809523808,0.14285714285714285,0.09523809523809523,0.5238095238095238
C00608,291.2,687.7,3,9.53385545463614,8.174872533571968,4606.256666666667,8.174872533571968,4.0,0.6931471805599453,65.0,5.033700567027251,4.051784947803305,0.31516965591557206,0.0,0.0,0.0,0.41666666666666663,0.5833333333333334,0.0,0.4166666666666667,1.7011870034294843,0.0,1.0,1.0,0.0,0.6666666666666666,0.0,0.3333333333333333,True,False,False,0,0.510555867490174,0.3005334081976418,False,True,0.25,0.3333333333333333,0.08333333333333333,0.3333333333333333
C00609,42.9,530.4,4,9.202929982738585,7.8707131849298895,2481.2925,7.8707131849298895,2.25,0.6716309107725503,24.0,4.836281906951478,4.423083391551136,0.5061084312503571,0.4337288933085848,0.6499999998375,4304.833,0.6666666666666667,0.2222222222222222,0.1111111111111111,0.5555555555555556,1.4937776060618062,1.0,0.0,0.0,0.0,0.5,0.0,0.5,False,False,True,0,0.6773161145423919,0.2442448062886019,False,True,0.0,0.0,0.3333333333333333,0.6666666666666666
C00610,547.3000000000001,820.3000000000001,4,9.71449479266812,8.673526503780447,4138.7125,8.673526503780447,2.5,0.8289859803936981,31.0,4.2626798770413155,3.9699289358623338,0.5553681318342198,0.0,0.0,0.0,0.5,0.4,0.1,0.3,1.956224768785548,0.0,0.0,1.0,0.0,0.5,0.0,0.5,False,True,False,0,0.318192026951151,0.1882229084783829,False,True,0.3,0.2,0.1,0.4
C00611,36.4,838.5,8,9.81144901506882,7.8296422006371325,2280.05,7.8296422006371325,3.0,0.7270871325290131,58.0,4.490240219314114,4.085670601560671,0.5089171822888943,0.1448071314225486,0.324999999959375,2641.34,0.375,0.33333333333333337,0.2916666666666667,0.2916666666666667,1.9663165736652528,1.0,0.0,0.0,0.25,0.5,0.25,0.0,False,False,False,1,0.40165637282425604,0.1952695115103874,False,True,0.25,0.16666666666666666,0.25,0.3333333333333333
C00612,91.0,655.2,6,9.350554386064568,7.548332897928713,1917.3666666666668,7.548332897928713,3.6666666666666665,0.596909690446534,21.0,4.475061500641071,4.355238120338399,0.6343394831422784,0.2078596512577834,0.4333333332611111,2391.259,0.4090909090909091,0.36363636363636365,0.22727272727272727,0.36363636363636365,1.9044915611867739,0.0,0.0,1.0,0.16666666666666666,0.16666666666666666,0.3333333333333333,0.3333333333333333,False,False,True,0,0.45648512071869735,0.17164514317798985,True,False,0.13636363636363635,0.2727272727272727,0.36363636363636365,0.22727272727272727
C00613,70.2,816.4,7,10.290188034438534,8.57997528940659,4205.901428571428,8.57997528940659,2.857142857142857,0.7270871325290131,53.0,4.5712686343124105,4.454727148040535,0.6359646187269274,0.027436109330731977,0.1857142856877551,807.7550000000001,0.55,0.44999999999999996,0.0,0.3,1.7595828517909413,0.0,1.0,1.0,0.0,0.2857142857142857,0.42857142857142855,0.2857142857142857,False,False,False,1,0.3961819202695115,0.5263335204941044,True,False,0.2,0.3,0.1,0.4
C00614,262.6,769.6,5,10.163681771850177,7.9754674204012845,5188.528,7.9754674204012845,3.0,0.0,60.0,4.590056548178043,3.9277401935994685,0.4125650922892112,0.0,0.0,0.0,0.5333333333333333,0.4,0.06666666666666667,0.3333333333333333,1.9366754145057685,0.0,1.0,1.0,0.2,0.0,0.6,0.2,False,True,False,0,0.7058955642897249,0.19674340258281864,True,False,0.26666666666666666,0.0,0.13333333333333333,0.6
C00615,195.0,924.3000000000001,6,9.828684800617294,8.461424532334364,3092.9216666666666,8.461424532334364,2.8333333333333335,0.9050114166450717,47.0,4.729156165769083,4.587399981339527,0.6241479847229571,0.0,0.0,0.0,0.23529411764705882,0.4117647058823529,0.35294117647058826,0.35294117647058826,1.887657295151789,0.0,0.0,1.0,0.16666666666666666,0.5,0.16666666666666666,0.16666666666666666,False,False,False,1,0.5064851207186973,0.413349241998877,False,True,0.11764705882352941,0.23529411764705882,0.23529411764705882,0.4117647058823529
C00616,358.8,830.7,3,8.854196715450724,7.3555962918622475,2334.24,7.3555962918622475,3.3333333333333335,0.4557463944083262,22.0,5.206750173022546,4.945207488773801,0.570185469422716,0.0,0.0,0.0,0.4,0.2,0.4,0.4,1.7318327522731591,0.0,1.0,1.0,0.0,0.3333333333333333,0.3333333333333333,0.3333333333333333,False,False,False,1,0.7676024705221786,0.24202695115103878,False,True,0.0,0.4,0.2,0.4
C00617,141.70000000000002,575.9,3,8.541948241081764,6.542521890262955,1708.1066666666666,6.542521890262955,4.666666666666667,0.45574639440832615,43.0,5.123963979403259,4.7535901911063645,0.5239132585189166,0.0,0.0,0.0,0.35714285714285715,0.42857142857142855,0.21428571428571427,0.35714285714285715,1.7654095136256551,1.0,0.0,0.0,0.0,1.0,0.0,0.0,False,False,True,0,0.479842784952274,0.13273441886580573,False,True,0.2857142857142857,0.0,0.42857142857142855,0.2857142857142857
C00618,70.2,737.1,6,10.242320215443737,7.868490235180445,4677.528333333333,7.868490235180445,3.1666666666666665,0.5611989071173201,20.0,4.640537329825382,4.186103603040809,0.48934534024406284,0.3118114374507508,0.21666666663055556,8751.041,0.5789473684210527,0.3157894736842105,0.10526315789473684,0.3684210526315789,1.6859591169341899,1.0,0.0,0.0,0.16666666666666666,0.5,0.0,0.3333333333333333,False,False,True,0,0.5505614823133071,0.23312745648512068,True,False,0.05263157894736842,0.3157894736842105,0.21052631578947367,0.42105263157894735
C00619,14.3,458.90000000000003,3,7.372356843313878,5.91095824351134,530.1266666666667,5.91095824351134,1.6666666666666667,0.45574639440832615,67.0,5.147494476813453,4.852030263919617,0.5554299300002524,1.0885348155779824,0.8666666663777778,1731.1840000000002,0.0,0.8,0.2,0.6,1.2353517010032051,0.0,1.0,1.0,0.6666666666666666,0.0,0.0,0.3333333333333333,True,False,False,0,0.366535654126895,0.143542953396968,False,True,0.2,0.2,0.4,0.2
C00620,189.8,711.1,5,9.487723592848502,7.748197340724428,2639.1440000000002,7.748197340724428,3.8,0.9719780738352177,21.0,4.617592705986649,4.686082594377659,0.7283197719818663,0.0,0.0,0.0,0.3684210526315789,0.5789473684210527,0.05263157894736842,0.3157894736842105,1.8961601786491105,0.0,1.0,1.0,0.2,0.0,0.4,0.4,True,False,False,0,0.41151038742279616,0.03531723750701854,True,False,0.21052631578947367,0.3157894736842105,0.2631578947368421,0.21052631578947367
C00621,492.7,859.3000000000001,5,9.136887569767138,7.83494561539399,1858.1599999999999,7.83494561539399,2.8,0.9719780738352177,31.0,4.269697449699962,4.080196866944149,0.6015381307863434,0.0,0.0,0.0,0.2857142857142857,0.5,0.21428571428571427,0.42857142857142855,1.8204245491005449,0.0,1.0,1.0,0.4,0.2,0.2,0.2,True,False,False,0,0.37798989331836047,0.09657495788882647,True,False,0.14285714285714285,0.42857142857142855,0.21428571428571427,0.21428571428571427
C00622,16.900000000000002,872.3000000000001,5,9.605497198507795,7.8455931256434885,2969.034,7.8455931256434885,4.2,0.8345775047772536,44.0,5.1089711948171175,3.6818586103959103,0.21137930294909107,0.6399946245141929,0.259999999948,9500.829,0.42857142857142855,0.5714285714285714,0.0,0.3333333333333333,1.6874461303221542,0.0,1.0,1.0,0.4,0.2,0.2,0.2,True,False,False,0,0.4084783829309377,0.09101628298708592,True,False,0.3333333333333333,0.14285714285714285,0.23809523809523808,0.2857142857142857
C00623,130.0,913.9,9,10.04517676696361,7.949407598182478,2560.374444444444,7.949407598182478,2.111111111111111,0.6564628262393614,26.0,4.335655417491759,4.049816345299706,0.55852097761854,0.0,0.0,0.0,0.42105263157894735,0.5263157894736842,0.05263157894736842,0.3684210526315789,1.8941756919249906,1.0,0.0,0.0,0.1111111111111111,0.4444444444444444,0.3333333333333333,0.1111111111111111,True,False,False,0,0.44514317798989333,0.569848399775407,True,False,0.21052631578947367,0.10526315789473684,0.3157894736842105,0.3684210526315789
C00624,104.0,880.1,6,9.58123542915075,7.925134834878274,2414.885,7.925134834878274,2.3333333333333335,0.7094119683444554,20.0,4.79081953287472,4.305399839871952,0.4776109122287128,0.023242307604708353,0.21666666663055556,336.76500000000004,0.2857142857142857,0.5714285714285714,0.14285714285714285,0.2857142857142857,2.0147738596416622,1.0,0.0,0.0,0.16666666666666666,0.16666666666666666,0.0,0.6666666666666666,False,False,False,1,0.4482313307130825,0.15339696799550806,True,False,0.2857142857142857,0.07142857142857142,0.2857142857142857,0.35714285714285715
C00625,28.6,906.1,9,10.467627092856999,8.153234788373092,3906.4099999999994,8.153234788373092,2.6666666666666665,0.6931471805599453,36.0,4.447053317890954,4.317261428928157,0.6295871471783221,0.20594188639810507,0.2888888888567901,7240.441,0.5,0.375,0.125,0.25,2.052048614685314,1.0,0.0,0.0,0.1111111111111111,0.4444444444444444,0.0,0.4444444444444444,False,True,False,0,0.3900617630544638,0.7202133632790566,True,False,0.2916666666666667,0.16666666666666666,0.08333333333333333,0.4583333333333333
C00626,152.1,270.40000000000003,2,8.355753679138028,7.938486820886938,2126.795,7.938486820886938,3.0,1.342454046453526,51.0,4.5217885770490405,0.0,0.0,0.0,0.0,0.0,0.5,0.3333333333333333,0.16666666666666666,0.3333333333333333,1.7285597535111856,1.0,0.0,0.0,0.0,0.0,0.0,1.0,True,False,False,0,0.32035373385738347,0.07094329028635599,True,False,0.16666666666666666,0.5,0.0,0.3333333333333333
C00627,579.8000000000001,783.9,7,9.880921340053748,8.141312063223799,2793.247142857143,8.141312063223799,2.5714285714285716,0.9625432742127613,36.0,3.3019907315787074,3.2543428863315738,0.6686963099844254,0.0,0.0,0.0,0.3888888888888889,0.3333333333333333,0.2777777777777778,0.2777777777777778,2.0189248751144353,1.0,0.0,0.0,0.2857142857142857,0.42857142857142855,0.14285714285714285,0.14285714285714285,False,True,False,0,0.5843346434587311,0.46993262212240317,False,True,0.2777777777777778,0.1111111111111111,0.2222222222222222,0.3888888888888889
C00628,24.7,328.90000000000003,2,9.481662853075095,5.98477560305549,6557.99,5.98477560305549,3.5,1.1382560993413577,24.0,5.459585514144159,0.0,0.0,0.6777771847776012,0.649999999675,8889.712,0.5714285714285714,0.2857142857142857,0.14285714285714285,0.2857142857142857,1.7573191925765397,1.0,0.0,0.0,0.0,0.5,0.5,0.0,False,True,False,0,0.6011791128579449,0.25766423357664225,True,False,0.14285714285714285,0.2857142857142857,0.0,0.5714285714285714
C00629,275.6,627.9,4,9.743127467526353,8.015795815826218,4258.9349999999995,8.015795815826218,3.75,0.8146148592237981,63.0,4.5145158177199605,4.269496270446301,0.5767726687257703,0.0,0.0,0.0,0.6000000000000001,0.4,0.0,0.4,1.70238358589529,0.0,0.0,1.0,0.0,0.25,0.75,0.0,False,False,True,0,0.45597978663672095,0.044736103312745634,True,False,0.26666666666666666,0.13333333333333333,0.26666666666666666,0.3333333333333333
C00630,153.4,838.5,5,10.270089510224503,8.044708594775223,5771.094,8.044708594775223,3.4,0.7608878000194387,39.0,4.888467660122048,4.6758695830999475,0.5916831551099399,0.0,0.0,0.0,0.5294117647058824,0.29411764705882354,0.17647058823529413,0.35294117647058826,1.9989614468700474,0.0,1.0,1.0,0.0,0.6,0.0,0.4,False,True,False,0,0.756541268950028,0.12936552498596288,True,False,0.058823529411764705,0.17647058823529413,0.058823529411764705,0.7058823529411765
C00631,178.1,912.6,4,8.563322676258451,6.634354338043711,1308.7625,6.634354338043711,3.25,0.9162907318741551,29.0,5.243509130053042,4.33323191855199,0.3359289640770764,0.0,0.0,0.0,0.38461538461538464,0.46153846153846156,0.15384615384615385,0.38461538461538464,1.6979385918110133,1.0,0.0,0.0,0.0,0.5,0.25,0.25,False,False,True,0,0.5256035934868051,0.18036215609208306,True,False,0.15384615384615385,0.15384615384615385,0.38461538461538464,0.3076923076923077
C00632,239.20000000000002,919.1,6,10.050987306767205,7.969395566633427,3862.943333333333,7.969395566633427,3.6666666666666665,0.861310692788678,56.0,4.659658371272161,4.371055116738406,0.5578500998514003,0.0,0.0,0.0,0.5,0.36363636363636365,0.13636363636363635,0.36363636363636365,1.9904993147872465,0.0,1.0,1.0,0.0,0.6666666666666666,0.16666666666666666,0.16666666666666666,False,False,True,0,0.5705221785513757,0.3956064008983717,True,False,0.2727272727272727,0.045454545454545456,0.36363636363636365,0.3181818181818182
C00633,128.70000000000002,906.1,6,9.862065899089727,8.010090712945457,3197.9150000000004,8.010090712945457,3.6666666666666665,0.7934721026084852,48.0,4.792479284293085,4.792620697511606,0.6932184808569465,0.0,0.0,0.0,0.36363636363636365,0.40909090909090906,0.22727272727272727,0.3181818181818182,1.9857531069427137,0.0,1.0,1.0,0.3333333333333333,0.3333333333333333,0.0,0.3333333333333333,True,False,False,0,0.45960134755755194,0.3650196518809657,True,False,0.13636363636363635,0.2727272727272727,0.2727272727272727,0.3181818181818182
C00634,482.3,916.5,3,7.7614299073559225,6.518564582359054,782.42,6.518564582359054,3.6666666666666665,0.927240654712096,64.0,5.123963979403259,4.5217885770490405,0.4349657725027503,0.0,0.0,0.0,0.09090909090909091,0.7272727272727273,0.18181818181818182,0.36363636363636365,1.6427507614467256,0.0,0.0,1.0,0.3333333333333333,0.3333333333333333,0.3333333333333333,0.0,False,False,False,1,0.28899494665918024,0.12591240875912407,False,True,0.45454545454545453,0.2727272727272727,0.18181818181818182,0.09090909090909091
C00635,54.6,926.9,6,9.606922139794237,8.078886853818712,2477.723333333333,8.078886853818712,3.0,0.6389165189617602,53.0,4.906755163608864,4.494182440557907,0.506471770251704,0.6164627608408918,0.4333333332611111,9164.545,0.3888888888888889,0.5555555555555556,0.05555555555555555,0.3333333333333333,1.8992619720383603,0.0,1.0,1.0,0.16666666666666666,0.3333333333333333,0.0,0.5,False,False,False,1,0.2775126333520494,0.17057832678270632,True,False,0.2777777777777778,0.3888888888888889,0.1111111111111111,0.2222222222222222
C00636,44.2,847.6,5,9.348038446910936,7.800249998568611,2295.058,7.800249998568611,4.0,0.5347999967395703,42.0,5.0466457316192885,5.025386825218802,0.682505420104946,0.9081904683889551,0.519999999896,10421.749,0.5,0.5,0.0,0.45,1.549852850988387,0.0,1.0,1.0,0.4,0.4,0.0,0.2,False,False,True,0,0.41830432341381246,0.21903425042111174,True,False,0.2,0.3,0.25,0.25
C00637,466.7,946.4,5,9.794086105523796,7.894054920046682,3585.282,7.894054920046682,2.4,0.7608878000194387,54.0,4.535284058523925,4.00795358785351,0.46104856215242446,0.0,0.0,0.0,0.3333333333333333,0.41666666666666663,0.25,0.3333333333333333,1.9155531006048432,0.0,0.0,1.0,0.4,0.2,0.0,0.4,True,False,False,0,0.8498596294216733,0.2548006737787759,False,True,0.08333333333333333,0.16666666666666666,0.3333333333333333,0.4166666666666667
C00638,67.60000000000001,811.2,4,9.575097367968134,8.15684034230838,3600.16,8.15684034230838,2.75,0.8146148592237981,51.0,5.255757752129241,4.895230075299193,0.5281078608043783,0.05385823130082734,0.32499999991875,775.5930000000001,0.45454545454545453,0.36363636363636365,0.18181818181818182,0.2727272727272727,2.0724167088534218,1.0,0.0,0.0,0.0,0.5,0.25,0.25,False,False,True,0,0.6482313307130825,0.19145143177989898,True,False,0.09090909090909091,0.2727272727272727,0.18181818181818182,0.45454545454545453
C00639,14.3,881.4,7,10.284404470957764,8.117178948601,4181.645714285714,8.117178948601,3.0,0.7676517525907618,31.0,4.900820428089049,5.118019783892276,0.8084428250105985,0.6381313987110804,0.5571428570632653,18679.076,0.7619047619047619,0.19047619047619047,0.047619047619047616,0.5714285714285714,1.5646476290251234,0.0,1.0,1.0,0.14285714285714285,0.5714285714285714,0.14285714285714285,0.14285714285714285,False,False,True,0,0.7058955642897249,0.25314430095452,False,True,0.14285714285714285,0.14285714285714285,0.23809523809523808,0.47619047619047616
C00640,345.8,542.1,4,9.588743245489388,8.053679249937044,3649.6275,8.053679249937044,3.0,0.596909690446534,58.0,3.9383403137455195,3.7219024929920304,0.588628555302009,0.0,0.0,0.0,0.5,0.3333333333333333,0.16666666666666666,0.3333333333333333,1.972238316179336,1.0,0.0,0.0,0.25,0.75,0.0,0.0,False,False,True,0,0.5452835485682201,0.40895564289724873,True,False,0.16666666666666666,0.4166666666666667,0.0,0.4166666666666667
C00641,15.600000000000001,852.8000000000001,6,9.466358387692475,7.8006302932884815,2152.7933333333335,7.8006302932884815,2.8333333333333335,0.7742870681652403,57.0,4.86599480426999,5.158010420585032,0.8509014508250796,0.10085377447594436,0.4333333332611111,1302.704,0.23529411764705882,0.6470588235294117,0.11764705882352941,0.4117647058823529,1.8994678741792954,0.0,1.0,1.0,0.16666666666666666,0.3333333333333333,0.0,0.5,True,False,False,0,0.32723189219539583,0.11691465468837736,False,True,0.17647058823529413,0.47058823529411764,0.17647058823529413,0.17647058823529413
C00642,59.800000000000004,504.40000000000003,4,9.038078842988762,7.49435279894007,2104.1475,7.49435279894007,3.0,0.881373587019543,24.0,4.74493212836325,4.407095497443174,0.5369593454382153,0.6845821169855388,0.6499999998375,5761.847000000001,0.25,0.5,0.25,0.25,2.009049774151672,1.0,0.0,0.0,0.25,0.0,0.25,0.5,False,False,False,1,0.408422234699607,0.26876754632229083,True,False,0.25,0.3333333333333333,0.08333333333333333,0.3333333333333333
C00643,241.8,638.3000000000001,5,9.135487507074115,7.933573719677374,1855.56,7.933573719677374,2.4,0.9228988853785496,25.0,4.347046915777855,3.982333642273093,0.5249579695042332,0.0,0.0,0.0,0.3333333333333333,0.5,0.16666666666666666,0.4166666666666667,1.8513688925508058,0.0,1.0,1.0,0.6,0.2,0.0,0.2,True,False,False,0,0.37316114542391915,0.24570466030320043,True,False,0.08333333333333333,0.3333333333333333,0.25,0.3333333333333333
C00644,7.800000000000001,890.5,6,9.651876365941115,7.952157265774553,2591.6566666666668,7.952157265774553,3.0,0.8175354928516673,47.0,4.918520005188451,5.161090207917324,0.8226577253080527,0.08067304439759378,0.21666666663055556,1254.461,0.5,0.3888888888888889,0.1111111111111111,0.3888888888888889,1.8921679077320932,1.0,0.0,0.0,0.5,0.16666666666666666,0.0,0.3333333333333333,False,False,True,0,0.4670971364402021,0.22690903986524424,True,False,0.2777777777777778,0.1111111111111111,0.3333333333333333,0.2777777777777778
C00645,704.6,704.6,1,8.551581091472036,0.0,5173.93,0.0,2.0,0.0,54.0,0.0,0.0,0.0,0.0,0.0,0.0,1.0,0.0,0.0,0.5,0.9010913347279289,0.0,0.0,1.0,0.0,0.0,0.0,1.0,False,True,False,0,0.8427288040426727,0.0,True,False,0.0,0.0,0.0,1.0
C00646,240.5,573.3000000000001,4,8.286851294062604,6.643642513763605,992.5775,6.643642513763605,2.5,0.45574639440832615,32.0,4.458215773031428,4.6910174218056016,0.8176643611750952,0.0,0.0,0.0,0.30000000000000004,0.5,0.2,0.3,2.0242470274749396,0.0,0.0,1.0,0.0,0.5,0.0,0.5,False,False,False,1,0.4277091521617069,0.6191605839416059,True,False,0.5,0.1,0.1,0.3
C00647,221.0,916.5,9,9.960919317901032,8.033462620655897,2353.4733333333334,8.033462620655897,2.0,0.6238107163648714,20.0,4.2176677782541,3.844649855661369,0.5211702724473586,0.0,0.0,0.0,0.38888888888888884,0.6111111111111112,0.0,0.3333333333333333,1.7613505689078175,0.0,0.0,1.0,0.5555555555555556,0.2222222222222222,0.1111111111111111,0.1111111111111111,True,False,False,0,0.2645143177989893,0.53307130825379,True,False,0.3333333333333333,0.2777777777777778,0.1111111111111111,0.2777777777777778
C00648,178.1,910.0,5,9.95675624454044,7.974381765607492,4218.652,7.974381765607492,2.8,0.36964004940249856,43.0,4.954064942607862,5.251013743887251,0.8536502929145225,0.0,0.0,0.0,0.5714285714285714,0.2857142857142857,0.14285714285714285,0.35714285714285715,1.9427241747934958,1.0,0.0,0.0,0.2,0.4,0.4,0.0,False,False,True,0,0.5964065131948344,0.16485120718697366,False,True,0.0,0.2857142857142857,0.21428571428571427,0.5
C00649,846.3000000000001,856.7,2,9.813246055229431,8.076050473668541,9136.605,8.076050473668541,3.5,0.5347999967395705,38.0,2.1972245773362196,0.0,0.0,0.0,0.0,0.0,0.7142857142857142,0.14285714285714285,0.14285714285714285,0.42857142857142855,1.660144537305981,0.0,0.0,1.0,0.0,0.5,0.0,0.5,False,True,False,0,0.8207748455923638,0.03071308253790006,False,True,0.0,0.14285714285714285,0.14285714285714285,0.7142857142857143
C00650,439.40000000000003,816.4,3,9.46764184210121,8.133672982736243,4311.116666666666,8.133672982736243,2.3333333333333335,0.4557463944083262,28.0,4.983606621708336,4.532599493153256,0.49132639871187966,0.0,0.0,0.0,0.5714285714285714,0.42857142857142855,0.0,0.2857142857142857,1.7573191925765397,0.0,1.0,1.0,0.0,0.3333333333333333,0.3333333333333333,0.3333333333333333,False,True,False,0,0.8588433464345873,0.4051375631667602,True,False,0.2857142857142857,0.14285714285714285,0.0,0.5714285714285714
C00651,37.7,435.5,4,9.515582853949269,8.164448393745598,3392.135,8.164448393745598,3.0,0.881373587019543,21.0,4.634728988229636,4.524627250201921,0.6390715306245282,0.6322493061154234,0.6499999998375,8578.7,0.41666666666666663,0.41666666666666663,0.16666666666666666,0.3333333333333333,1.972238316179336,0.0,0.0,1.0,0.25,0.5,0.0,0.25,False,False,False,1,0.46064008983717014,0.2944834362717574,False,True,0.4166666666666667,0.08333333333333333,0.16666666666666666,0.3333333333333333
C00652,860.6,860.6,1,8.79402309147799,0.0,6593.71,0.0,4.0,0.0,63.0,0.0,0.0,0.0,0.0,0.0,0.0,0.75,0.25,0.0,0.5,1.3516370020918933,0.0,1.0,1.0,0.0,1.0,0.0,0.0,False,False,True,0,0.4636720943290286,0.0,True,False,0.0,0.5,0.0,0.5
C00653,507.0,941.2,5,9.710851382546249,7.997997564040297,3298.928,7.997997564040297,3.8,0.7397659962052513,36.0,4.436751534363128,4.564553741094243,0.7598525223058399,0.0,0.0,0.0,0.42105263157894735,0.3684210526315789,0.21052631578947367,0.3157894736842105,1.882383248324954,0.0,0.0,1.0,0.2,0.6,0.0,0.2,True,False,False,0,0.4621560920830994,0.05569904548006738,True,False,0.15789473684210525,0.21052631578947367,0.42105263157894735,0.21052631578947367
C00654,107.9,734.5,4,9.692481912822112,8.24326021459136,4048.5975,8.24326021459136,4.25,0.9162907318741551,43.0,5.085536602269373,4.593582857590739,0.4756204289798095,0.02289113699250031,0.32499999991875,370.70799999999997,0.23529411764705882,0.47058823529411764,0.29411764705882354,0.29411764705882354,2.0076965751918907,0.0,0.0,1.0,0.0,0.5,0.25,0.25,False,False,False,1,0.343542953396968,0.28667883211678835,False,True,0.35294117647058826,0.11764705882352941,0.23529411764705882,0.29411764705882354
C00655,146.9,544.7,3,9.471295182090923,7.927131131208022,4326.8966666666665,7.927131131208022,3.6666666666666665,0.7676517525907618,30.0,5.0369526024136295,3.1354942159291497,0.13434805253025695,0.0,0.0,0.0,0.45454545454545453,0.36363636363636365,0.18181818181818182,0.36363636363636365,1.7447471325887207,1.0,0.0,0.0,0.0,1.0,0.0,0.0,True,False,False,0,0.7058955642897249,0.2521897810218978,True,False,0.18181818181818182,0.18181818181818182,0.2727272727272727,0.36363636363636365
C00656,364.0,815.1,6,9.464457646389238,7.741865179708373,2148.705,7.741865179708373,3.6666666666666665,1.0120335713557185,39.0,4.254193263163997,3.47116950244382,0.37101037184313435,0.0,0.0,0.0,0.40909090909090906,0.36363636363636365,0.22727272727272727,0.3181818181818182,1.9857531069427137,1.0,0.0,0.0,0.3333333333333333,0.0,0.3333333333333333,0.3333333333333333,False,False,True,0,0.32936552498596294,0.23565412689500287,False,True,0.36363636363636365,0.36363636363636365,0.09090909090909091,0.18181818181818182
C00657,208.0,938.6,7,10.11227575714511,8.514335314932234,3520.382857142857,8.514335314932234,2.0,0.8289859803936981,41.0,4.550361949493096,4.386689984187786,0.6137839022087708,0.0,0.0,0.0,0.7142857142857142,0.14285714285714285,0.14285714285714285,0.42857142857142855,1.788871870838542,1.0,0.0,0.0,0.42857142857142855,0.14285714285714285,0.0,0.42857142857142855,False,False,True,0,0.5981471083660864,0.41375631667602475,False,True,0.07142857142857142,0.07142857142857142,0.2857142857142857,0.5714285714285714
C00658,5.2,869.7,5,9.018147857178953,7.765009907631636,1650.096,7.765009907631636,3.8,0.8345775047772536,59.0,5.119489699008338,5.525366776314846,0.9177414062063431,0.13456817057915002,0.259999999948,1110.2520000000002,0.3157894736842105,0.5789473684210527,0.10526315789473684,0.42105263157894735,1.8185965118872447,0.0,0.0,1.0,0.4,0.4,0.2,0.0,False,False,False,1,0.28006737787759683,0.0818641212801797,True,False,0.3157894736842105,0.42105263157894735,0.15789473684210525,0.10526315789473684
C00659,627.9,627.9,1,6.548448302855056,0.0,697.16,0.0,2.0,0.0,51.0,0.0,0.0,0.0,0.0,0.0,0.0,0.5,0.5,0.0,0.5,0.9010913347279289,0.0,0.0,1.0,1.0,0.0,0.0,0.0,False,False,False,1,0.4621560920830994,0.0,True,False,0.5,0.0,0.0,0.5
C00660,107.9,652.6,3,9.893511456351037,8.690808015192388,6600.156666666667,8.690808015192388,2.6666666666666665,0.45574639440832615,24.0,5.349485653122436,5.217649463480582,0.6290858725048402,0.0460740578380187,0.4333333331888889,912.288,0.625,0.25,0.125,0.375,1.942427679776101,0.0,1.0,1.0,0.3333333333333333,0.6666666666666666,0.0,0.0,False,True,False,0,0.8599101628298709,0.2999157776530039,False,True,0.125,0.25,0.125,0.5
C00661,561.6,703.3000000000001,3,8.855285543512775,8.139515456524112,2336.7833333333333,8.139515456524112,2.6666666666666665,1.125470359664562,35.0,4.0163830207523885,3.2771447329921766,0.3838259329988346,0.0,0.0,0.0,0.25,0.75,0.0,0.5,1.5769098357738756,0.0,0.0,1.0,0.3333333333333333,0.3333333333333333,0.0,0.3333333333333333,True,False,False,0,0.11381246490735542,0.38905109489051093,True,False,0.5,0.25,0.0,0.25
C00662,146.9,804.7,6,9.859979662559194,8.002240777378555,3191.25,8.002240777378555,2.5,0.7172585746024391,33.0,4.626931677769604,3.7165387474908935,0.33394090531528203,0.0,0.0,0.0,0.4666666666666667,0.33333333333333337,0.2,0.26666666666666666,2.062820119786462,0.0,1.0,1.0,0.16666666666666666,0.5,0.16666666666666666,0.16666666666666666,False,False,True,0,0.4834081976417743,0.30628860190903984,True,False,0.13333333333333333,0.3333333333333333,0.2,0.3333333333333333
C00663,136.5,917.8000000000001,4,9.977996515710775,8.627226698829674,5386.525,8.627226698829674,2.75,0.6716309107725503,46.0,5.304961909266705,4.989691709700474,0.547104660860645,0.0,0.0,0.0,0.6363636363636364,0.09090909090909091,0.2727272727272727,0.36363636363636365,1.6829087155983646,0.0,1.0,1.0,0.5,0.5,0.0,0.0,False,True,False,0,0.647164514317799,0.41087871982032564,False,True,0.09090909090909091,0.0,0.36363636363636365,0.5454545454545454
C00664,349.7,874.9,3,9.067807443963973,7.613379407862838,2890.1966666666667,7.613379407862838,3.3333333333333335,0.4557463944083262,58.0,5.313205979041787,4.343805421853684,0.31935341628807895,0.0,0.0,0.0,0.4,0.4,0.2,0.3,2.0242470274749396,0.0,1.0,1.0,0.0,0.6666666666666666,0.0,0.3333333333333333,True,False,False,0,0.5016282987085907,0.24545199326221223,True,False,0.3,0.2,0.2,0.3
C00665,55.9,806.0,6,10.370156879167983,7.782865738187452,5315.413333333333,7.782865738187452,2.0,0.4900853426144089,48.0,4.757032535297338,4.9831066070986365,0.8135342409148825,0.5151724795312088,0.4333333332611111,16430.128,0.8333333333333334,0.08333333333333333,0.08333333333333333,0.4166666666666667,1.486820906254125,0.0,0.0,1.0,0.3333333333333333,0.3333333333333333,0.16666666666666666,0.16666666666666666,False,True,False,0,0.8588433464345873,0.11471083660864678,True,False,0.08333333333333333,0.0,0.08333333333333333,0.8333333333333334
C00666,296.40000000000003,898.3000000000001,6,10.25570025546935,7.763564711087254,4740.536666666667,7.763564711087254,3.0,0.8175354928516673,51.0,4.539030383483547,4.159086414698116,0.5190831075203235,0.0,0.0,0.0,0.5555555555555556,0.2777777777777778,0.16666666666666666,0.2777777777777778,1.775892884249982,0.0,0.0,1.0,0.3333333333333333,0.0,0.16666666666666666,0.5,False,True,False,0,0.5761931499157776,0.589177428411005,True,False,0.16666666666666666,0.3333333333333333,0.05555555555555555,0.4444444444444444
C00667,91.0,943.8000000000001,2,9.0563706757704,7.995607476491186,4285.99,7.995607476491186,3.0,0.0,32.0,6.48768401848461,0.0,0.0,0.3318374517905628,0.649999999675,2844.504,0.5,0.5,0.0,0.3333333333333333,1.7285597535111856,1.0,0.0,0.0,0.0,0.0,0.0,1.0,False,True,False,0,0.593542953396968,0.11235261089275694,True,False,0.16666666666666666,0.16666666666666666,0.16666666666666666,0.5
C00668,213.20000000000002,217.1,2,8.899391037306055,8.21566642747694,3663.255,8.21566642747694,2.5,0.5347999967395705,67.0,1.3862943611198906,0.0,0.0,0.0,0.0,0.0,0.4,0.6,0.0,0.6,1.2353517010032051,0.0,0.0,1.0,0.5,0.0,0.0,0.5,True,False,False,0,0.6652161706906232,0.19362717574396404,True,False,0.0,0.0,0.6,0.4
C00669,32.5,510.90000000000003,5,10.24509088823841,7.47101705258665,5628.608,7.47101705258665,3.0,0.5347999967395705,39.0,4.532599493153256,3.3749331972302135,0.26755421467629925,0.1482893106075197,0.259999999948,4173.312,0.6,0.2,0.2,0.3333333333333333,1.9366754145057685,1.0,0.0,0.0,0.2,0.6,0.2,0.0,False,True,False,0,0.7058955642897249,0.23015160022459302,True,False,0.2,0.06666666666666667,0.13333333333333333,0.6
C00670,205.4,205.4,1,6.705382023876393,0.0,815.79,0.0,5.0,0.0,34.0,0.0,0.0,0.0,0.0,0.0,0.0,0.4,0.4,0.2,0.4,1.7318327522731591,0.0,1.0,1.0,0.0,0.0,1.0,0.0,False,False,True,0,0.2591802358225716,0.0,False,True,0.4,0.6,0.0,0.0
C00671,140.4,942.5,4,9.554668101830796,8.003321777425143,3527.3525,8.003321777425143,3.5,0.6931471805599453,34.0,5.331107189371028,5.507780212463606,0.7858086054814886,0.0,0.0,0.0,0.3571428571428571,0.5,0.14285714285714285,0.2857142857142857,2.046326537903665,0.0,0.0,1.0,0.25,0.5,0.25,0.0,True,False,False,0,0.4364682762492982,0.10124929814710837,False,True,0.21428571428571427,0.2857142857142857,0.14285714285714285,0.35714285714285715
C00672,83.2,673.4,8,10.552461818007302,8.49544823776212,4783.8175,8.49544823776212,3.75,0.8249382611234762,37.0,4.339467020255086,4.1142623815653945,0.585388172794768,0.020404990365957207,0.1624999999796875,780.9100000000001,0.5,0.4,0.1,0.3,1.9947978610970707,1.0,0.0,0.0,0.0,0.625,0.125,0.25,False,False,True,0,0.426221224031443,0.5323975294778214,True,False,0.16666666666666666,0.3,0.13333333333333333,0.4
C00673,438.1,900.9,6,9.671431275620188,8.049986830988544,2642.8383333333336,8.049986830988544,2.1666666666666665,0.6847077083112325,35.0,4.279440045898781,4.1166542497779615,0.613921741555539,0.0,0.0,0.0,0.6923076923076923,0.07692307692307693,0.23076923076923078,0.5384615384615384,1.5040839376488566,0.0,1.0,1.0,0.3333333333333333,0.3333333333333333,0.3333333333333333,0.0,False,False,True,0,0.6368051656372824,0.22758281864121277,True,False,0.15384615384615385,0.07692307692307693,0.3076923076923077,0.46153846153846156
C00674,419.90000000000003,751.4,3,9.031387136014983,8.157897204306988,2786.816666666666,8.157897204306988,3.6666666666666665,0.7676517525907618,61.0,4.855928904335275,4.590056548178043,0.5679840376025406,0.0,0.0,0.0,0.36363636363636365,0.6363636363636364,0.0,0.45454545454545453,1.612889579539415,1.0,0.0,0.0,0.0,0.6666666666666666,0.3333333333333333,0.0,False,False,False,1,0.287871982032566,0.2522459292532285,True,False,0.18181818181818182,0.36363636363636365,0.18181818181818182,0.2727272727272727
C00675,339.3,872.3000000000001,6,10.56206088651529,8.550997220671066,6439.946666666667,8.550997220671066,4.166666666666667,0.5611989071173201,28.0,4.418840607796598,3.932452686409542,0.47632499267255013,0.0,0.0,0.0,0.48000000000000004,0.52,0.0,0.44,1.6140900180207587,0.0,1.0,1.0,0.6666666666666666,0.0,0.16666666666666666,0.16666666666666666,True,False,False,0,0.5,0.41771476698484,False,True,0.28,0.12,0.24,0.36
C00676,20.8,902.2,7,10.002352316405366,7.668983995884392,3153.905714285714,7.668983995884392,3.5714285714285716,0.6810240276767763,23.0,4.736198448394496,4.431700503083595,0.5511056665316121,0.0553862014173784,0.1857142856877551,1222.78,0.36,0.4,0.24,0.24,2.0817988191179726,0.0,1.0,1.0,0.2857142857142857,0.2857142857142857,0.14285714285714285,0.2857142857142857,False,False,False,1,0.3948905109489051,0.25221785513756323,True,False,0.24,0.2,0.2,0.36
C00677,133.9,885.3000000000001,2,6.264216974974207,5.599852307519952,262.215,5.599852307519952,1.5,0.5347999967395705,35.0,6.361302477572996,0.0,0.0,0.0,0.0,0.0,0.0,1.0,0.0,0.6666666666666666,0.8274684187832566,0.0,1.0,1.0,0.0,0.0,0.0,1.0,False,False,False,1,0.21487928130263895,0.11942728804042674,True,False,0.6666666666666666,0.0,0.3333333333333333,0.0
C00678,201.5,858.0,10,10.3932184385907,8.255013060866727,3263.654,8.255013060866727,2.5,0.8894213116708668,59.0,4.0449986881189455,3.8512484645633,0.5992345519726394,0.0,0.0,0.0,0.52,0.36000000000000004,0.12,0.32,1.9492549156903896,0.0,1.0,1.0,0.3,0.5,0.0,0.2,False,False,True,0,0.41260527793374513,0.4829169006176306,True,False,0.12,0.28,0.12,0.48
C00679,136.5,828.1,12,10.664343230794683,7.938448520551846,4331.468333333333,7.938448520551846,2.75,0.8846870214168722,29.0,3.899214047135565,3.5526879319347877,0.5312662729278362,0.0,0.0,0.0,0.6363636363636364,0.24242424242424243,0.12121212121212122,0.36363636363636365,1.836714850338141,1.0,0.0,0.0,0.25,0.3333333333333333,0.16666666666666666,0.25,False,False,True,0,0.7194834362717575,0.2751824817518249,True,False,0.12121212121212122,0.09090909090909091,0.2727272727272727,0.5151515151515151
C00680,154.70000000000002,278.2,2,9.006473574416779,8.194192409137957,4077.3549999999996,8.194192409137957,5.0,0.0,26.0,4.564348191467836,0.0,0.0,0.0,0.0,0.0,0.5,0.4,0.1,0.4,1.8440287605293537,0.0,1.0,1.0,0.0,1.0,0.0,0.0,False,False,True,0,0.3763054463784391,0.047220662549129655,True,False,0.4,0.2,0.2,0.2
C00681,78.0,741.0,5,8.717678778837861,6.584058062653383,1221.7959999999998,6.584058062653383,3.4,0.9833211655177317,35.0,4.855928904335275,4.701240835405973,0.6181856220655507,0.779645047127216,0.519999999896,4762.836,0.17647058823529413,0.47058823529411764,0.35294117647058826,0.35294117647058826,1.7609553977771206,1.0,0.0,0.0,0.0,0.6,0.2,0.2,False,False,False,1,0.4498034811903425,0.11886580572711958,True,False,0.17647058823529413,0.23529411764705882,0.35294117647058826,0.23529411764705882
C00682,358.8,916.5,3,9.618050957112732,8.107789931746598,5010.906666666667,8.107789931746598,3.0,0.6931471805599453,49.0,5.372960909543803,4.7140245909001735,0.4155154439600807,0.0,0.0,0.0,0.4444444444444444,0.3333333333333333,0.2222222222222222,0.3333333333333333,1.7795990689622851,0.0,1.0,1.0,0.3333333333333333,0.3333333333333333,0.0,0.3333333333333333,True,False,False,0,0.7475575519371139,0.023104997192588295,False,True,0.0,0.1111111111111111,0.2222222222222222,0.6666666666666666
C00683,390.0,785.2,5,10.209364710881495,7.8874227892032165,5431.062,7.8874227892032165,2.8,0.7397659962052514,65.0,4.343805421853684,2.8173309858071742,0.18813938896326932,0.0,0.0,0.0,0.7142857142857142,0.2857142857142857,0.0,0.42857142857142855,1.6115572096707014,0.0,0.0,1.0,0.0,0.4,0.4,0.2,False,False,True,0,0.5738349241998877,0.3872543514879281,False,True,0.14285714285714285,0.14285714285714285,0.14285714285714285,0.5714285714285714
C00684,338.0,939.9,7,9.205189127066474,7.682538069534127,1421.0885714285712,7.682538069534127,2.4285714285714284,0.8743332020491272,20.0,4.358843299218225,4.326458171257051,0.6768758678889347,0.0,0.0,0.0,0.411764705882353,0.4117647058823529,0.17647058823529413,0.35294117647058826,1.887657295151789,1.0,0.0,0.0,0.0,0.42857142857142855,0.14285714285714285,0.42857142857142855,False,False,True,0,0.3060078607523863,0.1765581134194273,False,True,0.17647058823529413,0.4117647058823529,0.23529411764705882,0.17647058823529413
C00685,11.700000000000001,647.4,5,9.549372187222273,7.931965282534429,2806.9759999999997,7.931965282534429,2.8,0.9719780738352177,62.0,4.814214812922799,4.217824377355142,0.43639624836431845,1.055644223534433,0.519999999896,14815.84,0.42857142857142855,0.3571428571428571,0.21428571428571427,0.2857142857142857,1.966186532006383,1.0,0.0,0.0,0.0,0.6,0.2,0.2,False,False,False,1,0.5120718697361033,0.038966872543514885,False,True,0.2857142857142857,0.14285714285714285,0.2857142857142857,0.2857142857142857
C00686,341.90000000000003,842.4,9,9.86489120442642,7.662840318909186,2137.9755555555553,7.662840318909186,3.0,0.9776914835495976,21.0,3.8943680701894254,3.692824983654665,0.5953554434921638,0.0,0.0,0.0,0.2962962962962963,0.5185185185185185,0.18518518518518517,0.2962962962962963,2.032395456142737,0.0,0.0,1.0,0.2222222222222222,0.3333333333333333,0.2222222222222222,0.2222222222222222,True,False,False,0,0.4621560920830994,0.06586187535092641,False,True,0.2222222222222222,0.14814814814814814,0.3333333333333333,0.2962962962962963
C00687,141.70000000000002,872.3000000000001,6,9.96522261640704,8.069437091967117,3545.435,8.069437091967117,2.8333333333333335,0.8455077458700537,30.0,4.730921391293652,4.7657654290401394,0.7108759276014482,0.0,0.0,0.0,0.23529411764705882,0.6470588235294118,0.11764705882352941,0.35294117647058826,1.887657295151789,1.0,0.0,0.0,0.16666666666666666,0.16666666666666666,0.5,0.16666666666666666,True,False,False,0,0.42841100505334084,0.2166339135317238,False,True,0.29411764705882354,0.11764705882352941,0.29411764705882354,0.29411764705882354
C00688,76.7,76.7,1,7.362162920603317,0.0,1574.24,0.0,5.0,0.0,35.0,0.0,0.0,0.0,1.2999999999991743,1.2999999987,2046.5120000000002,0.0,0.6000000000000001,0.4,0.4,1.3713962183819874,0.0,1.0,1.0,1.0,0.0,0.0,0.0,False,False,False,1,0.2509825940482875,0.0,True,False,0.4,0.2,0.2,0.2
C00689,439.40000000000003,739.7,4,9.337764779871847,8.03493292304068,2839.4975,8.03493292304068,2.75,0.9961457767684165,61.0,4.356708826689592,3.1896897634403674,0.264169760983309,0.0,0.0,0.0,0.45454545454545453,0.36363636363636365,0.18181818181818182,0.2727272727272727,2.0724167088534218,0.0,1.0,1.0,0.25,0.25,0.25,0.25,False,False,True,0,0.4098820887142055,0.1871841661987647,True,False,0.36363636363636365,0.09090909090909091,0.09090909090909091,0.45454545454545453
C00690,52.0,830.7,5,9.741273870563234,8.04044993612297,3400.8379999999997,8.04044993612297,3.6,0.43678453268671036,53.0,5.015622835607295,5.133752607314983,0.7543492711571613,1.03855720266587,0.519999999896,17659.824,0.4444444444444444,0.4444444444444444,0.1111111111111111,0.3333333333333333,1.9042613003580569,0.0,0.0,1.0,0.4,0.4,0.0,0.2,True,False,False,0,0.44514317798989333,0.27697922515440765,False,True,0.1111111111111111,0.2777777777777778,0.2777777777777778,0.3333333333333333
C00691,707.2,707.2,1,8.111724083300073,0.0,3332.32,0.0,3.0,0.0,56.0,0.0,0.0,0.0,0.0,0.0,0.0,0.3333333333333333,0.3333333333333333,0.3333333333333333,0.3333333333333333,1.4281959752685425,1.0,0.0,0.0,0.0,0.0,0.0,1.0,False,True,False,0,0.39943851768669286,0.0,False,True,0.3333333333333333,0.3333333333333333,0.0,0.3333333333333333
C00692,92.3,568.1,6,10.387842088161234,7.669824589539043,5410.256666666667,7.669824589539043,3.5,0.7996422445006162,33.0,4.3067641501733345,4.419410366286898,0.7518239304720266,0.5013861326357129,0.4333333332611111,16275.766,0.47619047619047616,0.2857142857142857,0.23809523809523808,0.23809523809523808,2.0343099957192954,0.0,0.0,1.0,0.3333333333333333,0.3333333333333333,0.0,0.3333333333333333,False,True,False,0,0.6433745087029759,0.19493262212240314,True,False,0.19047619047619047,0.14285714285714285,0.14285714285714285,0.5238095238095238
C00693,83.2,943.8000000000001,11,10.353309201290358,7.9551404272039035,2850.877272727273,7.9551404272039035,2.8181818181818183,0.9311447544382977,40.0,4.207673247529104,3.998562397593696,0.5924728477739283,0.18864595108682053,0.11818181817107437,5915.871,0.3548387096774194,0.6451612903225806,0.0,0.45161290322580644,1.675678928741109,0.0,1.0,1.0,0.2727272727272727,0.45454545454545453,0.09090909090909091,0.18181818181818182,True,False,False,0,0.3243121841661988,0.30145985401459857,True,False,0.22580645161290322,0.2903225806451613,0.25806451612903225,0.22580645161290322
C00694,535.6,917.8000000000001,7,9.512860563036082,7.854618671939065,1933.0928571428572,7.854618671939065,2.142857142857143,0.8523644683967538,63.0,3.912023005428146,3.295836866004329,0.42566781541860904,0.0,0.0,0.0,0.4,0.26666666666666666,0.3333333333333333,0.3333333333333333,1.9366754145057685,0.0,1.0,1.0,0.14285714285714285,0.2857142857142857,0.14285714285714285,0.42857142857142855,False,False,False,1,0.29247613700168446,0.3098540145985401,False,True,0.2,0.4,0.0,0.4
C00695,184.6,670.8000000000001,5,9.741307977215916,8.398823486119433,3400.954,8.398823486119433,3.2,1.0256308957368645,48.0,4.548599834499697,4.224557650201167,0.5424751611034601,0.0,0.0,0.0,0.25,0.625,0.125,0.4375,1.8494190340698116,0.0,1.0,1.0,0.0,0.6,0.0,0.4,True,False,False,0,0.6009545199326222,0.48601909039865243,True,False,0.25,0.125,0.3125,0.3125
C00696,9.1,811.2,7,10.217150553684053,7.883746219165422,3909.652857142857,7.883746219165422,3.5714285714285716,0.8743332020491272,46.0,4.642787049559398,4.282255840985663,0.5273064289200542,0.3401485773124782,0.1857142856877551,9309.039999999999,0.48,0.28,0.24,0.32,2.0123799653325967,0.0,0.0,1.0,0.42857142857142855,0.42857142857142855,0.0,0.14285714285714285,False,False,True,0,0.5341381246490735,0.1163391353172375,True,False,0.2,0.2,0.12,0.48
C00697,100.10000000000001,777.4,5,8.535563420771116,7.18951297250735,1018.3400000000001,7.18951297250735,1.8,0.6079487191729779,65.0,4.877103901471733,4.647725828954704,0.5841434900990403,0.08866665357344528,0.259999999948,451.464,0.3333333333333333,0.2222222222222222,0.4444444444444444,0.4444444444444444,1.8551793563949421,1.0,0.0,0.0,0.0,0.4,0.0,0.6,False,False,False,1,0.39943851768669286,0.29994385176866933,True,False,0.2222222222222222,0.2222222222222222,0.3333333333333333,0.2222222222222222
C00698,327.6,422.5,3,9.704612133489361,8.713707237805405,5464.013333333333,8.713707237805405,2.0,1.005052538742381,56.0,3.624340932976365,2.0149030205422647,0.16388785510097517,0.0,0.0,0.0,0.6666666666666666,0.16666666666666666,0.16666666666666666,0.5,1.6151893223622003,0.0,0.0,1.0,0.0,0.6666666666666666,0.0,0.3333333333333333,False,True,False,0,0.8427288040426727,0.42574396406513193,True,False,0.16666666666666666,0.0,0.16666666666666666,0.6666666666666666
C00699,278.2,898.3000000000001,5,8.078880458814599,5.357478910075696,644.924,5.357478910075696,2.8,0.36964004940249856,20.0,4.78957290898587,3.6899000330716287,0.28321199587971124,0.0,0.0,0.0,0.2857142857142857,0.5714285714285714,0.14285714285714285,0.2857142857142857,1.7573191925765397,0.0,1.0,1.0,0.4,0.4,0.0,0.2,False,False,False,1,0.3136440202133633,0.17383492419988772,True,False,0.2857142857142857,0.35714285714285715,0.35714285714285715,0.0
C00700,133.9,874.9,5,10.034269293330507,8.620145936338533,4558.676,8.620145936338533,3.0,0.881373587019543,23.0,4.966335035199676,4.691995184518431,0.5643986327852268,0.0,0.0,0.0,0.5333333333333333,0.26666666666666666,0.2,0.3333333333333333,2.0114727533432313,0.0,1.0,1.0,0.6,0.2,0.0,0.2,False,False,True,0,0.5933183604716451,0.1850084222346996,False,True,0.13333333333333333,0.06666666666666667,0.26666666666666666,0.5333333333333333
C00701,15.600000000000001,925.6,12,10.664343230794683,8.020792617475442,3952.2491666666665,8.020792617475442,2.75,0.7599551710459795,48.0,4.16877715700487,3.839920342266271,0.5396125219535498,0.21172239688834962,0.43333333329722223,10041.356,0.42424242424242425,0.3939393939393939,0.18181818181818182,0.36363636363636365,1.8740709720434445,0.0,0.0,1.0,0.3333333333333333,0.4166666666666667,0.08333333333333333,0.16666666666666666,True,False,False,0,0.5863279056709714,0.12279618192026959,True,False,0.12121212121212122,0.15151515151515152,0.3333333333333333,0.3939393939393939
C00702,447.2,894.4,10,10.451762417478868,8.134923707088763,3460.4309999999996,8.134923707088763,3.3,0.811670189939152,35.0,3.6692434795970774,3.4546667315367343,0.5888030370637869,0.0,0.0,0.0,0.48484848484848486,0.3939393939393939,0.12121212121212122,0.2727272727272727,2.0512917448930086,0.0,1.0,1.0,0.0,0.3,0.2,0.5,False,False,True,0,0.4754912970241437,0.47331555306007866,True,False,0.2727272727272727,0.18181818181818182,0.15151515151515152,0.3939393939393939
C00703,195.0,863.2,3,9.509829219338862,8.237618300999838,4496.8966666666665,8.237618300999838,2.6666666666666665,0.7676517525907619,47.0,5.552959584921617,4.553876891600541,0.31171013856960395,0.0,0.0,0.0,0.5,0.5,0.0,0.375,1.7171548460941188,0.0,0.0,1.0,0.3333333333333333,0.3333333333333333,0.0,0.3333333333333333,False,False,False,1,0.503312745648512,0.3787198203256597,True,False,0.375,0.0,0.25,0.375
C00704,236.6,942.5,4,9.290622743235799,7.845225312567313,2708.7325,7.845225312567313,3.75,0.8146148592237981,39.0,5.204006687076795,5.18771001568695,0.6849870237359689,0.0,0.0,0.0,0.2,0.5333333333333333,0.26666666666666666,0.3333333333333333,1.7711817307491176,0.0,1.0,1.0,0.25,0.5,0.0,0.25,False,False,False,1,0.31448624368332395,0.1328186412128018,True,False,0.3333333333333333,0.3333333333333333,0.06666666666666667,0.26666666666666666
C00705,538.2,858.0,3,9.466947325659351,7.599200295385346,4308.123333333334,7.599200295385346,3.0,1.005052538742381,32.0,4.820281565605037,3.9512437185814275,0.34687094383972855,0.0,0.0,0.0,0.4444444444444444,0.3333333333333333,0.2222222222222222,0.3333333333333333,1.7795990689622851,0.0,0.0,1.0,0.0,0.3333333333333333,0.3333333333333333,0.3333333333333333,False,False,False,1,0.8366086468276249,0.04868051656372829,True,False,0.3333333333333333,0.0,0.0,0.6666666666666666
C00706,170.3,176.8,2,9.447548551081773,4.457318049051035,6338.025,4.457318049051035,2.5,0.5347999967395705,58.0,1.791759469228055,0.0,0.0,0.0,0.0,0.0,0.8,0.2,0.0,0.4,1.3713962183819874,0.0,1.0,1.0,0.0,1.0,0.0,0.0,False,True,False,0,0.7823694553621561,0.07647389107243119,False,True,0.0,0.2,0.0,0.8
C00707,5.2,617.5,3,9.301590502742588,8.046263639423218,3651.476666666667,8.046263639423218,3.6666666666666665,0.4557463944083262,32.0,5.465948207931988,3.624340932976365,0.14409115283895507,0.41639784087347165,0.4333333331888889,4561.401000000001,0.5454545454545454,0.36363636363636365,0.09090909090909091,0.36363636363636365,1.9704203377114269,1.0,0.0,0.0,0.3333333333333333,0.3333333333333333,0.0,0.3333333333333333,False,False,True,0,0.49365524985962944,0.31476698483997756,True,False,0.36363636363636365,0.0,0.2727272727272727,0.36363636363636365
C00708,490.1,796.9,2,8.524567931052395,5.358888185435165,2518.005,5.358888185435165,3.0,1.342454046453526,29.0,5.4680601411351315,0.0,0.0,0.0,0.0,0.0,0.3333333333333333,0.5,0.16666666666666666,0.3333333333333333,1.7285597535111856,0.0,1.0,1.0,0.0,0.5,0.5,0.0,False,True,False,0,0.5193992139247614,0.3290005614823133,True,False,0.5,0.0,0.16666666666666666,0.3333333333333333
C00709,243.1,436.8,2,6.783642251130882,5.598360548088181,441.14,5.598360548088181,2.5,1.1382560993413577,38.0,5.0106352940962555,0.0,0.0,0.0,0.0,0.0,0.0,1.0,0.0,0.6,0.8749151671120335,0.0,0.0,1.0,0.5,0.5,0.0,0.0,True,False,False,0,0.23458731049971926,0.12644581695676588,False,True,0.6,0.2,0.2,0.0
C00710,288.6,713.7,5,9.576228543491029,7.931633841292184,2883.388,7.931633841292184,2.6,0.9228988853785496,48.0,4.415824014257172,4.606893837978332,0.7944030294516776,0.0,0.0,0.0,0.46153846153846156,0.23076923076923078,0.3076923076923077,0.3076923076923077,1.7571855530916634,1.0,0.0,0.0,0.0,0.6,0.2,0.2,False,False,False,1,0.5964065131948344,0.11403705783267826,False,True,0.23076923076923078,0.07692307692307693,0.15384615384615385,0.5384615384615384
C00711,62.400000000000006,722.8000000000001,6,9.658424898270418,7.99758942145715,2608.685,7.99758942145715,2.3333333333333335,0.7934721026084851,52.0,4.630837932736669,4.440337757423346,0.6014914267274826,0.5323558932309744,0.4333333332611111,8332.493,0.5714285714285714,0.2857142857142857,0.14285714285714285,0.35714285714285715,1.9913115024287753,0.0,0.0,1.0,0.3333333333333333,0.3333333333333333,0.16666666666666666,0.16666666666666666,False,False,True,0,0.6523301516002247,0.5514177428411005,True,False,0.35714285714285715,0.07142857142857142,0.14285714285714285,0.42857142857142855
C00712,24.7,858.0,9,10.4539221794457,8.387789965942975,3853.236666666667,8.387789965942975,3.111111111111111,0.7731898882334818,59.0,4.395991175024254,4.455874317362081,0.7239104379695303,0.07745727761913067,0.2888888888567901,2686.1510000000003,0.4642857142857143,0.3571428571428571,0.17857142857142858,0.2857142857142857,2.055675169195056,0.0,0.0,1.0,0.0,0.5555555555555556,0.1111111111111111,0.3333333333333333,False,False,True,0,0.6115103874227962,0.35648512071869737,False,True,0.17857142857142858,0.21428571428571427,0.17857142857142858,0.42857142857142855
C00713,157.3,547.3000000000001,2,8.902412053844136,8.398678128313746,3674.3399999999997,8.398678128313746,3.0,0.881373587019543,62.0,5.707110264748875,0.0,0.0,0.0,0.0,0.0,0.3333333333333333,0.6666666666666666,0.0,0.5,1.6151893223622003,0.0,1.0,1.0,0.0,0.5,0.0,0.5,True,False,False,0,0.47619314991577766,0.10190903986524424,False,True,0.16666666666666666,0.16666666666666666,0.3333333333333333,0.3333333333333333
C00714,52.0,508.3,3,7.784340059994234,6.115664677922882,800.56,6.115664677922882,2.6666666666666665,0.9272406547120959,32.0,5.173320876373351,4.471638793363569,0.40070546085329517,0.7134281003294721,0.4333333331888889,1713.426,0.5,0.125,0.375,0.5,1.2666091787301543,1.0,0.0,0.0,0.3333333333333333,0.6666666666666666,0.0,0.0,False,False,True,0,0.4025266704098821,0.16445816956765857,False,True,0.125,0.375,0.375,0.125
C00715,239.20000000000002,873.6,7,10.312250549957717,8.225359683710426,4299.728571428571,8.225359683710426,2.2857142857142856,0.747965463121242,45.0,4.410776047959867,4.389477520536793,0.6824236819866369,0.0,0.0,0.0,0.6875,0.25,0.0625,0.375,1.8517756120547035,1.0,0.0,0.0,0.42857142857142855,0.2857142857142857,0.0,0.2857142857142857,False,False,True,0,0.5120718697361033,0.5478102189781021,True,False,0.125,0.25,0.0625,0.5625
C00716,36.4,764.4,8,9.60818652945111,8.004844292987972,1860.6437499999997,8.004844292987972,2.25,0.8707619066095406,29.0,4.394449154672439,4.77300222842173,0.9025659485312229,0.6411210501741238,0.64999999991875,9543.183,0.3333333333333333,0.5555555555555556,0.1111111111111111,0.3888888888888889,1.934957379768118,0.0,0.0,1.0,0.125,0.625,0.25,0.0,True,False,False,0,0.2533688938798428,0.29762773722627733,False,True,0.3333333333333333,0.3333333333333333,0.1111111111111111,0.2222222222222222
C00717,71.5,676.0,5,9.768168276886541,7.893189066505038,3493.548,7.893189066505038,3.2,1.0256308957368645,51.0,4.764308407326388,3.662442801198207,0.2825488519162732,0.13669553130512951,0.259999999948,2387.762,0.3125,0.3125,0.375,0.375,1.8999137680952316,0.0,1.0,1.0,0.8,0.2,0.0,0.0,False,False,False,1,0.7058955642897249,0.43290286355979785,True,False,0.25,0.1875,0.0625,0.5
C00718,202.8,859.3000000000001,6,9.718689932826905,8.35856329873088,2770.741666666667,8.35856329873088,2.3333333333333335,0.7934721026084852,59.0,4.624972813284271,3.803419553481522,0.360607922053748,0.0,0.0,0.0,0.2857142857142857,0.5,0.21428571428571427,0.42857142857142855,1.8204245491005446,0.0,1.0,1.0,0.0,0.3333333333333333,0.3333333333333333,0.3333333333333333,True,False,False,0,0.718978102189781,0.34087591240875914,False,True,0.07142857142857142,0.14285714285714285,0.2857142857142857,0.5
C00719,120.9,908.7,3,9.718793984747103,8.488108495939205,5542.06,8.488108495939205,3.0,1.005052538742381,67.0,5.717027701406222,3.8501476017100584,0.14133911669262303,0.0,0.0,0.0,0.4444444444444444,0.1111111111111111,0.4444444444444444,0.4444444444444444,1.5793565501338567,0.0,1.0,1.0,0.0,1.0,0.0,0.0,False,False,False,1,0.7912408759124088,0.23860190903986522,True,False,0.1111111111111111,0.1111111111111111,0.2222222222222222,0.5555555555555556
C00720,88.4,763.1,9,10.099898141160653,7.874211476332318,2704.3922222222222,7.874211476332318,3.111111111111111,0.9308209522248956,58.0,4.187759006861526,4.129983059325353,0.6642311443010859,0.1988984996834286,0.4333333332851852,4841.0960000000005,0.5,0.3214285714285714,0.17857142857142858,0.35714285714285715,2.000660133720167,0.0,1.0,1.0,0.1111111111111111,0.4444444444444444,0.0,0.4444444444444444,False,False,True,0,0.6134194272880404,0.2708029197080293,False,True,0.2857142857142857,0.07142857142857142,0.14285714285714285,0.5
C00721,5.2,793.0,5,9.62959266521155,8.152698268163311,3041.448,8.152698268163311,3.4,0.9228988853785496,33.0,5.0271645960474665,5.095805150231291,0.7282827047221124,1.220303487023206,0.779999999844,18557.448,0.5882352941176471,0.4117647058823529,0.0,0.47058823529411764,1.628960093946304,1.0,0.0,0.0,0.4,0.2,0.2,0.2,False,False,True,0,0.3570466030320045,0.2936552498596294,True,False,0.29411764705882354,0.29411764705882354,0.17647058823529413,0.23529411764705882
C00722,24.7,702.0,7,9.686459016348376,7.788159349260649,2299.5914285714284,7.788159349260649,3.142857142857143,0.8523644683967538,21.0,4.475441079313307,4.353071854431087,0.6331291887747948,0.45052599405854393,0.3714285713755102,7252.18,0.18181818181818182,0.5454545454545454,0.2727272727272727,0.3181818181818182,1.9388452809060133,0.0,0.0,1.0,0.14285714285714285,0.2857142857142857,0.2857142857142857,0.2857142857142857,False,False,False,1,0.3742841100505334,0.3070185289163392,True,False,0.3181818181818182,0.18181818181818182,0.13636363636363635,0.36363636363636365
C00723,33.800000000000004,933.4,12,10.157882453507575,7.719755418964228,2149.3849999999998,7.719755418964228,3.0,0.9537591685469201,42.0,4.157461619012294,4.112051167550488,0.6703387719798755,0.17544890747817882,0.3249999999729167,4525.287,0.2777777777777778,0.4722222222222222,0.25,0.3055555555555556,1.9928656172696577,1.0,0.0,0.0,0.25,0.3333333333333333,0.08333333333333333,0.3333333333333333,True,False,False,0,0.5100505334081977,0.3405951712521056,True,False,0.19444444444444445,0.19444444444444445,0.2222222222222222,0.3888888888888889
C00724,31.200000000000003,839.8000000000001,5,10.150210902370794,8.386218075760763,5119.1,8.386218075760763,3.2,1.0256308957368645,62.0,5.0530560099802075,4.958597534555288,0.6467292834684629,0.5658132484225522,0.519999999896,14482.273,0.5625,0.375,0.0625,0.3125,1.9644120288956943,0.0,0.0,1.0,0.4,0.2,0.0,0.4,False,False,True,0,0.49247613700168447,0.2907916900617631,False,True,0.125,0.1875,0.25,0.4375
C00725,23.400000000000002,527.8000000000001,2,7.269651567943509,6.8554054775647595,717.525,6.8554054775647595,3.0,1.342454046453526,23.0,5.963579343618446,0.0,0.0,1.2572509668643899,0.649999999675,1804.2179999999998,0.3333333333333333,0.5,0.16666666666666666,0.3333333333333333,1.7285597535111856,0.0,1.0,1.0,0.0,1.0,0.0,0.0,True,False,False,0,0.17759685569904549,0.13891072431218418,False,True,0.16666666666666666,0.6666666666666666,0.0,0.16666666666666666
C00726,436.8,713.7,2,7.334388095311307,5.505181127086787,765.545,5.505181127086787,2.0,0.0,29.0,5.365976015021851,0.0,0.0,0.0,0.0,0.0,0.0,0.5,0.5,0.5,1.3516370020918933,0.0,0.0,1.0,0.0,0.5,0.5,0.0,False,False,False,1,0.4993262212240314,0.09399213924761363,True,False,0.5,0.0,0.0,0.5
C00727,126.10000000000001,592.8000000000001,6,10.111685979759837,7.956288069204044,4104.691666666667,7.956288069204044,2.8333333333333335,0.9050114166450717,24.0,4.28771595520264,4.1418735236698385,0.6218680299354269,0.0,0.0,0.0,0.47058823529411764,0.29411764705882354,0.23529411764705882,0.23529411764705882,2.053003074994741,1.0,0.0,0.0,0.16666666666666666,0.5,0.16666666666666666,0.16666666666666666,False,True,False,0,0.5879000561482314,0.4119736103312745,False,True,0.17647058823529413,0.23529411764705882,0.11764705882352941,0.47058823529411764
C00728,218.4,891.8000000000001,6,10.224914314361342,8.618421955754059,4596.8133333333335,8.618421955754059,3.1666666666666665,1.112265804530245,45.0,4.650143551630823,4.8312803672552125,0.7886827620526105,0.0,0.0,0.0,0.42105263157894735,0.47368421052631576,0.10526315789473684,0.3157894736842105,1.9724987619934449,0.0,1.0,1.0,0.0,0.5,0.3333333333333333,0.16666666666666666,False,True,False,0,0.6855979786636721,0.513868613138686,True,False,0.2631578947368421,0.21052631578947367,0.05263157894736842,0.47368421052631576
C00729,133.9,435.5,2,7.3939828356881865,6.587652440015105,812.585,6.587652440015105,3.0,0.881373587019543,32.0,5.4510384535657,0.0,0.0,0.0,0.0,0.0,0.16666666666666666,0.6666666666666666,0.16666666666666666,0.5,1.6151893223622003,0.0,1.0,1.0,0.0,0.0,0.0,1.0,True,False,False,0,0.35937675463222907,0.10154407636159463,True,False,0.0,0.5,0.5,0.0
C00730,59.800000000000004,608.4,2,8.832969887927536,8.301871384798945,3427.81,8.301871384798945,1.5,0.5347999967395705,45.0,6.0473721790462776,0.0,0.0,1.1904192472743251,0.649999999675,8161.062,1.0,0.0,0.0,0.6666666666666666,0.8274684187832566,0.0,0.0,1.0,0.0,0.5,0.0,0.5,False,False,True,0,0.8009545199326221,0.05788882650196503,False,True,0.0,0.0,0.0,1.0
C00731,137.8,907.4,4,8.443645677561033,6.138018582672683,1161.115,6.138018582672683,3.5,0.45574639440832615,40.0,5.28994911687752,4.828965640174558,0.4878383031536104,0.0,0.0,0.0,0.35714285714285715,0.5,0.14285714285714285,0.42857142857142855,1.5565421741958116,0.0,0.0,1.0,0.25,0.25,0.0,0.5,False,False,False,1,0.31097697922515444,0.36962380685008434,True,False,0.42857142857142855,0.0,0.21428571428571427,0.35714285714285715
C00732,198.9,746.2,2,7.975557783256717,0.2490784845677762,1453.99,0.2490784845677762,4.5,0.5347999967395705,48.0,6.045005314036012,0.0,0.0,0.0,0.0,0.0,0.2222222222222222,0.2222222222222222,0.5555555555555556,0.5555555555555556,1.4937776060618062,0.0,0.0,1.0,0.5,0.0,0.0,0.5,False,False,False,1,0.3969118472768108,0.116844469399214,True,False,0.1111111111111111,0.5555555555555556,0.1111111111111111,0.2222222222222222
C00733,278.2,607.1,3,9.200312258097993,7.996417482479978,3299.74,7.996417482479978,3.3333333333333335,0.9272406547120959,67.0,4.848116364598481,3.481240089335692,0.22235272485781588,0.0,0.0,0.0,0.5,0.5,0.0,0.4,1.6638104935837676,0.0,0.0,1.0,0.6666666666666666,0.3333333333333333,0.0,0.0,False,False,False,1,0.3330151600224593,0.19612577203818082,True,False,0.3,0.2,0.2,0.3
C00734,413.40000000000003,752.7,3,7.28078672305746,6.184856463776696,483.71,6.184856463776696,2.3333333333333335,0.927240654712096,57.0,4.879006851617819,4.102643365036796,0.3756508453953384,0.0,0.0,0.0,0.14285714285714285,0.5714285714285714,0.2857142857142857,0.2857142857142857,1.7573191925765397,0.0,1.0,1.0,0.3333333333333333,0.0,0.3333333333333333,0.3333333333333333,False,False,False,1,0.20718697361033128,0.15384615384615385,False,True,0.5714285714285714,0.14285714285714285,0.14285714285714285,0.14285714285714285
C00735,18.2,780.0,5,8.133945439856298,5.9273328237847975,681.444,5.9273328237847975,2.6,0.9228988853785496,66.0,4.993828175779875,4.903814652763141,0.6488458283377225,0.20373999917815588,0.259999999948,694.187,0.15384615384615385,0.6153846153846154,0.23076923076923078,0.38461538461538464,1.7319183991700928,0.0,0.0,1.0,0.0,0.0,0.4,0.6,True,False,False,0,0.35087029758562605,0.09421673217293658,False,True,0.3076923076923077,0.3076923076923077,0.38461538461538464,0.0
C00736,315.90000000000003,894.4,6,9.610256110777625,7.842446869169061,2485.9983333333334,7.842446869169061,2.1666666666666665,0.7742870681652402,42.0,4.499809670330265,4.737771801645497,0.820519563978675,0.0,0.0,0.0,0.38461538461538464,0.6153846153846154,0.0,0.38461538461538464,1.7319183991700928,0.0,1.0,1.0,0.16666666666666666,0.6666666666666666,0.16666666666666666,0.0,False,False,False,1,0.23725435148792812,0.5562464907355418,True,False,0.5384615384615384,0.07692307692307693,0.07692307692307693,0.3076923076923077
C00737,10.4,911.3000000000001,8,10.47299086878691,8.337848652490552,4418.3475,8.337848652490552,3.25,0.8249382611234762,26.0,4.605170185988092,4.44863747264748,0.6171512429851517,0.003962878655424796,0.1624999999796875,140.07500000000002,0.5,0.34615384615384615,0.15384615384615385,0.3076923076923077,1.8923539157515552,1.0,0.0,0.0,0.25,0.375,0.125,0.25,True,False,False,0,0.5170409882088715,0.15355137563166765,True,False,0.15384615384615385,0.3076923076923077,0.19230769230769232,0.34615384615384615
C00738,157.3,890.5,6,9.562363914902328,7.766843014597757,2369.7366666666667,7.766843014597757,3.3333333333333335,0.861310692788678,61.0,4.73444252169223,4.384044682742543,0.5316790486721893,0.0,0.0,0.0,0.30000000000000004,0.4,0.3,0.3,2.007823377425918,0.0,0.0,1.0,0.3333333333333333,0.16666666666666666,0.5,0.0,False,False,False,1,0.4448624368332398,0.2977259966311062,False,True,0.1,0.2,0.35,0.35
C00739,81.9,880.1,5,9.786878452547551,7.798504270481302,3559.532,7.798504270481302,2.8,0.7397659962052513,44.0,5.0401940963378005,4.815728622710466,0.5864709910527479,0.055320081403956736,0.259999999948,984.5680000000001,0.5,0.35714285714285715,0.14285714285714285,0.35714285714285715,1.7338568353636528,0.0,0.0,1.0,0.4,0.2,0.0,0.4,True,False,False,0,0.5488489612577204,0.2638405390230208,True,False,0.0,0.42857142857142855,0.21428571428571427,0.35714285714285715
C00740,2.6,369.2,6,9.64533127207232,7.84945689318652,2574.7483333333334,7.84945689318652,4.166666666666667,0.8455077458700537,64.0,4.050044303325521,3.145122114661741,0.3321889008020645,0.19249370003151164,0.4333333332611111,2973.7369999999996,0.28,0.56,0.16,0.36,1.958893221778407,0.0,0.0,1.0,0.6666666666666666,0.3333333333333333,0.0,0.0,True,False,False,0,0.34455362156092084,0.14249017405951708,True,False,0.2,0.36,0.32,0.12
C00741,179.4,741.0,8,9.900835539054995,8.025240166480048,2493.25375,8.025240166480048,3.25,0.8707619066095406,27.0,4.138589264019858,3.6854070400230885,0.4883945428514338,0.0,0.0,0.0,0.3076923076923077,0.46153846153846156,0.23076923076923078,0.2692307692307692,2.0077270695572143,1.0,0.0,0.0,0.25,0.375,0.25,0.125,True,False,False,0,0.44261650758001125,0.3690623245367771,True,False,0.19230769230769232,0.15384615384615385,0.38461538461538464,0.2692307692307692
C00742,137.8,830.7,6,10.015141622170963,7.983429713019514,3726.92,7.983429713019514,2.8333333333333335,0.6847077083112325,39.0,4.678420647727684,4.46181755755095,0.5896862981869877,0.0,0.0,0.0,0.5882352941176471,0.3529411764705882,0.058823529411764705,0.35294117647058826,1.9069792363859308,0.0,0.0,1.0,0.3333333333333333,0.0,0.5,0.16666666666666666,False,False,True,0,0.3667602470522179,0.4359348680516563,True,False,0.23529411764705882,0.29411764705882354,0.058823529411764705,0.4117647058823529
C00743,7.800000000000001,276.90000000000003,3,9.241506619449199,8.08908361977627,3438.523333333333,8.08908361977627,3.0,0.6931471805599453,61.0,4.6491870714048655,4.629862798578463,0.6834383664282007,0.8474510860765961,0.4333333331888889,8741.941,0.6666666666666666,0.1111111111111111,0.2222222222222222,0.4444444444444444,1.6549368375665132,0.0,1.0,1.0,0.0,0.6666666666666666,0.3333333333333333,0.0,False,False,True,0,0.7058955642897249,0.31375631667602466,False,True,0.1111111111111111,0.1111111111111111,0.2222222222222222,0.5555555555555556
C00744,22.1,907.4,7,10.138809445891736,8.145431715825245,3615.0457142857144,8.145431715825245,4.0,0.7676517525907619,29.0,4.740574822994295,4.080874617747316,0.4139297523736226,0.05607627170887164,0.1857142856877551,1419.028,0.39285714285714285,0.42857142857142855,0.17857142857142858,0.25,2.0701048923346907,1.0,0.0,0.0,0.2857142857142857,0.5714285714285714,0.14285714285714285,0.0,False,False,True,0,0.3742841100505334,0.5255474452554745,True,False,0.25,0.25,0.14285714285714285,0.35714285714285715
C00745,1.3,782.6,8,9.67957120269004,7.7077496660911455,1998.33,7.7077496660911455,2.5,0.6553519028723696,26.0,4.464264732910854,3.9633193891151786,0.47085828762345705,0.12912550729858627,0.324999999959375,2064.2830000000004,0.35,0.5,0.15,0.35,1.9674275902055827,0.0,0.0,1.0,0.125,0.25,0.25,0.375,True,False,False,0,0.5292532285233015,0.42994104435710273,False,True,0.25,0.25,0.15,0.35
C00746,117.0,665.6,8,10.664141267197346,7.955038825177983,5349.06125,7.955038825177983,3.25,0.6346730394039083,20.0,4.1155467698727035,3.844947525072323,0.564739558799861,0.2124812788412123,0.1624999999796875,9092.603,0.5,0.4230769230769231,0.07692307692307693,0.3076923076923077,1.9737472621981351,1.0,0.0,0.0,0.25,0.625,0.0,0.125,False,True,False,0,0.6488770353733857,0.24284110050533414,True,False,0.19230769230769232,0.11538461538461539,0.15384615384615385,0.5384615384615384
C00747,235.3,730.6,6,10.198845713295007,7.995193721873927,4478.525,7.995193721873927,3.3333333333333335,0.861310692788678,38.0,4.3463994570307305,4.195720083839449,0.6196555167661706,0.0,0.0,0.0,0.45,0.39999999999999997,0.15,0.35,1.9113295860774853,0.0,1.0,1.0,0.3333333333333333,0.5,0.0,0.16666666666666666,True,False,False,0,0.5955642897248736,0.361257720381808,False,True,0.1,0.25,0.2,0.45
C00748,28.6,839.8000000000001,5,9.96093961770075,7.870093762360838,4236.338,7.870093762360838,2.4,0.7608878000194387,64.0,5.056245805348308,4.918529694265608,0.6262171712253564,0.07002193875936857,0.259999999948,1483.1829999999998,0.75,0.16666666666666666,0.08333333333333333,0.4166666666666667,1.7578722190039768,0.0,1.0,1.0,0.2,0.6,0.0,0.2,False,False,True,0,0.8261089275687816,0.10061763054463779,True,False,0.16666666666666666,0.0,0.16666666666666666,0.6666666666666666
C00749,375.7,587.6,2,8.140303878284406,6.000945582143073,1714.48,6.000945582143073,4.0,0.881373587019543,53.0,5.099866427824199,0.0,0.0,0.0,0.0,0.0,0.375,0.375,0.25,0.375,1.4068541890503974,0.0,1.0,1.0,0.0,0.5,0.5,0.0,True,False,False,0,0.48017967434025827,0.030376193149915687,False,True,0.0,0.25,0.5,0.25
C00750,68.9,850.2,8,10.063102845558697,7.788262354304051,2932.52375,7.788262354304051,3.375,0.7828667342439188,20.0,4.464264732910854,3.932017672302274,0.45899122289667676,0.10188958401444738,0.324999999959375,2390.349,0.5185185185185185,0.4074074074074074,0.07407407407407407,0.37037037037037035,1.919364496530492,0.0,1.0,1.0,0.375,0.5,0.0,0.125,False,False,True,0,0.4576642335766423,0.18245367770915216,False,True,0.18518518518518517,0.25925925925925924,0.18518518518518517,0.37037037037037035
C00751,110.5,774.8000000000001,6,10.082546710154931,8.24563972275132,3986.805,8.24563972275132,2.6666666666666665,0.7934721026084851,37.0,4.636668853047462,4.654498520571461,0.7021889740995387,0.01939063151236728,0.21666666663055556,463.84,0.5625,0.1875,0.25,0.3125,1.7816531068945816,0.0,1.0,1.0,0.16666666666666666,0.5,0.16666666666666666,0.16666666666666666,False,False,True,0,0.565749578888265,0.2861594609769792,True,False,0.125,0.1875,0.3125,0.375
C00752,72.8,829.4,5,9.5224847866057,7.865178550330713,2732.504,7.865178550330713,4.4,0.43678453268671036,60.0,4.987025428457122,4.517213726967952,0.4839949620132002,0.3143535745967571,0.519999999896,4294.862,0.2727272727272727,0.36363636363636365,0.36363636363636365,0.36363636363636365,1.8895609702331184,0.0,0.0,1.0,0.6,0.0,0.4,0.0,False,False,False,1,0.5905670971364402,0.5630544637843908,True,False,0.2727272727272727,0.045454545454545456,0.3181818181818182,0.36363636363636365
C00753,94.9,845.0,5,9.969849566349911,8.12209070434162,4274.254,8.12209070434162,3.2,0.6079487191729779,57.0,4.978456395732021,4.702215764713573,0.5635833841592968,0.36162062432413417,0.259999999948,7728.292000000001,0.6875,0.25,0.0625,0.5,1.7171548460941188,0.0,0.0,1.0,0.2,0.4,0.4,0.0,False,False,True,0,0.5610331274564851,0.2579449747332959,False,True,0.125,0.125,0.25,0.5
C00754,44.2,738.4,5,9.931445559625418,8.187355597676673,4113.21,8.187355597676673,2.6,0.850851874462102,60.0,4.901564199041894,5.077375118490572,0.7855679208449349,0.030329256225671418,0.519999999896,623.753,0.46153846153846156,0.38461538461538464,0.15384615384615385,0.3076923076923077,1.9821196109391865,0.0,1.0,1.0,0.0,0.4,0.2,0.4,True,False,False,0,0.5824256035934868,0.4246490735541831,False,True,0.07692307692307693,0.15384615384615385,0.23076923076923078,0.5384615384615384
C00755,20.8,919.1,7,9.739542312222868,8.03546575978634,2424.967142857143,8.03546575978634,2.7142857142857144,0.8671555780502125,39.0,4.755025941532469,4.754119852607233,0.6926903048942746,0.0995541618531444,0.3714285713755102,1689.9089999999999,0.5263157894736842,0.3157894736842105,0.15789473684210525,0.42105263157894735,1.8949350952315795,0.0,1.0,1.0,0.2857142857142857,0.42857142857142855,0.14285714285714285,0.14285714285714285,False,False,True,0,0.39943851768669286,0.2763054463784391,True,False,0.2631578947368421,0.2631578947368421,0.10526315789473684,0.3684210526315789
C00756,254.8,843.7,4,9.773090670767013,7.801626444414029,4388.485000000001,7.801626444414029,3.0,0.881373587019543,66.0,5.0238805208462765,4.562682393387373,0.4874019616777423,0.0,0.0,0.0,0.5,0.25,0.25,0.25,2.009049774151672,1.0,0.0,0.0,0.25,0.25,0.25,0.25,False,True,False,0,0.7705783267827063,0.21531443009545193,True,False,0.0,0.3333333333333333,0.16666666666666666,0.5
C00757,153.4,846.3000000000001,5,9.485678571336658,7.949652008269745,2633.7519999999995,7.949652008269745,2.4,0.9228988853785496,25.0,4.899703733388974,4.454462706931106,0.4934596100916096,0.0,0.0,0.0,0.25,0.6666666666666666,0.08333333333333333,0.5,1.7653712114835218,1.0,0.0,0.0,0.4,0.2,0.0,0.4,True,False,False,0,0.4009545199326221,0.23340819764177423,True,False,0.25,0.25,0.25,0.25
C00758,175.5,819.0,5,9.203282523858604,7.806262521240423,1985.734,7.806262521240423,3.2,0.9719780738352177,22.0,4.826311734631628,4.709947205123234,0.6361868094589472,0.0,0.0,0.0,0.25,0.625,0.125,0.4375,1.8494190340698116,0.0,1.0,1.0,0.4,0.4,0.2,0.0,True,False,False,0,0.4909601347557552,0.24772599663110612,False,True,0.25,0.25,0.3125,0.1875
C00759,315.90000000000003,845.0,6,9.602959995648943,7.761602123322235,2467.9249999999997,7.761602123322235,3.0,1.063802254136828,29.0,4.411585436915426,3.9121944043188153,0.47129710038564315,0.0,0.0,0.0,0.4444444444444444,0.38888888888888884,0.16666666666666666,0.2222222222222222,2.079962847204928,0.0,1.0,1.0,0.0,0.6666666666666666,0.16666666666666666,0.16666666666666666,False,True,False,0,0.5057551937113981,0.18571027512633353,False,True,0.2777777777777778,0.1111111111111111,0.2777777777777778,0.3333333333333333
C00760,31.200000000000003,508.3,5,9.373636249571602,7.754242714287638,2354.5699999999997,7.754242714287638,2.4,0.7608878000194387,61.0,4.529907701487544,3.5467386180182783,0.3128394902031296,0.07184488038154978,0.259999999948,845.8190000000001,0.75,0.08333333333333333,0.16666666666666666,0.5833333333333334,1.454366336781478,1.0,0.0,0.0,0.2,0.2,0.4,0.2,False,False,True,0,0.7087591240875912,0.16271757439640655,False,True,0.08333333333333333,0.16666666666666666,0.25,0.5
C00761,76.7,440.7,5,8.19323710004023,6.343863556830052,723.082,6.343863556830052,2.6,0.9833211655177317,50.0,4.2626798770413155,3.6393610569718864,0.4249642905383443,0.24736751848331248,0.259999999948,894.335,0.46153846153846156,0.3076923076923077,0.23076923076923078,0.46153846153846156,1.6002111099622989,0.0,0.0,1.0,0.6,0.4,0.0,0.0,False,False,True,0,0.28439079169006176,0.31106120157215045,True,False,0.23076923076923078,0.3076923076923077,0.3076923076923077,0.15384615384615385
C00762,85.8,855.4,6,9.863776919391643,8.003245422508716,3203.3916666666664,8.003245422508716,3.5,0.7172585746024391,35.0,4.782479200958502,4.055218964319647,0.39127592607801537,0.0870659483308011,0.21666666663055556,1673.438,0.3333333333333333,0.42857142857142855,0.23809523809523808,0.23809523809523808,2.0343099957192954,0.0,0.0,1.0,0.0,0.16666666666666666,0.16666666666666666,0.6666666666666666,False,False,False,1,0.4783548568220101,0.3746069623806849,True,False,0.23809523809523808,0.09523809523809523,0.23809523809523808,0.42857142857142855
C00763,35.1,768.3000000000001,8,9.974439836453469,7.779214140235411,2683.7,7.779214140235411,3.0,0.7270871325290131,30.0,4.401479060600697,4.317226967486316,0.6513855050737215,0.08525543093489935,0.1624999999796875,1830.4,0.5416666666666667,0.20833333333333331,0.25,0.4166666666666667,1.8697746215369735,0.0,0.0,1.0,0.5,0.375,0.0,0.125,False,False,True,0,0.49876473891072426,0.1499438517686693,True,False,0.16666666666666666,0.25,0.25,0.3333333333333333
C00764,136.5,798.2,3,9.473055344169298,8.154676581719128,4334.5199999999995,8.154676581719128,2.0,0.6931471805599453,38.0,5.543222409643759,4.855928904335275,0.40611977261468635,0.0,0.0,0.0,0.8333333333333333,0.16666666666666666,0.0,0.5,1.3148255441195573,0.0,1.0,1.0,0.3333333333333333,0.3333333333333333,0.0,0.3333333333333333,False,False,True,0,0.7058955642897249,0.21165075800112287,False,True,0.0,0.16666666666666666,0.16666666666666666,0.6666666666666666
C00765,185.9,858.0,9,10.34247544059502,8.265733931162,3446.858888888889,8.265733931162,3.111111111111111,0.7198341705639572,35.0,4.183956720911787,4.258510950340602,0.7316953147698081,0.0,0.0,0.0,0.5357142857142857,0.25,0.21428571428571427,0.39285714285714285,1.8515058346992725,1.0,0.0,0.0,0.4444444444444444,0.1111111111111111,0.0,0.4444444444444444,False,False,True,0,0.5610331274564851,0.28214486243683323,True,False,0.07142857142857142,0.17857142857142858,0.32142857142857145,0.42857142857142855
C00766,42.9,854.1,5,9.742871517268535,7.752874508573809,3406.2759999999994,7.752874508573809,4.2,0.6079487191729779,33.0,5.056245805348308,5.129431815592293,0.7306439987415371,0.415566325218484,0.519999999896,7077.668,0.5238095238095237,0.38095238095238093,0.09523809523809523,0.38095238095238093,1.8868853996039516,1.0,0.0,0.0,0.2,0.4,0.4,0.0,False,False,True,0,0.45805727119595735,0.14688377316114537,True,False,0.09523809523809523,0.2857142857142857,0.2857142857142857,0.3333333333333333
C00767,27.3,812.5,5,10.092551329397368,7.944258921902862,4832.272,7.944258921902862,2.8,0.7397659962052513,50.0,5.0238805208462765,4.624049806614675,0.5117757553791195,0.397985833578888,0.259999999948,9615.879,0.5,0.42857142857142855,0.07142857142857142,0.2857142857142857,1.9977392102683853,0.0,0.0,1.0,0.6,0.4,0.0,0.0,False,True,False,0,0.4995508141493543,0.250870297585626,True,False,0.21428571428571427,0.07142857142857142,0.21428571428571427,0.5
C00768,191.1,930.8000000000001,5,9.91750090525448,8.242715791097586,4056.2479999999996,8.242715791097586,2.6,0.9228988853785496,48.0,4.964591355594849,4.232204687978507,0.3900874849018577,0.0,0.0,0.0,0.6923076923076923,0.23076923076923078,0.07692307692307693,0.38461538461538464,1.6456137774345585,0.0,1.0,1.0,0.2,0.4,0.4,0.0,False,False,True,0,0.8261089275687816,0.5509825940482874,True,False,0.15384615384615385,0.23076923076923078,0.0,0.6153846153846154
C00769,245.70000000000002,937.3000000000001,6,10.297839133540595,7.788355884627028,4944.573333333333,7.788355884627028,3.3333333333333335,0.7934721026084851,56.0,4.676560182074764,4.709720173244363,0.7100204185813369,0.0,0.0,0.0,0.5,0.35,0.15,0.3,1.9353017232488003,0.0,0.0,1.0,0.5,0.5,0.0,0.0,True,False,False,0,0.5044357102751263,0.29640651319483435,True,False,0.15,0.15,0.25,0.45
C00770,513.5,793.0,5,10.167978400375333,7.867770032091954,5210.87,7.867770032091954,2.8,0.6079487191729779,34.0,4.00277736869661,3.5324226648320747,0.48106707249513153,0.0,0.0,0.0,0.6428571428571428,0.3571428571428571,0.0,0.35714285714285715,1.7338568353636528,1.0,0.0,0.0,0.0,1.0,0.0,0.0,False,False,True,0,0.7058955642897249,0.318978102189781,True,False,0.14285714285714285,0.14285714285714285,0.21428571428571427,0.5
C00771,15.600000000000001,848.9,6,9.99438391485467,8.279156746878932,3650.351666666667,8.279156746878932,2.5,0.7172585746024391,24.0,4.861361591348501,5.2741317643357455,0.9222663063373859,0.38776569928648935,0.6499999998916667,8492.887,0.4666666666666667,0.4666666666666667,0.06666666666666667,0.3333333333333333,1.9366754145057685,0.0,1.0,1.0,0.0,0.3333333333333333,0.3333333333333333,0.3333333333333333,False,False,False,1,0.4106120157215048,0.7193009545199327,True,False,0.4666666666666667,0.13333333333333333,0.0,0.4
C00772,143.0,894.4,9,10.109589517370479,7.850410449228327,2730.73,7.850410449228327,2.3333333333333335,0.750488294618865,28.0,4.293878247897177,4.208038112555139,0.6505540351617355,0.0,0.0,0.0,0.5714285714285714,0.3333333333333333,0.09523809523809523,0.38095238095238093,1.9149918128010643,0.0,1.0,1.0,0.2222222222222222,0.4444444444444444,0.1111111111111111,0.2222222222222222,False,False,True,0,0.5410443571027512,0.3812464907355418,True,False,0.09523809523809523,0.14285714285714285,0.42857142857142855,0.3333333333333333
C00773,79.3,449.8,2,9.49047050014499,3.3857056584676863,6616.01,3.3857056584676863,3.5,0.5347999967395705,29.0,5.655991810819852,0.0,0.0,0.6480173851006386,0.649999999675,8574.579,0.7142857142857142,0.2857142857142857,0.0,0.42857142857142855,1.4026898702408583,1.0,0.0,0.0,0.5,0.5,0.0,0.0,False,False,True,0,0.6062605277933746,0.09963503649635042,False,True,0.14285714285714285,0.14285714285714285,0.14285714285714285,0.5714285714285714
C00774,261.3,643.5,4,9.064073367487817,7.934926719774899,2159.5675,7.934926719774899,3.0,1.0387709348496783,41.0,4.59511985013459,4.190547489311477,0.5091442986546294,0.0,0.0,0.0,0.25,0.5,0.25,0.25,2.009049774151672,0.0,1.0,1.0,0.5,0.0,0.0,0.5,False,False,False,1,0.3240314430095452,0.3281021897810219,False,True,0.3333333333333333,0.25,0.08333333333333333,0.3333333333333333
C00775,29.900000000000002,807.3000000000001,6,9.718996644400153,7.91837994341443,2771.5916666666667,7.91837994341443,2.5,1.0154776369738763,30.0,4.792479284293085,4.253853383937496,0.4574675865241344,0.3719898614213631,0.21666666663055556,6186.024000000001,0.33333333333333337,0.13333333333333333,0.5333333333333333,0.5333333333333333,1.552788908220364,0.0,0.0,1.0,0.16666666666666666,0.6666666666666666,0.0,0.16666666666666666,False,False,False,1,0.6254632229084784,0.414528354856822,False,True,0.13333333333333333,0.26666666666666666,0.06666666666666667,0.5333333333333333
C00776,192.4,904.8000000000001,4,9.176479509127873,7.897816738863409,2416.5150000000003,7.897816738863409,3.0,1.0387709348496783,34.0,5.213122520484805,4.10917088247321,0.283597949366625,0.0,0.0,0.0,0.3333333333333333,0.41666666666666663,0.25,0.25,2.009049774151672,0.0,0.0,1.0,0.25,0.25,0.25,0.25,False,False,False,1,0.37507018528916336,0.3224873666479506,False,True,0.25,0.25,0.08333333333333333,0.4166666666666667
C00777,377.0,832.0,5,10.369964344797337,7.878802805950089,6377.268,7.878802805950089,2.8,0.7397659962052514,48.0,4.483002552013883,3.9308933829427395,0.4516394452065285,0.0,0.0,0.0,0.5,0.42857142857142855,0.07142857142857142,0.42857142857142855,1.8204245491005446,1.0,0.0,0.0,0.0,0.4,0.4,0.2,False,True,False,0,0.7058955642897249,0.2735541830432341,False,True,0.21428571428571427,0.14285714285714285,0.14285714285714285,0.5
C00778,126.10000000000001,925.6,6,9.583497829886339,7.674389036620136,2420.355,7.674389036620136,3.3333333333333335,0.9681212834183016,64.0,5.041810911564705,5.177955131899262,0.7639763748215429,0.0,0.0,0.0,0.44999999999999996,0.5,0.05,0.35,1.8193351902167794,0.0,1.0,1.0,0.16666666666666666,0.6666666666666666,0.0,0.16666666666666666,True,False,False,0,0.47981471083660865,0.2687535092644582,True,False,0.1,0.35,0.2,0.35
C00779,89.7,845.0,6,10.057835212961434,8.016854828000746,3889.4883333333332,8.016854828000746,4.0,0.8175354928516673,51.0,4.763881877142913,4.984049504658389,0.810221130413437,0.37060277422949933,0.21666666663055556,8648.731,0.4583333333333333,0.45833333333333337,0.08333333333333333,0.3333333333333333,1.958551941138485,0.0,0.0,1.0,0.5,0.16666666666666666,0.16666666666666666,0.16666666666666666,False,False,True,0,0.5049129702414374,0.2348399775407074,False,True,0.25,0.125,0.2916666666666667,0.3333333333333333
C00780,114.4,834.6,6,10.079887863302618,8.2221732862596,3976.2183333333337,8.2221732862596,3.6666666666666665,0.7094119683444554,61.0,4.716711560720999,4.192949142620191,0.46285828938841667,0.04159106789491181,0.21666666663055556,992.251,0.45454545454545453,0.36363636363636365,0.18181818181818182,0.2727272727272727,2.0105782918630664,0.0,1.0,1.0,0.0,0.6666666666666666,0.0,0.3333333333333333,False,False,False,1,0.34233576642335767,0.3950870297585626,True,False,0.18181818181818182,0.4090909090909091,0.045454545454545456,0.36363636363636365
C00781,58.5,793.0,7,10.275201097719735,8.0330630939202,4143.335714285714,8.0330630939202,3.2857142857142856,0.8671555780502124,23.0,4.555629740427955,4.2003930525239515,0.5293523562852646,0.29510356562258167,0.1857142856877551,8558.992,0.5217391304347826,0.391304347826087,0.08695652173913043,0.34782608695652173,1.8958350717249035,0.0,0.0,1.0,0.42857142857142855,0.2857142857142857,0.0,0.2857142857142857,False,False,True,0,0.5373385738349242,0.27304884896125775,True,False,0.13043478260869565,0.21739130434782608,0.30434782608695654,0.34782608695652173
C00782,387.40000000000003,724.1,2,7.403688560247421,4.870231145583029,820.515,4.870231145583029,3.0,1.342454046453526,30.0,5.560681631015528,0.0,0.0,0.0,0.0,0.0,0.3333333333333333,0.5,0.16666666666666666,0.5,1.3148255441195573,1.0,0.0,0.0,0.5,0.0,0.0,0.5,False,False,False,1,0.49969118472768104,0.2995788882650196,True,False,0.5,0.0,0.3333333333333333,0.16666666666666666
C00783,31.200000000000003,819.0,7,9.919318577962136,8.131006233816862,2902.5914285714284,8.131006233816862,3.0,0.881373587019543,25.0,4.624972813284271,4.120345666712115,0.4698831078920173,0.06518638024937001,0.1857142856877551,1324.466,0.38095238095238093,0.5238095238095237,0.09523809523809523,0.3333333333333333,1.9990145471676164,1.0,0.0,0.0,0.14285714285714285,0.2857142857142857,0.42857142857142855,0.14285714285714285,True,False,False,0,0.6115103874227962,0.34098820887142056,False,True,0.2857142857142857,0.19047619047619047,0.14285714285714285,0.38095238095238093
C00784,644.8000000000001,946.4,6,10.183505833011148,8.02259632958001,4410.346666666666,8.02259632958001,2.0,0.4900853426144089,51.0,3.858622228701031,3.867293778383025,0.6975857933046506,0.0,0.0,0.0,0.8333333333333333,0.16666666666666666,0.0,0.5,1.4650074332408787,1.0,0.0,0.0,0.3333333333333333,0.0,0.5,0.16666666666666666,False,False,True,0,0.7823694553621561,0.3014317798989332,False,True,0.08333333333333333,0.0,0.16666666666666666,0.75
C00785,22.1,618.8000000000001,6,9.322893756815434,7.633118832511535,1865.0533333333333,7.633118832511535,2.8333333333333335,0.8455077458700537,55.0,4.530446639792155,4.003371257022194,0.461130810619978,0.6890848519076586,0.21666666663055556,7711.08,0.23529411764705882,0.5294117647058824,0.23529411764705882,0.29411764705882354,1.96768348184519,0.0,0.0,1.0,0.6666666666666666,0.16666666666666666,0.16666666666666666,0.0,True,False,False,0,0.5441325098259405,0.4107523862998316,True,False,0.35294117647058826,0.058823529411764705,0.29411764705882354,0.29411764705882354
C00786,110.5,421.2,3,9.52654211472586,8.174824909249725,4572.69,8.174824909249725,2.0,0.6931471805599453,36.0,4.791649752930709,4.61015772749913,0.6057553584411335,0.6584184947298958,0.4333333331888889,9032.231,0.8333333333333333,0.0,0.16666666666666666,0.5,1.3148255441195573,0.0,1.0,1.0,0.6666666666666666,0.0,0.3333333333333333,0.0,False,False,True,0,0.7834924199887704,0.127400336889388,True,False,0.0,0.0,0.16666666666666666,0.8333333333333334
C00787,74.10000000000001,842.4,7,10.22051590464813,8.191824304823085,3922.8328571428574,8.191824304823085,3.5714285714285716,0.8208444718580477,26.0,4.600157644164547,4.569976858630366,0.6780174413798116,0.03371073309630709,0.1857142856877551,925.6910000000001,0.4,0.6,0.0,0.44,1.6876855347093238,0.0,1.0,1.0,0.14285714285714285,0.14285714285714285,0.2857142857142857,0.42857142857142855,True,False,False,0,0.4699045480067378,0.28206064008983717,False,True,0.2,0.32,0.2,0.28
C00788,213.20000000000002,929.5,5,10.065969006331697,7.915589321866295,4705.505999999999,7.915589321866295,3.0,0.9482307085514864,35.0,4.932673752626544,4.167694187094119,0.37943736310547116,0.0,0.0,0.0,0.5333333333333333,0.4,0.06666666666666667,0.26666666666666666,1.988022780948999,0.0,0.0,1.0,0.2,0.2,0.4,0.2,False,True,False,0,0.5091521617069062,0.2720381807973049,True,False,0.2,0.13333333333333333,0.2,0.4666666666666667
C00789,669.5,895.7,2,7.150364145807342,6.3605383649971925,636.7850000000001,6.3605383649971925,2.5,1.1382560993413577,40.0,5.1647859739235145,0.0,0.0,0.0,0.0,0.0,0.6,0.4,0.0,0.6,0.8749151671120335,0.0,0.0,1.0,0.0,1.0,0.0,0.0,False,False,True,0,0.33587871982032563,0.0,False,True,0.0,0.8,0.2,0.0
C00790,28.6,850.2,3,9.3551841624688,8.066728705730856,3852.53,8.066728705730856,3.0,0.6931471805599453,35.0,5.75890177387728,4.51085950651685,0.250610946014119,0.5663569135087361,0.4333333331888889,6545.721,0.5555555555555556,0.2222222222222222,0.2222222222222222,0.3333333333333333,1.979841587790714,0.0,1.0,1.0,0.3333333333333333,0.6666666666666666,0.0,0.0,False,False,True,0,0.3742841100505334,0.3667602470522178,False,True,0.4444444444444444,0.1111111111111111,0.1111111111111111,0.3333333333333333
C00791,101.4,889.2,9,10.120142095702207,7.785887938543168,2759.7,7.785887938543168,3.3333333333333335,0.881373587019543,43.0,4.340553386467307,4.5653306361230515,0.8133145282440544,0.08928579193390226,0.14444444442839505,2217.6180000000004,0.5333333333333333,0.33333333333333337,0.13333333333333333,0.43333333333333335,1.887376020076426,0.0,0.0,1.0,0.0,0.5555555555555556,0.2222222222222222,0.2222222222222222,False,False,True,0,0.5410443571027512,0.053509264458169614,False,True,0.16666666666666666,0.13333333333333333,0.26666666666666666,0.43333333333333335
C00792,128.70000000000002,825.5,5,9.462182549861653,7.666483895309137,2572.5860000000002,7.666483895309137,3.2,0.8345775047772536,44.0,4.90527477843843,4.822554759022645,0.6523337238028323,0.0,0.0,0.0,0.3125,0.25,0.4375,0.4375,1.8218104405905597,1.0,0.0,0.0,0.4,0.0,0.0,0.6,False,False,False,1,0.7475575519371139,0.1524985962942167,True,False,0.125,0.0,0.375,0.5
C00793,28.6,627.9,8,9.94919917332612,7.876080820954021,2616.80625,7.876080820954021,2.875,0.6067844806227372,25.0,4.202558146862334,4.106105836872374,0.6453514710797293,0.40798282257234336,0.324999999959375,8540.896,0.3913043478260869,0.4347826086956522,0.17391304347826086,0.30434782608695654,2.0126027961071613,0.0,1.0,1.0,0.5,0.25,0.25,0.0,True,False,False,0,0.429842784952274,0.14533969679955083,False,True,0.17391304347826086,0.30434782608695654,0.2608695652173913,0.2608695652173913
C00794,344.5,904.8000000000001,6,9.042235280653506,7.081728426654526,1408.6083333333336,7.081728426654526,3.5,0.9228988853785496,30.0,4.468204330914934,4.553773857412526,0.7373428500210594,0.0,0.0,0.0,0.23809523809523808,0.6190476190476191,0.14285714285714285,0.5238095238095238,1.6919075655118014,1.0,0.0,0.0,0.16666666666666666,0.16666666666666666,0.0,0.6666666666666666,True,False,False,0,0.4056428972487367,0.1826923076923076,False,True,0.14285714285714285,0.38095238095238093,0.38095238095238093,0.09523809523809523
C00795,81.9,830.7,4,10.257996853161279,8.55505889439044,7127.155,8.55505889439044,3.0,0.7676517525907618,57.0,5.262690188904886,4.222098240068906,0.3000134800402004,0.28626646958006785,0.32499999991875,8161.062,0.75,0.25,0.0,0.4166666666666667,1.607690329882655,1.0,0.0,0.0,0.25,0.25,0.0,0.5,False,True,False,0,0.8412689500280741,0.20023862998315556,True,False,0.25,0.0,0.08333333333333333,0.6666666666666666
C00796,42.9,904.8000000000001,6,8.682215983631863,6.389029192900282,982.6833333333334,6.389029192900282,2.3333333333333335,0.9185063976401735,23.0,4.894850261102546,4.7519849070884055,0.6237257122103586,0.44369464561312666,0.4333333332611111,2616.068,0.5,0.2857142857142857,0.21428571428571427,0.5,1.5538489422130786,0.0,1.0,1.0,0.5,0.3333333333333333,0.0,0.16666666666666666,False,False,True,0,0.556064008983717,0.06407916900617627,False,True,0.14285714285714285,0.14285714285714285,0.2857142857142857,0.42857142857142855
C00797,141.70000000000002,885.3000000000001,7,10.038913150021349,8.008778651028098,3271.3542857142857,8.008778651028098,2.4285714285714284,0.9625432742127613,43.0,4.567814399444322,3.6448424747683976,0.3300335418290839,0.0,0.0,0.0,0.47058823529411764,0.3529411764705882,0.17647058823529413,0.23529411764705882,2.0530030749947406,0.0,0.0,1.0,0.2857142857142857,0.42857142857142855,0.14285714285714285,0.14285714285714285,False,True,False,0,0.5843346434587311,0.5290286355979787,False,True,0.17647058823529413,0.17647058823529413,0.11764705882352941,0.5294117647058824
C00798,392.6,521.3000000000001,2,7.4521355942747824,6.988756703793221,861.27,6.988756703793221,2.5,1.1382560993413577,65.0,4.605170185988092,0.0,0.0,0.0,0.0,0.0,0.0,0.6000000000000001,0.4,0.4,1.3713962183819874,0.0,0.0,1.0,0.5,0.0,0.0,0.5,False,False,False,1,0.342756878158338,0.20951712521055585,False,True,0.2,0.2,0.4,0.2
C00799,46.800000000000004,767.0,6,9.674001429572064,8.382143828900277,2649.64,8.382143828900277,3.1666666666666665,0.9050114166450716,64.0,4.716711560720999,4.418764198749286,0.5538937146387696,0.06500474278266324,0.21666666663055556,1033.435,0.2631578947368421,0.5263157894736842,0.21052631578947367,0.2631578947368421,2.0268130868780454,1.0,0.0,0.0,0.16666666666666666,0.5,0.0,0.3333333333333333,False,False,False,1,0.38453116226838857,0.20136159460976982,True,False,0.3684210526315789,0.21052631578947367,0.15789473684210525,0.2631578947368421
C00800,2.6,848.9,8,10.323688223659738,8.082373456725465,3805.5425,8.082373456725465,2.75,0.7724040772671021,65.0,4.543294782270004,4.073345098167152,0.48304436619329416,0.010626113096883999,0.1624999999796875,323.505,0.5909090909090909,0.2272727272727273,0.18181818181818182,0.4090909090909091,1.8668224808065355,1.0,0.0,0.0,0.0,0.375,0.25,0.375,False,False,True,0,0.5372543514879281,0.1868051656372825,True,False,0.09090909090909091,0.18181818181818182,0.22727272727272727,0.5
C00801,44.2,900.9,6,9.173691947649509,7.694032259757291,1606.5249999999999,7.694032259757291,3.0,0.7397659962052513,60.0,4.888844237042334,3.794328069337318,0.28491854661475513,0.10220465497475377,0.21666666663055556,985.1659999999999,0.38888888888888884,0.4444444444444444,0.16666666666666666,0.3333333333333333,1.9238029440199174,1.0,0.0,0.0,0.3333333333333333,0.3333333333333333,0.16666666666666666,0.16666666666666666,False,False,True,0,0.2897248736664795,0.1783688938798428,False,True,0.5,0.16666666666666666,0.2222222222222222,0.1111111111111111
C00802,0.0,773.5,3,8.925018179482691,8.270788452715012,2505.5733333333333,8.270788452715012,3.0,0.6931471805599453,24.0,5.698769932832657,4.7664383335842135,0.33045174883868406,1.2131214146594242,0.4333333331888889,9118.694000000001,0.2222222222222222,0.6666666666666666,0.1111111111111111,0.3333333333333333,1.9042613003580569,0.0,0.0,1.0,0.3333333333333333,0.0,0.3333333333333333,0.3333333333333333,False,False,False,1,0.24519932622122403,0.27509825940482874,False,True,0.3333333333333333,0.3333333333333333,0.1111111111111111,0.2222222222222222
C00803,127.4,611.0,3,8.908544500118785,7.955197465591381,2464.63,7.955197465591381,3.0,0.6931471805599453,42.0,5.231108616854587,5.117993812416755,0.6378845018823605,0.0,0.0,0.0,0.3333333333333333,0.3333333333333333,0.3333333333333333,0.3333333333333333,1.7040187815296282,0.0,1.0,1.0,0.6666666666666666,0.0,0.0,0.3333333333333333,False,False,False,1,0.4406513194834363,0.256541268950028,False,True,0.3333333333333333,0.1111111111111111,0.3333333333333333,0.2222222222222222
C00804,32.5,934.7,10,9.9361609169652,7.822625361257105,2066.326,7.822625361257105,2.1,0.6289259614879027,25.0,4.358132314474446,4.257430772158359,0.6434108486665682,0.4026413547523284,0.12999999998700001,8319.883,0.47619047619047616,0.42857142857142855,0.09523809523809523,0.2857142857142857,2.0218451539974405,1.0,0.0,0.0,0.2,0.3,0.4,0.1,False,False,True,0,0.2901179112857945,0.43878439079169007,True,False,0.3333333333333333,0.2857142857142857,0.09523809523809523,0.2857142857142857
C00805,162.5,695.5,6,10.38324037854754,7.827988729040465,5385.416666666667,7.827988729040465,2.6666666666666665,0.7934721026084852,25.0,4.418840607796598,3.5877074433243283,0.3567453278073919,0.0,0.0,0.0,0.625,0.375,0.0,0.3125,1.7611235443333055,1.0,0.0,0.0,0.16666666666666666,0.16666666666666666,0.16666666666666666,0.5,False,True,False,0,0.5840258281864121,0.408899494665918,True,False,0.1875,0.1875,0.0,0.625
C00806,16.900000000000002,938.6,8,10.417641431510964,7.955131411960096,4180.4325,7.955131411960096,3.5,0.8369476273681566,49.0,4.627770017905332,4.223947037705498,0.5095140331076639,0.01619156630324685,0.1624999999796875,541.5020000000001,0.5,0.39285714285714285,0.10714285714285714,0.2857142857142857,2.0174724041748533,0.0,1.0,1.0,0.25,0.5,0.125,0.125,False,False,True,0,0.5206906232453677,0.10604997192588433,False,True,0.14285714285714285,0.21428571428571427,0.25,0.39285714285714285
C00807,239.20000000000002,812.5,4,8.736433133552445,7.163121345268654,1556.1625000000001,7.163121345268654,3.25,0.6716309107725503,31.0,4.997212273764115,4.681250674731775,0.5465273668811601,0.0,0.0,0.0,0.46153846153846156,0.46153846153846156,0.07692307692307693,0.38461538461538464,1.7249962522658975,1.0,0.0,0.0,0.25,0.75,0.0,0.0,True,False,False,0,0.4828467153284672,0.13715609208309942,False,True,0.15384615384615385,0.46153846153846156,0.15384615384615385,0.23076923076923078
C00808,304.2,304.2,1,8.770142504766174,0.0,6438.09,0.0,4.0,0.0,44.0,0.0,0.0,0.0,0.0,0.0,0.0,0.75,0.25,0.0,0.5,1.3516370020918933,1.0,0.0,0.0,0.0,1.0,0.0,0.0,False,False,True,0,0.4102751263335205,0.0,False,True,0.5,0.0,0.0,0.5
C00809,98.8,547.3000000000001,4,8.928886861695423,7.74347671623764,1886.465,7.74347671623764,2.5,0.828985980393698,60.0,4.7535901911063645,4.289507234977075,0.4858048795216834,0.0731104208135225,0.32499999991875,551.681,0.4,0.5,0.1,0.3,1.956224768785548,0.0,1.0,1.0,0.0,0.5,0.0,0.5,False,False,False,1,0.43621560920830993,0.1383492419988771,True,False,0.3,0.2,0.3,0.2
C00810,301.6,926.9,2,8.895850150764565,8.437717905956221,3650.305,8.437717905956221,3.5,0.5347999967395705,24.0,6.1779441140506,0.0,0.0,0.0,0.0,0.0,0.5714285714285714,0.42857142857142855,0.0,0.42857142857142855,1.6601445373059809,1.0,0.0,0.0,0.0,0.0,0.5,0.5,False,False,True,0,0.4385738349241999,0.3321167883211679,False,True,0.42857142857142855,0.14285714285714285,0.0,0.42857142857142855
C00811,408.2,618.8000000000001,2,8.717767154927277,8.2040648633498,3054.76,8.2040648633498,3.0,0.881373587019543,35.0,5.093750200806762,0.0,0.0,0.0,0.0,0.0,0.3333333333333333,0.5,0.16666666666666666,0.5,1.6151893223622003,1.0,0.0,0.0,0.0,0.5,0.5,0.0,False,False,False,1,0.3542672655811342,0.010752386299831551,True,False,0.5,0.0,0.3333333333333333,0.16666666666666666
C00812,68.9,885.3000000000001,5,9.493285241579587,8.06183005409832,2653.864,8.06183005409832,2.2,0.7397659962052513,26.0,5.062595033026967,4.644927390996925,0.5046504569469726,0.6258787187285689,0.259999999948,8304.985,0.36363636363636365,0.5454545454545454,0.09090909090909091,0.2727272727272727,2.0105782918630664,1.0,0.0,0.0,0.0,0.4,0.4,0.2,False,False,False,1,0.3552498596294217,0.07821448624368332,True,False,0.45454545454545453,0.0,0.18181818181818182,0.36363636363636365
C00813,46.800000000000004,795.6,4,8.132680049860774,6.5872210781888745,850.7275,6.5872210781888745,2.5,1.005052538742381,28.0,5.262690188904886,4.66108251970647,0.43539633699173635,0.21196329024270052,0.32499999991875,721.2919999999999,0.2,0.4,0.4,0.4,1.7318327522731591,1.0,0.0,0.0,0.5,0.25,0.0,0.25,False,False,False,1,0.36139809096013475,0.21695676586187534,True,False,0.2,0.4,0.1,0.3
C00814,132.6,419.90000000000003,3,7.373493574611918,5.155465828960709,530.73,5.155465828960709,3.3333333333333335,0.7676517525907618,62.0,4.7140245909001735,4.590056548178043,0.6325225587392684,0.0,0.0,0.0,0.1,0.9,0.0,0.5,1.2263529100277508,0.0,0.0,1.0,0.0,0.6666666666666666,0.0,0.3333333333333333,False,False,False,1,0.31195957327344187,0.08666479505895563,True,False,0.5,0.4,0.1,0.0
C00815,89.7,871.0,6,9.959045241454817,8.143309220582807,3523.6,8.143309220582807,2.6666666666666665,0.7934721026084852,59.0,4.797442073635214,4.407438389408304,0.5154355683003036,0.42063930828317536,0.21666666663055556,8892.988000000001,0.625,0.3125,0.0625,0.4375,1.8494190340698116,0.0,1.0,1.0,0.0,0.5,0.3333333333333333,0.16666666666666666,False,False,True,0,0.43413812464907353,0.143023582257159,False,True,0.1875,0.25,0.1875,0.375
C00816,109.2,906.1,7,10.013835908212412,8.117809223164771,3190.3342857142857,8.117809223164771,3.142857142857143,0.9453024271747004,65.0,4.636345803456541,3.358058586172201,0.2401596111775664,0.3722878569822789,0.1857142856877551,8314.059,0.40909090909090906,0.5454545454545454,0.045454545454545456,0.3181818181818182,1.9079260724108353,0.0,0.0,1.0,0.42857142857142855,0.14285714285714285,0.14285714285714285,0.2857142857142857,False,False,False,1,0.5760808534531162,0.20303200449185854,True,False,0.3181818181818182,0.13636363636363635,0.22727272727272727,0.3181818181818182
C00817,16.900000000000002,669.5,6,9.200826255967483,7.739378393344081,1650.7183333333332,7.739378393344081,2.6666666666666665,0.9185063976401735,37.0,4.619073091157083,4.387630984301376,0.5829587758874354,0.2882867155813693,0.4333333332611111,2855.281,0.375,0.375,0.25,0.3125,1.9368034354164425,0.0,0.0,1.0,0.16666666666666666,0.6666666666666666,0.0,0.16666666666666666,False,False,True,0,0.3181358787198203,0.15995227400336898,True,False,0.0625,0.4375,0.25,0.25
C00818,504.40000000000003,504.40000000000003,1,8.792525316236024,0.0,6583.84,0.0,3.0,0.0,42.0,0.0,0.0,0.0,0.0,0.0,0.0,0.6666666666666666,0.0,0.3333333333333333,0.3333333333333333,1.4281959752685425,0.0,0.0,1.0,1.0,0.0,0.0,0.0,False,True,False,0,0.7058955642897249,0.0,True,False,0.0,0.0,0.3333333333333333,0.6666666666666666
C00819,6.5,932.1,6,8.968394917474352,7.2975480424743235,1308.3316666666667,7.2975480424743235,2.6666666666666665,1.0514852760709335,39.0,4.96563792816552,4.673773097641456,0.5568072082267519,0.018380532968829466,0.21666666663055556,144.287,0.3125,0.625,0.0625,0.375,1.8999137680952316,0.0,0.0,1.0,0.0,0.6666666666666666,0.3333333333333333,0.0,False,False,False,1,0.2562043795620438,0.15293374508702978,False,True,0.4375,0.25,0.125,0.1875
C00820,74.10000000000001,523.9,3,8.385767009850504,7.3131792070602835,1461.0733333333335,7.3131792070602835,3.0,1.005052538742381,67.0,5.159055299214529,0.6931471805599453,0.005763704716716862,0.3420521899424756,0.4333333331888889,1499.29,0.3333333333333333,0.3333333333333333,0.3333333333333333,0.3333333333333333,1.9798415877907136,0.0,1.0,1.0,0.3333333333333333,0.3333333333333333,0.0,0.3333333333333333,False,False,False,1,0.503312745648512,0.32798989331836054,True,False,0.3333333333333333,0.1111111111111111,0.2222222222222222,0.3333333333333333
C00821,154.70000000000002,943.8000000000001,7,9.998642265710687,8.001573743324906,3142.2257142857147,8.001573743324906,3.857142857142857,0.6417146190238269,43.0,4.626605466708156,4.545015599974791,0.6527810272832493,0.0,0.0,0.0,0.48148148148148145,0.4074074074074074,0.1111111111111111,0.3333333333333333,2.0017021313884684,0.0,1.0,1.0,0.14285714285714285,0.7142857142857143,0.0,0.14285714285714285,False,False,True,0,0.4843907916900618,0.25241437394722066,False,True,0.18518518518518517,0.18518518518518517,0.25925925925925924,0.37037037037037035
C00822,97.5,835.9,6,10.246876172880375,8.108208507910499,4698.888333333333,8.108208507910499,2.6666666666666665,0.7094119683444554,46.0,4.741447804280639,3.630147714650582,0.28007212340039345,0.34692251677966573,0.21666666663055556,9780.901,0.6875,0.1875,0.125,0.4375,1.8218104405905593,0.0,0.0,1.0,0.5,0.3333333333333333,0.0,0.16666666666666666,False,False,True,0,0.7274845592363841,0.20459011791128578,True,False,0.0625,0.125,0.1875,0.625
C00823,35.1,691.6,5,9.615510769994927,7.802339404689667,2998.9159999999997,7.802339404689667,3.2,0.9719780738352177,31.0,4.846153655430632,4.725118411087952,0.6339807552007157,0.5835485888900801,0.259999999948,8750.066,0.4375,0.1875,0.375,0.375,1.8517756120547035,0.0,0.0,1.0,0.0,0.8,0.2,0.0,False,False,False,1,0.5843346434587311,0.07905670971364398,False,True,0.1875,0.1875,0.25,0.375
C00824,143.0,919.1,8,10.286487532035107,8.121106463143905,3666.57,8.121106463143905,3.25,0.8707619066095406,22.0,4.457664048879502,4.299901452497902,0.6164503719424702,0.0,0.0,0.0,0.4230769230769231,0.46153846153846156,0.11538461538461539,0.3076923076923077,2.0033707428384604,0.0,0.0,1.0,0.25,0.125,0.25,0.375,True,False,False,0,0.4998596294216732,0.3944272880404267,True,False,0.2692307692307692,0.23076923076923078,0.15384615384615385,0.34615384615384615
C00825,357.5,929.5,6,9.997734895001624,8.05624493232052,3662.6049999999996,8.05624493232052,3.6666666666666665,0.7094119683444555,62.0,4.48863636973214,4.694666727361166,0.8026248883541419,0.0,0.0,0.0,0.36363636363636365,0.5454545454545454,0.09090909090909091,0.3181818181818182,2.0006836978963687,0.0,1.0,1.0,0.0,0.5,0.3333333333333333,0.16666666666666666,False,False,False,1,0.43163952835485686,0.36430376193149916,False,True,0.3181818181818182,0.22727272727272727,0.18181818181818182,0.2727272727272727
C00826,89.7,902.2,6,10.419458914254665,8.242496473713127,5584.05,8.242496473713127,3.6666666666666665,0.596909690446534,58.0,4.836281906951478,4.403198827184459,0.4981625836365269,0.01736654698053631,0.21666666663055556,581.854,0.5909090909090909,0.18181818181818182,0.22727272727272727,0.36363636363636365,1.8895609702331189,0.0,0.0,1.0,0.6666666666666666,0.3333333333333333,0.0,0.0,False,False,True,0,0.6542953396967995,0.28944413250982587,False,True,0.18181818181818182,0.09090909090909091,0.13636363636363635,0.5909090909090909
C00827,141.70000000000002,824.2,6,10.00664639629211,7.892053850278182,3695.3916666666664,7.892053850278182,3.1666666666666665,0.9050114166450716,55.0,4.663439094112067,4.37829429665527,0.5593543631767682,0.0,0.0,0.0,0.3157894736842105,0.5789473684210527,0.10526315789473684,0.3684210526315789,1.9705142752693254,0.0,1.0,1.0,0.5,0.3333333333333333,0.0,0.16666666666666666,True,False,False,0,0.6504211117349803,0.3757018528916339,False,True,0.15789473684210525,0.3684210526315789,0.10526315789473684,0.3684210526315789
C00828,266.5,819.0,5,8.418956132477032,5.961151971506262,906.234,5.961151971506262,2.8,0.7397659962052513,33.0,4.675162557808126,2.489383736388771,0.09897273064757636,0.0,0.0,0.0,0.35714285714285715,0.42857142857142855,0.21428571428571427,0.35714285714285715,1.7338568353636528,1.0,0.0,0.0,0.2,0.4,0.2,0.2,False,False,True,0,0.49820325659741715,0.23885457608085342,False,True,0.21428571428571427,0.2857142857142857,0.14285714285714285,0.35714285714285715
C00829,27.3,646.1,7,9.283973660056672,7.667624323370204,1537.5885714285716,7.667624323370204,2.4285714285714284,0.8208444718580477,22.0,4.386184644822546,3.8370768240175677,0.452436927081598,0.10583957068209719,0.1857142856877551,1139.164,0.29411764705882354,0.4117647058823529,0.29411764705882354,0.29411764705882354,1.9223769820423402,0.0,0.0,1.0,0.14285714285714285,0.42857142857142855,0.0,0.42857142857142855,False,False,False,1,0.4394722066254913,0.18439079169006178,False,True,0.23529411764705882,0.23529411764705882,0.29411764705882354,0.23529411764705882
C00830,145.6,790.4,6,8.664106890210757,6.286519506935578,965.0450000000001,6.286519506935578,3.1666666666666665,1.001514367407665,66.0,4.607168188650764,4.450692304618684,0.6171793154722885,0.0,0.0,0.0,0.15789473684210525,0.6842105263157894,0.15789473684210525,0.42105263157894735,1.8185965118872447,0.0,1.0,1.0,0.0,0.16666666666666666,0.3333333333333333,0.5,False,False,False,1,0.3414093206064009,0.4574115665356542,True,False,0.42105263157894735,0.2631578947368421,0.15789473684210525,0.15789473684210525
C00831,200.20000000000002,908.7,5,9.636855694832633,7.790340482909792,3063.62,7.790340482909792,4.0,0.7996422445006162,44.0,4.92180408038964,3.087989096852908,0.1429188438961569,0.0,0.0,0.0,0.2,0.44999999999999996,0.35,0.35,1.9158289815652123,0.0,0.0,1.0,0.2,0.6,0.0,0.2,False,False,False,1,0.5807973048848961,0.28871420550252663,True,False,0.15,0.3,0.2,0.35
C00832,67.60000000000001,902.2,4,10.168606097411658,5.962792038425817,6517.6775,5.962792038425817,3.0,0.596909690446534,65.0,5.3706380281276624,4.549716199393758,0.3628422828830097,0.31525313273016675,0.32499999991875,8218.873,0.75,0.16666666666666666,0.08333333333333333,0.4166666666666667,1.607690329882655,0.0,0.0,1.0,0.0,0.25,0.5,0.25,False,False,True,0,0.7058955642897249,0.062071869736103236,True,False,0.16666666666666666,0.0,0.16666666666666666,0.6666666666666666
C00833,9.1,414.7,7,9.695468423348816,8.239400941682305,2320.404285714286,8.239400941682305,3.0,1.0050525387423812,63.0,3.970291913552122,3.14430758174895,0.35556899255225943,0.4104627087767088,0.5571428570632653,6667.076000000001,0.3333333333333333,0.42857142857142855,0.23809523809523808,0.2857142857142857,2.0428802728387754,0.0,0.0,1.0,0.14285714285714285,0.5714285714285714,0.0,0.2857142857142857,True,False,False,0,0.26934306569343064,0.18952835485682198,True,False,0.2857142857142857,0.2857142857142857,0.19047619047619047,0.23809523809523808
C00834,330.2,903.5,6,9.979855825427277,7.955870602240848,3597.7000000000003,7.955870602240848,3.3333333333333335,0.9681212834183016,25.0,4.490881039585964,3.9339700013527463,0.4498868209617508,0.0,0.0,0.0,0.5,0.44999999999999996,0.05,0.35,1.859730977437115,0.0,0.0,1.0,0.16666666666666666,0.5,0.16666666666666666,0.16666666666666666,False,False,False,1,0.4244525547445256,0.4670409882088714,False,True,0.35,0.1,0.15,0.4
C00835,105.3,837.2,6,10.169258315984356,8.362729480815002,4347.953333333334,8.362729480815002,3.0,0.9357769712751458,52.0,4.732683506287051,4.364115869036298,0.5241287206262623,0.036022465742501224,0.21666666663055556,939.744,0.5,0.3888888888888889,0.1111111111111111,0.2777777777777778,1.994383903132878,1.0,0.0,0.0,0.3333333333333333,0.3333333333333333,0.16666666666666666,0.16666666666666666,False,False,False,1,0.655277933745087,0.5945255474452553,False,True,0.3333333333333333,0.1111111111111111,0.16666666666666666,0.3888888888888889
C00836,556.4,769.6,3,9.49609659116246,8.214504111360926,4435.56,8.214504111360926,2.6666666666666665,0.927240654712096,23.0,4.418840607796598,3.4965075614664802,0.32947920112681917,0.0,0.0,0.0,0.375,0.5,0.125,0.375,1.942427679776101,1.0,0.0,0.0,0.0,0.3333333333333333,0.0,0.6666666666666666,True,False,False,0,0.479842784952274,0.14969118472768111,False,True,0.25,0.125,0.25,0.375
C00837,66.3,882.7,8,10.509519532535146,7.820032049351978,4582.7325,7.820032049351978,3.25,0.7105441415665723,61.0,4.507714849837378,4.268160132816576,0.5791964098395065,0.22260359949003616,0.1624999999796875,8161.062,0.5384615384615385,0.2692307692307693,0.19230769230769232,0.3076923076923077,2.0218108483548565,1.0,0.0,0.0,0.25,0.375,0.25,0.125,False,False,True,0,0.5843346434587311,0.2763194834362718,False,True,0.23076923076923078,0.15384615384615385,0.11538461538461539,0.5
C00838,461.5,500.5,2,9.124845662446598,8.703984599599872,4589.79,8.703984599599872,3.0,0.0,35.0,3.4339872044851463,0.0,0.0,0.0,0.0,0.0,0.8333333333333333,0.16666666666666666,0.0,0.5,1.3148255441195573,0.0,0.0,1.0,0.0,0.0,0.5,0.5,False,False,True,0,0.5106120157215048,0.33211678832116787,True,False,0.3333333333333333,0.16666666666666666,0.0,0.5
C00839,330.2,802.1,6,9.739260105529633,7.769462172998961,2828.33,7.769462172998961,3.0,0.8175354928516673,50.0,4.298645025734831,4.1455150782200745,0.61845733276226,0.0,0.0,0.0,0.38888888888888884,0.5,0.1111111111111111,0.2777777777777778,2.037173375168903,0.0,1.0,1.0,0.16666666666666666,0.3333333333333333,0.16666666666666666,0.3333333333333333,False,False,False,1,0.5707186973610332,0.4395564289724873,False,True,0.2777777777777778,0.2222222222222222,0.16666666666666666,0.3333333333333333
C00840,72.8,682.5,4,9.921038627381545,8.497992945845224,5088.280000000001,8.497992945845224,3.5,1.005052538742381,29.0,5.058366696917446,4.713861108999217,0.5345654540643475,0.12731084963877148,0.32499999991875,2591.173,0.5714285714285714,0.21428571428571427,0.21428571428571427,0.35714285714285715,1.7654095136256551,1.0,0.0,0.0,0.0,0.5,0.0,0.5,False,False,True,0,0.5319764177428411,0.126530039303762,True,False,0.0,0.14285714285714285,0.35714285714285715,0.5
C00841,83.2,915.2,9,10.664343230794683,8.06229234911809,4836.17,8.06229234911809,3.0,0.8428059248189437,62.0,4.394449154672439,4.010354258207149,0.5170542623728845,0.19634136563069546,0.14444444442839505,8545.862,0.5555555555555556,0.2962962962962963,0.14814814814814814,0.2962962962962963,2.0146383174973184,1.0,0.0,0.0,0.2222222222222222,0.3333333333333333,0.2222222222222222,0.2222222222222222,False,True,False,0,0.7390791690061763,0.26715328467153276,True,False,0.1111111111111111,0.18518518518518517,0.18518518518518517,0.5185185185185185
C00842,128.70000000000002,820.3000000000001,4,9.136012221738891,7.972746356570079,2320.6675,7.972746356570079,1.25,0.4054651081081644,47.0,5.183654458227897,4.007594994081456,0.2658907229948118,0.0,0.0,0.0,0.6000000000000001,0.4,0.0,0.4,1.7318327522731591,0.0,1.0,1.0,0.25,0.25,0.25,0.25,False,True,False,0,0.6012352610892757,0.5715609208309939,True,False,0.2,0.2,0.0,0.6
C00843,50.7,934.7,8,9.75099524684602,7.773950050633861,2146.28875,7.773950050633861,2.25,0.6346730394039083,65.0,4.586424143167036,4.271664726720871,0.546492737902573,0.12187904586462783,0.324999999959375,2092.701,0.5555555555555556,0.2777777777777778,0.16666666666666666,0.4444444444444444,1.8173892126786135,0.0,1.0,1.0,0.25,0.25,0.125,0.375,False,False,True,0,0.5697361033127457,0.31516002245929253,False,True,0.16666666666666666,0.2222222222222222,0.2222222222222222,0.3888888888888889
C00844,196.3,707.2,4,9.137654618758715,7.940759300176625,2324.4825,7.940759300176625,3.25,0.9961457767684165,30.0,4.882801922586371,4.131215904373146,0.38361786146972937,0.0,0.0,0.0,0.23076923076923078,0.6923076923076923,0.07692307692307693,0.6153846153846154,1.5322514952441402,0.0,1.0,1.0,0.25,0.5,0.0,0.25,True,False,False,0,0.4516844469399214,0.2287619314991578,True,False,0.07692307692307693,0.46153846153846156,0.23076923076923078,0.23076923076923078
C00845,44.2,743.6,12,10.664343230794683,8.202663001613171,3922.7233333333334,8.202663001613171,3.4166666666666665,0.8065260473632582,49.0,3.9102031687111602,3.1416455368905862,0.37343474484112366,0.1890253114970257,0.21666666664861112,8897.928,0.4390243902439025,0.43902439024390244,0.12195121951219512,0.2682926829268293,2.04669662743183,0.0,1.0,1.0,0.25,0.5833333333333334,0.08333333333333333,0.08333333333333333,False,False,True,0,0.4736384053902302,0.41850084222347,False,True,0.24390243902439024,0.1951219512195122,0.21951219512195122,0.34146341463414637
C00846,96.2,822.9,3,8.991665570907674,8.188087504033765,2678.2766666666666,8.188087504033765,2.6666666666666665,0.7676517525907619,38.0,5.636573724962751,4.980176086611547,0.41673116263558463,0.1606921366102132,0.4333333331888889,1291.134,0.5,0.375,0.125,0.375,1.9424276797761009,0.0,0.0,1.0,0.3333333333333333,0.3333333333333333,0.3333333333333333,0.0,False,False,True,0,0.5933183604716451,0.19795058955642897,True,False,0.25,0.25,0.125,0.375
C00847,33.800000000000004,673.4,6,9.695251702203434,7.953819869763655,2706.5516666666667,7.953819869763655,3.3333333333333335,0.9681212834183016,29.0,4.599152113662528,4.501507143966593,0.6450201474953245,0.2162782778332198,0.4333333332611111,3512.2100000000005,0.4,0.44999999999999996,0.15,0.3,1.9783116435689498,0.0,1.0,1.0,0.16666666666666666,0.16666666666666666,0.16666666666666666,0.5,False,False,False,1,0.27330151600224595,0.29848399775407075,True,False,0.4,0.25,0.0,0.35
C00848,335.40000000000003,774.8000000000001,5,9.219240646762902,7.781879232618607,2017.6799999999998,7.781879232618607,2.4,0.7608878000194386,29.0,4.448516375942715,4.386378564226847,0.6621932068573072,0.0,0.0,0.0,0.41666666666666663,0.4166666666666667,0.16666666666666666,0.4166666666666667,1.607690329882655,0.0,0.0,1.0,0.6,0.4,0.0,0.0,True,False,False,0,0.7138124649073554,0.2663672094329029,False,True,0.08333333333333333,0.16666666666666666,0.3333333333333333,0.4166666666666667
C00849,158.6,878.8000000000001,5,9.963472911243905,8.051263502168455,4247.084,8.051263502168455,2.8,0.7397659962052514,31.0,4.93806460126142,5.217708534141817,0.8437150667279667,0.0,0.0,0.0,0.42857142857142855,0.42857142857142855,0.14285714285714285,0.21428571428571427,2.0778792161656674,0.0,0.0,1.0,0.2,0.6,0.0,0.2,False,True,False,0,0.7475575519371139,0.13335204941044354,True,False,0.2857142857142857,0.0,0.14285714285714285,0.5714285714285714
C00850,44.2,859.3000000000001,7,10.07460406665515,8.107043927632846,3390.2257142857147,8.107043927632846,2.0,0.7676517525907618,34.0,4.658710952916121,4.5530316422177854,0.6411975904464289,0.7678478634797697,0.5571428570632653,18222.243000000002,0.5714285714285714,0.2857142857142857,0.14285714285714285,0.2857142857142857,1.966186532006383,0.0,0.0,1.0,0.2857142857142857,0.5714285714285714,0.14285714285714285,0.0,False,True,False,0,0.7058955642897249,0.40426726558113424,False,True,0.07142857142857142,0.14285714285714285,0.14285714285714285,0.6428571428571429
C00851,269.1,516.1,4,9.616592503633383,8.165103556008125,3752.7025,8.165103556008125,2.5,0.8289859803936981,49.0,4.164077900236776,3.338701598213841,0.3571131242665985,0.0,0.0,0.0,0.5,0.2,0.3,0.3,1.956224768785548,0.0,1.0,1.0,0.25,0.5,0.0,0.25,False,False,False,1,0.6482313307130825,0.1831134194272881,False,True,0.1,0.0,0.3,0.6
C00852,1.3,921.7,6,10.299933779190747,8.26428142436937,4954.941666666667,8.26428142436937,3.6666666666666665,0.7094119683444554,33.0,4.960043507980195,5.003025811819156,0.7150209883030604,0.05912424128773601,0.21666666663055556,1757.7430000000002,0.45454545454545453,0.36363636363636365,0.18181818181818182,0.2727272727272727,2.0105782918630664,1.0,0.0,0.0,0.16666666666666666,0.3333333333333333,0.0,0.5,True,False,False,0,0.7105558674901741,0.26304042672655814,False,True,0.13636363636363635,0.09090909090909091,0.18181818181818182,0.5909090909090909
C00853,68.9,711.1,8,9.977821534861912,7.802269809514852,2692.79125,7.802269809514852,4.125,0.6067844806227373,65.0,4.270695952029551,3.717982379031642,0.4506739746429569,0.07102518622637055,0.1624999999796875,1530.048,0.2727272727272727,0.5151515151515151,0.21212121212121213,0.30303030303030304,2.011839141799947,0.0,0.0,1.0,0.5,0.25,0.0,0.25,True,False,False,0,0.3323694553621561,0.04153565412689503,False,True,0.15151515151515152,0.3939393939393939,0.2727272727272727,0.18181818181818182
C00854,137.8,904.8000000000001,10,10.664343230794683,8.259381464057677,4560.357,8.259381464057677,2.7,0.8490792056417739,51.0,4.19803702077923,4.340091242134945,0.7677756599674463,0.0,0.0,0.0,0.5185185185185185,0.4074074074074074,0.07407407407407407,0.2962962962962963,1.9941742645572773,0.0,1.0,1.0,0.3,0.3,0.2,0.2,False,True,False,0,0.5857102751263334,0.4018528916339135,False,True,0.2222222222222222,0.1111111111111111,0.2222222222222222,0.4444444444444444
C00855,146.9,319.8,2,9.492108239947386,5.4104469627257785,6626.855,5.4104469627257785,3.5,0.5347999967395705,41.0,4.897839799950911,0.0,0.0,0.0,0.0,0.0,0.5714285714285714,0.2857142857142857,0.14285714285714285,0.2857142857142857,1.7573191925765397,1.0,0.0,0.0,0.5,0.5,0.0,0.0,False,True,False,0,0.5620999438517686,0.14379562043795618,True,False,0.2857142857142857,0.0,0.14285714285714285,0.5714285714285714
C00856,1.3,926.9,7,9.293052436820602,7.676667330127677,1551.6128571428574,7.676667330127677,2.2857142857142856,0.747965463121242,26.0,4.7847100998201695,3.5630834801408886,0.253717151009018,0.13355733987398055,0.3714285713755102,1450.605,0.3125,0.4375,0.25,0.3125,1.9368034354164425,0.0,0.0,1.0,0.0,0.5714285714285714,0.14285714285714285,0.2857142857142857,False,False,False,1,0.44514317798989333,0.1856260527793374,True,False,0.3125,0.125,0.25,0.3125
C00857,7.800000000000001,921.7,6,10.2921631692912,8.224533757828405,4916.586666666666,8.224533757828405,2.5,0.7172585746024391,26.0,4.953006181259619,4.409574623379507,0.4560125182641595,0.38098596180546734,0.21666666663055556,11238.903,0.7333333333333334,0.26666666666666666,0.0,0.4,1.4107451968579456,1.0,0.0,0.0,0.3333333333333333,0.16666666666666666,0.16666666666666666,0.3333333333333333,False,True,False,0,0.7660022459292533,0.32331555306007864,True,False,0.26666666666666666,0.06666666666666667,0.06666666666666667,0.6
C00858,20.8,765.7,3,9.487371170471567,8.129180786614128,4397.0233333333335,8.129180786614128,2.6666666666666665,0.4557463944083262,34.0,5.661222860237405,4.61015772749913,0.2980988333091369,0.6337769415217542,0.4333333331888889,8360.196,0.625,0.375,0.0,0.375,1.4068541890503974,0.0,1.0,1.0,0.0,0.0,0.3333333333333333,0.6666666666666666,True,False,False,0,0.7058955642897249,0.30620437956204377,False,True,0.125,0.375,0.0,0.5
C00859,31.200000000000003,269.1,2,9.378436221506155,6.438193620594259,5914.75,6.438193620594259,5.0,0.0,20.0,5.214935757608986,0.0,0.0,0.6014891584597319,0.649999999675,7115.316000000001,0.4,0.6000000000000001,0.0,0.4,1.7318327522731591,0.0,1.0,1.0,0.0,1.0,0.0,0.0,False,False,False,1,0.2231892195395845,0.07507018528916337,False,True,0.5,0.2,0.1,0.2
C00860,6.5,705.9,7,9.641567439418822,8.073277865581934,2198.6357142857146,8.073277865581934,2.0,0.6931471805599453,22.0,4.507189777627888,3.986629675176039,0.4635213272513588,0.0324027562546883,0.1857142856877551,498.69300000000004,0.3571428571428571,0.5,0.14285714285714285,0.2857142857142857,2.046326537903665,1.0,0.0,0.0,0.14285714285714285,0.42857142857142855,0.14285714285714285,0.2857142857142857,True,False,False,0,0.38820887142055027,0.33565412689500285,False,True,0.2857142857142857,0.14285714285714285,0.21428571428571427,0.35714285714285715
C00861,40.300000000000004,750.1,5,10.045031818671706,7.884146109863003,4608.005999999999,7.884146109863003,2.2,0.6079487191729779,58.0,4.923623917106626,4.679104126789529,0.5774508432293181,0.5543838267571459,0.519999999896,12773.02,0.7272727272727273,0.18181818181818182,0.09090909090909091,0.36363636363636365,1.6427507614467254,0.0,1.0,1.0,0.2,0.2,0.2,0.4,False,True,False,0,0.7227961819202695,0.268893879842785,True,False,0.09090909090909091,0.18181818181818182,0.09090909090909091,0.6363636363636364
C00862,217.1,945.1,10,10.664343230794683,7.950144236353238,5191.451999999999,7.950144236353238,3.4,0.854371546525796,64.0,4.146655856790112,4.2637691747037865,0.7543568752574349,0.0,0.0,0.0,0.5588235294117647,0.2647058823529412,0.17647058823529413,0.3235294117647059,1.9915589737583548,0.0,1.0,1.0,0.1,0.4,0.3,0.2,False,False,True,0,0.6520213363279057,0.29023020774845587,False,True,0.058823529411764705,0.14705882352941177,0.23529411764705882,0.5588235294117647
C00863,92.3,807.3000000000001,7,9.959238198157445,7.88679620943268,3020.8114285714287,7.88679620943268,3.142857142857143,1.0198614342795065,61.0,4.529008825022528,4.389607397567678,0.625114166522696,0.4184451386760597,0.1857142856877551,8848.307,0.3181818181818182,0.40909090909090906,0.2727272727272727,0.3181818181818182,1.9738548489354881,0.0,1.0,1.0,0.5714285714285714,0.2857142857142857,0.0,0.14285714285714285,False,False,False,1,0.42717574396406516,0.31002245929253225,True,False,0.3181818181818182,0.13636363636363635,0.22727272727272727,0.3181818181818182
C00864,213.20000000000002,945.1,7,9.998217564075388,8.051627840852419,3140.891428571428,8.051627840852419,2.2857142857142856,0.5629980308512322,67.0,4.5521209648982754,3.997437970480214,0.45089536077227116,0.0,0.0,0.0,0.5,0.3125,0.1875,0.3125,2.0345345340558163,0.0,0.0,1.0,0.0,0.5714285714285714,0.14285714285714285,0.2857142857142857,False,False,True,0,0.756541268950028,0.4510948905109488,True,False,0.1875,0.125,0.125,0.5625
C00865,267.8,923.0,8,9.709585398726976,7.80532651716671,2059.22125,7.80532651716671,3.75,0.772404077267102,35.0,4.290459441148391,3.778761261153534,0.4661925456009255,0.0,0.0,0.0,0.3,0.39999999999999997,0.3,0.36666666666666664,1.7007691965167768,1.0,0.0,0.0,0.25,0.375,0.125,0.25,True,False,False,0,0.4575519371139809,0.15808534531162266,False,True,0.13333333333333333,0.2,0.5,0.16666666666666666
C00866,19.5,765.7,12,10.035460105801656,7.5801927671565945,1901.7116666666668,7.5801927671565945,3.0833333333333335,0.8666610503476484,59.0,3.9737165744334857,3.587780278316026,0.5150235157890539,0.061840254437447055,0.10833333332430556,1411.228,0.2972972972972973,0.5675675675675675,0.13513513513513514,0.32432432432432434,1.9955465092327616,0.0,1.0,1.0,0.25,0.3333333333333333,0.0,0.4166666666666667,True,False,False,0,0.4125772038180797,0.4893177989893319,False,True,0.24324324324324326,0.1891891891891892,0.2702702702702703,0.2972972972972973
C00867,62.400000000000006,839.8000000000001,8,9.218516853260319,7.6440507214204905,1260.1375,7.6440507214204905,2.0,0.5629980308512322,32.0,4.459318308975528,3.969090849280715,0.47496067127959823,0.2029648550257211,0.324999999959375,2046.109,0.4375,0.3125,0.25,0.375,1.8297912629351099,0.0,0.0,1.0,0.5,0.0,0.125,0.375,False,False,True,0,0.30269511510387426,0.3767546322290848,False,True,0.25,0.25,0.3125,0.1875
C00868,163.8,733.2,3,9.541277317098718,7.950381118717481,4640.573333333333,7.950381118717481,3.0,1.005052538742381,62.0,5.393627546352362,5.017279836814924,0.5217249142221703,0.0,0.0,0.0,0.6666666666666666,0.3333333333333333,0.0,0.4444444444444444,1.6549368375665132,0.0,0.0,1.0,0.0,1.0,0.0,0.0,False,False,True,0,0.8588433464345873,0.2045199326221223,True,False,0.1111111111111111,0.1111111111111111,0.3333333333333333,0.4444444444444444
C00869,62.400000000000006,665.6,4,9.459352819397726,8.071265011960143,3206.6450000000004,8.071265011960143,2.5,0.8289859803936981,48.0,5.0477169690007875,4.674481683332616,0.5226489901042229,0.08285630308312247,0.32499999991875,1062.763,0.7,0.3,0.0,0.5,1.3385489182839458,1.0,0.0,0.0,0.0,0.5,0.0,0.5,False,False,True,0,0.30106681639528354,0.2506597417181359,True,False,0.4,0.1,0.1,0.4
C00870,52.0,863.2,4,9.861967397691995,8.470673848894345,4796.400000000001,8.470673848894345,3.25,0.6716309107725503,46.0,5.342334251964811,5.303205395644696,0.6736800714397981,0.700598469685561,0.32499999991875,13441.402000000002,0.3076923076923077,0.5384615384615385,0.15384615384615385,0.38461538461538464,1.9228726496585367,1.0,0.0,0.0,0.0,0.5,0.5,0.0,True,False,False,0,0.5019371139809096,0.18945816956765865,True,False,0.15384615384615385,0.3076923076923077,0.23076923076923078,0.3076923076923077
C00871,2.6,653.9,6,10.582512481872495,7.233014339911822,6573.013333333333,7.233014339911822,3.6666666666666665,0.596909690446534,45.0,4.617098756853365,4.316311947142134,0.552529659117656,0.46646264219757994,0.4333333332611111,18396.391,0.5454545454545454,0.2727272727272727,0.18181818181818182,0.3181818181818182,1.7750104927736623,1.0,0.0,0.0,0.3333333333333333,0.16666666666666666,0.3333333333333333,0.16666666666666666,False,True,False,0,0.7506176305446378,0.184292532285233,True,False,0.045454545454545456,0.13636363636363635,0.18181818181818182,0.6363636363636364
C00872,211.9,747.5,4,9.047869676609242,7.9384878485212695,2124.8525,7.9384878485212695,3.25,0.916290731874155,22.0,4.929666231562589,2.179935406575506,0.05555687289621599,0.0,0.0,0.0,0.3076923076923077,0.6153846153846154,0.07692307692307693,0.38461538461538464,1.870547835282082,1.0,0.0,0.0,0.75,0.0,0.0,0.25,True,False,False,0,0.3059517125210556,0.23900898371701287,False,True,0.38461538461538464,0.23076923076923078,0.23076923076923078,0.15384615384615385
C00873,28.6,728.0,5,10.003864872673471,7.918240949140903,4422.152,7.918240949140903,3.6,0.9833211655177317,38.0,5.194806990178372,5.063036039364956,0.6290636568635433,0.22072723868378022,0.259999999948,4880.447,0.38888888888888884,0.4444444444444444,0.16666666666666666,0.2777777777777778,2.0617143471504606,0.0,0.0,1.0,0.2,0.6,0.0,0.2,True,False,False,0,0.3201010668163953,0.13116226838854578,True,False,0.2222222222222222,0.4444444444444444,0.05555555555555555,0.2777777777777778
C00874,78.0,322.40000000000003,4,7.788443703370198,5.72918062783801,602.89,5.72918062783801,3.0,0.7676517525907618,48.0,4.15366113937852,3.9810988007297965,0.6092092574075177,0.8607764268768512,0.6499999998375,2075.8140000000003,0.08333333333333333,0.6666666666666666,0.25,0.3333333333333333,1.6718745379366928,0.0,0.0,1.0,0.0,0.25,0.5,0.25,False,False,False,1,0.2521336327905671,0.05663952835485686,True,False,0.5,0.25,0.16666666666666666,0.08333333333333333
C00875,97.5,604.5,6,9.448954041553733,7.696126734266791,2115.646666666667,7.696126734266791,3.3333333333333335,0.7094119683444554,64.0,4.3694478524670215,3.472046076622836,0.33649571616983537,0.12026291409717753,0.21666666663055556,1526.603,0.3,0.3,0.4,0.4,1.7670077108645084,1.0,0.0,0.0,0.3333333333333333,0.5,0.16666666666666666,0.0,False,False,False,1,0.4497473329590118,0.2427428411005053,True,False,0.1,0.25,0.35,0.3
C00876,42.9,902.2,6,9.820938205866387,7.924994832756977,3069.0533333333333,7.924994832756977,2.3333333333333335,0.596909690446534,57.0,4.891851758106289,4.288530279902791,0.43409474467522474,0.12505028695058384,0.21666666663055556,2302.7160000000003,0.5714285714285714,0.21428571428571427,0.21428571428571427,0.35714285714285715,1.7654095136256551,0.0,1.0,1.0,0.16666666666666666,0.5,0.0,0.3333333333333333,False,False,True,0,0.7421111734980348,0.10360752386299843,True,False,0.14285714285714285,0.07142857142857142,0.21428571428571427,0.5714285714285714
C00877,27.3,728.0,6,9.852821955841996,7.954400957693663,3168.4883333333332,7.954400957693663,3.8333333333333335,0.7742870681652402,33.0,4.689511334421843,3.68835353304808,0.30865018237325537,0.6175573209726922,0.4333333332611111,11740.339000000002,0.4347826086956522,0.4347826086956522,0.13043478260869565,0.30434782608695654,1.9774760246112169,0.0,1.0,1.0,0.3333333333333333,0.5,0.0,0.16666666666666666,True,False,False,0,0.5099382369455363,0.2744104435710275,True,False,0.21739130434782608,0.21739130434782608,0.30434782608695654,0.2608695652173913
C00878,167.70000000000002,910.0,6,9.82429606580456,7.952429395157476,3079.3766666666666,7.952429395157476,3.1666666666666665,1.0015143674076652,58.0,4.746669748261791,4.508200394327029,0.5799644710142586,0.0,0.0,0.0,0.5263157894736842,0.42105263157894735,0.05263157894736842,0.3684210526315789,1.8941756919249906,1.0,0.0,0.0,0.3333333333333333,0.16666666666666666,0.0,0.5,False,False,True,0,0.3578046041549691,0.3859910162829871,False,True,0.3684210526315789,0.15789473684210525,0.10526315789473684,0.3684210526315789
C00879,179.4,629.2,4,9.540417201508536,7.820194800460946,3477.4375,7.820194800460946,3.25,0.8146148592237982,28.0,4.756459633534317,4.200934518060907,0.45112355320780934,0.0,0.0,0.0,0.38461538461538464,0.3076923076923077,0.3076923076923077,0.3076923076923077,2.0344444253156415,0.0,1.0,1.0,0.5,0.5,0.0,0.0,False,False,False,1,0.5357383492419989,0.24163391353172375,True,False,0.23076923076923078,0.07692307692307693,0.15384615384615385,0.5384615384615384
C00880,2.6,811.2,7,9.959856543752904,7.990452490948122,3022.68,7.990452490948122,3.5714285714285716,0.8743332020491272,20.0,4.650780697240144,4.298657086247665,0.5308224122290558,0.11627571748060302,0.3714285713755102,2460.25,0.52,0.32,0.16,0.4,1.9376242055615036,0.0,1.0,1.0,0.2857142857142857,0.5714285714285714,0.14285714285714285,0.0,False,False,True,0,0.4636720943290286,0.15690623245367769,False,True,0.24,0.16,0.32,0.28
C00881,16.900000000000002,945.1,10,10.39824659727814,8.0322695318199,3280.1059999999998,8.0322695318199,2.1,0.787192469699016,63.0,4.386184644822546,3.833581746351518,0.4511383887410734,0.00373024530304802,0.12999999998700001,122.35600000000001,0.7619047619047619,0.14285714285714285,0.09523809523809523,0.5238095238095238,1.6552308751952087,0.0,1.0,1.0,0.3,0.2,0.1,0.4,False,False,True,0,0.7064851207186973,0.279842784952274,True,False,0.09523809523809523,0.0,0.3333333333333333,0.5714285714285714
C00882,187.20000000000002,898.3000000000001,6,10.062287976955401,8.464210212003074,3906.846666666667,8.464210212003074,3.3333333333333335,1.0514852760709335,54.0,4.704110133842995,4.436297087217283,0.5669619844009627,0.0,0.0,0.0,0.35,0.4,0.25,0.25,2.0594219860662886,0.0,0.0,1.0,0.16666666666666666,0.3333333333333333,0.5,0.0,False,False,False,1,0.5241437394722066,0.26121560920831005,False,True,0.25,0.2,0.15,0.4
C00883,58.5,806.0,4,9.971096667072878,8.143529279848268,5349.485,8.143529279848268,3.0,0.7676517525907618,25.0,5.260961580004268,5.297318320830375,0.7115855971762259,0.38139475108349774,0.32499999991875,8161.062,0.5833333333333333,0.3333333333333333,0.08333333333333333,0.3333333333333333,1.9155531006048432,0.0,1.0,1.0,0.5,0.25,0.25,0.0,False,True,False,0,0.7836889387984278,0.21822010106681633,True,False,0.25,0.16666666666666666,0.0,0.5833333333333334
C00884,57.2,903.5,5,9.771954732862111,7.968099591124766,3506.8019999999997,7.968099591124766,3.4,0.7608878000194387,21.0,5.098340874515361,4.64123901727418,0.4891084450185024,0.4090252600517276,0.519999999896,7171.853000000001,0.4117647058823529,0.4117647058823529,0.17647058823529413,0.23529411764705882,2.0789876335634485,1.0,0.0,0.0,0.2,0.2,0.2,0.4,False,False,False,1,0.49247613700168447,0.2618753509264458,True,False,0.17647058823529413,0.29411764705882354,0.11764705882352941,0.4117647058823529
C00885,130.0,815.1,7,9.96754767801074,8.061673163149313,3046.0185714285717,8.061673163149313,2.0,0.7676517525907618,56.0,4.48676195493779,4.991669027654293,0.9799450021070248,0.0,0.0,0.0,0.5714285714285714,0.3571428571428571,0.07142857142857142,0.35714285714285715,1.862584168896214,0.0,1.0,1.0,0.42857142857142855,0.14285714285714285,0.14285714285714285,0.2857142857142857,False,False,True,0,0.5792251544076361,0.4381246490735542,False,True,0.0,0.35714285714285715,0.14285714285714285,0.5
C00886,195.0,907.4,6,10.00435679752017,7.86748225506411,3686.94,7.86748225506411,3.1666666666666665,0.7742870681652402,55.0,4.7059200890882344,4.98927197797603,0.8461090262868248,0.0,0.0,0.0,0.631578947368421,0.15789473684210525,0.21052631578947367,0.42105263157894735,1.8358845645704245,0.0,0.0,1.0,0.5,0.16666666666666666,0.3333333333333333,0.0,False,False,True,0,0.6069062324536777,0.28274845592363845,True,False,0.15789473684210525,0.21052631578947367,0.2631578947368421,0.3684210526315789
C00887,390.0,843.7,6,9.09839377115027,7.478085157173161,1489.9866666666667,7.478085157173161,2.8333333333333335,0.8455077458700537,43.0,4.259859000699674,3.704513883116972,0.4496537289522268,0.0,0.0,0.0,0.23529411764705882,0.5294117647058824,0.23529411764705882,0.29411764705882354,1.96768348184519,0.0,1.0,1.0,0.16666666666666666,0.5,0.0,0.3333333333333333,False,False,False,1,0.3078326782706345,0.30227400336889393,False,True,0.4117647058823529,0.17647058823529413,0.23529411764705882,0.17647058823529413
C00888,552.5,647.4,2,8.763775105663832,8.409011773207345,3198.61,8.409011773207345,2.0,0.881373587019543,64.0,4.30406509320417,0.0,0.0,0.0,0.0,0.0,0.5,0.5,0.0,0.5,1.3516370020918933,1.0,0.0,0.0,0.0,1.0,0.0,0.0,False,False,False,1,0.3551656372824256,0.3507299270072993,False,True,0.5,0.0,0.0,0.5
C00889,330.2,874.9,2,7.5484927527243375,4.875263372843937,948.4399999999999,4.875263372843937,3.5,0.5347999967395705,27.0,6.040254711277414,0.0,0.0,0.0,0.0,0.0,0.0,0.42857142857142855,0.5714285714285714,0.5714285714285714,1.2424098584462946,1.0,0.0,0.0,0.0,0.0,0.0,1.0,False,False,False,1,0.3763054463784391,0.07804604154969114,True,False,0.2857142857142857,0.2857142857142857,0.2857142857142857,0.14285714285714285
C00890,314.6,347.1,2,8.116007911762727,2.118488584137906,1673.315,2.118488584137906,5.0,0.0,62.0,3.258096538021482,0.0,0.0,0.0,0.0,0.0,0.3,0.4,0.3,0.3,1.7079842431505712,0.0,0.0,1.0,0.0,0.5,0.0,0.5,False,False,False,1,0.39581695676586187,0.07150477259966304,False,True,0.3,0.2,0.2,0.3
C00891,347.1,360.1,2,8.849060556156191,8.196118564355617,3483.42,8.196118564355617,5.0,0.0,20.0,2.3978952727983707,0.0,0.0,0.0,0.0,0.0,0.2,0.8,0.0,0.5,1.5187671852295312,1.0,0.0,0.0,0.0,1.0,0.0,0.0,True,False,False,0,0.3311341942728804,0.12192588433464346,True,False,0.3,0.3,0.3,0.1
C00892,126.10000000000001,834.6,8,10.51404655930409,8.139549541921005,4603.52625,8.139549541921005,3.75,0.7105441415665723,30.0,4.367637897221782,3.807198171414936,0.4481716053733822,0.0,0.0,0.0,0.5333333333333333,0.3333333333333333,0.13333333333333333,0.3,2.03666548113734,0.0,0.0,1.0,0.375,0.125,0.25,0.25,False,False,True,0,0.5934868051656372,0.21880965749578896,True,False,0.23333333333333334,0.13333333333333333,0.16666666666666666,0.4666666666666667
C00893,400.40000000000003,867.1,6,9.238831614287088,7.745058053633,1714.6683333333333,7.745058053633,2.3333333333333335,0.7094119683444554,53.0,4.28771595520264,2.4922738634779567,0.14361466636003947,0.0,0.0,0.0,0.3571428571428571,0.42857142857142855,0.21428571428571427,0.42857142857142855,1.691697215567983,0.0,0.0,1.0,0.16666666666666666,0.3333333333333333,0.16666666666666666,0.3333333333333333,False,False,False,1,0.3464065131948344,0.24416058394160584,False,True,0.42857142857142855,0.07142857142857142,0.14285714285714285,0.35714285714285715
C00894,300.3,949.0,8,10.092288903379096,7.863719308110948,3019.3775,7.863719308110948,3.375,0.8339825381967165,49.0,4.280626520232152,3.785864103680701,0.4726506347529165,0.0,0.0,0.0,0.3333333333333333,0.4074074074074074,0.25925925925925924,0.2962962962962963,1.9927777738995638,0.0,0.0,1.0,0.125,0.25,0.25,0.375,True,False,False,0,0.5103593486805166,0.17519651880965753,True,False,0.2222222222222222,0.14814814814814814,0.25925925925925924,0.37037037037037035
C00895,54.6,877.5,9,10.235109473944629,7.94225661094966,3095.9466666666667,7.94225661094966,3.4444444444444446,0.8472978603872036,63.0,4.383587915240834,4.4666499716106935,0.7360648136884301,0.010528856368469936,0.14444444442839505,293.371,0.29032258064516125,0.5161290322580645,0.1935483870967742,0.2903225806451613,2.0428572084158185,0.0,0.0,1.0,0.3333333333333333,0.1111111111111111,0.3333333333333333,0.2222222222222222,True,False,False,0,0.4609208309938237,0.14733295901179116,False,True,0.25806451612903225,0.16129032258064516,0.2903225806451613,0.2903225806451613
C00896,18.2,921.7,7,10.317007466752063,8.009270340374753,4320.231428571428,8.009270340374753,2.7142857142857144,0.8671555780502125,64.0,4.760748417806535,5.015491618769542,0.8297018093025612,0.39734752966274967,0.3714285713755102,12016.433,0.5789473684210527,0.15789473684210525,0.2631578947368421,0.3157894736842105,1.7655072704201746,0.0,1.0,1.0,0.5714285714285714,0.14285714285714285,0.0,0.2857142857142857,False,True,False,0,0.8048848961257721,0.14736103312745663,False,True,0.05263157894736842,0.05263157894736842,0.2631578947368421,0.631578947368421
C00897,244.4,715.0,7,10.22801154952721,8.349465152878606,3952.348571428571,8.349465152878606,3.0,0.8289859803936981,55.0,4.116323468940876,4.0584561067575065,0.6641524750616602,0.0,0.0,0.0,0.42857142857142855,0.5238095238095237,0.047619047619047616,0.2857142857142857,1.9527769119239944,1.0,0.0,0.0,0.2857142857142857,0.42857142857142855,0.2857142857142857,0.0,False,False,False,1,0.4420550252667041,0.5,True,False,0.2857142857142857,0.23809523809523808,0.09523809523809523,0.38095238095238093
C00898,201.5,738.4,5,10.15431241655556,8.039735200816914,5140.14,8.039735200816914,4.0,1.005052538742381,33.0,4.646791860678911,4.4995091738002255,0.6215027132030672,0.0,0.0,0.0,0.4,0.45,0.15,0.25,2.0594219860662886,0.0,0.0,1.0,0.0,0.6,0.4,0.0,False,True,False,0,0.5373385738349242,0.10263896687254348,False,True,0.3,0.05,0.25,0.4
C00899,135.20000000000002,698.1,7,10.45716948420305,7.838311918521379,4970.2757142857145,7.838311918521379,2.857142857142857,0.6417146190238269,27.0,4.292739943847116,4.1537899240405665,0.6251220016736946,0.0,0.0,0.0,0.65,0.2,0.15,0.4,1.8956273691697239,0.0,0.0,1.0,0.14285714285714285,0.42857142857142855,0.0,0.42857142857142855,False,False,True,0,0.7773161145423919,0.2253790005614822,False,True,0.05,0.15,0.2,0.6
C00900,201.5,865.8000000000001,7,10.339965421556695,7.969010478610008,4420.565714285714,7.969010478610008,3.142857142857143,0.8523644683967538,26.0,4.456283405280375,4.290853015048336,0.6128795169578397,0.0,0.0,0.0,0.5,0.3181818181818182,0.18181818181818182,0.2727272727272727,2.0224765498702917,0.0,1.0,1.0,0.14285714285714285,0.2857142857142857,0.2857142857142857,0.2857142857142857,False,False,True,0,0.5091521617069062,0.22922515440763624,False,True,0.22727272727272727,0.18181818181818182,0.18181818181818182,0.4090909090909091
C00901,11.700000000000001,555.1,6,10.244506935201068,7.814585138182717,4687.768333333333,7.814585138182717,3.8333333333333335,0.6847077083112325,51.0,4.437934266612178,3.896272994289418,0.45538373521953485,0.2594517433846361,0.4333333332611111,7297.4980000000005,0.4782608695652174,0.3913043478260869,0.13043478260869565,0.2608695652173913,2.0591105100447993,0.0,1.0,1.0,0.16666666666666666,0.0,0.5,0.3333333333333333,False,False,True,0,0.4089837170129141,0.1734418865805727,False,True,0.17391304347826086,0.30434782608695654,0.21739130434782608,0.30434782608695654
C00902,52.0,874.9,7,10.620384218154628,7.603634112050206,5851.478571428571,7.603634112050206,3.5714285714285716,0.6810240276767762,41.0,4.66814498514948,4.353248864501648,0.5465619063625378,0.39184667611481866,0.3714285713755102,16050.177000000001,0.64,0.28,0.08,0.36,1.8852977050898416,0.0,0.0,1.0,0.2857142857142857,0.42857142857142855,0.14285714285714285,0.14285714285714285,False,False,True,0,0.7507018528916339,0.20457608085345313,True,False,0.08,0.16,0.24,0.52
C00903,53.300000000000004,949.0,7,10.220705247349152,8.378432692069609,3923.5757142857146,8.378432692069609,3.7142857142857144,0.8671555780502125,37.0,4.7521523763367375,4.40888296974104,0.5346887266175333,0.019072325790286084,0.1857142856877551,523.822,0.5,0.38461538461538464,0.11538461538461539,0.3076923076923077,2.0218108483548565,0.0,0.0,1.0,0.42857142857142855,0.42857142857142855,0.14285714285714285,0.0,False,False,True,0,0.4406513194834363,0.5183604716451431,False,True,0.3076923076923077,0.15384615384615385,0.11538461538461539,0.4230769230769231
C00904,10.4,847.6,4,9.922703242912647,8.585418848270306,5096.757500000001,8.585418848270306,3.25,0.9961457767684165,28.0,5.373734005832791,4.071592463254787,0.2378802201563326,0.7451985404445501,0.32499999991875,15192.385000000002,0.6153846153846154,0.23076923076923078,0.15384615384615385,0.38461538461538464,1.7319183991700926,0.0,0.0,1.0,0.25,0.25,0.5,0.0,False,False,True,0,0.6357944974733296,0.2046181920269512,False,True,0.0,0.15384615384615385,0.38461538461538464,0.46153846153846156
C00905,205.4,890.5,6,10.08293874376952,8.00955400188152,3988.3683333333333,8.00955400188152,3.1666666666666665,0.7742870681652403,54.0,4.667205576907544,4.400205803264485,0.5672721350371615,0.0,0.0,0.0,0.5263157894736842,0.21052631578947367,0.2631578947368421,0.3157894736842105,1.9724987619934446,1.0,0.0,0.0,0.16666666666666666,0.16666666666666666,0.16666666666666666,0.5,False,False,True,0,0.6587029758562606,0.273820887142055,False,True,0.10526315789473684,0.10526315789473684,0.3157894736842105,0.47368421052631576
C00906,127.4,782.6,6,9.881880287861003,8.02740441483791,3261.9149999999995,8.02740441483791,2.0,0.7397659962052513,64.0,4.623010104116422,4.1444335875027765,0.47988692858016824,0.0,0.0,0.0,0.5,0.16666666666666666,0.3333333333333333,0.3333333333333333,1.7653712114835218,1.0,0.0,0.0,0.3333333333333333,0.3333333333333333,0.16666666666666666,0.16666666666666666,False,False,False,1,0.6589275687815834,0.2852470522178552,True,False,0.0,0.0,0.5,0.5
C00907,622.7,859.3000000000001,3,9.448602657087456,8.174174456636901,4229.806666666666,8.174174456636901,1.6666666666666667,0.45574639440832615,66.0,4.5217885770490405,4.418840607796598,0.6424320879757203,0.0,0.0,0.0,1.0,0.0,0.0,0.6,0.8749151671120335,0.0,1.0,1.0,0.0,0.3333333333333333,0.6666666666666666,0.0,False,False,True,0,0.8588433464345873,0.3098540145985401,False,True,0.0,0.2,0.0,0.8
C00908,16.900000000000002,573.3000000000001,5,9.816719782235616,8.49526439996462,3667.3599999999997,8.49526439996462,2.2,0.8345775047772536,48.0,4.68213122712422,4.036824974174852,0.4187484786417745,0.046423912569257104,0.519999999896,851.2660000000001,0.6363636363636364,0.36363636363636365,0.0,0.36363636363636365,1.6829087155983646,0.0,1.0,1.0,0.4,0.4,0.0,0.2,False,False,True,0,0.41830432341381246,0.6261089275687816,True,False,0.18181818181818182,0.09090909090909091,0.2727272727272727,0.45454545454545453
C00909,26.0,949.0,3,9.709962874474698,8.456382042179042,5493.329999999999,8.456382042179042,2.6666666666666665,0.7676517525907618,20.0,5.87493073085203,5.3612921657094255,0.468241514251283,0.769573646585904,0.4333333331888889,12682.566,0.625,0.375,0.0,0.375,1.4068541890503976,0.0,0.0,1.0,0.0,0.3333333333333333,0.3333333333333333,0.3333333333333333,False,True,False,0,0.8366086468276249,0.26291409320606407,True,False,0.0,0.25,0.125,0.625
C00910,109.2,639.6,3,7.135774922811107,6.322294267781567,418.36999999999995,6.322294267781567,1.6666666666666667,0.7676517525907619,45.0,5.3230099791384085,5.0106352940962555,0.5483480630870112,0.0903705651296776,0.4333333331888889,113.425,0.0,0.6000000000000001,0.4,0.4,1.3713962183819874,1.0,0.0,0.0,0.0,1.0,0.0,0.0,False,False,False,1,0.17995508141493544,0.23545760808534533,True,False,0.4,0.2,0.4,0.0
C00911,55.9,848.9,8,10.119649186894048,7.991817513001131,3103.1324999999997,7.991817513001131,2.5,0.881373587019543,26.0,4.478958874850075,4.560778529142473,0.7353626666412645,0.05476953530021459,0.324999999959375,1359.657,0.65,0.2,0.15,0.45,1.854191380751461,0.0,0.0,1.0,0.375,0.5,0.0,0.125,False,False,True,0,0.5235261089275688,0.3870157215047726,True,False,0.2,0.25,0.15,0.4
C00912,94.9,933.4,4,9.051727919897003,8.00321963892606,2133.0675,8.00321963892606,2.75,0.9961457767684165,64.0,5.375278407684165,5.299843504929132,0.6559655014231571,0.11558846590648027,0.32499999991875,986.232,0.18181818181818182,0.7272727272727273,0.09090909090909091,0.45454545454545453,1.7767243676717654,0.0,0.0,1.0,0.25,0.5,0.25,0.0,True,False,False,0,0.5253509264458169,0.4118332397529477,False,True,0.09090909090909091,0.5454545454545454,0.09090909090909091,0.2727272727272727
C00913,62.400000000000006,891.8000000000001,8,10.54412306521393,8.543319834900384,4744.09125,8.543319834900384,3.375,0.7828667342439187,35.0,4.523340167740459,4.197121704751899,0.5415062195636161,0.41172371526368695,0.1624999999796875,15626.038999999999,0.5555555555555556,0.4444444444444444,0.0,0.3333333333333333,1.7795990689622854,0.0,1.0,1.0,0.125,0.375,0.125,0.375,False,False,True,0,0.3222346996069624,0.39380965749578883,True,False,0.2962962962962963,0.25925925925925924,0.037037037037037035,0.4074074074074074
C00914,28.6,908.7,9,10.364696685819117,8.174990286670848,3524.312222222222,8.174990286670848,3.0,0.9162907318741551,51.0,4.449977296582389,4.129374739514412,0.5437595400329877,0.03387217237973197,0.2888888888567901,1074.385,0.37037037037037035,0.5185185185185185,0.1111111111111111,0.2962962962962963,2.0227005792479607,0.0,0.0,1.0,0.2222222222222222,0.3333333333333333,0.3333333333333333,0.1111111111111111,True,False,False,0,0.3317237507018529,0.512352610892757,True,False,0.2222222222222222,0.4074074074074074,0.07407407407407407,0.2962962962962963
C00915,356.2,806.0,5,9.626951135855913,8.075439265945816,3033.424,8.075439265945816,2.8,0.7397659962052513,40.0,4.471638793363569,4.335034835802587,0.6263872669512475,0.0,0.0,0.0,0.42857142857142855,0.42857142857142855,0.14285714285714285,0.2857142857142857,2.0147738596416627,0.0,0.0,1.0,0.6,0.2,0.0,0.2,True,False,False,0,0.4477259966311061,0.19797866367209432,True,False,0.14285714285714285,0.2857142857142857,0.2857142857142857,0.2857142857142857
C00916,735.8000000000001,735.8000000000001,1,7.410691865967863,0.0,1652.57,0.0,5.0,0.0,58.0,0.0,0.0,0.0,0.0,0.0,0.0,0.2,0.6000000000000001,0.2,0.4,1.7318327522731591,1.0,0.0,0.0,1.0,0.0,0.0,0.0,True,False,False,0,0.49511510387422797,0.0,True,False,0.2,0.2,0.4,0.2
C00917,279.5,886.6,8,9.972736991106931,7.872499485207237,2679.13375,7.872499485207237,2.75,0.8249382611234762,62.0,4.2152971726397634,4.1936418198437835,0.6822158162506701,0.0,0.0,0.0,0.5454545454545454,0.3181818181818182,0.13636363636363635,0.4090909090909091,1.9378996434533524,0.0,1.0,1.0,0.625,0.25,0.125,0.0,False,False,True,0,0.48705783267827063,0.297248736664795,False,True,0.13636363636363635,0.22727272727272727,0.2727272727272727,0.36363636363636365
C00918,40.300000000000004,828.1,5,9.270599750628865,7.765745185030451,2124.024,7.765745185030451,3.0,0.9482307085514864,41.0,5.0271645960474665,4.690763526398436,0.537925667277361,0.14790087117658296,0.259999999948,1570.7250000000001,0.4666666666666667,0.3333333333333333,0.2,0.4,1.8225290971923476,0.0,1.0,1.0,0.4,0.2,0.4,0.0,False,False,True,0,0.5905670971364402,0.0938798427849522,False,True,0.2,0.13333333333333333,0.4,0.26666666666666666
C00919,13.0,941.2,6,10.400113029761288,8.581152767038658,5477.056666666666,8.581152767038658,3.5,0.866430042484809,26.0,4.9684234452869465,4.544161105753193,0.5018843818807434,0.750113838515433,0.4333333332611111,24650.496,0.47619047619047616,0.3333333333333333,0.19047619047619047,0.2857142857142857,2.058521844314033,1.0,0.0,0.0,0.0,0.6666666666666666,0.3333333333333333,0.0,False,True,False,0,0.6160583941605839,0.34529758562605284,False,True,0.14285714285714285,0.19047619047619047,0.19047619047619047,0.47619047619047616
C00920,83.2,620.1,4,9.837472742219735,8.33643692139152,4680.335,8.33643692139152,3.25,0.9961457767684165,54.0,4.932072971593153,4.261762419044133,0.41078534706995407,0.1591191656152733,0.32499999991875,2978.924,0.46153846153846156,0.3076923076923077,0.23076923076923078,0.23076923076923078,2.016099418298266,0.0,1.0,1.0,0.0,0.25,0.25,0.5,False,True,False,0,0.6263335204941045,0.2008422234699606,False,True,0.15384615384615385,0.07692307692307693,0.3076923076923077,0.46153846153846156
C00921,52.0,800.8000000000001,8,10.664343230794683,7.984628042080095,6043.304999999999,7.984628042080095,2.625,0.723026403199168,28.0,4.422277037295179,4.14246549761908,0.5613057964063244,0.1734661124996965,0.1624999999796875,8386.469000000001,0.6190476190476191,0.38095238095238093,0.0,0.38095238095238093,1.727713796615725,1.0,0.0,0.0,0.25,0.375,0.0,0.375,False,True,False,0,0.772908478382931,0.29131106120157213,False,True,0.14285714285714285,0.09523809523809523,0.14285714285714285,0.6190476190476191
C00922,197.6,899.6,4,8.588551529646127,7.2745689082506235,1342.2075,7.2745689082506235,2.0,0.596909690446534,61.0,5.198497031265826,4.854943723676707,0.5351066610172497,0.0,0.0,0.0,0.375,0.5,0.125,0.375,1.9424276797761009,0.0,1.0,1.0,0.0,0.5,0.25,0.25,True,False,False,0,0.5125491297024143,0.09236384053902302,True,False,0.125,0.125,0.5,0.25
C00923,429.0,429.0,1,4.801969761962699,0.0,120.75,0.0,1.0,0.0,32.0,0.0,0.0,0.0,0.0,0.0,0.0,0.0,1.0,0.0,1.0,0.0,0.0,1.0,1.0,0.0,1.0,0.0,0.0,False,False,False,1,0.22043795620437956,0.0,True,False,0.0,1.0,0.0,0.0
C00924,46.800000000000004,906.1,7,9.708813618283571,7.634225616667647,2351.5800000000004,7.634225616667647,3.142857142857143,0.9843842090467537,24.0,4.711030576687569,4.022225870523593,0.4039019749825702,0.4988843367316261,0.1857142856877551,8212.165,0.5,0.3181818181818182,0.18181818181818182,0.36363636363636365,1.9904993147872465,0.0,0.0,1.0,0.0,0.8571428571428571,0.0,0.14285714285714285,False,False,True,0,0.4621560920830994,0.1715889949466592,True,False,0.22727272727272727,0.13636363636363635,0.3181818181818182,0.3181818181818182
C00925,28.6,946.4,10,10.524877956253562,8.124107820818805,3722.929,8.124107820818805,2.7,0.600633019541176,20.0,4.375057965357788,4.800361717180025,0.9309082465466402,0.5021144104547657,0.25999999997400003,18693.362999999998,0.5185185185185185,0.25925925925925924,0.2222222222222222,0.2962962962962963,2.0227005792479607,0.0,0.0,1.0,0.2,0.4,0.0,0.4,False,False,True,0,0.6010948905109489,0.37045199326221223,False,True,0.1111111111111111,0.2222222222222222,0.2222222222222222,0.4444444444444444
C00926,282.1,767.0,5,9.147318566710025,7.974881652541619,1877.646,7.974881652541619,2.6,0.6389165189617602,33.0,4.54595082632812,4.267454380033587,0.5620780180707243,0.0,0.0,0.0,0.46153846153846156,0.46153846153846156,0.07692307692307693,0.38461538461538464,1.8365680279230023,0.0,1.0,1.0,0.4,0.4,0.0,0.2,False,False,True,0,0.47815833801235264,0.1783829309376755,True,False,0.23076923076923078,0.3076923076923077,0.07692307692307693,0.38461538461538464
C00927,335.40000000000003,850.2,6,10.197423901165145,8.290253516906091,4472.161666666667,8.290253516906091,2.6666666666666665,0.596909690446534,26.0,4.384523514872469,4.442578422022487,0.7229622097464239,0.0,0.0,0.0,0.5,0.1875,0.3125,0.3125,1.9368034354164425,1.0,0.0,0.0,0.5,0.3333333333333333,0.0,0.16666666666666666,False,False,False,1,0.6482313307130825,0.2723610331274565,False,True,0.0625,0.1875,0.1875,0.5625
C00928,257.40000000000003,603.2,5,10.016017258029464,7.963273704479072,4476.222,7.963273704479072,4.2,0.6079487191729779,27.0,4.212127597878484,3.0134965838440597,0.25549818674555475,0.0,0.0,0.0,0.5714285714285714,0.42857142857142855,0.0,0.42857142857142855,1.6006372401595639,0.0,1.0,1.0,0.2,0.6,0.2,0.0,False,False,True,0,0.3961819202695115,0.20325659741718133,False,True,0.14285714285714285,0.38095238095238093,0.09523809523809523,0.38095238095238093
C00929,50.7,553.8000000000001,3,9.02328643511474,7.429260611200908,2764.33,7.429260611200908,3.6666666666666665,0.7676517525907618,30.0,5.270432163058501,5.201255653704905,0.6589782849422013,0.5102345474912534,0.4333333331888889,4231.37,0.5454545454545454,0.2727272727272727,0.18181818181818182,0.36363636363636365,1.970420337711427,0.0,1.0,1.0,0.3333333333333333,0.3333333333333333,0.0,0.3333333333333333,False,False,True,0,0.4811903425042111,0.046687254351487906,False,True,0.09090909090909091,0.18181818181818182,0.45454545454545453,0.2727272727272727
C00930,347.1,634.4,6,9.658343122039527,7.777906550744282,2608.471666666667,7.777906550744282,3.6666666666666665,0.7934721026084851,38.0,3.8110970868381857,3.5452280363880755,0.5660280920286183,0.0,0.0,0.0,0.36363636363636365,0.36363636363636365,0.2727272727272727,0.2727272727272727,1.9487398748727103,1.0,0.0,0.0,0.16666666666666666,0.16666666666666666,0.16666666666666666,0.5,False,False,False,1,0.47711959573273444,0.2840819764177429,True,False,0.22727272727272727,0.22727272727272727,0.22727272727272727,0.3181818181818182
C00931,176.8,842.4,6,9.519103665739035,7.787046239338244,2269.4,7.787046239338244,2.5,1.0154776369738763,52.0,4.638604962074329,4.207695725800039,0.4986512923299088,0.0,0.0,0.0,0.4,0.4,0.2,0.26666666666666666,2.062820119786462,0.0,0.0,1.0,0.3333333333333333,0.5,0.0,0.16666666666666666,False,False,True,0,0.4385457608085345,0.4359067939359911,True,False,0.2,0.26666666666666666,0.13333333333333333,0.4
C00932,23.400000000000002,726.7,8,9.67572836554533,7.783825879089218,1990.665,7.783825879089218,2.875,0.6067844806227372,35.0,4.360365137892702,4.05283212462051,0.5491804453945973,0.08032818178849277,0.324999999959375,1279.252,0.34782608695652173,0.5217391304347826,0.13043478260869565,0.30434782608695654,1.9791153832094024,0.0,1.0,1.0,0.25,0.25,0.125,0.375,True,False,False,0,0.4537338573834925,0.2610752386299832,True,False,0.30434782608695654,0.13043478260869565,0.30434782608695654,0.2608695652173913
C00933,478.40000000000003,789.1,3,8.108888054240646,6.399545702062887,1107.6266666666668,6.399545702062887,2.6666666666666665,0.4557463944083262,27.0,4.791649752930709,4.7664383335842135,0.6805154336499138,0.0,0.0,0.0,0.25,0.625,0.125,0.625,1.3956057003310802,1.0,0.0,0.0,0.3333333333333333,0.6666666666666666,0.0,0.0,True,False,False,0,0.4746209994385177,0.2885738349241999,False,True,0.125,0.375,0.375,0.125
C00934,708.5,832.0,3,9.62781573404298,7.883250112423517,5060.08,7.883250112423517,3.3333333333333335,0.7676517525907618,60.0,3.8815637979434374,1.5040773967762742,0.07109592168228546,0.0,0.0,0.0,0.5,0.2,0.3,0.3,1.956224768785548,0.0,1.0,1.0,0.3333333333333333,0.3333333333333333,0.0,0.3333333333333333,False,False,False,1,0.6105558674901741,0.13194834362717567,True,False,0.0,0.2,0.2,0.6
C00935,22.1,660.4,6,9.755260128872855,8.092758929103661,2873.9500000000003,8.092758929103661,2.3333333333333335,0.861310692788678,67.0,4.597138014290827,4.421168383103829,0.6081339747179002,0.6130423864947423,0.21666666663055556,10571.119,0.5,0.42857142857142855,0.07142857142857142,0.2857142857142857,1.997739210268385,1.0,0.0,0.0,0.6666666666666666,0.16666666666666666,0.0,0.16666666666666666,False,False,True,0,0.6027231892195395,0.2494385176866929,True,False,0.21428571428571427,0.07142857142857142,0.35714285714285715,0.35714285714285715
C00936,40.300000000000004,791.7,7,9.820471637592442,7.979774055841329,2629.39,7.979774055841329,2.4285714285714284,0.9625432742127613,54.0,4.578141513600172,3.9725645494785846,0.4324602076802007,0.4484408931348852,0.1857142856877551,8253.882,0.4117647058823529,0.4117647058823529,0.17647058823529413,0.23529411764705882,2.0789876335634485,0.0,0.0,1.0,0.2857142857142857,0.14285714285714285,0.2857142857142857,0.2857142857142857,True,False,False,0,0.41830432341381246,0.39354295339696793,False,True,0.23529411764705882,0.23529411764705882,0.17647058823529413,0.35294117647058826
C00937,124.80000000000001,782.6,5,9.905227038752372,8.15597519458135,4006.764,8.15597519458135,2.4,0.7608878000194387,59.0,4.848116364598481,4.0861199389472,0.3801597125129336,0.0,0.0,0.0,0.5833333333333333,0.3333333333333333,0.08333333333333333,0.3333333333333333,1.9722383161793355,1.0,0.0,0.0,0.4,0.4,0.0,0.2,False,False,True,0,0.7087591240875912,0.7473329590117911,False,True,0.25,0.16666666666666666,0.0,0.5833333333333334
C00938,11.700000000000001,898.3000000000001,11,9.263992980990885,6.2842362230419155,959.1072727272727,6.2842362230419155,2.8181818181818183,0.8760094659216628,22.0,4.237000862623624,4.02563732267782,0.5914943290586756,0.48291403558986834,0.3545454545132231,5094.83,0.16129032258064516,0.5806451612903226,0.25806451612903225,0.41935483870967744,1.6933275904689622,1.0,0.0,0.0,0.5454545454545454,0.36363636363636365,0.09090909090909091,0.0,True,False,False,0,0.5079169006176305,0.12784952274003364,True,False,0.16129032258064516,0.22580645161290322,0.41935483870967744,0.1935483870967742
C00939,159.9,325.0,2,7.319467499850768,5.900761516532501,754.2,5.900761516532501,3.0,0.0,29.0,4.852030263919617,0.0,0.0,0.0,0.0,0.0,0.0,0.8333333333333333,0.16666666666666666,0.6666666666666666,1.1278321970258998,1.0,0.0,0.0,0.0,1.0,0.0,0.0,False,False,False,1,0.19146546883773163,0.03284671532846714,False,True,0.5,0.16666666666666666,0.16666666666666666,0.16666666666666666
C00940,757.9,928.2,3,9.237330830300621,7.206554563654105,3424.193333333334,7.206554563654105,3.3333333333333335,0.7676517525907619,44.0,4.197201947661808,3.7013019741124933,0.4719102075105737,0.0,0.0,0.0,0.2,0.4,0.4,0.4,1.6638104935837676,0.0,0.0,1.0,0.0,0.6666666666666666,0.0,0.3333333333333333,False,False,False,1,0.7138124649073554,0.1587591240875913,True,False,0.1,0.2,0.2,0.5
C00941,2.6,752.7,7,10.364527376652134,7.8942050604444285,4530.4914285714285,7.8942050604444285,3.2857142857142856,0.9147000606617072,52.0,4.576427717122438,4.076631525404631,0.4716048704750079,0.00910680140659578,0.1857142856877551,288.808,0.43478260869565216,0.34782608695652173,0.21739130434782608,0.21739130434782608,2.0847728873117286,0.0,0.0,1.0,0.42857142857142855,0.14285714285714285,0.14285714285714285,0.2857142857142857,False,True,False,0,0.4730488489612577,0.4346434587310499,True,False,0.30434782608695654,0.21739130434782608,0.043478260869565216,0.43478260869565216
C00942,101.4,906.1,5,9.835810243888213,7.952348046040368,3738.048,7.952348046040368,2.0,0.5347999967395705,58.0,5.048252157667562,4.832783536957854,0.5905112768710737,0.013008179670244308,0.259999999948,243.12600000000003,0.6,0.2,0.2,0.3,1.7760065018399624,0.0,1.0,1.0,0.8,0.2,0.0,0.0,False,True,False,0,0.839921392476137,0.28394160583941597,False,True,0.0,0.1,0.2,0.7
C00943,84.5,601.9,4,9.486074096367123,7.6543862957249615,3293.4925000000003,7.6543862957249615,3.25,1.1189222424187428,31.0,4.895349138638459,4.003087585046269,0.34023571465045266,0.3152679867951486,0.32499999991875,4153.331,0.5384615384615385,0.15384615384615385,0.3076923076923077,0.38461538461538464,1.8365680279230023,0.0,0.0,1.0,0.5,0.5,0.0,0.0,False,False,True,0,0.8151038742279618,0.053719820325659584,True,False,0.07692307692307693,0.07692307692307693,0.15384615384615385,0.6923076923076923
C00944,92.3,695.5,5,9.602770897813887,8.438809692039,2960.95,8.438809692039,3.6,0.7608878000194387,47.0,4.762173934797756,4.7258446580250695,0.6749909233926739,0.027998108715106437,0.259999999948,414.50500000000005,0.2777777777777778,0.5,0.2222222222222222,0.2777777777777778,2.037173375168903,0.0,0.0,1.0,0.2,0.2,0.4,0.2,False,False,False,1,0.28439079169006176,0.09343065693430658,False,True,0.3333333333333333,0.2777777777777778,0.16666666666666666,0.2222222222222222
C00945,42.9,890.5,6,9.188148953789556,7.4737552589553395,1629.9216666666669,7.4737552589553395,2.5,0.7172585746024391,43.0,4.8782461060505105,4.994623283554312,0.7534733999824057,0.3155762086725727,0.6499999998916667,3086.187,0.2,0.5333333333333333,0.26666666666666666,0.3333333333333333,1.936675414505769,1.0,0.0,0.0,0.0,0.5,0.16666666666666666,0.3333333333333333,True,False,False,0,0.47436833239752946,0.1900336889387984,False,True,0.13333333333333333,0.4,0.2,0.26666666666666666
C00946,42.9,469.3,3,8.4347307251535,7.474661572125512,1534.4099999999999,7.474661572125512,3.3333333333333335,0.4557463944083262,56.0,5.10594547390058,3.970291913552122,0.27541197985849863,0.1876701794174552,0.4333333331888889,863.889,0.2,0.7,0.1,0.5,1.7670077108645084,1.0,0.0,0.0,0.0,0.3333333333333333,0.3333333333333333,0.3333333333333333,False,False,False,1,0.2529477821448624,0.11285794497473328,False,True,0.5,0.3,0.1,0.1
C00947,70.2,839.8000000000001,7,10.192521835339273,8.045205711887181,3814.535714285714,8.045205711887181,3.5714285714285716,1.0341284982460945,58.0,4.601831284722577,4.511096866759059,0.6483491173852483,0.29660063478984355,0.1857142856877551,7919.756,0.4,0.52,0.08,0.32,1.9815715454666587,0.0,1.0,1.0,0.14285714285714285,0.5714285714285714,0.14285714285714285,0.14285714285714285,True,False,False,0,0.4394722066254913,0.15050533408197642,True,False,0.24,0.24,0.2,0.32
C00948,28.6,934.7,5,10.080941448133112,8.533349741891202,4776.492,8.533349741891202,3.4,0.7608878000194387,56.0,5.166213525914699,5.318496403258163,0.7726206110453895,0.06835673544517322,0.519999999896,1632.527,0.4117647058823529,0.47058823529411764,0.11764705882352941,0.29411764705882354,2.0336811337605987,0.0,1.0,1.0,0.2,0.0,0.4,0.4,False,False,False,1,0.7122964626614262,0.2510948905109489,False,True,0.35294117647058826,0.058823529411764705,0.11764705882352941,0.47058823529411764
C00949,131.3,923.0,9,10.005988633905575,7.873444250404061,2461.9744444444445,7.873444250404061,2.7777777777777777,0.7385537318656519,59.0,4.345427482225552,4.1163570129510525,0.58365766870505,0.0,0.0,0.0,0.6,0.28,0.12,0.48,1.8314570446513363,0.0,1.0,1.0,0.4444444444444444,0.4444444444444444,0.0,0.1111111111111111,False,False,True,0,0.5533969679955082,0.31033127456485116,False,True,0.36,0.08,0.16,0.4
C00950,211.9,795.6,3,8.821909356423799,8.178450654415204,2260.0666666666666,8.178450654415204,2.0,0.6931471805599453,61.0,5.418320158942733,4.051784947803305,0.22447896215054117,0.0,0.0,0.0,0.3333333333333333,0.6666666666666666,0.0,0.3333333333333333,1.7285597535111856,0.0,0.0,1.0,0.3333333333333333,0.3333333333333333,0.0,0.3333333333333333,False,False,False,1,0.33885457608085345,0.29789444132509824,False,True,0.5,0.16666666666666666,0.0,0.3333333333333333
C00951,74.10000000000001,299.0,3,9.311506101809128,7.782250743387692,3687.866666666667,7.782250743387692,2.6666666666666665,0.927240654712096,49.0,4.471638793363569,2.1400661634962708,0.08315036833124785,0.20970543042045903,0.4333333331888889,2320.097,0.5,0.375,0.125,0.375,1.6321270227323796,0.0,1.0,1.0,0.6666666666666666,0.3333333333333333,0.0,0.0,False,True,False,0,0.7058955642897249,0.26437394722066254,True,False,0.375,0.125,0.0,0.5
C00952,464.1,872.3000000000001,3,8.04019556106503,6.274396955269426,1034.0733333333335,6.274396955269426,3.3333333333333335,0.7676517525907619,41.0,5.062595033026967,3.5263605246161616,0.19077826681107182,0.0,0.0,0.0,0.3,0.5,0.2,0.4,1.6638104935837676,0.0,0.0,1.0,0.3333333333333333,0.3333333333333333,0.0,0.3333333333333333,False,False,False,1,0.3303761931499158,0.10095451993262211,False,True,0.4,0.1,0.2,0.3
C00953,33.800000000000004,800.8000000000001,5,10.022643423200936,7.7615077308593525,4505.982,7.7615077308593525,2.6,0.850851874462102,47.0,5.000584958242754,4.761777741237166,0.5800492926111241,0.06486350810988305,0.259999999948,1461.3690000000001,0.5384615384615385,0.15384615384615385,0.3076923076923077,0.3076923076923077,1.8958149892036524,0.0,0.0,1.0,0.2,0.0,0.2,0.6,False,True,False,0,0.7358787198203257,0.24828747894441316,True,False,0.15384615384615385,0.07692307692307693,0.23076923076923078,0.5384615384615384
C00954,101.4,856.7,5,9.596386819063682,8.022958927281644,2942.1059999999998,8.022958927281644,2.6,0.850851874462102,21.0,4.985317486111966,4.616810095145765,0.5245178585074136,0.5547768843134439,0.259999999948,8161.062,0.38461538461538464,0.46153846153846156,0.15384615384615385,0.46153846153846156,1.6525359243387536,0.0,1.0,1.0,0.2,0.6,0.0,0.2,True,False,False,0,0.5048287478944413,0.5112857944974734,False,True,0.23076923076923078,0.15384615384615385,0.3076923076923077,0.3076923076923077
C00955,27.3,841.1,7,10.271351169177057,8.143586162542755,4127.414285714286,8.143586162542755,2.857142857142857,0.7952459892949983,60.0,4.657129924918802,4.482785483737888,0.6089359016348491,0.025623479245047036,0.1857142856877551,740.311,0.5,0.5,0.0,0.4,1.6638104935837679,0.0,1.0,1.0,0.2857142857142857,0.42857142857142855,0.14285714285714285,0.14285714285714285,True,False,False,0,0.49820325659741715,0.2617630544637844,True,False,0.15,0.2,0.15,0.5
C00956,78.0,765.7,3,9.838843425822484,8.610010725949452,6249.006666666665,8.610010725949452,3.0,0.6931471805599453,37.0,5.581614840681993,2.1400661634962708,0.027960814997539,0.793068498353296,0.4333333331888889,14867.671,0.7777777777777777,0.2222222222222222,0.0,0.4444444444444444,1.3791140313054278,1.0,0.0,0.0,0.0,0.6666666666666666,0.0,0.3333333333333333,False,False,True,0,0.7122964626614262,0.2452274003368894,False,True,0.2222222222222222,0.0,0.1111111111111111,0.6666666666666666
C00957,5.2,798.2,10,10.40436586544439,8.247448052574358,3300.2400000000002,8.247448052574358,3.0,0.8472978603872036,47.0,4.230880695348376,4.337553317014756,0.7486910734688947,0.708324788500209,0.25999999997400003,23376.418,0.3666666666666667,0.4,0.23333333333333334,0.23333333333333334,2.0850132505887524,0.0,0.0,1.0,0.2,0.4,0.2,0.2,False,False,False,1,0.3916058394160584,0.20454800673778784,True,False,0.2,0.3,0.2,0.3
C00958,91.0,926.9,6,9.906018347371578,8.42902478711556,3341.6133333333332,8.42902478711556,2.1666666666666665,0.7742870681652403,27.0,4.864452783918174,3.451644912157937,0.2131544814793328,0.7403978018601423,0.21666666663055556,14844.739,0.46153846153846156,0.38461538461538464,0.15384615384615385,0.3076923076923077,1.9821196109391865,0.0,1.0,1.0,0.16666666666666666,0.5,0.16666666666666666,0.16666666666666666,True,False,False,0,0.5839135317237507,0.4850645704660303,False,True,0.15384615384615385,0.3076923076923077,0.0,0.5384615384615384
C00959,504.40000000000003,929.5,6,9.929322439312134,7.891710330456692,3420.405,7.891710330456692,3.3333333333333335,0.9681212834183016,67.0,4.1956970564823886,4.058327188199126,0.6257700740886701,0.0,0.0,0.0,0.44999999999999996,0.35,0.2,0.3,2.007823377425918,1.0,0.0,0.0,0.0,0.5,0.16666666666666666,0.3333333333333333,False,False,True,0,0.5271195957327344,0.2643037619314992,True,False,0.15,0.1,0.3,0.45
C00960,375.7,942.5,7,9.907446704739588,7.938348137245335,2868.3342857142857,7.938348137245335,3.4285714285714284,0.8208444718580477,46.0,4.299550412849643,3.7845125258399346,0.46495255864337526,0.0,0.0,0.0,0.2916666666666667,0.4583333333333333,0.25,0.3333333333333333,1.9585519411384853,0.0,0.0,1.0,0.5714285714285714,0.14285714285714285,0.0,0.2857142857142857,True,False,False,0,0.479842784952274,0.44929814710836613,True,False,0.16666666666666666,0.25,0.16666666666666666,0.4166666666666667
C00961,24.7,760.5,7,9.870629077356618,7.897391789628919,2764.644285714286,7.897391789628919,3.857142857142857,0.6417146190238269,32.0,4.557379522151743,4.218140102186063,0.536061809373786,0.5103453763878427,0.3714285713755102,9876.464,0.25925925925925924,0.48148148148148145,0.25925925925925924,0.2962962962962963,1.986112002806635,1.0,0.0,0.0,0.42857142857142855,0.2857142857142857,0.0,0.2857142857142857,True,False,False,0,0.3403705783267827,0.25800112296462663,True,False,0.18518518518518517,0.37037037037037035,0.07407407407407407,0.37037037037037035
C00963,239.20000000000002,884.0,5,9.60221082340191,7.495422986161548,2959.2920000000004,7.495422986161548,4.6,0.43678453268671025,61.0,4.8283137373023015,3.1447925861972896,0.16479561738922632,0.0,0.0,0.0,0.5217391304347826,0.2608695652173913,0.21739130434782608,0.43478260869565216,1.868911560672618,1.0,0.0,0.0,0.2,0.6,0.0,0.2,False,False,True,0,0.5016282987085907,0.07198203256597413,True,False,0.17391304347826086,0.17391304347826086,0.391304347826087,0.2608695652173913
C00964,41.6,898.3000000000001,6,10.41155557761942,8.125442760468239,5540.09,8.125442760468239,2.8333333333333335,0.7742870681652403,60.0,4.888844237042334,4.6256886638132135,0.5692078027126676,0.21645117678593018,0.21666666663055556,7194.954,0.6470588235294118,0.1764705882352941,0.17647058823529413,0.35294117647058826,1.887657295151789,1.0,0.0,0.0,0.16666666666666666,0.6666666666666666,0.0,0.16666666666666666,False,True,False,0,0.6587029758562606,0.2888545760808534,True,False,0.058823529411764705,0.17647058823529413,0.17647058823529413,0.5882352941176471
C00965,206.70000000000002,932.1,8,10.40718100271084,7.893035889194942,4136.93,7.893035889194942,3.125,0.8093393758375047,65.0,4.390915582091128,4.028090595243271,0.5258467792195879,0.0,0.0,0.0,0.52,0.32,0.16,0.32,1.9815715454666587,1.0,0.0,0.0,0.625,0.0,0.125,0.25,False,False,True,0,0.7440202133632791,0.40877316114542384,False,True,0.28,0.08,0.12,0.52
C00966,237.9,946.4,9,10.466339811729387,8.335232506814922,3901.3844444444444,8.335232506814922,3.4444444444444446,0.9199762744533129,22.0,4.235916459842499,3.9886973414875344,0.5753510083937439,0.0,0.0,0.0,0.4516129032258065,0.4193548387096774,0.12903225806451613,0.2903225806451613,2.0428572084158185,0.0,1.0,1.0,0.1111111111111111,0.2222222222222222,0.3333333333333333,0.3333333333333333,False,False,True,0,0.42717574396406516,0.3687815833801235,True,False,0.16129032258064516,0.25806451612903225,0.1935483870967742,0.3870967741935484
C00967,133.9,930.8000000000001,8,10.075320125095894,7.999297703436241,2968.5724999999998,7.999297703436241,3.125,1.0323733122820054,61.0,4.483809328983824,4.462610404703646,0.682482850964978,0.0,0.0,0.0,0.36,0.52,0.12,0.36,1.9660922545587696,1.0,0.0,0.0,0.125,0.375,0.0,0.5,True,False,False,0,0.5058113419427288,0.37577203818079724,False,True,0.28,0.12,0.28,0.32
C00968,261.3,947.7,7,10.361029481328263,7.886705253055904,4514.671428571429,7.886705253055904,4.0,0.45574639440832615,21.0,4.48863636973214,4.120211621199451,0.5237346979902511,0.0,0.0,0.0,0.5357142857142857,0.3214285714285714,0.14285714285714285,0.35714285714285715,2.000660133720167,1.0,0.0,0.0,0.2857142857142857,0.14285714285714285,0.0,0.5714285714285714,False,False,True,0,0.5264458169567658,0.2196238068500842,True,False,0.25,0.14285714285714285,0.17857142857142858,0.42857142857142855
C00969,176.8,798.2,7,10.359930271875825,8.317407346936664,4509.711428571429,8.317407346936664,3.142857142857143,0.9843842090467537,47.0,4.390325437488577,4.233881484383793,0.6170010795246541,0.0,0.0,0.0,0.45454545454545453,0.2272727272727273,0.3181818181818182,0.3181818181818182,1.934754921371716,1.0,0.0,0.0,0.2857142857142857,0.14285714285714285,0.42857142857142855,0.14285714285714285,False,False,False,1,0.5749017405951713,0.21757439640651322,False,True,0.18181818181818182,0.18181818181818182,0.18181818181818182,0.45454545454545453
C00970,13.0,549.9,5,10.210447114423335,8.395901475082336,5436.944,8.395901475082336,3.4,0.850851874462102,56.0,4.646791860678911,4.50435731778894,0.6237748891197723,0.3002076902024262,0.259999999948,8161.062,0.5294117647058824,0.35294117647058826,0.11764705882352941,0.29411764705882354,1.9223769820423402,0.0,0.0,1.0,0.2,0.4,0.2,0.2,True,False,False,0,0.8514879281302639,0.4137001684446939,True,False,0.058823529411764705,0.23529411764705882,0.17647058823529413,0.5294117647058824
C00971,3.9000000000000004,919.1,6,9.92808699005413,8.251527264983878,3416.181666666667,8.251527264983878,4.333333333333333,0.596909690446534,59.0,4.954417614098027,4.216818253796436,0.3883563409319029,0.7027833707125887,0.21666666663055556,14405.014000000001,0.3846153846153846,0.5,0.11538461538461539,0.34615384615384615,1.9588633286328572,0.0,0.0,1.0,0.16666666666666666,0.3333333333333333,0.5,0.0,True,False,False,0,0.3915496911847277,0.14216732172936553,False,True,0.07692307692307693,0.4230769230769231,0.23076923076923078,0.2692307692307692
C00972,250.9,869.7,4,9.13913541276913,7.980672589188496,2327.9275000000002,7.980672589188496,3.0,0.881373587019543,48.0,5.073088308742806,5.219820219601753,0.7696634629764978,0.0,0.0,0.0,0.41666666666666663,0.3333333333333333,0.25,0.25,2.009049774151672,0.0,0.0,1.0,0.25,0.0,0.0,0.75,False,False,False,1,0.5559517125210556,0.17337170129140933,False,True,0.16666666666666666,0.16666666666666666,0.25,0.4166666666666667
C00973,94.9,505.70000000000005,2,8.918721226078539,8.187941548905817,3734.765,8.187941548905817,3.0,0.881373587019543,52.0,5.75890177387728,0.0,0.0,0.20741961006914658,0.649999999675,1549.327,0.6666666666666666,0.0,0.3333333333333333,0.5,1.3148255441195573,1.0,0.0,0.0,0.0,0.5,0.0,0.5,False,False,True,0,0.6471925884334644,0.21165075800112298,False,True,0.16666666666666666,0.16666666666666666,0.3333333333333333,0.3333333333333333
C00974,162.5,796.9,8,10.118354950779135,7.94018945939459,3099.1187499999996,7.94018945939459,3.125,0.8093393758375047,28.0,4.258647613513377,4.065054380531811,0.5996429444172855,0.0,0.0,0.0,0.48,0.36,0.16,0.36,1.9660922545587696,0.0,1.0,1.0,0.375,0.25,0.125,0.25,False,False,True,0,0.5740314430095452,0.1595171252105559,True,False,0.2,0.16,0.32,0.32
C00975,94.9,729.3000000000001,6,8.188539113193077,6.175688980550761,599.7433333333333,6.175688980550761,2.1666666666666665,0.8455077458700537,23.0,4.591071261608589,4.760603526600622,0.7823677236363177,0.7402658359407246,0.4333333332611111,2663.8170000000005,0.38461538461538464,0.5384615384615385,0.07692307692307693,0.38461538461538464,1.5863668161539084,0.0,1.0,1.0,0.3333333333333333,0.6666666666666666,0.0,0.0,True,False,False,0,0.3700729927007299,0.28966872543514877,False,True,0.23076923076923078,0.23076923076923078,0.46153846153846156,0.07692307692307693
C00976,497.90000000000003,787.8000000000001,2,8.552942501600906,7.9635152842251165,2590.49,7.9635152842251165,1.5,0.5347999967395705,49.0,5.4116460518550396,0.0,0.0,0.0,0.0,0.0,0.3333333333333333,0.0,0.6666666666666666,0.6666666666666666,0.8274684187832566,0.0,1.0,1.0,0.0,0.0,1.0,0.0,False,False,False,1,0.7869736103312746,0.05109489051094884,True,False,0.0,0.0,0.3333333333333333,0.6666666666666666
C00977,231.4,715.0,4,9.290436309002242,7.885074029377366,2708.2275,7.885074029377366,2.5,0.8289859803936981,23.0,4.8283137373023015,4.245553485256861,0.44134266477117323,0.0,0.0,0.0,0.5,0.5,0.0,0.3,1.7760065018399622,1.0,0.0,0.0,0.25,0.25,0.25,0.25,True,False,False,0,0.45597978663672095,0.13886861313868615,False,True,0.1,0.2,0.4,0.3
C00978,373.1,791.7,5,10.015111213686636,7.9847156840798705,4472.168,7.9847156840798705,4.0,0.5347999967395703,32.0,4.400603020246817,3.943596352028362,0.4877326003263255,0.0,0.0,0.0,0.4,0.4,0.2,0.2,2.092269286164331,0.0,1.0,1.0,0.2,0.6,0.0,0.2,False,True,False,0,0.41830432341381246,0.34705221785513757,True,False,0.2,0.3,0.05,0.45
C00979,105.3,837.2,5,10.542329803019742,7.638591534365673,7576.945999999999,7.638591534365673,3.2,0.6079487191729779,50.0,4.954064942607862,4.219967051360747,0.3895005415226956,0.22524595001732295,0.259999999948,8533.382,0.75,0.125,0.125,0.375,1.6321270227323796,0.0,0.0,1.0,0.4,0.2,0.2,0.2,False,True,False,0,0.8039865244244806,0.1330713082537901,False,True,0.0625,0.0625,0.1875,0.6875
C00980,75.4,856.7,4,9.628245119277933,8.18382134610408,3796.69,8.18382134610408,2.25,0.6716309107725503,37.0,5.304961909266705,4.964407122948474,0.5364552591451216,0.6561178947977939,0.6499999998375,9964.305,0.6666666666666666,0.2222222222222222,0.1111111111111111,0.4444444444444444,1.6549368375665132,0.0,1.0,1.0,0.25,0.25,0.25,0.25,False,False,True,0,0.6476979225154407,0.3118893879842785,True,False,0.0,0.2222222222222222,0.2222222222222222,0.5555555555555556
C00981,426.40000000000003,928.2,6,9.786913286023873,7.941895671876216,2966.3799999999997,7.941895671876216,3.8333333333333335,0.9050114166450717,42.0,4.579852378003801,4.831216550891827,0.8280013067750489,0.0,0.0,0.0,0.4347826086956522,0.34782608695652173,0.21739130434782608,0.30434782608695654,2.0239837385488553,0.0,1.0,1.0,0.5,0.3333333333333333,0.0,0.16666666666666666,False,False,True,0,0.4898933183604717,0.13308534531162275,True,False,0.13043478260869565,0.17391304347826086,0.34782608695652173,0.34782608695652173
C00982,625.3000000000001,872.3000000000001,3,9.04426217461643,8.060367314322907,2822.933333333333,8.060367314322907,3.3333333333333335,1.125470359664562,55.0,4.564348191467836,1.0986122886681098,0.02083408690262495,0.0,0.0,0.0,0.4,0.5,0.1,0.3,1.956224768785548,0.0,0.0,1.0,0.0,0.0,0.6666666666666666,0.3333333333333333,False,False,False,1,0.4198203256597417,0.2012914093206063,True,False,0.2,0.3,0.1,0.4
C00983,193.70000000000002,696.8000000000001,3,7.647633362029689,6.663960999356943,698.2266666666666,6.663960999356943,2.3333333333333335,1.196767229439216,40.0,5.270432163058501,5.233778845410465,0.6748937402480586,0.0,0.0,0.0,0.5714285714285714,0.42857142857142855,0.0,0.5714285714285714,1.2424098584462946,0.0,0.0,1.0,0.0,0.6666666666666666,0.0,0.3333333333333333,False,False,True,0,0.49511510387422797,0.2495227400336889,True,False,0.14285714285714285,0.2857142857142857,0.5714285714285714,0.0
C00984,253.5,856.7,9,10.398351463241854,8.129629765166172,3644.9444444444443,8.129629765166172,3.111111111111111,0.7731898882334818,51.0,4.07753744390572,4.339536446546459,0.8349459492378607,0.0,0.0,0.0,0.5357142857142857,0.3214285714285714,0.14285714285714285,0.35714285714285715,2.000660133720167,1.0,0.0,0.0,0.2222222222222222,0.4444444444444444,0.0,0.3333333333333333,False,False,True,0,0.5048287478944413,0.2361033127456485,True,False,0.21428571428571427,0.14285714285714285,0.10714285714285714,0.5357142857142857
C00985,206.70000000000002,947.7,2,9.929671248031601,8.099974840365958,10264.795,8.099974840365958,4.0,0.0,48.0,6.3473892096560105,0.0,0.0,0.0,0.0,0.0,0.75,0.0,0.25,0.625,1.170332866649098,0.0,0.0,1.0,0.0,1.0,0.0,0.0,False,True,False,0,0.8424761370016844,0.01636720943290282,True,False,0.0,0.125,0.0,0.875
C00986,78.0,941.2,10,10.661661884834267,8.345095298390072,4268.652,8.345095298390072,2.5,0.7786417545249866,48.0,4.314520752308509,4.473026381088935,0.776608609427805,0.045114195300997945,0.25999999997400003,1925.768,0.52,0.24,0.24,0.28,2.0154023352097705,0.0,0.0,1.0,0.2,0.3,0.3,0.2,False,True,False,0,0.6384896125772038,0.35342504211117354,True,False,0.12,0.08,0.16,0.64
C00987,614.9,653.9,2,9.743402717049998,8.49834573234771,8520.215,8.49834573234771,4.5,0.5347999967395705,49.0,3.4339872044851463,0.0,0.0,0.0,0.0,0.0,0.5555555555555556,0.4444444444444444,0.0,0.3333333333333333,1.7795990689622851,0.0,1.0,1.0,0.0,0.5,0.0,0.5,False,True,False,0,0.6033408197641774,0.2540988208871421,True,False,0.1111111111111111,0.3333333333333333,0.1111111111111111,0.4444444444444444
C00988,366.6,642.2,6,10.664343230794683,8.160931970639401,7416.465,8.160931970639401,3.6666666666666665,0.596909690446534,26.0,3.770459441106359,3.3155494604758062,0.4860522336986559,0.0,0.0,0.0,0.6818181818181819,0.13636363636363635,0.18181818181818182,0.36363636363636365,1.8208602922224955,1.0,0.0,0.0,0.0,0.5,0.0,0.5,False,False,True,0,0.789921392476137,0.21977821448624368,True,False,0.045454545454545456,0.09090909090909091,0.22727272727272727,0.6363636363636364
C00989,169.0,917.8000000000001,4,9.47808245769841,8.160502071330175,3267.275,8.160502071330175,2.5,1.005052538742381,25.0,5.262690188904886,4.0976760935834715,0.26875495916016134,0.0,0.0,0.0,0.30000000000000004,0.5,0.2,0.3,2.024247027474939,0.0,1.0,1.0,0.0,0.5,0.25,0.25,True,False,False,0,0.2873666479505895,0.17487366647950592,False,True,0.2,0.4,0.1,0.3
C00990,22.1,617.5,4,9.677158307283106,8.178564142861314,3987.0274999999997,8.178564142861314,3.5,0.45574639440832615,28.0,5.034785754328539,4.322408603249186,0.3968543989252378,0.07678163744794357,0.32499999991875,1224.5220000000002,0.5,0.2857142857142857,0.21428571428571427,0.35714285714285715,1.9427241747934958,0.0,0.0,1.0,0.25,0.0,0.5,0.25,False,False,True,0,0.5464065131948344,0.3573273441886581,True,False,0.14285714285714285,0.21428571428571427,0.14285714285714285,0.5
C00991,167.70000000000002,847.6,7,10.213317661425187,7.858672084330787,3894.695714285714,7.858672084330787,3.2857142857142856,0.8671555780502125,40.0,4.479228962630245,4.196308326202653,0.5600457466217933,0.0,0.0,0.0,0.34782608695652173,0.43478260869565216,0.21739130434782608,0.2608695652173913,2.0733919448700346,1.0,0.0,0.0,0.2857142857142857,0.42857142857142855,0.14285714285714285,0.14285714285714285,False,False,False,1,0.5709152161706906,0.5521055586749017,False,True,0.34782608695652173,0.13043478260869565,0.08695652173913043,0.43478260869565216
C00992,65.0,930.8000000000001,11,10.628102149667153,8.088299145101647,3752.5190909090907,8.088299145101647,3.272727272727273,0.8206947240156612,62.0,4.213607983048918,3.443591736376219,0.37496642641012945,0.1977111133345286,0.11818181817107437,8161.062,0.5555555555555556,0.41666666666666663,0.027777777777777776,0.3611111111111111,1.8602780113175006,0.0,1.0,1.0,0.18181818181818182,0.45454545454545453,0.18181818181818182,0.18181818181818182,False,False,True,0,0.4394722066254913,0.2274284110050534,True,False,0.25,0.25,0.1388888888888889,0.3611111111111111
C00993,70.2,720.2,6,8.710711826303408,6.491986147857469,1011.0933333333334,6.491986147857469,3.1666666666666665,0.8455077458700537,53.0,4.61512051684126,3.374144420322526,0.2484158262752295,0.28348355575477974,0.21666666663055556,1719.7700000000002,0.21052631578947367,0.5263157894736842,0.2631578947368421,0.47368421052631576,1.544738848522749,0.0,0.0,1.0,0.16666666666666666,0.3333333333333333,0.0,0.5,True,False,False,0,0.32762492981471086,0.28029197080291973,False,True,0.3157894736842105,0.10526315789473684,0.3684210526315789,0.21052631578947367
C00994,304.2,856.7,7,10.2038639598933,8.051026343271719,3858.0485714285714,8.051026343271719,2.4285714285714284,0.8743332020491272,55.0,4.274348620875693,4.264100266621188,0.6879637886561234,0.0,0.0,0.0,0.47058823529411764,0.29411764705882354,0.23529411764705882,0.23529411764705882,1.9870054230793324,1.0,0.0,0.0,0.0,0.42857142857142855,0.0,0.5714285714285714,False,True,False,0,0.7106681639528355,0.35437956204379556,False,True,0.29411764705882354,0.11764705882352941,0.058823529411764705,0.5294117647058824
C00995,256.1,811.2,5,9.349800529688496,7.689843909650736,2299.106,7.689843909650736,4.0,1.0050525387423812,53.0,4.6798137289838575,4.128281589682056,0.4524092811732406,0.0,0.0,0.0,0.25,0.4,0.35,0.35,1.9277532361265064,0.0,0.0,1.0,0.0,0.4,0.2,0.4,False,False,False,1,0.5091521617069062,0.36153846153846153,False,True,0.2,0.3,0.2,0.3
C00996,379.6,926.9,5,9.877928176915187,7.836147191869252,3898.858,7.836147191869252,3.2,0.8345775047772536,45.0,4.665794807804526,4.770836256450312,0.7475449112100764,0.0,0.0,0.0,0.5,0.25,0.25,0.3125,2.0069259405765636,0.0,1.0,1.0,0.6,0.4,0.0,0.0,False,False,True,0,0.7122964626614262,0.2894441325098259,False,True,0.125,0.1875,0.1875,0.5
C00997,29.900000000000002,676.0,8,10.239598652526785,7.819448196986947,3498.61125,7.819448196986947,3.0,0.9210226753643587,22.0,4.276666119016055,3.8711693482939156,0.5079918678323186,0.3765198262596203,0.324999999959375,10538.372000000001,0.4166666666666667,0.45833333333333337,0.125,0.25,2.0629553511919374,1.0,0.0,0.0,0.375,0.125,0.25,0.25,True,False,False,0,0.6375912408759123,0.3569623806850085,True,False,0.20833333333333334,0.2916666666666667,0.125,0.375
C00998,612.3000000000001,834.6,5,9.777149653159254,8.223639601529424,3525.068,8.223639601529424,3.6,0.9228988853785496,60.0,3.7784916128036232,3.7204409946160926,0.6638640521444824,0.0,0.0,0.0,0.2777777777777778,0.5555555555555556,0.16666666666666666,0.4444444444444444,1.8797203283764994,0.0,1.0,1.0,0.0,0.6,0.2,0.2,True,False,False,0,0.3961819202695115,0.15816956765861878,True,False,0.2222222222222222,0.16666666666666666,0.2222222222222222,0.3888888888888889
C00999,401.7,926.9,5,10.0221755119588,7.9832474437495184,4503.874,7.9832474437495184,3.2,0.7397659962052514,62.0,4.624972813284271,3.740131533593983,0.3414353443345004,0.0,0.0,0.0,0.5625,0.375,0.0625,0.3125,1.9368034354164425,1.0,0.0,0.0,0.2,0.8,0.0,0.0,False,False,True,0,0.7058955642897249,0.2343065693430657,True,False,0.0625,0.3125,0.1875,0.4375
C01000,182.0,687.7,3,9.811518634494531,8.652806066829832,6080.556666666666,8.652806066829832,2.3333333333333335,0.9272406547120959,37.0,5.27556037942542,4.102643365036796,0.26690210395883124,0.0,0.0,0.0,0.7142857142857142,0.2857142857142857,0.0,0.42857142857142855,1.660144537305981,0.0,0.0,1.0,0.3333333333333333,0.3333333333333333,0.0,0.3333333333333333,False,True,False,0,0.8514879281302639,0.24435710275126332,True,False,0.14285714285714285,0.14285714285714285,0.0,0.7142857142857143
C01001,40.300000000000004,574.6,5,9.618828240271426,8.059847630311353,3008.882,8.059847630311353,2.2,0.7397659962052513,42.0,4.641984159110808,5.038101169655013,0.9125933198371619,0.6834111806311658,0.779999999844,10281.518,0.5454545454545454,0.18181818181818182,0.2727272727272727,0.36363636363636365,1.7447471325887205,1.0,0.0,0.0,0.4,0.6,0.0,0.0,False,False,True,0,0.7058955642897249,0.02594048287478945,False,True,0.18181818181818182,0.09090909090909091,0.09090909090909091,0.6363636363636364
C01002,222.3,483.6,4,9.161411648207812,8.02564578503232,2380.3725,8.02564578503232,2.5,0.6931471805599453,60.0,4.219507705176107,4.242629108804784,0.7049472310098429,0.0,0.0,0.0,0.5,0.30000000000000004,0.2,0.4,1.912051019218745,0.0,1.0,1.0,0.25,0.5,0.25,0.0,False,False,True,0,0.46100505334081976,0.23396967995508144,True,False,0.3,0.1,0.4,0.2
C01003,171.6,934.7,5,9.318818024311575,7.878274706287132,2228.96,7.878274706287132,2.4,0.6389165189617602,67.0,4.995521656286208,4.285073361825345,0.3974048781414082,0.0,0.0,0.0,0.3333333333333333,0.5,0.16666666666666666,0.3333333333333333,2.028923531753829,0.0,1.0,1.0,0.0,0.2,0.0,0.8,True,False,False,0,0.46732172936552496,0.25816956765861876,False,True,0.25,0.08333333333333333,0.3333333333333333,0.3333333333333333
C01004,72.8,802.1,6,10.664343230794683,7.772743596650412,7835.813333333334,7.772743596650412,3.6666666666666665,0.9185063976401735,24.0,4.729156165769083,4.383192986138706,0.533525186219721,0.33399508836350683,0.21666666663055556,15702.739000000001,0.6363636363636364,0.22727272727272727,0.13636363636363635,0.36363636363636365,1.9286608977968909,0.0,1.0,1.0,0.0,0.16666666666666666,0.3333333333333333,0.5,False,True,False,0,0.6602470522178552,0.20958731049971946,True,False,0.18181818181818182,0.13636363636363635,0.09090909090909091,0.5909090909090909
C01005,59.800000000000004,934.7,6,10.145907318105678,7.94455491401511,4247.596666666667,7.94455491401511,3.5,0.9228988853785496,31.0,4.909709375506295,4.7790465750495965,0.6294635572977625,0.04759212856838858,0.21666666663055556,1212.913,0.38095238095238093,0.5238095238095237,0.09523809523809523,0.2857142857142857,2.0218451539974405,0.0,1.0,1.0,0.3333333333333333,0.5,0.16666666666666666,0.0,True,False,False,0,0.5951431779898934,0.2776389668725434,True,False,0.23809523809523808,0.14285714285714285,0.23809523809523808,0.38095238095238093
C01006,139.1,842.4,5,10.119289822465646,8.244648179750858,4963.228,8.244648179750858,3.6,0.7608878000194386,63.0,4.914491433543353,4.461456779355614,0.49042037210149414,0.0,0.0,0.0,0.4444444444444444,0.38888888888888884,0.16666666666666666,0.2222222222222222,2.079962847204928,0.0,0.0,1.0,0.2,0.4,0.0,0.4,False,True,False,0,0.7106681639528355,0.4613138686131386,False,True,0.2777777777777778,0.1111111111111111,0.05555555555555555,0.5555555555555556
C01007,1.3,540.8000000000001,6,9.520783925290482,7.806592971553257,2273.2166666666667,7.806592971553257,2.1666666666666665,0.9563118856507807,41.0,4.430816798843313,4.774530373541638,0.8817475391100581,1.0239836355237422,0.6499999998916667,13966.420000000002,0.38461538461538464,0.46153846153846156,0.15384615384615385,0.3076923076923077,2.0344444253156415,0.0,0.0,1.0,0.0,0.3333333333333333,0.0,0.6666666666666666,True,False,False,0,0.5814149354295339,0.2773722627737226,False,True,0.15384615384615385,0.15384615384615385,0.23076923076923078,0.46153846153846156
C01008,29.900000000000002,832.0,5,9.396020449287638,8.267514263948941,2407.8740000000003,8.267514263948941,2.4,0.9228988853785496,46.0,5.045036720813588,4.569593869754407,0.4819054072035631,0.07137200700700524,0.259999999948,859.274,0.5833333333333334,0.16666666666666666,0.25,0.4166666666666667,1.8513688925508054,0.0,1.0,1.0,0.0,0.4,0.4,0.2,False,False,True,0,0.5373385738349242,0.3215047725996631,True,False,0.16666666666666666,0.16666666666666666,0.25,0.4166666666666667
C01009,70.2,897.0,7,10.0139129201493,8.114535960213892,3190.5800000000004,8.114535960213892,3.0,0.7676517525907618,40.0,4.672828834461906,4.2913465224755525,0.5187083543825665,0.3848912826418311,0.1857142856877551,8596.185,0.3333333333333333,0.47619047619047616,0.19047619047619047,0.2857142857142857,2.058521844314033,1.0,0.0,0.0,0.2857142857142857,0.14285714285714285,0.0,0.5714285714285714,False,False,False,1,0.36103312745648514,0.21381246490735545,False,True,0.23809523809523808,0.14285714285714285,0.38095238095238093,0.23809523809523808
C01010,40.300000000000004,559.0,5,9.966364694347034,7.965479680297274,4259.384,7.965479680297274,3.0,0.881373587019543,50.0,4.612642200826793,4.448442838547112,0.6135923514228478,0.8421793855636946,0.779999999844,17935.827,0.6000000000000001,0.26666666666666666,0.13333333333333333,0.4,1.8973264360298103,1.0,0.0,0.0,0.4,0.4,0.0,0.2,False,False,True,0,0.5860190903986524,0.32195395845030883,False,True,0.13333333333333333,0.2,0.26666666666666666,0.4
C01011,343.2,899.6,6,10.04506784071807,8.163179503892795,3840.1433333333334,8.163179503892795,3.5,0.717258574602439,43.0,4.461299815568389,4.554897121077604,0.7415866560605954,0.0,0.0,0.0,0.3333333333333333,0.2857142857142857,0.38095238095238093,0.38095238095238093,1.9516685031176573,0.0,0.0,1.0,0.5,0.3333333333333333,0.0,0.16666666666666666,False,False,False,1,0.6482313307130825,0.19854014598540148,False,True,0.14285714285714285,0.23809523809523808,0.09523809523809523,0.5238095238095238
C01012,7.800000000000001,408.2,3,9.850075699798307,7.195898749605495,6319.596666666667,7.195898749605495,4.0,0.6931471805599453,67.0,5.043425116919247,3.9318256327243257,0.2811673914289957,0.5018203693378901,0.4333333331888889,9513.907,0.6666666666666667,0.25,0.08333333333333333,0.4166666666666667,1.8513688925508054,1.0,0.0,0.0,0.0,0.0,0.3333333333333333,0.6666666666666666,False,False,True,0,0.7344750140370578,0.18051656372824254,True,False,0.16666666666666666,0.08333333333333333,0.08333333333333333,0.6666666666666666
C01013,11.700000000000001,838.5,7,9.45346927898876,7.567358108445736,1821.6185714285714,7.567358108445736,2.2857142857142856,0.7479654631212419,21.0,4.672828834461906,4.637150271798712,0.6752987193472858,0.526570483235825,0.3714285713755102,6714.473999999999,0.4375,0.375,0.1875,0.3125,2.0345345340558163,1.0,0.0,0.0,0.14285714285714285,0.42857142857142855,0.2857142857142857,0.14285714285714285,False,False,True,0,0.49365524985962944,0.3334362717574397,True,False,0.25,0.1875,0.3125,0.25
C01014,110.5,904.8000000000001,3,7.872900934833525,6.899296107008715,874.7233333333334,6.899296107008715,2.3333333333333335,1.196767229439216,61.0,5.725217755376266,3.56953269648137,0.10699583899822493,0.9956492910135412,0.4333333331888889,2612.753,0.42857142857142855,0.5714285714285714,0.0,0.5714285714285714,0.8877805361106132,1.0,0.0,0.0,0.3333333333333333,0.3333333333333333,0.3333333333333333,0.0,True,False,False,0,0.4746209994385177,0.13700168444693983,True,False,0.0,0.14285714285714285,0.7142857142857143,0.14285714285714285
C01015,179.4,898.3000000000001,3,8.980220039424866,8.05383276193858,2647.793333333333,8.05383276193858,2.3333333333333335,0.4557463944083262,49.0,5.625820933186489,4.034240638152395,0.18292414795349446,0.0,0.0,0.0,0.5714285714285714,0.42857142857142855,0.0,0.42857142857142855,1.6601445373059809,0.0,0.0,1.0,0.0,0.6666666666666666,0.0,0.3333333333333333,False,False,True,0,0.5171252105558675,0.180320044918585,True,False,0.14285714285714285,0.14285714285714285,0.2857142857142857,0.42857142857142855
C01016,131.3,770.9,5,9.96387873534309,7.984381317105357,4248.808,7.984381317105357,3.0,0.5347999967395705,32.0,4.820281565605037,4.495326346627841,0.5425010762210364,0.0,0.0,0.0,0.4,0.26666666666666666,0.3333333333333333,0.3333333333333333,1.9661245808836376,1.0,0.0,0.0,0.0,0.6,0.0,0.4,False,False,False,1,0.7058955642897249,0.37456485120718697,True,False,0.2,0.13333333333333333,0.13333333333333333,0.5333333333333333
C01017,110.5,637.0,5,9.747086926811166,7.886091858137106,3420.666,7.886091858137106,3.0,0.9482307085514864,29.0,4.627420794922911,3.9036230439441355,0.39192036518872175,0.07499919606298451,0.259999999948,1282.736,0.26666666666666666,0.4666666666666667,0.26666666666666666,0.26666666666666666,1.988022780948999,1.0,0.0,0.0,0.2,0.6,0.0,0.2,False,False,False,1,0.4811903425042111,0.5184727681078045,False,True,0.3333333333333333,0.13333333333333333,0.26666666666666666,0.26666666666666666
C01018,193.70000000000002,591.5,5,9.349818795902914,7.548667768873733,2299.148,7.548667768873733,1.8,0.36964004940249856,56.0,4.350277936359301,3.9519502278683882,0.511113829002255,0.0,0.0,0.0,0.5555555555555556,0.4444444444444444,0.0,0.3333333333333333,1.7040187815296282,0.0,1.0,1.0,0.4,0.2,0.2,0.2,False,True,False,0,0.8261089275687816,0.4261650758001123,False,True,0.1111111111111111,0.4444444444444444,0.1111111111111111,0.3333333333333333
C01019,68.9,882.7,7,9.950110131093084,7.986794292920544,2993.3614285714284,7.986794292920544,2.7142857142857144,0.8671555780502124,67.0,4.657129924918802,4.456977504214401,0.5971137928839807,0.36118587178387784,0.3714285713755102,7568.118999999999,0.42105263157894735,0.3157894736842105,0.2631578947368421,0.2631578947368421,1.9504745035337108,0.0,1.0,1.0,0.5714285714285714,0.2857142857142857,0.0,0.14285714285714285,False,False,False,1,0.4609208309938237,0.4857102751263336,True,False,0.15789473684210525,0.3684210526315789,0.10526315789473684,0.3684210526315789
C01020,247.0,612.3000000000001,2,8.84554684707706,8.273019898108133,3471.2,8.273019898108133,4.0,0.881373587019543,67.0,5.641907070938114,0.0,0.0,0.0,0.0,0.0,0.5,0.125,0.375,0.375,1.6321270227323796,1.0,0.0,0.0,0.5,0.0,0.0,0.5,False,False,False,1,0.5323975294778214,0.2006737787759686,True,False,0.125,0.25,0.125,0.5
C01021,354.90000000000003,861.9,3,8.90623890264452,8.106000898219849,2458.9533333333334,8.106000898219849,2.3333333333333335,0.4557463944083262,59.0,5.278114659230517,2.772588722239781,0.07410797215335557,0.0,0.0,0.0,0.5714285714285714,0.42857142857142855,0.0,0.42857142857142855,1.6601445373059809,0.0,0.0,1.0,0.3333333333333333,0.6666666666666666,0.0,0.0,False,False,True,0,0.503312745648512,0.3501122964626614,True,False,0.2857142857142857,0.2857142857142857,0.0,0.42857142857142855
C01022,2.6,785.2,4,8.214018390696179,5.525330058863823,922.8375,5.525330058863823,2.5,0.8289859803936981,47.0,5.306616169362732,4.187851417181769,0.2801495340724682,0.3103081528437265,0.32499999991875,1145.4560000000001,0.3,0.30000000000000004,0.4,0.4,1.6638104935837676,0.0,1.0,1.0,0.5,0.0,0.25,0.25,False,False,False,1,0.5644581695676587,0.15703256597417187,True,False,0.4,0.1,0.2,0.3
C01023,146.9,880.1,7,9.569130976326303,7.555048253708469,2044.9957142857143,7.555048253708469,2.857142857142857,0.9453024271747004,27.0,4.553876891600541,4.040591119717959,0.46640636836184074,0.0,0.0,0.0,0.4,0.45,0.15,0.4,1.8100176311846579,1.0,0.0,0.0,0.2857142857142857,0.2857142857142857,0.2857142857142857,0.14285714285714285,True,False,False,0,0.7412689500280741,0.32113980909601353,False,True,0.1,0.25,0.3,0.35
C01024,32.5,803.4,10,10.664343230794683,8.09214587938201,5436.483,8.09214587938201,2.9,0.8271027059746532,38.0,4.203032867972602,3.812932575105417,0.5140723161506635,0.3426587372755449,0.25999999997400003,18628.584000000003,0.6206896551724138,0.27586206896551724,0.10344827586206896,0.3448275862068966,1.9433355953677338,0.0,1.0,1.0,0.1,0.2,0.1,0.6,False,True,False,0,0.7064851207186973,0.142798989331836,False,True,0.20689655172413793,0.06896551724137931,0.13793103448275862,0.5862068965517241
C01025,110.5,889.2,5,9.754182115538718,7.775432489920091,3445.024,7.775432489920091,3.6,0.850851874462102,47.0,5.015622835607295,4.598877397093216,0.5049561324797113,0.39910438940335974,0.259999999948,6874.621,0.5,0.3888888888888889,0.1111111111111111,0.3333333333333333,1.9615930877362464,0.0,0.0,1.0,0.2,0.6,0.2,0.0,False,False,True,0,0.538349241998877,0.06367209432902865,False,True,0.05555555555555555,0.2777777777777778,0.2222222222222222,0.4444444444444444
C01026,22.1,852.8000000000001,8,10.34213530952683,8.068480356733469,3876.3974999999996,8.068480356733469,2.75,0.7105441415665723,51.0,4.524889354727288,4.636570972842973,0.7511571709978014,0.025280495614806487,0.1624999999796875,783.978,0.5,0.18181818181818182,0.3181818181818182,0.3181818181818182,1.8861332204369126,1.0,0.0,0.0,0.375,0.375,0.25,0.0,False,False,False,1,0.6252386299831556,0.2348119034250421,False,True,0.09090909090909091,0.045454545454545456,0.3181818181818182,0.5454545454545454
C01027,302.90000000000003,934.7,9,10.06037120866487,7.998025394315842,2599.576666666667,7.998025394315842,2.6666666666666665,0.9776914835495976,54.0,4.123093975508087,3.689019658561734,0.49595619823869225,0.0,0.0,0.0,0.3333333333333333,0.5833333333333333,0.08333333333333333,0.3333333333333333,1.972238316179336,0.0,0.0,1.0,0.4444444444444444,0.1111111111111111,0.2222222222222222,0.2222222222222222,True,False,False,0,0.3760247052217855,0.07456485120718698,False,True,0.25,0.2916666666666667,0.16666666666666666,0.2916666666666667
C01028,158.6,473.2,4,9.59747245239748,8.658011528016667,3681.6275000000005,8.658011528016667,3.75,1.0622834654819937,41.0,4.402645921876617,3.8944117621973673,0.467887339956919,0.0,0.0,0.0,0.26666666666666666,0.5333333333333333,0.2,0.26666666666666666,2.033370953408593,0.0,1.0,1.0,0.5,0.25,0.0,0.25,False,False,False,1,0.27147669848399775,0.36934306569343067,False,True,0.3333333333333333,0.2,0.26666666666666666,0.2
C01029,68.9,880.1,3,9.802551678144397,8.50874685425043,6026.2733333333335,8.50874685425043,3.6666666666666665,0.9272406547120959,62.0,5.746203190540153,4.418840607796598,0.2333477214877844,0.4514156344274432,0.4333333331888889,8161.062,0.5454545454545454,0.36363636363636365,0.09090909090909091,0.2727272727272727,2.0105782918630664,1.0,0.0,0.0,0.0,0.3333333333333333,0.3333333333333333,0.3333333333333333,False,True,False,0,0.8412689500280741,0.301263335204941,False,True,0.18181818181818182,0.2727272727272727,0.09090909090909091,0.45454545454545453
C01030,70.2,802.1,8,10.279143757130031,8.414144355702748,3639.74125,8.414144355702748,3.25,0.8249382611234762,40.0,4.399726211773283,3.95699329042882,0.4933728262989368,0.2910081863648861,0.1624999999796875,8473.556,0.38461538461538464,0.46153846153846156,0.15384615384615385,0.23076923076923078,2.0684242326747206,0.0,1.0,1.0,0.125,0.375,0.25,0.25,False,False,False,1,0.32052217855137566,0.20160022459292537,True,False,0.2692307692307692,0.2692307692307692,0.15384615384615385,0.3076923076923077
C01031,117.0,759.2,4,9.500438772753906,8.104427715029479,3341.1475,8.104427715029479,3.5,0.8289859803936981,45.0,5.109977737428519,4.572858066162948,0.45863011352258704,0.05504815336646654,0.32499999991875,735.6960000000001,0.21428571428571427,0.3571428571428571,0.42857142857142855,0.42857142857142855,1.8690118767358241,0.0,1.0,1.0,0.25,0.5,0.25,0.0,False,False,False,1,0.5842223469960696,0.40665356541268943,False,True,0.07142857142857142,0.2857142857142857,0.21428571428571427,0.42857142857142855
C01032,44.2,789.1,3,9.464608101632965,8.200507488845817,4298.056666666666,8.200507488845817,2.0,0.6931471805599453,23.0,5.661222860237405,5.156177599386914,0.4713116739044392,0.632926508646882,0.4333333331888889,8161.062,0.8333333333333333,0.16666666666666666,0.0,0.5,1.3148255441195573,0.0,0.0,1.0,0.3333333333333333,0.0,0.3333333333333333,0.3333333333333333,False,False,True,0,0.7058955642897249,0.36184727681078044,False,True,0.16666666666666666,0.16666666666666666,0.0,0.6666666666666666
C01033,517.4,949.0,5,8.248751496724717,5.999024497706006,764.37,5.999024497706006,3.2,0.7397659962052513,37.0,4.430816798843313,3.7227843860797862,0.39642395997442714,0.0,0.0,0.0,0.1875,0.5625,0.25,0.375,1.7447634395733709,0.0,0.0,1.0,0.4,0.2,0.0,0.4,True,False,False,0,0.3201010668163953,0.07372262773722632,False,True,0.375,0.25,0.3125,0.0625
C01034,41.6,933.4,7,10.046908011760966,8.055609849558788,3297.6142857142854,8.055609849558788,3.2857142857142856,0.9147000606617071,22.0,4.747826486389615,4.493204750461655,0.5728104008178395,0.425539329298652,0.3714285713755102,9822.852,0.3913043478260869,0.4782608695652174,0.13043478260869565,0.2608695652173913,2.03344813277787,0.0,0.0,1.0,0.14285714285714285,0.42857142857142855,0.14285714285714285,0.2857142857142857,True,False,False,0,0.38820887142055027,0.22942167321729368,False,True,0.21739130434782608,0.34782608695652173,0.13043478260869565,0.30434782608695654
C01035,230.1,856.7,4,9.395128052053508,7.977322469588041,3007.1575,7.977322469588041,3.0,1.0387709348496783,37.0,5.085536602269373,4.507606451889371,0.4436124704140996,0.0,0.0,0.0,0.5,0.3333333333333333,0.16666666666666666,0.3333333333333333,2.0289235317538283,1.0,0.0,0.0,0.25,0.25,0.0,0.5,False,False,True,0,0.560078607523863,0.09341661987647387,True,False,0.16666666666666666,0.16666666666666666,0.25,0.4166666666666667
C01036,154.70000000000002,842.4,4,8.515650001310652,6.849509227087685,1247.8225,6.849509227087685,3.25,0.9961457767684165,39.0,5.1780312006735345,4.737434642698871,0.4956905372034231,0.0,0.0,0.0,0.23076923076923078,0.46153846153846156,0.3076923076923077,0.3076923076923077,1.7911653604507427,0.0,0.0,1.0,0.25,0.0,0.0,0.75,False,False,False,1,0.4337731611454239,0.362043795620438,True,False,0.23076923076923078,0.23076923076923078,0.15384615384615385,0.38461538461538464
C01037,49.4,867.1,6,10.188050515619897,8.225538089645493,4430.436666666667,8.225538089645493,3.8333333333333335,0.7742870681652403,49.0,4.842611042003125,4.248615310343066,0.4373231942894938,0.3955938504180402,0.21666666663055556,10515.921,0.43478260869565216,0.34782608695652173,0.21739130434782608,0.21739130434782608,2.0847728873117286,0.0,0.0,1.0,0.0,0.5,0.16666666666666666,0.3333333333333333,False,True,False,0,0.649606962380685,0.3891212801796744,True,False,0.2608695652173913,0.17391304347826086,0.17391304347826086,0.391304347826087
C01038,345.8,899.6,2,8.855112951298539,8.274574888364162,3504.5699999999997,8.274574888364162,2.0,0.0,61.0,6.056784013228625,0.0,0.0,0.0,0.0,0.0,0.75,0.25,0.0,0.5,1.3516370020918933,1.0,0.0,0.0,0.0,0.0,1.0,0.0,False,False,True,0,0.6741156653565412,0.18472768107804605,True,False,0.25,0.0,0.0,0.75
C01039,37.7,920.4,8,9.844035805133512,7.893382247080402,2355.5775,7.893382247080402,2.25,0.7105441415665723,64.0,4.584967478670572,4.713062739667541,0.759903625983643,0.020164375827158087,0.1624999999796875,379.99,0.38888888888888884,0.2777777777777778,0.3333333333333333,0.3333333333333333,2.0043825597722713,1.0,0.0,0.0,0.25,0.5,0.0,0.25,False,False,False,1,0.4417462099943852,0.40797304884896124,False,True,0.2222222222222222,0.2222222222222222,0.16666666666666666,0.3888888888888889
C01040,198.9,798.2,8,10.223025423035859,7.779670827810286,3441.10375,7.779670827810286,3.375,0.723026403199168,48.0,4.354569788440842,4.048473494840405,0.5497869651708459,0.0,0.0,0.0,0.37037037037037035,0.5185185185185185,0.1111111111111111,0.2962962962962963,2.0227005792479607,1.0,0.0,0.0,0.375,0.375,0.125,0.125,True,False,False,0,0.5726838854576081,0.4062464907355418,False,True,0.18518518518518517,0.25925925925925924,0.18518518518518517,0.37037037037037035
C01041,40.300000000000004,851.5,8,9.380787539770333,7.706036609459046,1482.1687499999998,7.706036609459046,3.125,1.0323733122820054,44.0,4.5013957134859,3.761313104785502,0.3860840712758625,0.03205227137597929,0.1624999999796875,380.05500000000006,0.39999999999999997,0.56,0.04,0.44,1.6132578570624174,0.0,0.0,1.0,0.375,0.375,0.125,0.125,True,False,False,0,0.28540145985401455,0.12989893318360474,True,False,0.2,0.48,0.16,0.16
C01042,84.5,84.5,1,8.81315588469924,0.0,6721.1,0.0,5.0,0.0,57.0,0.0,0.0,0.0,1.2999999999998064,1.2999999987,8737.43,0.4,0.4,0.2,0.2,2.092269286164331,0.0,1.0,1.0,1.0,0.0,0.0,0.0,False,True,False,0,0.3552498596294217,0.0,False,True,0.2,0.4,0.0,0.4
C01043,236.6,787.8000000000001,5,9.911502844090924,8.543161471004806,4031.9900000000002,8.543161471004806,2.4,0.850851874462102,47.0,4.672828834461906,4.084285578168082,0.43886026380050525,0.0,0.0,0.0,0.5833333333333333,0.41666666666666663,0.0,0.3333333333333333,1.6718745379366928,0.0,0.0,1.0,0.0,0.2,0.0,0.8,True,False,False,0,0.503312745648512,0.20241437394722067,False,True,0.08333333333333333,0.3333333333333333,0.16666666666666666,0.4166666666666667
C01044,163.8,440.7,3,9.274617608982028,7.580240053308434,3554.293333333333,7.580240053308434,4.0,0.6931471805599453,54.0,4.677490847567717,3.2386784521643803,0.20705233804991566,0.0,0.0,0.0,0.41666666666666663,0.3333333333333333,0.25,0.25,2.009049774151672,0.0,0.0,1.0,0.0,1.0,0.0,0.0,False,True,False,0,0.7943851768669287,0.22863559797866373,True,False,0.08333333333333333,0.3333333333333333,0.08333333333333333,0.5
C01045,201.5,903.5,3,9.470405071392557,7.95579860017833,4323.046666666666,7.95579860017833,2.6666666666666665,0.927240654712096,53.0,5.602118820879701,5.41610040220442,0.6041135581878684,0.0,0.0,0.0,0.5,0.25,0.25,0.375,1.942427679776101,0.0,0.0,1.0,0.0,0.0,0.3333333333333333,0.6666666666666666,False,True,False,0,0.8320606400898372,0.183941605839416,True,False,0.125,0.0,0.5,0.375
C01046,55.9,943.8000000000001,7,9.936266407557037,7.893099939398962,2952.2057142857143,7.893099939398962,3.142857142857143,0.9017252116061464,58.0,4.743481801785603,4.618416778796736,0.6320197841076773,0.45020435083886673,0.3714285713755102,9303.670999999998,0.40909090909090906,0.40909090909090906,0.18181818181818182,0.2727272727272727,2.0574861178997663,0.0,1.0,1.0,0.14285714285714285,0.42857142857142855,0.0,0.42857142857142855,False,False,True,0,0.5341381246490735,0.1676866928691746,False,True,0.18181818181818182,0.13636363636363635,0.3181818181818182,0.36363636363636365
C01047,67.60000000000001,557.7,7,9.621119999641358,7.77228235596496,2154.132857142857,7.77228235596496,3.0,0.7676517525907618,39.0,4.156275519952591,3.458017185905454,0.3984088141747015,0.11426241782406879,0.1857142856877551,1722.955,0.42857142857142855,0.38095238095238093,0.19047619047619047,0.3333333333333333,1.9833729756923588,0.0,1.0,1.0,0.14285714285714285,0.2857142857142857,0.5714285714285714,0.0,False,False,True,0,0.4198203256597417,0.25769230769230766,True,False,0.19047619047619047,0.2857142857142857,0.14285714285714285,0.38095238095238093
C01048,66.3,885.3000000000001,11,10.272896029832143,7.898025549507619,2630.597272727273,7.898025549507619,2.272727272727273,0.8840267058495129,45.0,4.1588830833596715,3.941687535109136,0.5887160851516432,0.019065182915597147,0.11818181817107437,551.681,0.44,0.48,0.08,0.32,1.9815715454666587,0.0,0.0,1.0,0.36363636363636365,0.2727272727272727,0.09090909090909091,0.2727272727272727,True,False,False,0,0.5610331274564851,0.29264458169567664,False,True,0.24,0.12,0.24,0.4
C01049,131.3,917.8000000000001,4,10.233617217507486,7.00631389611678,6955.4925,7.00631389611678,3.5,0.8289859803936981,41.0,5.311562593298057,5.611359575251346,0.8549761359731479,0.0,0.0,0.0,0.5714285714285714,0.2857142857142857,0.14285714285714285,0.35714285714285715,1.9427241747934958,0.0,1.0,1.0,0.0,0.5,0.5,0.0,False,True,False,0,0.7408759124087592,0.15701852891633905,True,False,0.07142857142857142,0.21428571428571427,0.07142857142857142,0.6428571428571429
C01050,184.6,717.6,7,9.81018790026614,7.88719255039024,2602.4871428571428,7.88719255039024,3.4285714285714284,0.6810240276767763,29.0,4.238925791033208,3.910706062192525,0.5400602110995721,0.0,0.0,0.0,0.5833333333333334,0.2916666666666667,0.125,0.5,1.6803433881217826,0.0,1.0,1.0,0.14285714285714285,0.14285714285714285,0.5714285714285714,0.14285714285714285,False,False,True,0,0.5264458169567658,0.20123526108927564,False,True,0.16666666666666666,0.20833333333333334,0.375,0.25
C01051,63.7,712.4,4,10.159668121924517,6.113712415395763,6459.68,6.113712415395763,3.0,0.7676517525907618,35.0,5.11998783102362,4.6858908836234265,0.4981854568981982,0.31584621838851473,0.32499999991875,8161.062,0.6666666666666666,0.25,0.08333333333333333,0.3333333333333333,1.878741642632507,1.0,0.0,0.0,0.25,0.5,0.25,0.0,False,True,False,0,0.7268950028074115,0.29515721504772596,False,True,0.16666666666666666,0.0,0.16666666666666666,0.6666666666666666
C01052,245.70000000000002,893.1,5,10.091622594895869,7.860740189033919,4827.786,7.860740189033919,2.2,0.6079487191729779,67.0,4.832305758571839,4.787202793409464,0.6706688390001646,0.0,0.0,0.0,0.8181818181818181,0.18181818181818182,0.0,0.45454545454545453,1.3470584202650688,0.0,1.0,1.0,0.2,0.4,0.2,0.2,False,False,True,0,0.7058955642897249,0.13217293655249862,True,False,0.09090909090909091,0.09090909090909091,0.18181818181818182,0.6363636363636364
C01053,45.5,899.6,5,9.576641831969493,7.789461454063871,2884.58,7.789461454063871,3.4,0.850851874462102,30.0,5.107459478731796,5.007531408291054,0.6441268403931169,0.7859488729727874,0.779999999844,11335.662,0.29411764705882354,0.35294117647058826,0.35294117647058826,0.35294117647058826,1.887657295151789,0.0,0.0,1.0,0.0,0.8,0.0,0.2,False,False,False,1,0.5824256035934868,0.08102189781021907,True,False,0.17647058823529413,0.17647058823529413,0.4117647058823529,0.23529411764705882
C01054,395.2,395.2,1,8.700942062445762,0.0,6007.57,0.0,3.0,0.0,55.0,0.0,0.0,0.0,0.0,0.0,0.0,1.0,0.0,0.0,0.6666666666666666,0.8274684187832566,1.0,0.0,0.0,0.0,1.0,0.0,0.0,False,True,False,0,0.8465468837731611,0.0,True,False,0.0,0.3333333333333333,0.0,0.6666666666666666
C01055,35.1,850.2,8,10.299213050921201,7.942464918226948,3713.52875,7.942464918226948,3.5,0.7862861911423441,36.0,4.506138805381912,4.2258435221958885,0.5612325463865526,0.06912421238154987,0.1624999999796875,2053.558,0.4642857142857143,0.2857142857142857,0.25,0.32142857142857145,2.0089550794882145,0.0,1.0,1.0,0.75,0.0,0.0,0.25,False,False,True,0,0.5859629421673218,0.26278775968556994,False,True,0.14285714285714285,0.2857142857142857,0.17857142857142858,0.39285714285714285
C01056,48.1,769.6,5,9.623311241251898,8.216034757511256,3022.402,8.216034757511256,2.2,0.9719780738352177,38.0,4.939855112035208,4.506086210642263,0.49805979480813967,0.6691485778529349,0.259999999948,10112.18,0.36363636363636365,0.36363636363636365,0.2727272727272727,0.2727272727272727,2.0105782918630664,0.0,1.0,1.0,0.4,0.0,0.2,0.4,False,False,False,1,0.3492419988770354,0.7381246490735542,True,False,0.36363636363636365,0.09090909090909091,0.18181818181818182,0.36363636363636365
C01057,28.6,705.9,6,10.218757311098539,8.14080723076476,4568.596666666667,8.14080723076476,2.5,0.866430042484809,66.0,4.65586330030361,4.446985247507014,0.5931528589653432,0.9961789141668961,0.6499999998916667,27306.838000000003,0.5333333333333333,0.3333333333333333,0.13333333333333333,0.3333333333333333,1.9366754145057685,1.0,0.0,0.0,0.3333333333333333,0.3333333333333333,0.0,0.3333333333333333,False,True,False,0,0.7036777091521618,0.6258141493542952,True,False,0.3333333333333333,0.06666666666666667,0.06666666666666667,0.5333333333333333
C01058,395.2,842.4,4,8.251948181583352,5.97526621283794,958.5224999999999,5.97526621283794,2.25,0.4054651081081644,63.0,4.750712491278749,4.236963662842687,0.4667138442306834,0.0,0.0,0.0,0.2222222222222222,0.3333333333333333,0.4444444444444444,0.4444444444444444,1.6549368375665132,0.0,0.0,1.0,0.25,0.5,0.0,0.25,False,False,False,1,0.4979225154407636,0.24219539584503091,True,False,0.1111111111111111,0.2222222222222222,0.3333333333333333,0.3333333333333333
C01059,427.7,941.2,5,9.918228863541152,8.120733504379425,4059.2019999999998,8.120733504379425,2.6,0.850851874462102,21.0,4.602667055769973,4.3793841374944265,0.586598219405962,0.0,0.0,0.0,0.38461538461538464,0.3076923076923077,0.3076923076923077,0.3076923076923077,1.9821196109391868,0.0,0.0,1.0,0.4,0.2,0.0,0.4,False,False,False,1,0.4355418304323414,0.14733295901179116,True,False,0.07692307692307693,0.46153846153846156,0.07692307692307693,0.38461538461538464
C01060,15.600000000000001,813.8000000000001,5,9.9468592537898,8.08636451482005,4177.104,8.08636451482005,2.2,0.6079487191729779,25.0,5.0401940963378005,4.343014464364106,0.40193715648800427,0.8292305865498762,0.519999999896,17318.912,0.7272727272727273,0.18181818181818182,0.09090909090909091,0.45454545454545453,1.7767243676717654,0.0,0.0,1.0,0.2,0.2,0.0,0.6,False,False,True,0,0.8048848961257721,0.40903986524424474,False,True,0.09090909090909091,0.0,0.18181818181818182,0.7272727272727273
C01061,171.6,915.2,6,10.140225874765836,7.882370728733819,4223.531666666667,7.882370728733819,3.3333333333333335,1.0514852760709335,28.0,4.748404354073999,4.229162956379067,0.4646337791056328,0.0,0.0,0.0,0.7,0.15,0.15,0.5,1.6088763187023243,1.0,0.0,0.0,0.16666666666666666,0.6666666666666666,0.0,0.16666666666666666,False,False,True,0,0.43492419988770353,0.4026951151038741,True,False,0.1,0.35,0.2,0.35
C01062,37.7,582.4,10,9.917488579123797,7.756036125207243,2028.0990000000002,7.756036125207243,2.9,0.8630251018819446,49.0,3.8618986182455775,3.705313080114496,0.6162364758789478,0.43167379896146924,0.25999999997400003,8754.771999999999,0.20689655172413793,0.5517241379310345,0.2413793103448276,0.3103448275862069,1.9590705922610454,0.0,0.0,1.0,0.2,0.4,0.4,0.0,True,False,False,0,0.44660303200449186,0.2933745087029758,False,True,0.2413793103448276,0.1724137931034483,0.3448275862068966,0.2413793103448276
C01063,266.5,718.9,4,9.92841087021935,8.058670428129158,5125.9325,8.058670428129158,3.0,0.596909690446534,29.0,4.762173934797756,3.038131546764047,0.15808052839519787,0.0,0.0,0.0,0.5833333333333333,0.25,0.16666666666666666,0.3333333333333333,1.972238316179336,0.0,0.0,1.0,0.25,0.25,0.0,0.5,False,False,True,0,0.6822290847838293,0.3716591802358226,True,False,0.25,0.08333333333333333,0.08333333333333333,0.5833333333333334
C01064,196.3,652.6,3,8.921673815078579,8.14601303373315,2497.2066666666665,8.14601303373315,2.6666666666666665,0.7676517525907618,28.0,5.173320876373351,4.516338972281476,0.41585726587384,0.0,0.0,0.0,0.25,0.625,0.125,0.375,1.942427679776101,0.0,1.0,1.0,0.6666666666666666,0.0,0.3333333333333333,0.0,False,False,False,1,0.38130263896687255,0.05463222908478382,False,True,0.25,0.25,0.25,0.25
C01065,240.5,899.6,7,9.32691022758271,7.671979268962928,1605.0514285714287,7.671979268962928,2.0,0.596909690446534,47.0,4.448516375942715,3.5272139144142245,0.32993381242933323,0.0,0.0,0.0,0.5,0.3571428571428571,0.14285714285714285,0.42857142857142855,1.788871870838542,1.0,0.0,0.0,0.0,0.42857142857142855,0.14285714285714285,0.42857142857142855,False,False,True,0,0.5949466591802358,0.3756316676024706,False,True,0.07142857142857142,0.2857142857142857,0.14285714285714285,0.5
C01066,105.3,929.5,6,9.483896389862998,7.836883677958764,2190.885,7.836883677958764,2.1666666666666665,0.6847077083112325,56.0,4.850466541943434,4.658978914045215,0.6012267579231114,0.13622333744885923,0.21666666663055556,1790.698,0.38461538461538464,0.46153846153846156,0.15384615384615385,0.3076923076923077,2.0344444253156415,1.0,0.0,0.0,0.0,0.8333333333333334,0.16666666666666666,0.0,True,False,False,0,0.5695676586187535,0.46308253790005616,False,True,0.23076923076923078,0.23076923076923078,0.15384615384615385,0.38461538461538464
C01067,18.2,696.8000000000001,8,10.0731856003846,7.952529323086136,2962.2425,7.952529323086136,3.0,0.7862861911423441,44.0,4.325078282802986,4.053320833783347,0.5646590635365031,0.4101889446930657,0.324999999959375,9720.633,0.4583333333333333,0.375,0.16666666666666666,0.3333333333333333,1.9385751601623893,0.0,0.0,1.0,0.125,0.625,0.0,0.25,False,False,True,0,0.5093486805165637,0.48315553060078614,True,False,0.20833333333333334,0.2916666666666667,0.16666666666666666,0.3333333333333333
C01068,210.6,881.4,6,10.276249356300692,7.874107527130598,4838.961666666667,7.874107527130598,3.8333333333333335,0.5611989071173201,36.0,4.646312129319266,4.549228133385277,0.6453127733904365,0.0,0.0,0.0,0.43478260869565216,0.4347826086956522,0.13043478260869565,0.30434782608695654,2.0126027961071613,0.0,0.0,1.0,0.16666666666666666,0.0,0.16666666666666666,0.6666666666666666,True,False,False,0,0.5149354295339696,0.228228523301516,False,True,0.21739130434782608,0.13043478260869565,0.30434782608695654,0.34782608695652173
C01069,16.900000000000002,949.0,12,10.484358413857603,7.9255115819704525,2979.2408333333333,7.9255115819704525,2.0,0.791201491023666,27.0,4.192405775398315,4.152353970385719,0.6730145454825724,0.35926378336314546,0.3249999999729167,12844.0,0.4166666666666667,0.45833333333333337,0.125,0.2916666666666667,1.9984086776922718,0.0,0.0,1.0,0.16666666666666666,0.5,0.3333333333333333,0.0,False,True,False,0,0.5794778214486244,0.5111454239191465,True,False,0.2916666666666667,0.125,0.125,0.4583333333333333
C01070,98.8,947.7,7,10.1682838571949,7.7707782356622985,3723.1871428571426,7.7707782356622985,3.7142857142857144,0.812514001834843,59.0,4.698964065274452,4.11107494665111,0.4391670313490157,0.06284189697689642,0.1857142856877551,1637.8049999999998,0.2692307692307693,0.5,0.23076923076923078,0.2692307692307692,2.037350550197539,0.0,0.0,1.0,0.42857142857142855,0.14285714285714285,0.0,0.42857142857142855,True,False,False,0,0.4394722066254913,0.31984839977540713,False,True,0.3076923076923077,0.15384615384615385,0.19230769230769232,0.34615384615384615
C01071,27.3,829.4,3,9.653259248494402,8.406433793709251,5190.486666666667,8.406433793709251,2.6666666666666665,0.4557463944083262,64.0,5.734958092124651,5.70877001616724,0.680096424362855,0.7444953780826753,0.4333333331888889,11592.880000000001,0.75,0.25,0.0,0.375,1.6321270227323796,0.0,0.0,1.0,0.0,0.6666666666666666,0.3333333333333333,0.0,False,True,False,0,0.7058955642897249,0.3214486243683324,False,True,0.125,0.25,0.0,0.625
C01072,349.7,871.0,7,10.261157101691067,7.786546684141827,4085.5514285714285,7.786546684141827,2.142857142857143,0.7270871325290131,22.0,4.21705371621454,3.902573967972143,0.5458826443056769,0.0,0.0,0.0,0.6000000000000001,0.33333333333333337,0.06666666666666667,0.4,1.8973264360298103,0.0,1.0,1.0,0.14285714285714285,0.14285714285714285,0.2857142857142857,0.42857142857142855,False,True,False,0,0.8483997754070747,0.25404267265581126,False,True,0.13333333333333333,0.13333333333333333,0.06666666666666667,0.6666666666666666
C01073,638.3000000000001,638.3000000000001,1,6.695984313962894,0.0,808.15,0.0,2.0,0.0,24.0,0.0,0.0,0.0,0.0,0.0,0.0,0.5,0.0,0.5,0.5,0.9010913347279289,0.0,1.0,1.0,0.0,1.0,0.0,0.0,False,False,False,1,0.5324536777091522,0.0,False,True,0.0,0.0,1.0,0.0
C01074,27.3,947.7,9,10.664343230794683,7.787674065945474,4872.394444444445,7.787674065945474,3.3333333333333335,0.6931471805599452,20.0,4.4942386252808095,4.123218916033464,0.522671894458596,0.18610658004106617,0.14444444442839505,8161.062,0.5666666666666667,0.3666666666666667,0.06666666666666667,0.3,1.9691241778754554,0.0,1.0,1.0,0.2222222222222222,0.3333333333333333,0.0,0.4444444444444444,False,False,True,0,0.4699045480067378,0.3763054463784391,True,False,0.23333333333333334,0.13333333333333333,0.26666666666666666,0.36666666666666664
C01075,371.8,917.8000000000001,6,9.930116338313386,8.105359172791973,3423.1216666666664,8.105359172791973,2.1666666666666665,0.7742870681652403,52.0,4.442651256490317,2.958843517164611,0.19685498543272367,0.0,0.0,0.0,0.46153846153846156,0.38461538461538464,0.15384615384615385,0.23076923076923078,2.0684242326747206,1.0,0.0,0.0,0.0,0.6666666666666666,0.3333333333333333,0.0,False,True,False,0,0.507158899494666,0.3025266704098821,False,True,0.23076923076923078,0.15384615384615385,0.07692307692307693,0.5384615384615384
C01076,33.800000000000004,471.90000000000003,3,9.17417522581972,7.983293243485645,3214.603333333333,7.983293243485645,2.6666666666666665,1.125470359664562,65.0,5.1328529268205045,4.658710952916121,0.4825360453902717,0.8462487336435655,0.4333333331888889,8161.062,0.375,0.5,0.125,0.375,1.942427679776101,0.0,0.0,1.0,0.0,0.6666666666666666,0.0,0.3333333333333333,True,False,False,0,0.5824256035934868,0.21583380123526097,True,False,0.125,0.125,0.25,0.5
C01077,200.20000000000002,920.4,7,10.39100227620724,8.298280355180113,4652.041428571429,8.298280355180113,3.2857142857142856,0.9147000606617071,26.0,4.53617731450114,4.010335666003647,0.4616114595887385,0.0,0.0,0.0,0.5217391304347826,0.34782608695652173,0.13043478260869565,0.30434782608695654,2.0239837385488553,0.0,1.0,1.0,0.5714285714285714,0.14285714285714285,0.2857142857142857,0.0,False,False,True,0,0.6148792813026389,0.4970802919708029,False,True,0.17391304347826086,0.17391304347826086,0.08695652173913043,0.5652173913043478
C01078,26.0,651.3000000000001,3,8.441965207668241,6.306321547488493,1545.5533333333333,6.306321547488493,3.6666666666666665,0.45574639440832615,42.0,5.486869473092628,4.749270529961848,0.38939769992825884,0.3164275577678078,0.4333333331888889,1467.1670000000001,0.18181818181818182,0.45454545454545453,0.36363636363636365,0.45454545454545453,1.3470584202650688,0.0,0.0,1.0,0.0,0.3333333333333333,0.3333333333333333,0.3333333333333333,True,False,False,0,0.5289163391353172,0.11838854576080848,False,True,0.09090909090909091,0.09090909090909091,0.45454545454545453,0.36363636363636365
C01079,65.0,845.0,6,9.971067693255392,8.327914587572904,3566.22,8.327914587572904,3.8333333333333335,0.8455077458700537,55.0,4.795790545596741,4.833167426487784,0.7121659464927584,0.08735696806889427,0.21666666663055556,1869.205,0.21739130434782608,0.4782608695652174,0.30434782608695654,0.30434782608695654,1.9791153832094026,0.0,0.0,1.0,0.3333333333333333,0.16666666666666666,0.16666666666666666,0.3333333333333333,False,False,False,1,0.3594890510948905,0.4563166760247052,True,False,0.2608695652173913,0.17391304347826086,0.21739130434782608,0.34782608695652173
C01080,98.8,873.6,5,9.575394512192185,8.119321305154859,2880.984,8.119321305154859,3.0,0.881373587019543,42.0,5.0106352940962555,4.564950896331111,0.4934590924736257,0.012974803053400298,0.259999999948,186.901,0.4,0.5333333333333333,0.06666666666666667,0.3333333333333333,1.9366754145057685,0.0,0.0,1.0,0.6,0.4,0.0,0.0,True,False,False,0,0.31521617069062324,0.4882088714205503,False,True,0.26666666666666666,0.26666666666666666,0.13333333333333333,0.3333333333333333
C01081,189.8,889.2,9,10.164237437671183,7.888087248786526,2884.117777777778,7.888087248786526,3.111111111111111,0.8194694386762175,38.0,4.223177434065069,4.322791899786623,0.7449340236147282,0.0,0.0,0.0,0.39285714285714285,0.39285714285714285,0.21428571428571427,0.25,2.0701048923346907,0.0,0.0,1.0,0.1111111111111111,0.5555555555555556,0.1111111111111111,0.2222222222222222,False,False,True,0,0.46878158338012355,0.19955081414935427,True,False,0.2857142857142857,0.21428571428571427,0.17857142857142858,0.32142857142857145
C01082,15.600000000000001,273.0,2,9.312961940139498,8.953473492584257,5539.86,8.953473492584257,2.0,0.881373587019543,62.0,5.293304824724492,0.0,0.0,0.00836573487416574,0.649999999675,92.69,0.75,0.25,0.0,0.5,1.3516370020918933,1.0,0.0,0.0,0.0,0.5,0.5,0.0,False,True,False,0,0.48270634475014035,0.3927007299270072,False,True,0.25,0.0,0.0,0.75
C01083,3.9000000000000004,651.3000000000001,7,9.771573137612535,7.948970115356907,2503.902857142857,7.948970115356907,3.142857142857143,0.5247673206928409,38.0,4.430816798843313,4.630331159107753,0.7990690830526116,0.055746856906814295,0.1857142856877551,977.0930000000001,0.40909090909090906,0.5454545454545454,0.045454545454545456,0.4090909090909091,1.7682606208886014,0.0,1.0,1.0,0.14285714285714285,0.5714285714285714,0.0,0.2857142857142857,True,False,False,0,0.4198203256597417,0.16549691184727677,False,True,0.22727272727272727,0.22727272727272727,0.2727272727272727,0.2727272727272727
C01084,206.70000000000002,939.9,7,10.216506176546536,8.363702788723728,3907.1342857142854,8.363702788723728,2.857142857142857,0.7952459892949983,56.0,4.553876891600541,3.9822414125873866,0.4446661982818985,0.0,0.0,0.0,0.6000000000000001,0.35,0.05,0.4,1.753919627056561,0.0,0.0,1.0,0.14285714285714285,0.42857142857142855,0.2857142857142857,0.14285714285714285,False,False,True,0,0.4843907916900618,0.16892195395845022,True,False,0.15,0.2,0.35,0.3
C01085,219.70000000000002,834.6,6,10.079349121802279,8.022604384520415,3974.0766666666664,8.022604384520415,3.6666666666666665,0.596909690446534,49.0,4.560172820057356,4.4304753160953085,0.6297148569183842,0.0,0.0,0.0,0.5909090909090908,0.3181818181818182,0.09090909090909091,0.45454545454545453,1.858641761737941,0.0,1.0,1.0,0.3333333333333333,0.5,0.0,0.16666666666666666,False,False,True,0,0.5528074115665357,0.14392195395845042,False,True,0.18181818181818182,0.13636363636363635,0.3181818181818182,0.36363636363636365
C01086,135.20000000000002,793.0,8,9.921198287468018,7.971073397301828,2544.54625,7.971073397301828,2.625,0.9186641599870976,35.0,4.294365696115456,4.157968631525037,0.6263299257688001,0.0,0.0,0.0,0.42857142857142855,0.3333333333333333,0.23809523809523808,0.2857142857142857,2.0062035825221822,1.0,0.0,0.0,0.125,0.75,0.125,0.0,False,False,True,0,0.47046603032004497,0.31580572711959576,True,False,0.09523809523809523,0.38095238095238093,0.19047619047619047,0.3333333333333333
C01087,101.4,807.3000000000001,4,9.953049799525278,8.659612558228288,5253.804999999999,8.659612558228288,2.5,1.005052538742381,66.0,5.204006687076795,5.032683171401404,0.6106776861062213,0.009179394743428373,0.32499999991875,192.90699999999998,0.6000000000000001,0.4,0.0,0.4,1.6638104935837679,1.0,0.0,0.0,0.25,0.5,0.0,0.25,False,True,False,0,0.6845311622683885,0.3736243683323975,False,True,0.1,0.3,0.1,0.5
C01088,260.0,562.9,2,8.256080343600198,6.996493074595669,1924.9850000000001,6.996493074595669,4.5,0.5347999967395705,20.0,5.455321115357702,0.0,0.0,0.0,0.0,0.0,0.2222222222222222,0.4444444444444444,0.3333333333333333,0.3333333333333333,1.9042613003580569,1.0,0.0,0.0,0.5,0.5,0.0,0.0,False,False,False,1,0.4571869736103312,0.05336889387984273,True,False,0.1111111111111111,0.2222222222222222,0.5555555555555556,0.1111111111111111
C01089,2.6,559.0,6,9.579984155789392,7.777671761326462,2411.865,7.777671761326462,3.3333333333333335,0.861310692788678,29.0,4.461299815568389,4.057049691082935,0.5089794417672115,0.10737099022263497,0.4333333332611111,1553.786,0.65,0.25,0.1,0.55,1.6954000388606933,1.0,0.0,0.0,0.16666666666666666,0.6666666666666666,0.0,0.16666666666666666,False,False,True,0,0.37130825379000565,0.11374227961819205,False,True,0.3,0.15,0.25,0.3
C01090,106.60000000000001,794.3000000000001,10,10.49590265633704,8.080426648697182,3616.601,8.080426648697182,3.3,0.8490792056417739,57.0,4.090633982825565,3.746005000173206,0.5326987652059951,0.3138762611634429,0.12999999998700001,11351.652000000002,0.6666666666666667,0.15151515151515152,0.18181818181818182,0.48484848484848486,1.7664275954274369,1.0,0.0,0.0,0.3,0.2,0.1,0.4,False,False,True,0,0.5639528354856822,0.18218697361033126,True,False,0.15151515151515152,0.18181818181818182,0.30303030303030304,0.36363636363636365
C01091,46.800000000000004,930.8000000000001,2,7.915603704336657,6.8518599283307156,1369.35,6.8518599283307156,2.5,1.1382560993413577,50.0,6.523562306149512,0.0,0.0,0.3329342388723362,0.649999999675,911.807,0.2,0.2,0.6,0.6,1.2353517010032051,0.0,0.0,1.0,0.5,0.0,0.0,0.5,False,False,False,1,0.7667040988208871,0.029028635597978636,False,True,0.2,0.0,0.2,0.6
C01092,19.5,932.1,7,10.306311843420602,7.969053947362445,4274.268571428571,7.969053947362445,2.857142857142857,0.7952459892949983,20.0,4.770684624465665,4.419134379311876,0.5312534282323724,0.2866772192936507,0.1857142856877551,8577.348,0.4,0.30000000000000004,0.3,0.3,2.0242470274749396,0.0,0.0,1.0,0.2857142857142857,0.42857142857142855,0.0,0.2857142857142857,False,False,False,1,0.7690061763054464,0.25918023582257155,False,True,0.2,0.0,0.3,0.5
C01093,170.3,868.4,7,9.740267789276439,7.897320851613336,2426.727142857143,7.897320851613336,3.0,0.881373587019543,54.0,4.505349850705881,4.235976733458246,0.5660066018888141,0.0,0.0,0.0,0.38095238095238093,0.42857142857142855,0.19047619047619047,0.2857142857142857,2.0218451539974405,0.0,0.0,1.0,0.2857142857142857,0.2857142857142857,0.42857142857142855,0.0,False,False,True,0,0.40533408197641774,0.27602470522178546,True,False,0.23809523809523808,0.23809523809523808,0.19047619047619047,0.3333333333333333
C01094,72.8,915.2,4,9.53390682899058,8.216094808072935,3454.87,8.216094808072935,2.75,0.8146148592237981,65.0,5.37989735354046,4.960425687971447,0.5042890548757786,0.5965606520650129,0.32499999991875,8244.158,0.5454545454545454,0.36363636363636365,0.09090909090909091,0.36363636363636365,1.908581920721071,0.0,1.0,1.0,0.25,0.25,0.25,0.25,False,False,True,0,0.3886299831555306,0.4347557551937114,False,True,0.36363636363636365,0.18181818181818182,0.09090909090909091,0.36363636363636365
C01095,356.2,651.3000000000001,4,10.00104974012088,7.7123646877331495,5512.15,7.7123646877331495,3.5,0.45574639440832615,39.0,4.339467020255086,3.4450914888235227,0.33722228066974175,0.0,0.0,0.0,0.5,0.2857142857142857,0.21428571428571427,0.2857142857142857,1.9977392102683853,1.0,0.0,0.0,0.25,0.5,0.0,0.25,False,False,True,0,0.7058955642897249,0.031092083099382384,False,True,0.14285714285714285,0.07142857142857142,0.14285714285714285,0.6428571428571429
C01096,31.200000000000003,860.6,6,10.331548116388085,7.760708580573249,5114.096666666667,7.760708580573249,2.6666666666666665,0.7934721026084852,32.0,4.856706811803519,4.197797354523637,0.4145129054442355,0.2487620166220216,0.21666666663055556,7633.158,0.6875,0.1875,0.125,0.375,1.6966252835328426,0.0,1.0,1.0,0.16666666666666666,0.5,0.16666666666666666,0.16666666666666666,False,False,True,0,0.7771757439640652,0.09091802358225709,True,False,0.0,0.125,0.125,0.75
C01097,13.0,540.8000000000001,4,9.319286252524869,7.9696309531164635,2787.505,7.9696309531164635,3.75,1.0622834654819937,62.0,4.915102867374692,4.33288267923917,0.4417298593507833,0.4265811182401084,0.32499999991875,4756.388000000001,0.4,0.6,0.0,0.3333333333333333,1.7417325643712482,0.0,0.0,1.0,0.0,0.0,0.25,0.75,True,False,False,0,0.22554744525547446,0.10554463784390794,True,False,0.4666666666666667,0.2,0.2,0.13333333333333333
C01098,11.700000000000001,912.6,9,9.984879964333738,7.76329990880324,2410.547777777778,7.76329990880324,2.5555555555555554,0.8047033499877981,47.0,4.473066345354754,4.565100603164083,0.7407534308353771,0.2853447787109576,0.2888888888567901,6190.535000000001,0.5217391304347826,0.4782608695652174,0.0,0.34782608695652173,1.7599688719211901,0.0,1.0,1.0,0.1111111111111111,0.3333333333333333,0.3333333333333333,0.2222222222222222,False,False,True,0,0.4084783829309377,0.3379562043795621,True,False,0.391304347826087,0.13043478260869565,0.17391304347826086,0.30434782608695654
C01099,189.8,625.3000000000001,6,10.213424390393309,8.427695188399767,4544.296666666666,8.427695188399767,3.1666666666666665,0.7742870681652403,24.0,4.219507705176107,4.077771170212556,0.6237314435283496,0.0,0.0,0.0,0.42105263157894735,0.47368421052631576,0.10526315789473684,0.3157894736842105,2.0130361565538895,0.0,0.0,1.0,0.3333333333333333,0.0,0.16666666666666666,0.5,False,False,False,1,0.4207186973610331,0.5484839977540708,False,True,0.21052631578947367,0.21052631578947367,0.15789473684210525,0.42105263157894735
C01100,119.60000000000001,838.5,5,9.214787468965923,7.653270624403544,2008.714,7.653270624403544,3.2,0.9719780738352177,42.0,4.9362708788073935,4.585555575034325,0.5318301681609212,0.0,0.0,0.0,0.1875,0.625,0.1875,0.5,1.7596687577749883,0.0,1.0,1.0,0.2,0.4,0.2,0.2,True,False,False,0,0.41151038742279616,0.2568781583380124,True,False,0.25,0.1875,0.3125,0.25
C01101,10.4,13.0,2,9.280628271219259,7.782974041664802,5363.585,7.782974041664802,3.5,0.5347999967395705,62.0,1.0986122886681098,0.0,0.0,1.2999999999998788,1.29999999935,13945.321,0.42857142857142855,0.14285714285714285,0.42857142857142855,0.42857142857142855,1.660144537305981,0.0,1.0,1.0,0.5,0.5,0.0,0.0,False,False,False,1,0.7731049971925885,0.05300393037619322,False,True,0.0,0.2857142857142857,0.0,0.7142857142857143
C01103,100.10000000000001,835.9,6,9.72245895950416,8.036659832514363,2781.205,8.036659832514363,3.0,0.9833211655177317,37.0,4.73795129722191,5.096374500657628,0.8898971353325167,0.051028600912191475,0.21666666663055556,851.526,0.3888888888888889,0.4444444444444444,0.16666666666666666,0.2777777777777778,2.037173375168903,0.0,0.0,1.0,0.6666666666666666,0.3333333333333333,0.0,0.0,False,False,True,0,0.5277372262773723,0.3062464907355418,True,False,0.2222222222222222,0.1111111111111111,0.2777777777777778,0.3888888888888889
C01104,28.6,936.0,5,9.35054395594377,7.899108977391804,2300.816,7.899108977391804,2.6,0.9228988853785496,39.0,5.167639042905921,5.145249698533356,0.6819510151776237,0.05725768596879914,0.519999999896,658.6970000000001,0.3076923076923077,0.38461538461538464,0.3076923076923077,0.3076923076923077,2.0344444253156415,0.0,0.0,1.0,0.2,0.4,0.0,0.4,False,False,False,1,0.47815833801235264,0.07282425603593484,False,True,0.23076923076923078,0.07692307692307693,0.3076923076923077,0.38461538461538464
C01105,42.9,889.2,5,9.966071665060792,8.113826539995584,4258.136,8.113826539995584,3.2,0.607948719172978,37.0,5.098340874515361,4.370800075811059,0.39198769140442763,0.43807501686181755,0.259999999948,9326.914999999999,0.5625,0.4375,0.0,0.375,1.7447634395733709,0.0,0.0,1.0,0.2,0.2,0.0,0.6,False,False,True,0,0.7058955642897249,0.11532846715328471,False,True,0.25,0.1875,0.0625,0.5
C01106,109.2,822.9,5,9.632917563005407,7.803489172264703,3051.578,7.803489172264703,3.0,0.9482307085514864,53.0,4.929063640402444,4.653762852178509,0.5639437069505236,0.013852963941933397,0.259999999948,211.36700000000002,0.4666666666666667,0.4666666666666667,0.06666666666666667,0.26666666666666666,1.988022780948999,0.0,1.0,1.0,0.2,0.2,0.4,0.2,False,False,False,1,0.5171252105558675,0.173778775968557,True,False,0.3333333333333333,0.13333333333333333,0.2,0.3333333333333333
C01107,425.1,432.90000000000003,2,9.126925066817247,8.401236630484114,4599.344999999999,8.401236630484114,4.0,0.881373587019543,27.0,1.9459101490553132,0.0,0.0,0.0,0.0,0.0,0.375,0.375,0.25,0.25,2.02745550313784,0.0,0.0,1.0,0.0,0.5,0.0,0.5,False,True,False,0,0.6382088714205503,0.09362717574396395,True,False,0.125,0.125,0.25,0.5
C01108,231.4,926.9,9,9.888718525391765,7.938774813688662,2189.532222222222,7.938774813688662,2.7777777777777777,1.0250737019336993,56.0,4.2176677782541,3.678959738635205,0.4556977954797412,0.0,0.0,0.0,0.36000000000000004,0.44,0.2,0.32,1.9492549156903896,0.0,1.0,1.0,0.3333333333333333,0.4444444444444444,0.0,0.2222222222222222,True,False,False,0,0.35379000561482316,0.22740033688938793,False,True,0.12,0.24,0.28,0.36
C01109,422.5,525.2,3,8.074010639678761,5.767108397718325,1069.6499999999999,5.767108397718325,4.333333333333333,0.45574639440832615,35.0,3.7013019741124933,2.3513752571634776,0.21551962619864215,0.0,0.0,0.0,0.3076923076923077,0.38461538461538464,0.3076923076923077,0.3076923076923077,1.7571855530916634,1.0,0.0,0.0,0.0,0.6666666666666666,0.0,0.3333333333333333,False,False,False,1,0.3185289163391353,0.074171813587872,True,False,0.38461538461538464,0.23076923076923078,0.23076923076923078,0.15384615384615385
C01110,15.600000000000001,228.8,2,6.221146675261775,5.253751052143187,251.14,5.253751052143187,1.5,0.5347999967395705,50.0,5.10594547390058,0.0,0.0,0.30175798359420697,0.649999999675,151.567,0.0,1.0,0.0,0.6666666666666666,0.8274684187832566,0.0,1.0,1.0,0.0,0.5,0.0,0.5,False,False,False,1,0.2593767546322291,0.04848399775407075,False,True,0.3333333333333333,0.3333333333333333,0.3333333333333333,0.0
C01111,26.0,916.5,6,9.71514872824526,8.046266905424998,2760.9466666666667,8.046266905424998,3.0,0.881373587019543,34.0,4.927253685157205,4.948019725854806,0.7036598863670467,0.043707713779329097,0.21666666663055556,724.0480000000001,0.4444444444444444,0.5,0.05555555555555555,0.2777777777777778,1.9565937594165494,0.0,0.0,1.0,0.16666666666666666,0.6666666666666666,0.0,0.16666666666666666,True,False,False,0,0.3641493542953397,0.33670690623245364,False,True,0.2777777777777778,0.2777777777777778,0.16666666666666666,0.2777777777777778
C01112,211.9,943.8000000000001,10,10.107191778551995,7.8616122590960895,2451.7709999999997,7.8616122590960895,2.7,0.9140618971052095,63.0,4.151914414043579,3.2114327220821934,0.322587296496842,0.0,0.0,0.0,0.4444444444444444,0.2962962962962963,0.25925925925925924,0.3333333333333333,1.9717793260400713,0.0,1.0,1.0,0.3,0.2,0.1,0.4,False,False,True,0,0.5161145423919147,0.29693992139247616,True,False,0.18518518518518517,0.14814814814814814,0.3333333333333333,0.3333333333333333
C01113,24.7,499.20000000000005,3,6.814422143537029,5.612052053713895,303.2966666666667,5.612052053713895,1.3333333333333333,0.4557463944083262,31.0,5.212214667494625,0.9162907318741551,0.008185584586394755,0.21825495389528596,0.4333333331888889,198.588,0.25,0.5,0.25,0.25,1.8021826694558578,1.0,0.0,0.0,0.3333333333333333,0.3333333333333333,0.0,0.3333333333333333,False,False,False,1,0.2617069062324537,0.08719820325659744,True,False,0.25,0.5,0.0,0.25
C01114,215.8,846.3000000000001,5,9.859266036183872,8.468074043359113,3826.767999999999,8.468074043359113,2.4,0.7608878000194387,39.0,4.8060681283549815,3.859695807342401,0.32432759488774743,0.0,0.0,0.0,0.5833333333333333,0.3333333333333333,0.08333333333333333,0.3333333333333333,1.9155531006048432,0.0,0.0,1.0,0.0,0.4,0.2,0.4,False,False,True,0,0.5016282987085907,0.37900056148231326,True,False,0.08333333333333333,0.16666666666666666,0.25,0.5
C01115,97.5,925.6,2,7.767683045269362,7.080680122824969,1180.9950000000001,7.080680122824969,2.5,1.1382560993413577,59.0,6.45833828334479,0.0,0.0,0.18774126901460728,0.649999999675,443.44300000000004,0.4,0.6000000000000001,0.0,0.4,1.7318327522731591,1.0,0.0,0.0,0.0,0.0,0.5,0.5,False,False,False,1,0.3438236945536216,0.11423357664233574,False,True,0.4,0.2,0.2,0.2
C01116,356.2,637.0,3,9.52392627441781,8.186374407308232,4560.743333333333,8.186374407308232,3.0,0.6931471805599453,37.0,4.6913478822291435,4.110873864173311,0.4418327522757323,0.0,0.0,0.0,0.5555555555555556,0.4444444444444444,0.0,0.3333333333333333,1.7795990689622854,1.0,0.0,0.0,0.3333333333333333,0.0,0.3333333333333333,0.3333333333333333,False,False,True,0,0.5781021897810219,0.19533969679955082,False,True,0.2222222222222222,0.0,0.3333333333333333,0.4444444444444444
C01117,159.9,616.2,6,9.305164069830987,7.696220909684996,1832.2749999999999,7.696220909684996,3.1666666666666665,0.8455077458700537,34.0,4.26549281841793,4.2572336129396495,0.6889672769531089,0.0,0.0,0.0,0.47368421052631576,0.42105263157894735,0.10526315789473684,0.42105263157894735,1.8185965118872447,1.0,0.0,0.0,0.3333333333333333,0.6666666666666666,0.0,0.0,False,False,True,0,0.4612857944974733,0.2792813026389668,True,False,0.21052631578947367,0.2631578947368421,0.3157894736842105,0.21052631578947367
C01118,70.2,456.3,3,9.102009894789997,7.307724058755505,2990.7700000000004,7.307724058755505,3.3333333333333335,0.7676517525907618,20.0,5.0072963928307415,5.000584958242754,0.6897744960779505,0.6440515318796782,0.8666666663777778,5778.630000000001,0.4,0.4,0.2,0.4,1.7318327522731591,0.0,1.0,1.0,0.0,1.0,0.0,0.0,False,True,False,0,0.8048848961257721,0.05033688938798431,False,True,0.2,0.2,0.1,0.5
C01119,1.3,945.1,7,10.205091760741222,8.292772335409191,3862.7885714285717,8.292772335409191,2.5714285714285716,0.8208444718580477,26.0,4.804021044733257,4.779206570261177,0.6807143719666561,0.30181978082450056,0.1857142856877551,8161.062,0.7777777777777778,0.2222222222222222,0.0,0.5,1.5100687346282893,1.0,0.0,0.0,0.14285714285714285,0.42857142857142855,0.2857142857142857,0.14285714285714285,False,False,True,0,0.49691184727681076,0.4786355979786636,True,False,0.16666666666666666,0.2222222222222222,0.2222222222222222,0.3888888888888889
C01120,639.6,920.4,5,10.237045905060427,8.564340993058154,5583.505999999999,8.564340993058154,2.4,0.43678453268671025,40.0,4.007333185232471,3.785640989289361,0.5863855397461848,0.0,0.0,0.0,0.6666666666666667,0.25,0.08333333333333333,0.4166666666666667,1.8513688925508058,0.0,1.0,1.0,0.2,0.2,0.4,0.2,False,True,False,0,0.839921392476137,0.25345311622683886,False,True,0.16666666666666666,0.08333333333333333,0.08333333333333333,0.6666666666666666
C01121,71.5,599.3000000000001,4,10.118772304220043,6.323821014673654,6200.825,6.323821014673654,3.75,0.8146148592237981,61.0,4.915102867374692,5.114038248828471,0.7982859465443575,0.6874025230513404,0.6499999998375,17049.851000000002,0.5333333333333333,0.39999999999999997,0.06666666666666667,0.3333333333333333,1.8618780756683053,0.0,1.0,1.0,0.0,0.5,0.25,0.25,False,False,False,1,0.5286355979786637,0.18300112296462662,True,False,0.3333333333333333,0.0,0.2,0.4666666666666667
C01122,57.2,720.2,10,10.664343230794683,8.332802590265045,5994.654,8.332802590265045,3.0,0.8096935091090857,33.0,4.054679305829669,4.138619728882837,0.7367378253412118,0.15551911753371997,0.25999999997400003,9322.833,0.7,0.26666666666666666,0.03333333333333333,0.36666666666666664,1.789241830608583,0.0,1.0,1.0,0.2,0.4,0.2,0.2,False,True,False,0,0.8338573834924199,0.40583941605839413,True,False,0.13333333333333333,0.13333333333333333,0.13333333333333333,0.6
C01123,166.4,887.9,8,10.45384951271806,8.072680172415032,4334.57625,8.072680172415032,2.5,0.7862861911423442,31.0,4.385591700838378,4.2810956166505045,0.6416048446976756,0.0,0.0,0.0,0.55,0.25,0.2,0.3,1.951725373297821,0.0,0.0,1.0,0.375,0.375,0.125,0.125,False,False,True,0,0.7058955642897249,0.2833239752947782,True,False,0.1,0.15,0.15,0.6
C01124,29.900000000000002,864.5,10,10.001689003131364,7.896364922322171,2206.27,7.896364922322171,2.9,1.0038767316422192,48.0,4.28128506487235,4.137959041992498,0.6230463592151508,0.107966930611389,0.25999999997400003,2382.0420000000004,0.41379310344827586,0.41379310344827586,0.1724137931034483,0.3103448275862069,2.018694591692116,1.0,0.0,0.0,0.1,0.6,0.1,0.2,False,False,True,0,0.49789444132509825,0.08773161145423924,True,False,0.20689655172413793,0.10344827586206896,0.3793103448275862,0.3103448275862069
C01125,9.1,900.9,8,9.788630980604589,7.828331233221451,2228.61,7.828331233221451,2.5,0.7270871325290131,42.0,4.59511985013459,4.4676806450179045,0.6308067672217677,0.22307301412089697,0.4874999999390625,3977.1420000000003,0.55,0.45,0.0,0.4,1.715409102224138,1.0,0.0,0.0,0.0,0.625,0.125,0.25,False,False,True,0,0.5130544637843908,0.35658338012352614,True,False,0.25,0.25,0.25,0.25
C01126,32.5,917.8000000000001,4,9.770037299476845,7.8316906741299,4375.1050000000005,7.8316906741299,2.5,0.6931471805599453,24.0,5.429345628954441,5.174252186840918,0.5731535744738483,0.48529172442715746,0.32499999991875,8492.809000000001,0.4,0.30000000000000004,0.3,0.3,1.956224768785548,0.0,1.0,1.0,0.0,0.75,0.25,0.0,False,True,False,0,0.6668725435148792,0.3543795620437956,False,True,0.2,0.2,0.1,0.5
C01127,235.3,687.7,5,9.683596207062827,8.006203349546851,3210.224,8.006203349546851,3.0,0.7996422445006162,46.0,4.477336814478207,4.2134902478128,0.568391887993851,0.0,0.0,0.0,0.4666666666666667,0.26666666666666666,0.26666666666666666,0.3333333333333333,1.9366754145057685,0.0,0.0,1.0,0.4,0.2,0.0,0.4,False,False,True,0,0.7058955642897249,0.21678832116788327,True,False,0.26666666666666666,0.06666666666666667,0.26666666666666666,0.4
C01128,124.80000000000001,841.1,7,9.86167704876822,8.048690409937535,2740.0042857142857,8.048690409937535,2.4285714285714284,0.9210226753643587,60.0,4.530805770699229,4.159643770768425,0.5226884281977613,0.0,0.0,0.0,0.47058823529411764,0.47058823529411764,0.058823529411764705,0.29411764705882354,1.948361540611048,1.0,0.0,0.0,0.14285714285714285,0.42857142857142855,0.14285714285714285,0.2857142857142857,True,False,False,0,0.3760247052217855,0.5011510387422796,False,True,0.23529411764705882,0.29411764705882354,0.058823529411764705,0.4117647058823529
C01129,426.40000000000003,873.6,4,9.766121387992026,7.908419843597797,4358.005,7.908419843597797,3.25,0.8146148592237981,65.0,4.750712491278749,4.523173544713559,0.5848471353723191,0.0,0.0,0.0,0.46153846153846156,0.46153846153846156,0.07692307692307693,0.3076923076923077,1.9821196109391868,0.0,0.0,1.0,0.25,0.25,0.0,0.5,True,False,False,0,0.5340819764177429,0.38217293655249857,False,True,0.15384615384615385,0.3076923076923077,0.15384615384615385,0.38461538461538464
C01130,295.1,874.9,6,10.540324929672666,8.413589757869614,6301.474999999999,8.413589757869614,2.8333333333333335,0.7742870681652403,28.0,4.502029427068578,3.7688264529436792,0.38834773529930144,0.0,0.0,0.0,0.5882352941176471,0.23529411764705882,0.17647058823529413,0.4117647058823529,1.7134309422237846,1.0,0.0,0.0,0.0,0.3333333333333333,0.5,0.16666666666666666,False,True,False,0,0.801094890510949,0.13990735541830435,True,False,0.0,0.11764705882352941,0.17647058823529413,0.7058823529411765
C01131,74.10000000000001,733.2,6,9.347707274619012,7.838075286980644,1911.915,7.838075286980644,3.0,1.063802254136828,22.0,4.850075229083814,3.750336117640613,0.2834445653940442,0.18879735762309963,0.4333333332611111,2165.7870000000003,0.2777777777777778,0.5,0.2222222222222222,0.3333333333333333,1.942051444074385,0.0,0.0,1.0,0.16666666666666666,0.3333333333333333,0.16666666666666666,0.3333333333333333,True,False,False,0,0.5265581134194273,0.27578607523862997,False,True,0.2222222222222222,0.16666666666666666,0.3333333333333333,0.2777777777777778
C01132,105.3,828.1,5,9.77141566574319,7.9857068944916865,3504.9120000000003,7.9857068944916865,3.4,0.850851874462102,41.0,4.941642422609304,4.3409348741910545,0.4351369852248663,0.13238671898180995,0.259999999948,2320.019,0.23529411764705882,0.3529411764705882,0.4117647058823529,0.4117647058823529,1.899467874179295,0.0,1.0,1.0,0.0,0.8,0.2,0.0,False,False,False,1,0.7254912970241437,0.3672094329028635,True,False,0.17647058823529413,0.058823529411764705,0.29411764705882354,0.47058823529411764
C01133,235.3,902.2,9,10.244751504814868,7.975833853719399,3125.9433333333336,7.975833853719399,3.2222222222222223,0.7892981091789449,36.0,4.176308500073531,4.470058041674864,0.8530410259490347,0.0,0.0,0.0,0.27586206896551724,0.5517241379310345,0.1724137931034483,0.3103448275862069,2.0225150031994636,0.0,0.0,1.0,0.3333333333333333,0.4444444444444444,0.1111111111111111,0.1111111111111111,True,False,False,0,0.4198203256597417,0.11341942728804044,True,False,0.20689655172413793,0.3103448275862069,0.1724137931034483,0.3103448275862069
C01134,592.8000000000001,787.8000000000001,2,9.387748209534168,6.611907324886533,5970.09,6.611907324886533,4.5,0.5347999967395705,22.0,5.017279836814924,0.0,0.0,0.0,0.0,0.0,0.3333333333333333,0.6666666666666666,0.0,0.4444444444444444,1.6549368375665137,0.0,1.0,1.0,0.5,0.5,0.0,0.0,True,False,False,0,0.4481751824817518,0.0264458169567659,True,False,0.2222222222222222,0.2222222222222222,0.2222222222222222,0.3333333333333333
C01135,161.20000000000002,240.5,2,8.933660222475254,8.467154007838117,3790.985,8.467154007838117,2.5,1.1382560993413577,40.0,4.127134385045092,0.0,0.0,0.0,0.0,0.0,0.4,0.0,0.6,0.6,1.2353517010032051,0.0,0.0,1.0,0.0,0.0,0.0,1.0,False,False,False,1,0.6407916900617631,0.06987647389107243,True,False,0.0,0.0,0.4,0.6
C01136,410.8,803.4,2,8.938553958143121,8.158086228240133,3809.585,8.158086228240133,3.0,0.881373587019543,35.0,5.713732805509369,0.0,0.0,0.0,0.0,0.0,1.0,0.0,0.0,0.8333333333333334,0.5857295715261961,0.0,0.0,1.0,0.0,0.5,0.0,0.5,False,False,True,0,0.6731611454239191,0.18568220101066812,True,False,0.0,0.16666666666666666,0.5,0.3333333333333333
C01137,153.4,899.6,6,9.897067487953692,8.512380035742018,3311.8350000000005,8.512380035742018,1.8333333333333333,0.5611989071173201,51.0,4.751864565138895,4.053859859658101,0.4009218839564584,0.0,0.0,0.0,0.5454545454545454,0.18181818181818182,0.2727272727272727,0.2727272727272727,1.9487398748727103,1.0,0.0,0.0,0.3333333333333333,0.16666666666666666,0.16666666666666666,0.3333333333333333,False,True,False,0,0.49820325659741715,0.2969118472768108,True,False,0.09090909090909091,0.09090909090909091,0.2727272727272727,0.5454545454545454
