Invoice no,Customer id,Product id list,Invoice date,Shopping mall
INV00001,C00841,"P00319,P00030",23/04/2024,TKO
INV00002,C00489,"P00117,P00096,P00239",22/11/2024,ST
INV00003,C00567,"P00117,P00096,P00361",01/06/2024,TKO
INV00004,C00184,"P00117,P00096",14/08/2024,TKO
INV00005,C00870,"P00476,P00497,P00457",21/11/2025,ST
INV00006,C00148,P00108,30/11/2025,MK
INV00007,C00566,P00394,09/12/2025,TKO
INV00008,C00540,"P00074,P00436,P00207",01/10/2024,TKO
INV00009,C00552,"P00198,P00205,P00030,P00121",20/10/2024,ST
INV00010,C01069,"P00403,P00333",23/03/2024,TKO
INV00011,C00565,"P00117,P00096",02/04/2025,MK
INV00012,C00201,"P00324,P00157,P00087,P00300",03/08/2025,CYB
INV00013,C01041,"P00117,P00096,P00423,P00116",28/03/2024,TKO
INV00014,C00409,"P00184,P00337,P00537",03/10/2025,TKO
INV00015,C00225,P00407,24/01/2024,MK
INV00016,C00139,"P00304,P00085",26/09/2025,CYB
INV00017,C01065,"P00117,P00096",14/07/2024,TKO
INV00018,C00185,"P00377,P00309",16/04/2024,ST
INV00019,C00321,"P00426,P00206",19/12/2024,TKO
INV00020,C00433,"P00322,P00088,P00474,P00537,P00290",16/07/2025,TKO
INV00021,C00005,P00485,08/02/2024,TKO
INV00022,C01027,P00363,30/11/2024,MK
INV00023,C00489,P00229,16/09/2024,TKO
INV00024,C00827,"P00117,P00096,P00142",12/12/2024,CYB
INV00025,C00536,"P00117,P00096",08/05/2024,ST
INV00026,C00666,"P00104,P00458,P00331,P00351,P00072",22/10/2024,CYB
INV00027,C00199,"P00067,P00132,P00205",18/10/2025,MK
INV00028,C00583,"P00016,P00245,P00489",09/06/2025,CYB
INV00029,C00128,"P00499,P00417,P00032,P00377",18/06/2024,MK
INV00030,C00233,"P00117,P00096,P00391",13/06/2025,MK
INV00031,C00192,"P00479,P00535,P00117,P00208,P00230",04/05/2025,TKO
INV00032,C00083,"P00513,P00507,P00175,P00303",06/06/2025,TKO
INV00033,C00991,"P00168,P00529,P00482,P00026,P00389",12/10/2024,MK
INV00034,C00362,P00393,22/02/2024,TKO
INV00035,C00047,"P00425,P00413",04/06/2025,ST
INV00036,C00363,P00348,22/08/2025,ST
INV00037,C01007,P00503,20/12/2025,TKO
INV00038,C00917,P00072,21/02/2024,MK
INV00039,C00464,"P00341,P00488,P00253,P00138",17/02/2024,ST
INV00040,C00052,"P00032,P00009,P00085,P00124,P00412",08/01/2024,ST
INV00041,C01114,"P00117,P00096",06/10/2024,ST
INV00042,C01085,"P00117,P00096,P00229,P00020",06/05/2025,TKO
INV00043,C00426,"P00117,P00096",14/01/2025,ST
INV00044,C00864,"P00117,P00096",04/01/2024,CYB
INV00045,C01136,"P00156,P00289,P00401,P00198",22/04/2024,TKO
INV00046,C00022,"P00436,P00340,P00011,P00499",23/03/2025,CYB
INV00047,C00968,"P00434,P00116,P00011,P00184,P00018",27/08/2024,CYB
INV00048,C00769,"P00237,P00437",08/03/2024,TKO
INV00049,C00158,"P00364,P00015,P00190",14/11/2024,MK
INV00050,C00892,"P00117,P00096,P00251",11/05/2024,MK
INV00051,C00519,P00091,30/07/2024,ST
INV00052,C00028,P00307,30/07/2025,CYB
INV00053,C00122,P00287,31/07/2025,MK
INV00054,C01032,"P00117,P00096",27/11/2025,MK
INV00055,C00678,P00512,27/09/2024,TKO
INV00056,C00780,"P00161,P00142,P00083",04/10/2025,TKO
INV00057,C00986,"P00117,P00096,P00490,P00107",12/05/2025,TKO
INV00058,C00458,"P00379,P00259",21/05/2025,TKO
INV00059,C00085,"P00410,P00536,P00512,P00288",06/09/2025,TKO
INV00060,C00316,P00138,10/04/2024,ST
INV00061,C01001,"P00227,P00144,P00277",04/11/2025,TKO
INV00062,C00603,P00503,24/07/2025,TKO
INV00063,C00911,"P00387,P00037",18/03/2024,MK
INV00064,C00522,"P00342,P00147,P00012,P00082,P00006",20/02/2025,ST
INV00065,C00644,"P00413,P00222,P00223",25/12/2025,CYB
INV00066,C00159,"P00108,P00456,P00127",11/06/2024,TKO
INV00067,C01026,"P00518,P00004",14/12/2025,TKO
INV00068,C00351,P00059,18/09/2025,MK
INV00069,C00102,"P00243,P00179,P00340,P00287,P00484",30/07/2024,MK
INV00070,C00252,"P00121,P00109,P00150",02/03/2024,CYB
INV00071,C00986,"P00117,P00096,P00311",01/04/2025,MK
INV00072,C00865,"P00082,P00117,P00203,P00404,P00440",21/01/2024,ST
INV00073,C01053,"P00198,P00229",26/11/2025,TKO
INV00074,C01137,P00245,08/02/2024,CYB
INV00075,C00051,"P00117,P00096,P00420",17/05/2024,ST
INV00076,C00216,"P00062,P00013,P00253,P00508,P00331",25/05/2025,TKO
INV00077,C01115,"P00330,P00194,P00246,P00043",19/01/2024,CYB
INV00078,C00133,"P00117,P00096",24/04/2024,CYB
INV00079,C00357,"P00117,P00096,P00116,P00301",17/05/2024,MK
INV00080,C01130,"P00117,P00096,P00039",04/02/2025,ST
INV00081,C00583,"P00117,P00096",20/11/2025,TKO
INV00082,C00112,"P00117,P00096,P00176",19/03/2024,MK
INV00083,C00653,"P00117,P00096,P00034,P00512",09/03/2024,CYB
INV00084,C00807,"P00067,P00184,P00055,P00111",15/04/2024,MK
INV00085,C00392,"P00117,P00096,P00241,P00516",01/05/2025,TKO
INV00086,C00414,"P00030,P00221",13/07/2025,MK
INV00087,C00919,"P00527,P00200,P00379",06/02/2025,TKO
INV00088,C01069,P00319,18/12/2025,MK
INV00089,C00212,"P00045,P00052,P00418,P00359",11/02/2025,TKO
INV00090,C00684,"P00117,P00096",11/12/2024,TKO
INV00091,C00950,P00361,21/07/2025,CYB
INV00092,C00043,"P00519,P00473,P00189,P00054,P00390",19/09/2024,CYB
INV00093,C00445,"P00117,P00096",17/05/2024,ST
INV00094,C00570,"P00117,P00096,P00432",09/06/2024,CYB
INV00095,C00383,"P00117,P00096,P00024,P00010",28/09/2024,MK
INV00096,C01043,"P00334,P00440,P00053",20/11/2024,CYB
INV00097,C00917,"P00117,P00096,P00080",18/02/2024,TKO
INV00098,C00219,"P00266,P00102,P00350,P00459",25/01/2025,CYB
INV00099,C01066,"P00454,P00155",24/03/2024,TKO
INV00100,C01062,"P00229,P00455,P00343,P00087,P00407",11/05/2025,ST
INV00101,C00857,"P00242,P00132,P00184",08/04/2025,ST
INV00102,C00187,P00099,15/11/2025,MK
INV00103,C00457,"P00117,P00096,P00026",23/02/2025,TKO
INV00104,C01097,"P00187,P00335,P00358,P00495",21/12/2025,CYB
INV00105,C01008,P00066,12/06/2025,ST
INV00106,C00650,"P00117,P00096",05/12/2024,CYB
INV00107,C00367,"P00117,P00096,P00137",27/04/2024,CYB
INV00108,C00499,"P00459,P00414,P00480,P00105,P00507",20/12/2025,TKO
INV00109,C00930,"P00318,P00455",30/09/2024,MK
INV00110,C00265,"P00117,P00096",28/01/2025,ST
INV00111,C00512,P00360,02/03/2024,MK
INV00112,C00538,"P00117,P00096,P00219,P00109",04/07/2024,CYB
INV00113,C00374,"P00248,P00214",16/01/2024,MK
INV00114,C00430,P00421,24/09/2025,MK
INV00115,C00381,"P00117,P00096,P00481,P00464",08/04/2025,MK
INV00116,C00747,"P00079,P00413,P00534",06/05/2025,TKO
INV00117,C00166,"P00117,P00096",20/03/2025,CYB
INV00118,C01051,"P00117,P00096,P00516,P00154",13/02/2025,ST
INV00119,C01044,"P00475,P00335,P00043",06/06/2025,TKO
INV00120,C00184,"P00056,P00021",31/03/2024,ST
INV00121,C01013,"P00274,P00071,P00440",27/11/2025,TKO
INV00122,C01080,"P00307,P00345,P00327,P00484",17/08/2024,MK
INV00123,C00498,"P00117,P00096,P00270,P00327",30/06/2024,TKO
INV00124,C00853,"P00218,P00473,P00253,P00475",02/07/2024,TKO
INV00125,C00845,"P00067,P00094",21/06/2025,TKO
INV00126,C00437,P00232,28/11/2024,CYB
INV00127,C00305,"P00080,P00196",08/02/2025,TKO
INV00128,C00550,"P00249,P00385,P00240",23/08/2025,MK
INV00129,C00320,"P00048,P00093",21/08/2024,TKO
INV00130,C00798,P00247,04/03/2025,MK
INV00131,C00201,"P00117,P00096,P00304",25/09/2025,TKO
INV00132,C00336,"P00117,P00096,P00252,P00499",18/04/2024,CYB
INV00133,C00221,"P00117,P00096",09/04/2024,ST
INV00134,C00450,"P00117,P00096",03/03/2025,CYB
INV00135,C00098,"P00158,P00333",17/09/2025,TKO
INV00136,C00743,"P00296,P00464",03/06/2025,ST
INV00137,C00307,"P00117,P00096,P00259",22/11/2024,MK
INV00138,C00746,"P00117,P00096",01/01/2025,MK
INV00139,C00766,"P00349,P00022,P00120,P00002,P00152",28/11/2025,TKO
INV00140,C00165,"P00183,P00005,P00052",11/11/2024,TKO
INV00141,C00548,"P00075,P00457,P00530",19/12/2025,MK
INV00142,C00448,"P00117,P00096,P00314,P00433",01/02/2024,CYB
INV00143,C01016,"P00529,P00175,P00485",21/09/2025,CYB
INV00144,C00739,"P00117,P00096,P00507",17/02/2025,CYB
INV00145,C00230,"P00176,P00029,P00245,P00359,P00251",01/07/2024,CYB
INV00146,C00309,"P00048,P00282,P00497",31/10/2024,ST
INV00147,C01079,"P00345,P00166",21/12/2024,MK
INV00148,C00525,"P00117,P00096,P00012",15/05/2024,TKO
INV00149,C00239,"P00275,P00086,P00502",17/02/2024,CYB
INV00150,C00926,"P00348,P00227",20/08/2024,MK
INV00151,C00370,P00155,02/02/2024,MK
INV00152,C00986,"P00117,P00096",27/06/2025,ST
INV00153,C00097,"P00359,P00229",30/08/2024,TKO
INV00154,C00338,"P00117,P00096,P00326,P00517",20/03/2025,MK
INV00155,C00161,"P00048,P00065,P00410,P00514",26/07/2024,MK
INV00156,C01123,"P00117,P00096,P00293",12/10/2024,TKO
INV00157,C00917,"P00333,P00146,P00112",19/03/2025,MK
INV00158,C00320,P00040,24/05/2024,MK
INV00159,C01134,"P00206,P00060,P00115,P00091,P00499",01/10/2024,MK
INV00160,C00858,"P00117,P00096",11/06/2025,CYB
INV00161,C00465,"P00117,P00096,P00326,P00302",29/09/2024,MK
INV00162,C00009,"P00175,P00028,P00262,P00492,P00247",08/12/2025,CYB
INV00163,C00779,"P00345,P00495,P00400,P00398,P00059",26/07/2024,MK
INV00164,C01091,P00304,25/11/2025,MK
INV00165,C00772,"P00328,P00300,P00014",13/07/2024,TKO
INV00166,C00238,"P00117,P00096,P00124,P00081",19/04/2025,CYB
INV00167,C00634,"P00365,P00299,P00472,P00363,P00093",26/01/2024,MK
INV00168,C00552,"P00477,P00139,P00412,P00299,P00361",28/10/2024,CYB
INV00169,C00648,"P00117,P00096,P00305",31/01/2024,TKO
INV00170,C01137,"P00261,P00113",15/05/2024,MK
INV00171,C00532,"P00529,P00087,P00349",24/04/2025,TKO
INV00172,C00734,"P00180,P00074,P00278,P00385",31/05/2024,CYB
INV00173,C00413,"P00137,P00133,P00148,P00518",14/01/2025,CYB
INV00174,C00951,"P00117,P00096,P00450",15/05/2025,TKO
INV00175,C00925,"P00117,P00096",08/03/2025,CYB
INV00176,C00027,"P00366,P00299,P00431,P00487",24/09/2024,TKO
INV00177,C01017,P00094,27/12/2024,MK
INV00178,C00004,"P00534,P00535",19/10/2024,CYB
INV00179,C00138,"P00463,P00126,P00355",29/07/2024,MK
INV00180,C00750,P00210,18/10/2025,TKO
INV00181,C00480,"P00171,P00415,P00004",04/08/2025,TKO
INV00182,C00191,"P00247,P00369,P00059,P00278,P00525",14/06/2024,MK
INV00183,C00866,"P00196,P00027,P00355,P00075,P00164",05/07/2025,CYB
INV00184,C00529,"P00117,P00096,P00311",19/01/2024,CYB
INV00185,C00672,"P00013,P00332,P00414,P00021,P00317",31/12/2024,ST
INV00186,C00988,"P00117,P00096,P00471,P00220",24/08/2024,TKO
INV00187,C01009,"P00489,P00083",10/10/2024,MK
INV00188,C01065,"P00420,P00453",08/02/2024,TKO
INV00189,C00746,"P00117,P00096,P00393",26/04/2025,CYB
INV00190,C01126,"P00254,P00469",25/01/2024,TKO
INV00191,C00073,"P00117,P00096,P00100",04/05/2025,TKO
INV00192,C00029,"P00117,P00096",10/09/2025,MK
INV00193,C01058,"P00268,P00055,P00531",05/11/2024,TKO
INV00194,C00464,P00495,15/03/2024,TKO
INV00195,C00853,"P00167,P00060,P00166,P00018",17/11/2024,MK
INV00196,C00770,"P00519,P00270",01/12/2024,TKO
INV00197,C00160,P00027,13/01/2025,TKO
INV00198,C00445,"P00121,P00244,P00503,P00341",01/04/2025,MK
INV00199,C00154,"P00350,P00013",18/01/2024,TKO
INV00200,C00823,"P00130,P00297,P00312,P00230,P00108",11/12/2024,TKO
INV00201,C00040,"P00117,P00096",18/01/2024,CYB
INV00202,C00023,"P00511,P00499,P00535",04/01/2024,TKO
INV00203,C00747,"P00094,P00176,P00155,P00193",03/07/2025,MK
INV00204,C00031,"P00068,P00496,P00295,P00411,P00448",26/05/2024,MK
INV00205,C00593,"P00523,P00488",08/04/2024,TKO
INV00206,C01031,"P00117,P00096,P00487,P00113",26/05/2024,TKO
INV00207,C00957,"P00277,P00315,P00025,P00167",02/04/2025,TKO
INV00208,C00784,"P00117,P00096,P00282",16/07/2024,MK
INV00209,C00031,"P00044,P00063,P00039,P00461",08/02/2024,MK
INV00210,C00398,"P00056,P00291,P00505,P00212",27/03/2024,CYB
INV00211,C00265,"P00094,P00155,P00343,P00222,P00481",20/10/2024,TKO
INV00212,C00387,"P00117,P00096,P00317,P00253",31/03/2024,TKO
INV00213,C00819,P00183,26/12/2025,TKO
INV00214,C01020,"P00105,P00228,P00191,P00227,P00261",16/09/2024,MK
INV00215,C00683,"P00351,P00269",18/12/2024,TKO
INV00216,C00378,"P00117,P00096,P00184",12/03/2025,CYB
INV00217,C00266,"P00501,P00282,P00451,P00532,P00472",12/04/2025,MK
INV00218,C00768,"P00117,P00096",07/06/2024,MK
INV00219,C00226,"P00117,P00096,P00283,P00002",27/09/2025,TKO
INV00220,C00909,"P00379,P00452",01/01/2024,CYB
INV00221,C00484,"P00117,P00096,P00181",02/05/2025,ST
INV00222,C00526,"P00117,P00096,P00439",13/02/2024,CYB
INV00223,C00800,"P00370,P00337",30/11/2024,CYB
INV00224,C00049,"P00157,P00432,P00463",17/03/2025,TKO
INV00225,C01013,"P00333,P00300,P00090,P00162",22/06/2024,ST
INV00226,C00331,"P00117,P00096,P00034,P00173",06/03/2024,TKO
INV00227,C00482,"P00377,P00138,P00513",08/04/2025,CYB
INV00228,C01098,P00298,02/05/2025,ST
INV00229,C00991,"P00117,P00096",20/07/2024,CYB
INV00230,C00035,P00441,12/09/2025,TKO
INV00231,C01089,"P00076,P00458,P00230",12/07/2025,TKO
INV00232,C00995,P00522,14/12/2024,CYB
INV00233,C00172,P00466,08/11/2024,TKO
INV00234,C00394,"P00310,P00076,P00061",25/07/2025,TKO
INV00235,C00646,"P00174,P00222",03/11/2024,CYB
INV00236,C00532,"P00117,P00096",26/05/2025,TKO
INV00237,C00799,"P00437,P00481,P00431",25/07/2024,TKO
INV00238,C00232,"P00117,P00096,P00426",23/03/2025,TKO
INV00239,C00106,"P00174,P00407,P00312",25/09/2024,TKO
INV00240,C01057,"P00117,P00096,P00038,P00186",25/11/2025,CYB
INV00241,C00380,"P00050,P00259,P00040",15/03/2025,TKO
INV00242,C00888,"P00117,P00096,P00462",01/11/2024,TKO
INV00243,C00869,"P00138,P00235,P00267",13/11/2025,CYB
INV00244,C00214,"P00375,P00477,P00036,P00444,P00516",03/12/2024,TKO
INV00245,C00029,"P00117,P00096,P00450",27/08/2025,ST
INV00246,C00540,"P00521,P00272,P00076,P00523",24/08/2024,ST
INV00247,C01036,"P00455,P00481,P00125,P00502,P00347",23/03/2024,MK
INV00248,C00669,"P00117,P00096,P00089,P00342",10/07/2025,ST
INV00249,C00463,"P00117,P00096,P00270,P00498",01/04/2024,TKO
INV00250,C00264,"P00117,P00096,P00075,P00294",22/05/2024,ST
INV00251,C00583,"P00107,P00328,P00075,P00097,P00456",14/08/2025,CYB
INV00252,C00741,"P00471,P00519,P00442,P00156,P00509",17/09/2024,TKO
INV00253,C00723,"P00414,P00330,P00309,P00321,P00188",12/08/2025,MK
INV00254,C00967,"P00056,P00439,P00159,P00030",03/03/2024,CYB
INV00255,C00125,"P00102,P00222,P00499",07/05/2024,TKO
INV00256,C00955,"P00117,P00096,P00451,P00321",24/03/2024,TKO
INV00257,C00591,"P00087,P00104",18/06/2024,ST
INV00258,C00336,"P00307,P00140,P00394",26/07/2024,ST
INV00259,C00921,P00206,24/04/2024,MK
INV00260,C01108,"P00536,P00449,P00210,P00355",06/07/2025,MK
INV00261,C00581,P00049,01/10/2025,ST
INV00262,C00175,"P00312,P00261,P00467",25/01/2025,ST
INV00263,C00471,"P00134,P00219",15/03/2024,CYB
INV00264,C00854,P00409,25/07/2025,ST
INV00265,C01120,"P00207,P00528",27/04/2024,TKO
INV00266,C00817,"P00154,P00469,P00280",16/08/2024,TKO
INV00267,C00158,"P00116,P00130",31/01/2024,MK
INV00268,C01098,"P00252,P00016,P00180,P00324",23/01/2025,ST
INV00269,C00169,P00498,16/06/2025,MK
INV00270,C00253,"P00117,P00096,P00436",03/04/2025,TKO
INV00271,C00847,"P00055,P00150,P00393,P00101",03/10/2025,CYB
INV00272,C00602,"P00117,P00096,P00323,P00334",14/08/2025,CYB
INV00273,C00207,"P00117,P00096,P00171",16/04/2024,ST
INV00274,C00777,"P00385,P00485,P00457",07/12/2024,TKO
INV00275,C01000,"P00117,P00096",13/08/2025,TKO
INV00276,C00874,"P00338,P00050,P00538,P00114",05/10/2025,ST
INV00277,C00316,"P00117,P00096",25/08/2024,ST
INV00278,C00439,P00086,13/05/2024,CYB
INV00279,C00599,"P00325,P00450,P00202",13/02/2025,CYB
INV00280,C01034,"P00105,P00053,P00094,P00352,P00447",22/03/2024,TKO
INV00281,C01069,"P00117,P00096",30/08/2024,MK
INV00282,C00859,"P00359,P00491,P00049,P00482,P00072",07/12/2025,TKO
INV00283,C01067,"P00022,P00397,P00445,P00147",07/09/2025,MK
INV00284,C00622,"P00008,P00425,P00155,P00520,P00277",29/02/2024,ST
INV00285,C00723,"P00169,P00303,P00228",10/11/2025,TKO
INV00286,C00157,P00075,25/01/2025,TKO
INV00287,C01125,"P00378,P00326,P00091,P00307",22/12/2025,ST
INV00288,C00666,"P00117,P00096",19/08/2024,CYB
INV00289,C00203,"P00384,P00471,P00325,P00364,P00155",04/02/2025,MK
INV00290,C00866,"P00192,P00084,P00529",20/08/2024,TKO
INV00291,C00105,"P00029,P00411,P00168,P00231",11/11/2025,MK
INV00292,C00182,"P00076,P00440,P00228",23/03/2025,ST
INV00293,C00716,P00101,04/11/2025,TKO
INV00294,C00321,"P00004,P00429,P00047",08/09/2025,TKO
INV00295,C00597,"P00312,P00295,P00380,P00149,P00529",20/05/2024,MK
INV00296,C00088,"P00532,P00291",04/11/2025,TKO
INV00297,C00291,"P00277,P00016,P00409,P00479,P00361",05/11/2024,ST
INV00298,C00026,"P00117,P00096",18/07/2025,TKO
INV00299,C00528,"P00277,P00201,P00178,P00320,P00142",04/02/2024,MK
INV00300,C00052,"P00370,P00181,P00230,P00286,P00390",25/02/2025,MK
INV00301,C00239,"P00091,P00482,P00274,P00016",07/10/2025,TKO
INV00302,C00763,P00328,20/05/2025,MK
INV00303,C00329,"P00318,P00050,P00513,P00026,P00275",01/02/2024,MK
INV00304,C01027,"P00316,P00058,P00422,P00057,P00110",12/05/2025,CYB
INV00305,C01023,"P00361,P00141",08/01/2025,MK
INV00306,C00355,"P00055,P00007,P00345",29/10/2024,TKO
INV00307,C00199,"P00056,P00076",15/09/2025,CYB
INV00308,C00957,P00372,19/05/2024,TKO
INV00309,C00200,"P00437,P00193,P00187,P00200",10/06/2024,TKO
INV00310,C00624,"P00431,P00486,P00304",03/06/2024,CYB
INV00311,C00331,"P00117,P00096,P00079",16/10/2024,CYB
INV00312,C00331,"P00498,P00437",14/09/2024,MK
INV00313,C00843,"P00411,P00143",22/11/2025,TKO
INV00314,C00571,P00179,21/05/2025,TKO
INV00315,C00098,"P00121,P00372,P00131,P00194",05/02/2025,TKO
INV00316,C00669,"P00206,P00325,P00132",06/12/2025,TKO
INV00317,C00869,"P00117,P00096",08/04/2025,TKO
INV00318,C00368,P00346,18/11/2024,TKO
INV00319,C00766,"P00117,P00096,P00427,P00467",01/09/2024,TKO
INV00320,C00767,"P00470,P00015,P00443",07/06/2024,TKO
INV00321,C00186,"P00117,P00096,P00470",14/05/2025,TKO
INV00322,C00862,"P00117,P00096,P00451,P00387",14/01/2024,TKO
INV00323,C00406,P00385,10/11/2025,CYB
INV00324,C00610,"P00117,P00096,P00035,P00133",09/04/2024,CYB
INV00325,C00189,"P00505,P00215,P00168,P00296,P00230",06/01/2025,TKO
INV00326,C00974,"P00011,P00480,P00004,P00273",04/07/2024,CYB
INV00327,C00247,"P00440,P00210,P00119,P00367,P00236",09/03/2024,TKO
INV00328,C00363,"P00201,P00158",25/06/2024,TKO
INV00329,C01023,P00494,23/02/2024,TKO
INV00330,C00572,"P00282,P00219,P00084,P00305",11/10/2025,CYB
INV00331,C00653,"P00386,P00326,P00424,P00072,P00037",08/02/2024,TKO
INV00332,C01046,"P00117,P00096,P00509",09/10/2025,CYB
INV00333,C00730,P00451,19/09/2024,CYB
INV00334,C00093,"P00340,P00057,P00521,P00435,P00200",15/06/2024,CYB
INV00335,C01024,"P00315,P00236",05/04/2025,CYB
INV00336,C01082,"P00323,P00208,P00152",04/06/2025,TKO
INV00337,C00506,P00397,26/01/2024,CYB
INV00338,C00143,"P00416,P00148,P00124,P00321",12/10/2025,CYB
INV00339,C00271,"P00117,P00096,P00465,P00535",13/11/2025,MK
INV00340,C01048,"P00117,P00096",06/09/2025,CYB
INV00341,C01098,"P00022,P00283,P00299,P00132,P00271",30/11/2024,MK
INV00342,C00639,P00370,07/10/2025,TKO
INV00343,C00529,"P00167,P00414",16/11/2025,ST
INV00344,C00114,P00150,05/02/2024,MK
INV00345,C00938,"P00365,P00455,P00452,P00422",05/10/2025,MK
INV00346,C00255,"P00117,P00096,P00179",20/08/2024,MK
INV00347,C00365,"P00125,P00536",05/07/2024,TKO
INV00348,C00156,"P00497,P00141,P00257,P00151,P00328",30/11/2025,TKO
INV00349,C00698,P00525,23/04/2025,TKO
INV00350,C00541,"P00117,P00096",17/09/2024,MK
INV00351,C00594,"P00408,P00463,P00173,P00454,P00218",19/01/2025,MK
INV00352,C01061,P00036,25/06/2024,TKO
INV00353,C00340,"P00026,P00423,P00263,P00053",16/03/2024,TKO
INV00354,C00690,"P00363,P00408,P00499,P00452",14/06/2025,MK
INV00355,C00952,"P00224,P00059,P00178,P00378",29/02/2024,MK
INV00356,C00620,"P00250,P00339,P00318,P00289,P00447",02/07/2024,ST
INV00357,C00128,"P00507,P00517",27/01/2025,ST
INV00358,C00509,"P00117,P00096,P00135,P00351",01/04/2025,MK
INV00359,C00974,P00435,04/03/2025,ST
INV00360,C00458,"P00355,P00145,P00229,P00407,P00348",29/08/2024,TKO
INV00361,C00539,"P00426,P00469",23/10/2024,MK
INV00362,C00826,"P00117,P00096,P00122",04/08/2024,MK
INV00363,C00157,P00427,19/10/2025,ST
INV00364,C00574,P00342,23/06/2024,TKO
INV00365,C00143,"P00117,P00096,P00296,P00187",02/10/2024,ST
INV00366,C00972,"P00412,P00191,P00151",06/05/2025,CYB
INV00367,C00999,"P00117,P00096,P00375",19/09/2024,MK
INV00368,C01060,"P00117,P00096,P00033",21/11/2025,MK
INV00369,C00292,P00372,28/07/2025,CYB
INV00370,C00834,"P00117,P00096,P00227",14/02/2025,CYB
INV00371,C00089,"P00117,P00096",01/09/2024,MK
INV00372,C00844,"P00117,P00096,P00276",02/08/2025,TKO
INV00373,C00797,"P00117,P00096",13/09/2025,TKO
INV00374,C00626,P00257,05/09/2025,CYB
INV00375,C00946,"P00407,P00215,P00018,P00196",28/11/2025,ST
INV00376,C00156,"P00415,P00525,P00135,P00247,P00236",21/12/2025,ST
INV00377,C00449,"P00139,P00461",20/05/2024,ST
INV00378,C00158,P00411,05/04/2025,TKO
INV00379,C01024,"P00117,P00096",27/06/2025,TKO
INV00380,C00102,"P00117,P00096",11/09/2025,ST
INV00381,C00818,"P00117,P00096,P00468",08/12/2024,MK
INV00382,C00181,"P00117,P00096,P00056",07/11/2025,TKO
INV00383,C00560,P00096,09/05/2025,TKO
INV00384,C00755,"P00213,P00092,P00013,P00128,P00435",24/01/2024,CYB
INV00385,C00221,"P00316,P00185,P00209,P00283",29/03/2025,TKO
INV00386,C00900,"P00117,P00096,P00520,P00535",22/07/2024,ST
INV00387,C00448,P00009,28/08/2025,CYB
INV00388,C00050,"P00136,P00113,P00051",30/12/2024,CYB
INV00389,C00993,"P00120,P00403,P00056",16/10/2024,CYB
INV00390,C00353,"P00462,P00025,P00515",13/12/2024,TKO
INV00391,C00999,"P00117,P00096,P00189",18/01/2024,TKO
INV00392,C00422,"P00171,P00382",05/10/2025,TKO
INV00393,C00678,"P00213,P00318",24/01/2025,MK
INV00394,C00037,"P00117,P00096",15/03/2025,MK
INV00395,C00922,"P00223,P00483",14/05/2024,TKO
INV00396,C01040,"P00038,P00373,P00501,P00136",23/01/2025,CYB
INV00397,C01089,"P00470,P00042,P00372,P00320,P00523",02/04/2025,TKO
INV00398,C00893,"P00162,P00405",26/02/2025,MK
INV00399,C00529,"P00117,P00096,P00465",04/01/2025,MK
INV00400,C00293,"P00039,P00177,P00460,P00268",07/04/2025,TKO
INV00401,C00104,P00383,30/07/2024,TKO
INV00402,C00764,"P00117,P00096",26/04/2024,MK
INV00403,C01037,"P00117,P00096,P00285",05/09/2024,TKO
INV00404,C00128,"P00117,P00096",29/09/2025,TKO
INV00405,C00271,P00274,31/12/2025,TKO
INV00406,C00226,"P00091,P00034,P00440,P00309,P00368",29/08/2024,ST
INV00407,C01105,"P00117,P00096,P00287,P00252",28/11/2025,CYB
INV00408,C00408,"P00400,P00256",23/09/2024,ST
INV00409,C00954,"P00117,P00096",14/10/2025,MK
INV00410,C00956,"P00117,P00096,P00150",21/05/2024,CYB
INV00411,C01012,"P00533,P00012,P00022,P00062,P00403",12/09/2025,CYB
INV00412,C00703,"P00117,P00096",07/03/2024,CYB
INV00413,C00489,"P00206,P00162,P00434",25/02/2025,TKO
INV00414,C00780,"P00117,P00096,P00335,P00170",30/01/2025,CYB
INV00415,C00319,"P00218,P00034,P00038",11/09/2025,TKO
INV00416,C00662,"P00096,P00314",03/06/2025,TKO
INV00417,C00367,"P00117,P00096,P00254",27/11/2025,TKO
INV00418,C00722,"P00284,P00487,P00166",12/12/2025,CYB
INV00419,C01098,"P00381,P00179",06/12/2024,TKO
INV00420,C00016,"P00076,P00326,P00375",29/05/2025,TKO
INV00421,C00222,"P00401,P00406,P00330,P00170",07/05/2025,ST
INV00422,C00514,"P00530,P00203,P00035",18/12/2025,MK
INV00423,C00735,"P00440,P00281",12/08/2025,CYB
INV00424,C00860,P00204,22/01/2025,TKO
INV00425,C00881,"P00117,P00096",15/06/2024,MK
INV00426,C00088,P00187,30/08/2024,CYB
INV00427,C01037,"P00117,P00096,P00418,P00521",15/05/2025,CYB
INV00428,C00583,P00505,12/07/2024,MK
INV00429,C00173,"P00333,P00176,P00324,P00331",10/10/2024,TKO
INV00430,C00289,"P00038,P00171,P00231,P00106,P00247",15/12/2024,TKO
INV00431,C00984,"P00117,P00096,P00380,P00523",29/10/2024,MK
INV00432,C00950,"P00537,P00367",28/04/2024,TKO
INV00433,C00135,"P00279,P00436,P00182,P00356,P00084",14/11/2025,TKO
INV00434,C00380,"P00254,P00061,P00285,P00198",07/09/2025,TKO
INV00435,C00740,"P00325,P00462,P00197,P00330,P00055",05/06/2025,MK
INV00436,C00180,"P00495,P00285",09/05/2025,TKO
INV00437,C00104,"P00046,P00120,P00394",15/11/2024,ST
INV00438,C00697,"P00284,P00170",15/10/2025,TKO
INV00439,C00509,P00155,25/09/2024,ST
INV00440,C00831,"P00461,P00068,P00539,P00230",24/03/2025,TKO
INV00441,C00449,"P00467,P00052,P00536,P00086",05/03/2024,MK
INV00442,C01133,"P00093,P00260,P00261,P00180",28/08/2024,TKO
INV00443,C00541,"P00255,P00010,P00257",06/10/2024,TKO
INV00444,C00695,"P00117,P00096,P00336",11/08/2025,CYB
INV00445,C00225,P00315,01/11/2025,TKO
INV00446,C00029,"P00117,P00096,P00128,P00067",04/01/2025,MK
INV00447,C00759,P00045,16/05/2024,TKO
INV00448,C00314,"P00152,P00010",05/02/2025,TKO
INV00449,C01112,"P00435,P00280,P00421",30/04/2025,CYB
INV00450,C00843,"P00152,P00384",15/09/2024,CYB
INV00451,C00166,"P00226,P00468,P00214",09/01/2025,ST
INV00452,C00028,"P00328,P00347,P00510,P00331",18/08/2024,CYB
INV00453,C01077,"P00048,P00322,P00214,P00242,P00246",23/01/2024,ST
INV00454,C00349,"P00483,P00535,P00130,P00152",04/12/2025,CYB
INV00455,C00250,"P00435,P00278,P00070,P00479",24/08/2024,TKO
INV00456,C00218,"P00370,P00128,P00464",01/05/2025,TKO
INV00457,C00388,"P00467,P00274,P00125,P00517",16/04/2025,TKO
INV00458,C00662,"P00432,P00141,P00053,P00228",09/09/2025,TKO
INV00459,C00799,"P00004,P00074,P00199,P00076",25/11/2025,MK
INV00460,C01108,"P00498,P00404,P00259,P00496,P00340",08/03/2025,CYB
INV00461,C00841,"P00136,P00446",29/07/2025,ST
INV00462,C00371,"P00397,P00001,P00100,P00310",12/05/2025,CYB
INV00463,C00604,P00130,03/11/2024,TKO
INV00464,C00220,"P00054,P00194",29/04/2024,MK
INV00465,C00380,P00125,28/06/2025,TKO
INV00466,C00307,"P00117,P00096",06/06/2025,CYB
INV00467,C00369,"P00117,P00096,P00461",05/07/2025,ST
INV00468,C00687,"P00483,P00075,P00412",08/06/2025,ST
INV00469,C00051,"P00525,P00269,P00371,P00467,P00172",25/01/2024,TKO
INV00470,C00386,"P00398,P00431",18/11/2025,MK
INV00471,C00173,"P00117,P00096,P00524,P00475",07/12/2024,CYB
INV00472,C00253,P00514,11/04/2025,MK
INV00473,C00963,"P00257,P00332,P00168,P00455,P00313",28/07/2024,MK
INV00474,C00021,"P00333,P00483,P00012",02/10/2024,CYB
INV00475,C00703,"P00475,P00199",17/08/2024,MK
INV00476,C00618,"P00117,P00096,P00461",12/03/2025,TKO
INV00477,C00611,"P00509,P00194,P00080,P00236",26/03/2024,TKO
INV00478,C00993,"P00136,P00499,P00189,P00169",09/05/2025,TKO
INV00479,C00561,P00331,12/12/2024,TKO
INV00480,C00325,P00451,22/10/2025,TKO
INV00481,C00514,P00093,11/10/2025,TKO
INV00482,C00919,P00030,18/10/2024,TKO
INV00483,C00490,"P00117,P00096",18/08/2024,MK
INV00484,C00097,"P00117,P00096",30/04/2025,CYB
INV00485,C00153,P00493,05/03/2025,TKO
INV00486,C00041,P00193,31/05/2024,ST
INV00487,C00182,"P00230,P00096",22/09/2024,TKO
INV00488,C00637,"P00117,P00096",24/12/2024,TKO
INV00489,C00216,P00142,01/02/2025,TKO
INV00490,C00052,"P00257,P00425,P00521",27/05/2024,ST
INV00491,C00313,"P00218,P00375",20/01/2025,MK
INV00492,C01081,"P00132,P00489,P00003",16/02/2024,ST
INV00493,C00669,"P00117,P00096,P00219",26/02/2025,MK
INV00494,C00583,"P00537,P00192,P00474,P00539,P00295",14/02/2025,ST
INV00495,C00712,"P00068,P00266,P00525",28/06/2024,ST
INV00496,C00043,"P00410,P00085",21/07/2024,MK
INV00497,C00389,"P00117,P00096,P00103,P00314",19/07/2025,MK
INV00498,C00413,"P00117,P00096,P00042",01/03/2024,CYB
INV00499,C00633,"P00488,P00273,P00256,P00085,P00334",18/09/2024,TKO
INV00500,C00256,"P00065,P00472,P00526,P00536,P00038",30/01/2024,CYB
INV00501,C00570,"P00086,P00361,P00254,P00013,P00429",06/02/2025,TKO
INV00502,C00955,P00358,21/06/2024,CYB
INV00503,C00076,"P00117,P00096",25/02/2025,TKO
INV00504,C00741,"P00322,P00172",16/05/2025,ST
INV00505,C01122,P00491,12/09/2024,CYB
INV00506,C00960,"P00117,P00096,P00495,P00136",30/06/2024,TKO
INV00507,C00992,"P00452,P00470",30/05/2025,TKO
INV00508,C00169,P00337,26/11/2025,TKO
INV00509,C00130,"P00136,P00060,P00341,P00253",11/02/2024,CYB
INV00510,C00421,"P00062,P00247,P00137,P00267",27/10/2025,TKO
INV00511,C00745,"P00349,P00163,P00031,P00464",30/12/2025,MK
INV00512,C00464,P00014,17/11/2025,TKO
INV00513,C00727,"P00200,P00419",25/09/2025,MK
INV00514,C00037,P00048,05/11/2024,ST
INV00515,C00166,"P00228,P00251",30/01/2025,CYB
INV00516,C00446,"P00117,P00096",18/02/2024,TKO
INV00517,C00278,"P00342,P00299",16/05/2025,TKO
INV00518,C00126,"P00230,P00216,P00245",12/07/2024,TKO
INV00519,C00805,"P00117,P00096",20/09/2024,MK
INV00520,C00921,"P00126,P00519,P00254",09/02/2025,CYB
INV00521,C00249,"P00025,P00145,P00008,P00408,P00285",12/01/2024,MK
INV00522,C00964,P00148,03/06/2025,TKO
INV00523,C00687,P00296,07/09/2025,CYB
INV00524,C00881,P00154,22/05/2024,CYB
INV00525,C00330,P00288,28/03/2025,CYB
INV00526,C01034,"P00117,P00096",29/11/2025,ST
INV00527,C00220,"P00355,P00521,P00377,P00293,P00185",04/12/2025,TKO
INV00528,C00101,"P00075,P00512,P00387",26/09/2024,TKO
INV00529,C00184,"P00117,P00096",16/07/2024,TKO
INV00530,C01039,"P00379,P00482",04/03/2024,CYB
INV00531,C01099,"P00282,P00387,P00333,P00085,P00218",07/08/2025,ST
INV00532,C00250,"P00117,P00096,P00195",29/01/2024,MK
INV00533,C00511,"P00082,P00536,P00206",05/10/2024,CYB
INV00534,C00578,"P00117,P00096,P00479",03/03/2024,TKO
INV00535,C00287,"P00117,P00096",23/04/2024,MK
INV00536,C00911,"P00421,P00319",26/04/2024,CYB
INV00537,C01085,"P00117,P00096,P00483",29/03/2024,TKO
INV00538,C00811,"P00506,P00373,P00442,P00162",20/02/2025,TKO
INV00539,C00794,"P00180,P00243,P00452",15/02/2024,TKO
INV00540,C00195,"P00117,P00096,P00211",23/12/2024,TKO
INV00541,C00124,"P00125,P00394,P00531",31/01/2024,ST
INV00542,C00685,"P00331,P00134,P00280,P00260,P00142",08/04/2025,CYB
INV00543,C00021,P00391,18/04/2024,TKO
INV00544,C00208,P00219,09/12/2025,TKO
INV00545,C00648,"P00522,P00249",17/06/2025,ST
INV00546,C00588,P00334,19/05/2025,CYB
INV00547,C00553,"P00315,P00210",31/05/2025,TKO
INV00548,C01081,"P00385,P00428,P00134,P00078,P00521",04/06/2024,TKO
INV00549,C00304,"P00117,P00096,P00058,P00315",15/11/2024,ST
INV00550,C01076,"P00049,P00043,P00082,P00403,P00085",02/01/2025,TKO
INV00551,C00191,"P00511,P00036,P00188,P00025,P00164",07/02/2025,TKO
INV00552,C00343,"P00129,P00038,P00148,P00474,P00069",07/01/2024,ST
INV00553,C00500,"P00181,P00302,P00403,P00265,P00281",13/02/2025,CYB
INV00554,C00413,"P00178,P00136,P00268,P00011,P00315",25/04/2024,TKO
INV00555,C00137,"P00369,P00025,P00419,P00388,P00405",13/02/2024,TKO
INV00556,C00471,"P00307,P00178,P00496",27/01/2025,CYB
INV00557,C00511,"P00090,P00478,P00376",12/09/2025,CYB
INV00558,C00778,"P00158,P00173,P00029,P00099,P00324",13/08/2025,TKO
INV00559,C01132,"P00232,P00468",03/04/2024,TKO
INV00560,C00867,"P00523,P00500",25/03/2025,MK
INV00561,C00854,"P00117,P00096,P00509,P00482",19/05/2025,MK
INV00562,C00922,"P00335,P00169,P00019",08/02/2024,ST
INV00563,C00607,P00303,18/12/2024,CYB
INV00564,C00036,"P00190,P00286",11/06/2025,MK
INV00565,C00613,"P00117,P00096,P00490",03/12/2024,ST
INV00566,C00889,"P00293,P00286,P00133,P00340",27/02/2024,CYB
INV00567,C01009,"P00170,P00392,P00094,P00286,P00277",17/02/2024,CYB
INV00568,C00833,P00182,15/02/2025,TKO
INV00569,C00241,"P00117,P00096,P00502,P00326",29/02/2024,TKO
INV00570,C00649,"P00117,P00096,P00469,P00352",20/03/2024,CYB
INV00571,C00398,"P00117,P00096,P00419",11/05/2025,TKO
INV00572,C00250,"P00252,P00148",07/04/2024,TKO
INV00573,C00582,"P00117,P00096",13/12/2025,CYB
INV00574,C00164,P00070,22/07/2024,MK
INV00575,C00270,"P00527,P00296,P00519,P00232",29/03/2024,MK
INV00576,C00882,P00274,17/10/2024,ST
INV00577,C01017,"P00165,P00114,P00135",07/10/2025,CYB
INV00578,C00404,"P00292,P00072,P00108,P00134,P00288",28/06/2024,TKO
INV00579,C00607,"P00094,P00016,P00096",24/12/2025,CYB
INV00580,C00120,"P00514,P00529",13/09/2024,MK
INV00581,C00343,"P00117,P00096",16/01/2025,TKO
INV00582,C00826,"P00117,P00096,P00295,P00266",15/01/2025,MK
INV00583,C00031,"P00163,P00129,P00038,P00161",08/09/2025,TKO
INV00584,C00280,"P00383,P00384,P00159,P00203",30/05/2025,CYB
INV00585,C00428,"P00067,P00536,P00461,P00050",23/08/2024,ST
INV00586,C00898,"P00015,P00245,P00004,P00288,P00482",11/06/2024,TKO
INV00587,C00770,"P00503,P00194,P00348,P00232",30/04/2024,TKO
INV00588,C00251,"P00360,P00064,P00061",13/04/2024,ST
INV00589,C00163,"P00117,P00096,P00187",03/04/2025,ST
INV00590,C00625,"P00464,P00360,P00167",14/07/2024,CYB
INV00591,C00809,P00168,16/10/2025,CYB
INV00592,C00913,"P00177,P00137,P00524",09/07/2025,ST
INV00593,C00301,"P00336,P00061,P00302,P00126,P00141",16/04/2024,MK
INV00594,C00402,"P00087,P00315,P00043",13/05/2024,CYB
INV00595,C00866,"P00482,P00222",13/04/2025,TKO
INV00596,C00088,"P00104,P00293",13/04/2025,MK
INV00597,C00740,"P00092,P00458,P00461,P00044,P00371",09/12/2025,MK
INV00598,C00128,"P00430,P00420,P00137,P00053",25/10/2024,ST
INV00599,C00644,"P00425,P00443,P00294,P00072",15/02/2024,MK
INV00600,C01009,"P00117,P00096,P00390",07/11/2025,TKO
INV00601,C00864,"P00385,P00274,P00039",28/02/2024,TKO
INV00602,C00552,"P00117,P00096",15/04/2024,MK
INV00603,C00591,"P00287,P00085,P00032,P00256,P00382",24/01/2024,TKO
INV00604,C00318,"P00117,P00096",14/01/2024,MK
INV00605,C00857,"P00117,P00096",16/07/2024,TKO
INV00606,C00094,P00445,14/03/2025,MK
INV00607,C00449,"P00496,P00395,P00347,P00166,P00530",21/07/2025,CYB
INV00608,C00724,P00058,07/12/2025,CYB
INV00609,C00908,P00320,16/10/2024,TKO
INV00610,C00533,P00061,09/02/2025,TKO
INV00611,C01105,"P00358,P00286,P00472,P00231",06/11/2024,CYB
INV00612,C00968,"P00117,P00096,P00210,P00278",15/05/2024,CYB
INV00613,C00873,P00074,27/07/2025,TKO
INV00614,C00358,"P00117,P00096,P00331",11/11/2025,TKO
INV00615,C00306,"P00355,P00313",01/07/2024,MK
INV00616,C00701,"P00459,P00245",29/07/2025,TKO
INV00617,C00552,"P00117,P00096",23/01/2025,MK
INV00618,C00321,P00147,16/12/2025,MK
INV00619,C00151,"P00167,P00012,P00368",20/03/2025,ST
INV00620,C00727,"P00117,P00096",29/05/2025,CYB
INV00621,C00877,"P00017,P00009",04/09/2024,MK
INV00622,C00043,P00394,04/07/2024,ST
INV00623,C00683,"P00117,P00096",06/03/2025,ST
INV00624,C01033,"P00318,P00131",20/03/2024,MK
INV00625,C00825,"P00117,P00096,P00046",16/01/2024,TKO
INV00626,C00845,"P00418,P00018",26/08/2025,MK
INV00627,C00508,"P00117,P00096,P00064",10/11/2024,TKO
INV00628,C00992,P00148,30/11/2024,ST
INV00629,C00026,"P00360,P00303,P00070,P00415",02/10/2024,ST
INV00630,C00363,"P00030,P00104,P00111,P00454,P00347",11/12/2024,MK
INV00631,C01052,"P00117,P00096,P00360",01/08/2024,TKO
INV00632,C00279,"P00043,P00378",07/05/2025,TKO
INV00633,C00704,"P00136,P00385,P00254,P00265",02/07/2025,TKO
INV00634,C01084,"P00327,P00095,P00071",03/07/2024,ST
INV00635,C00141,"P00402,P00108,P00485",09/10/2024,CYB
INV00636,C00853,"P00012,P00351,P00444,P00173,P00225",11/03/2025,CYB
INV00637,C00313,"P00117,P00096,P00055",20/12/2025,TKO
INV00638,C00825,"P00498,P00362,P00521,P00182",31/03/2025,ST
INV00639,C00216,"P00396,P00058,P00256,P00330,P00080",29/10/2025,CYB
INV00640,C00785,P00113,11/07/2025,ST
INV00641,C00806,"P00117,P00096,P00246,P00423",28/05/2025,TKO
INV00642,C00795,"P00117,P00096,P00500,P00323",01/04/2024,CYB
INV00643,C00746,"P00174,P00059",19/08/2025,TKO
INV00644,C00025,"P00117,P00096",20/02/2024,TKO
INV00645,C01112,"P00117,P00096",05/01/2024,TKO
INV00646,C00136,"P00117,P00096,P00458,P00247",13/12/2025,CYB
INV00647,C01067,"P00258,P00007,P00013,P00296,P00052",25/10/2024,TKO
INV00648,C00329,"P00117,P00096,P00265",03/11/2025,MK
INV00649,C00446,"P00117,P00096,P00093,P00528",28/02/2024,CYB
INV00650,C00440,"P00331,P00128,P00389",28/01/2024,ST
INV00651,C00714,"P00129,P00100,P00495",24/08/2025,TKO
INV00652,C00829,"P00024,P00346",05/02/2025,CYB
INV00653,C00067,"P00272,P00268,P00532,P00463,P00026",20/11/2025,ST
INV00654,C00203,"P00216,P00412,P00303,P00195",15/09/2024,TKO
INV00655,C00949,P00048,21/01/2024,CYB
INV00656,C00894,"P00483,P00504,P00428,P00381",04/09/2024,CYB
INV00657,C00523,"P00117,P00096",12/04/2025,MK
INV00658,C00379,"P00117,P00096,P00011",11/03/2024,ST
INV00659,C00602,"P00117,P00096",11/06/2024,CYB
INV00660,C01081,"P00185,P00242,P00464,P00106,P00052",27/03/2024,TKO
INV00661,C00486,"P00117,P00096,P00409,P00279",31/10/2024,CYB
INV00662,C00180,"P00117,P00096,P00461",17/04/2025,TKO
INV00663,C01027,P00237,12/01/2024,CYB
INV00664,C00330,"P00156,P00160,P00155,P00293",26/09/2025,MK
INV00665,C00679,"P00117,P00096",29/06/2025,MK
INV00666,C00377,P00393,17/05/2024,MK
INV00667,C00225,P00084,29/10/2025,CYB
INV00668,C00766,"P00042,P00241,P00333",14/03/2024,MK
INV00669,C00201,"P00258,P00484,P00103,P00141,P00244",27/05/2024,TKO
INV00670,C01053,"P00117,P00096,P00082,P00204",21/10/2025,TKO
INV00671,C00490,"P00117,P00096,P00119,P00133",15/03/2025,MK
INV00672,C00683,"P00117,P00096,P00100,P00124",09/09/2024,CYB
INV00673,C01009,"P00117,P00096,P00435",02/11/2024,CYB
INV00674,C00548,"P00006,P00119,P00438,P00460,P00526",20/02/2024,MK
INV00675,C01086,"P00117,P00096,P00311,P00409",15/03/2025,ST
INV00676,C00509,"P00309,P00477",16/10/2024,CYB
INV00677,C00079,"P00187,P00149,P00360",27/05/2025,TKO
INV00678,C00416,"P00048,P00213,P00013,P00064",11/11/2025,MK
INV00679,C00185,P00231,30/11/2024,TKO
INV00680,C00880,P00404,19/09/2024,MK
INV00681,C00924,P00294,14/02/2024,TKO
INV00682,C00612,"P00181,P00119,P00011",15/08/2025,ST
INV00683,C00776,P00297,05/08/2025,CYB
INV00684,C00710,"P00001,P00047,P00259,P00085",19/05/2025,TKO
INV00685,C00149,"P00083,P00359,P00348,P00259",12/04/2024,TKO
INV00686,C00629,"P00117,P00096,P00204,P00158",13/03/2025,ST
INV00687,C00197,"P00041,P00061,P00338",16/04/2025,CYB
INV00688,C00811,"P00217,P00235",11/09/2024,ST
INV00689,C00955,"P00333,P00056,P00094,P00061",22/05/2024,TKO
INV00690,C00611,"P00285,P00357",18/07/2025,TKO
INV00691,C01086,"P00012,P00459,P00218,P00334,P00132",10/02/2025,TKO
INV00692,C00694,"P00280,P00290",14/11/2024,CYB
INV00693,C00307,"P00084,P00399,P00337,P00076",15/08/2024,ST
INV00694,C00639,"P00117,P00096,P00298",20/12/2025,TKO
INV00695,C00477,"P00046,P00218,P00064,P00428,P00190",05/07/2025,MK
INV00696,C00261,"P00188,P00520,P00308",07/09/2024,TKO
INV00697,C00716,P00475,22/09/2025,MK
INV00698,C00526,"P00117,P00096,P00534",09/04/2024,MK
INV00699,C01080,"P00472,P00260",16/10/2025,TKO
INV00700,C00856,P00393,30/12/2025,TKO
INV00701,C00952,"P00230,P00258,P00222,P00056",02/07/2024,CYB
INV00702,C00236,"P00117,P00096",24/06/2024,MK
INV00703,C01133,"P00384,P00422",03/07/2025,MK
INV00704,C00302,"P00348,P00061,P00087,P00274",12/06/2025,MK
INV00705,C00738,"P00249,P00494",21/12/2024,ST
INV00706,C00445,"P00117,P00096,P00434,P00383",21/09/2025,CYB
INV00707,C00554,"P00309,P00120",06/01/2024,MK
INV00708,C00288,"P00193,P00292,P00248,P00235,P00197",15/11/2025,CYB
INV00709,C00375,"P00117,P00096,P00064,P00005",25/06/2025,MK
INV00710,C00630,"P00112,P00340,P00078,P00064,P00110",28/12/2024,TKO
INV00711,C01026,"P00117,P00096,P00522,P00310",15/03/2024,MK
INV00712,C00960,"P00239,P00186,P00190,P00119,P00280",12/02/2025,CYB
INV00713,C01084,P00413,01/07/2025,TKO
INV00714,C00950,"P00117,P00096,P00482",13/10/2024,MK
INV00715,C00803,"P00025,P00470",07/10/2024,CYB
INV00716,C00563,P00386,16/01/2024,CYB
INV00717,C01064,"P00270,P00244",02/08/2025,ST
INV00718,C00680,"P00040,P00080,P00191,P00172,P00372",31/05/2025,TKO
INV00719,C00137,"P00468,P00316,P00456,P00472",01/08/2024,MK
INV00720,C01119,"P00110,P00486,P00413",20/02/2024,ST
INV00721,C00585,"P00118,P00130,P00009",18/03/2025,CYB
INV00722,C00477,"P00182,P00490",09/03/2024,MK
INV00723,C00718,"P00410,P00322",03/07/2024,TKO
INV00724,C00368,"P00117,P00096,P00510,P00235",03/02/2024,ST
INV00725,C00599,"P00117,P00096",31/08/2025,TKO
INV00726,C00042,"P00117,P00096,P00470,P00243",01/10/2024,MK
INV00727,C01125,"P00174,P00285",05/10/2025,CYB
INV00728,C00794,"P00049,P00425,P00156",04/02/2024,CYB
INV00729,C00383,"P00508,P00495,P00328,P00476",30/05/2025,ST
INV00730,C00373,"P00129,P00506",25/01/2025,TKO
INV00731,C00403,"P00074,P00373",13/01/2025,CYB
INV00732,C00094,"P00424,P00234",04/12/2024,TKO
INV00733,C00351,"P00117,P00096,P00329,P00340",07/05/2024,MK
INV00734,C00113,"P00002,P00510,P00469,P00283",13/01/2025,TKO
INV00735,C01076,P00444,07/03/2025,CYB
INV00736,C01002,"P00529,P00508,P00095",13/07/2025,TKO
INV00737,C00571,"P00117,P00096",13/08/2024,CYB
INV00738,C00894,"P00095,P00151",08/02/2024,CYB
INV00739,C00728,P00143,08/06/2025,ST
INV00740,C00998,"P00478,P00296,P00035,P00405,P00125",16/09/2024,TKO
INV00741,C00456,"P00029,P00326,P00285",15/10/2024,ST
INV00742,C01014,P00460,04/02/2024,ST
INV00743,C00732,"P00085,P00063,P00044,P00459",31/07/2025,MK
INV00744,C00631,"P00403,P00260",29/01/2024,CYB
INV00745,C00736,P00083,22/02/2024,TKO
INV00746,C00201,"P00425,P00267,P00422,P00444,P00214",03/12/2024,MK
INV00747,C00419,"P00006,P00412,P00418",20/04/2025,TKO
INV00748,C00836,"P00117,P00096,P00376,P00141",18/05/2024,CYB
INV00749,C00865,"P00408,P00248,P00498,P00243,P00448",06/08/2024,TKO
INV00750,C00169,"P00002,P00267,P00135,P00076,P00123",10/10/2024,MK
INV00751,C00816,P00154,19/03/2025,CYB
INV00752,C00990,"P00423,P00098,P00341",24/08/2025,MK
INV00753,C00222,"P00117,P00096,P00371",05/07/2025,ST
INV00754,C00524,"P00446,P00230,P00031,P00348,P00137",18/12/2024,CYB
INV00755,C00641,"P00344,P00473,P00302,P00350,P00390",08/04/2024,CYB
INV00756,C00642,P00384,08/12/2024,ST
INV00757,C01123,"P00235,P00015,P00263,P00024",10/08/2024,TKO
INV00758,C00662,"P00117,P00096,P00381",31/01/2025,MK
INV00759,C00997,"P00445,P00234,P00240,P00231",29/07/2024,ST
INV00760,C00027,P00218,09/02/2025,CYB
INV00761,C00093,"P00368,P00321,P00185",30/03/2024,TKO
INV00762,C00739,"P00508,P00388,P00483",23/02/2024,MK
INV00763,C00881,P00376,18/12/2025,CYB
INV00764,C01075,"P00117,P00096,P00441,P00405",26/12/2024,TKO
INV00765,C00349,"P00208,P00394,P00121",26/07/2024,ST
INV00766,C01124,"P00117,P00096,P00424,P00422",06/03/2024,ST
INV00767,C00698,"P00264,P00255,P00400,P00525",24/03/2025,CYB
INV00768,C00804,"P00275,P00173,P00283",15/09/2025,ST
INV00769,C00866,"P00183,P00508",22/10/2024,TKO
INV00770,C00149,"P00151,P00407,P00217",30/04/2024,TKO
INV00771,C00970,"P00117,P00096",05/08/2025,TKO
INV00772,C00358,P00290,13/04/2024,TKO
INV00773,C00693,P00127,09/03/2024,MK
INV00774,C00970,"P00117,P00096",21/12/2025,ST
INV00775,C00970,"P00403,P00271,P00171,P00055",18/08/2025,TKO
INV00776,C00254,"P00117,P00096,P00459,P00213",19/02/2025,CYB
INV00777,C00723,"P00150,P00041,P00422,P00443,P00199",05/12/2025,CYB
INV00778,C00160,"P00224,P00222,P00416",05/06/2024,CYB
INV00779,C00038,"P00117,P00096,P00409",13/10/2024,TKO
INV00780,C00937,"P00302,P00421,P00055",05/11/2024,MK
INV00781,C00694,P00383,25/01/2024,MK
INV00782,C00012,"P00408,P00253,P00409,P00380,P00437",17/10/2025,MK
INV00783,C00113,"P00455,P00478,P00439,P00263",27/09/2024,MK
INV00784,C00003,"P00302,P00372,P00286",06/11/2024,CYB
INV00785,C00735,"P00516,P00204",17/12/2025,ST
INV00786,C00356,"P00117,P00096,P00343,P00521",24/05/2025,ST
INV00787,C00624,P00245,12/10/2025,CYB
INV00788,C00077,"P00494,P00472,P00255,P00176",03/07/2025,TKO
INV00789,C00474,"P00117,P00096,P00381,P00236",11/12/2024,TKO
INV00790,C01116,"P00536,P00537",28/08/2024,MK
INV00791,C00126,"P00532,P00125",22/06/2025,MK
INV00792,C01037,"P00275,P00074,P00199,P00217,P00188",07/04/2025,CYB
INV00793,C01006,"P00046,P00245,P00207,P00109",10/09/2025,CYB
INV00794,C00016,"P00538,P00522,P00301,P00279,P00274",17/01/2025,MK
INV00795,C00715,P00145,28/10/2024,MK
INV00796,C00054,"P00039,P00198,P00086",11/07/2025,TKO
INV00797,C00250,"P00326,P00380,P00267,P00428",15/03/2025,TKO
INV00798,C00857,"P00117,P00096,P00526,P00107",25/12/2025,CYB
INV00799,C00110,"P00117,P00096,P00247",11/01/2024,ST
INV00800,C00497,"P00117,P00096",08/09/2024,MK
INV00801,C01037,"P00409,P00093,P00026,P00191,P00414",27/09/2025,TKO
INV00802,C00701,"P00117,P00096",19/11/2024,MK
INV00803,C00963,"P00190,P00347,P00539,P00371,P00097",20/02/2024,TKO
INV00804,C00525,"P00117,P00096",20/03/2025,MK
INV00805,C00064,"P00400,P00528,P00516",23/08/2024,CYB
INV00806,C00875,"P00141,P00468",08/05/2025,TKO
INV00807,C00904,P00217,08/03/2025,TKO
INV00808,C00306,"P00387,P00450,P00018",16/05/2025,CYB
INV00809,C00411,"P00117,P00096,P00489",27/02/2024,TKO
INV00810,C00222,"P00357,P00311,P00034,P00013",24/04/2025,TKO
INV00811,C00229,"P00118,P00145",18/06/2025,CYB
INV00812,C00496,"P00117,P00096,P00156",18/11/2025,CYB
INV00813,C00945,"P00257,P00280,P00359,P00347",22/10/2025,TKO
INV00814,C00682,"P00087,P00136",26/01/2024,MK
INV00815,C00030,"P00076,P00037,P00338",14/08/2024,ST
INV00816,C01076,"P00117,P00096",05/12/2025,TKO
INV00817,C00787,"P00327,P00483",15/05/2024,CYB
INV00818,C00992,"P00071,P00260,P00482,P00125",14/05/2024,TKO
INV00819,C00016,"P00117,P00096,P00036,P00091",23/07/2024,MK
INV00820,C00350,"P00044,P00040",13/01/2025,CYB
INV00821,C00060,"P00507,P00144",15/12/2025,CYB
INV00822,C00178,"P00311,P00007",21/02/2025,TKO
INV00823,C00638,"P00117,P00096,P00465,P00508",01/03/2025,TKO
INV00824,C00594,P00086,22/11/2025,MK
INV00825,C00260,"P00537,P00168,P00265,P00514,P00527",27/05/2024,TKO
INV00826,C00847,"P00382,P00248,P00481,P00308,P00271",05/12/2025,CYB
INV00827,C00896,"P00248,P00173,P00153,P00282",04/09/2025,CYB
INV00828,C00309,"P00534,P00167",18/03/2024,TKO
INV00829,C00944,"P00294,P00331,P00232,P00121,P00524",14/07/2024,ST
INV00830,C01110,P00158,19/12/2025,CYB
INV00831,C00748,P00506,19/06/2024,TKO
INV00832,C00274,"P00036,P00477,P00154",28/12/2024,ST
INV00833,C00530,"P00493,P00006,P00242",02/01/2025,MK
INV00834,C00094,P00521,24/01/2024,CYB
INV00835,C00021,"P00394,P00007,P00200,P00057,P00158",19/09/2025,TKO
INV00836,C01103,"P00108,P00142,P00137,P00148,P00081",09/07/2024,MK
INV00837,C00277,"P00117,P00096,P00142,P00010",16/05/2025,TKO
INV00838,C00635,"P00026,P00164",08/02/2025,TKO
INV00839,C00138,P00154,06/12/2024,TKO
INV00840,C00604,"P00048,P00095",24/10/2024,ST
INV00841,C00699,"P00080,P00297,P00510",01/09/2024,MK
INV00842,C00596,"P00282,P00068,P00059",31/05/2025,MK
INV00843,C00353,P00251,25/11/2024,TKO
INV00844,C00061,P00510,24/10/2024,MK
INV00845,C00966,"P00117,P00096,P00467",03/04/2025,CYB
INV00846,C00948,"P00018,P00462,P00471,P00208,P00150",06/07/2025,ST
INV00847,C00213,"P00474,P00218",29/03/2025,MK
INV00848,C00853,"P00165,P00356,P00035,P00410",17/10/2024,TKO
INV00849,C00928,"P00051,P00493,P00218,P00469,P00273",06/05/2025,MK
INV00850,C00622,"P00456,P00266,P00466,P00161,P00390",19/01/2025,TKO
INV00851,C00497,"P00117,P00096",07/06/2025,ST
INV00852,C00416,"P00041,P00227",20/11/2024,CYB
INV00853,C00839,"P00188,P00121,P00065,P00428,P00439",27/12/2024,CYB
INV00854,C00515,"P00117,P00096,P00492",28/12/2025,MK
INV00855,C00663,"P00117,P00096,P00132",25/01/2024,TKO
INV00856,C00871,"P00117,P00096",29/12/2025,ST
INV00857,C00837,"P00117,P00096,P00378,P00275",17/11/2024,ST
INV00858,C00197,"P00311,P00162",19/11/2024,ST
INV00859,C00557,"P00252,P00496,P00258,P00169,P00447",09/08/2024,ST
INV00860,C00675,"P00474,P00399,P00151,P00472,P00236",25/02/2025,MK
INV00861,C00162,P00045,20/12/2025,CYB
INV00862,C00009,"P00532,P00355",19/12/2024,CYB
INV00863,C00900,P00489,05/03/2024,TKO
INV00864,C01106,"P00323,P00247,P00402,P00011",07/09/2025,ST
INV00865,C00190,"P00411,P00263,P00242,P00065",20/10/2024,CYB
INV00866,C00745,"P00493,P00240",22/10/2025,CYB
INV00867,C00389,P00299,26/08/2025,CYB
INV00868,C00925,"P00095,P00414",30/03/2025,TKO
INV00869,C00562,"P00313,P00385,P00149,P00014",22/03/2025,TKO
INV00870,C00917,"P00285,P00402,P00057",07/04/2024,MK
INV00871,C00941,"P00076,P00260,P00455,P00524,P00488",31/05/2024,MK
INV00872,C00393,P00537,13/02/2025,CYB
INV00873,C00307,"P00443,P00457",07/07/2024,TKO
INV00874,C00848,"P00493,P00328,P00408",17/04/2025,MK
INV00875,C00700,"P00117,P00096,P00471,P00244",22/02/2025,CYB
INV00876,C01063,"P00117,P00096,P00153",26/06/2024,TKO
INV00877,C00590,"P00117,P00096",07/09/2024,TKO
INV00878,C00470,"P00117,P00096,P00307,P00090",12/04/2025,MK
INV00879,C01130,"P00295,P00191,P00469,P00250,P00261",14/03/2024,ST
INV00880,C00906,P00203,24/09/2025,CYB
INV00881,C00831,"P00309,P00520",30/07/2025,TKO
INV00882,C00474,"P00437,P00310,P00485",27/04/2025,CYB
INV00883,C00833,P00160,10/03/2025,MK
INV00884,C00021,"P00426,P00533,P00123,P00480",29/10/2024,TKO
INV00885,C00436,"P00426,P00125,P00518",03/06/2024,TKO
INV00886,C00049,"P00117,P00096,P00485",31/10/2025,MK
INV00887,C00918,"P00117,P00096",15/05/2025,MK
INV00888,C00316,"P00117,P00096,P00041",19/12/2025,MK
INV00889,C01027,P00021,29/07/2024,ST
INV00890,C00460,"P00117,P00096,P00106",30/04/2024,ST
INV00891,C00139,"P00530,P00114,P00246,P00435,P00218",16/09/2024,ST
INV00892,C00575,"P00463,P00264",13/11/2025,TKO
INV00893,C00975,P00463,20/07/2024,TKO
INV00894,C00546,"P00117,P00096,P00495,P00262",18/01/2024,MK
INV00895,C00902,"P00336,P00202,P00175",28/10/2025,MK
INV00896,C00149,"P00117,P00096",21/11/2024,TKO
INV00897,C00269,"P00137,P00488,P00274,P00252,P00058",10/05/2025,TKO
INV00898,C00711,"P00515,P00043,P00525",31/10/2024,MK
INV00899,C00701,"P00117,P00096,P00020,P00157",19/01/2024,MK
INV00900,C00572,"P00273,P00073",13/01/2025,TKO
INV00901,C00781,P00025,30/04/2024,CYB
INV00902,C00151,"P00446,P00223,P00374",06/07/2025,ST
INV00903,C00687,"P00117,P00096,P00292",24/03/2025,ST
INV00904,C00718,"P00117,P00096,P00028",28/07/2025,TKO
INV00905,C00748,"P00117,P00096,P00425",02/08/2024,TKO
INV00906,C00007,"P00483,P00170,P00512",11/03/2024,ST
INV00907,C00875,"P00317,P00290,P00403,P00515",17/10/2025,ST
INV00908,C00497,"P00078,P00391",14/07/2025,MK
INV00909,C00206,"P00424,P00300,P00325",30/07/2025,TKO
INV00910,C00337,"P00006,P00302",18/07/2024,TKO
INV00911,C00899,"P00058,P00341,P00461,P00116",12/07/2024,TKO
INV00912,C01090,"P00117,P00096,P00510",07/09/2024,MK
INV00913,C00946,"P00206,P00388,P00014",04/01/2025,TKO
INV00914,C00675,"P00533,P00283,P00323,P00148,P00361",13/07/2024,MK
INV00915,C01041,"P00260,P00330",15/02/2025,TKO
INV00916,C00181,"P00117,P00096,P00095",10/08/2024,MK
INV00917,C00938,"P00427,P00125,P00188,P00478,P00450",22/12/2025,TKO
INV00918,C00505,"P00117,P00096,P00310,P00032",28/05/2024,TKO
INV00919,C00040,"P00117,P00096,P00355,P00173",08/05/2024,TKO
INV00920,C00438,"P00140,P00307,P00057,P00395",14/03/2024,TKO
INV00921,C00914,P00097,10/04/2025,MK
INV00922,C00647,"P00117,P00096",26/03/2024,MK
INV00923,C00407,"P00117,P00096,P00233",22/04/2025,CYB
INV00924,C00861,"P00117,P00096,P00427",02/06/2024,ST
INV00925,C00873,"P00155,P00535,P00415,P00173,P00332",09/12/2025,TKO
INV00926,C01064,"P00117,P00096,P00066,P00160",09/05/2025,MK
INV00927,C00260,"P00117,P00096,P00188",11/04/2024,TKO
INV00928,C01008,"P00117,P00096,P00406,P00202",02/09/2025,TKO
INV00929,C00653,"P00045,P00302,P00145,P00438",06/12/2024,TKO
INV00930,C00292,"P00053,P00325,P00104",02/01/2024,CYB
INV00931,C00359,P00315,20/05/2024,MK
INV00932,C00591,"P00117,P00096,P00084,P00052",11/05/2024,CYB
INV00933,C00895,P00405,07/01/2025,ST
INV00934,C00551,P00367,13/04/2024,TKO
INV00935,C01024,"P00117,P00096,P00022",29/07/2024,ST
INV00936,C00735,"P00142,P00330,P00328,P00246,P00034",10/05/2024,CYB
INV00937,C00440,"P00200,P00303",21/09/2025,ST
INV00938,C00073,"P00378,P00312,P00116,P00491",12/07/2025,MK
INV00939,C00952,"P00041,P00005",08/01/2025,TKO
INV00940,C00233,P00300,25/07/2024,TKO
INV00941,C00700,P00344,16/08/2025,TKO
INV00942,C00720,"P00117,P00096,P00318",29/01/2025,CYB
INV00943,C00179,"P00117,P00096",07/01/2024,TKO
INV00944,C00715,"P00177,P00400,P00279",28/02/2024,TKO
INV00945,C00208,"P00498,P00127,P00142,P00223",07/08/2025,MK
INV00946,C00157,"P00384,P00446,P00037",18/08/2024,MK
INV00947,C00902,"P00117,P00096",23/07/2024,TKO
INV00948,C00416,"P00258,P00030,P00264,P00133",25/03/2025,TKO
INV00949,C00676,"P00050,P00107,P00403,P00224,P00052",15/09/2024,TKO
INV00950,C01047,P00415,09/07/2025,MK
INV00951,C00277,"P00250,P00114,P00049",06/07/2025,CYB
INV00952,C00914,"P00247,P00394,P00335,P00205",12/06/2024,ST
INV00953,C00206,"P00066,P00299,P00329,P00425",02/12/2024,MK
INV00954,C00635,"P00117,P00096,P00149,P00351",04/08/2024,MK
INV00955,C00040,P00514,02/01/2025,ST
INV00956,C00106,"P00508,P00128",13/02/2025,TKO
INV00957,C00844,"P00244,P00329,P00404,P00362,P00343",06/06/2025,CYB
INV00958,C00713,"P00329,P00516",01/09/2025,TKO
INV00959,C00035,"P00117,P00096",14/09/2025,MK
INV00960,C00549,"P00149,P00422,P00462,P00011,P00432",05/11/2024,TKO
INV00961,C00780,"P00314,P00396,P00062,P00207,P00213",29/03/2024,TKO
INV00962,C00427,"P00475,P00458,P00133,P00396,P00094",20/03/2025,MK
INV00963,C00936,"P00117,P00096",15/07/2025,TKO
INV00964,C00802,"P00373,P00297",15/05/2024,MK
INV00965,C00351,"P00465,P00070,P00073",13/08/2024,MK
INV00966,C00191,P00399,04/05/2024,TKO
INV00967,C01030,"P00175,P00047,P00526,P00170",23/04/2024,CYB
INV00968,C00197,"P00535,P00278,P00450,P00066,P00060",29/12/2025,TKO
INV00969,C00038,"P00103,P00398,P00029,P00421,P00204",26/10/2024,CYB
INV00970,C00162,"P00117,P00096,P00111",03/03/2024,TKO
INV00971,C00308,"P00306,P00337,P00483,P00256",19/09/2024,ST
INV00972,C00465,"P00117,P00096,P00223,P00005",19/02/2024,TKO
INV00973,C00600,P00155,15/04/2025,MK
INV00974,C00737,"P00117,P00096,P00014,P00345",18/06/2025,MK
INV00975,C00087,P00262,29/04/2024,MK
INV00976,C00695,"P00496,P00039",13/10/2024,TKO
INV00977,C00079,"P00460,P00275,P00307,P00214,P00141",05/03/2025,CYB
INV00978,C00460,"P00117,P00096",20/08/2024,MK
INV00979,C01030,P00065,08/03/2025,MK
INV00980,C00149,"P00117,P00096",22/09/2024,TKO
INV00981,C00572,"P00117,P00096",12/06/2024,CYB
INV00982,C00282,"P00511,P00279,P00359,P00230",18/12/2024,MK
INV00983,C00958,"P00296,P00151",11/06/2024,TKO
INV00984,C00445,"P00122,P00456,P00486,P00327,P00254",05/06/2025,ST
INV00985,C00922,"P00320,P00447",01/08/2025,CYB
INV00986,C00148,"P00117,P00096,P00362,P00497",24/03/2025,CYB
INV00987,C00658,"P00104,P00235,P00127",06/03/2024,TKO
INV00988,C00908,P00270,18/12/2025,MK
INV00989,C00472,"P00380,P00428",10/01/2025,TKO
INV00990,C00527,"P00117,P00096,P00128,P00064",26/02/2024,CYB
INV00991,C00716,"P00117,P00096,P00412,P00453",03/12/2025,TKO
INV00992,C00935,"P00494,P00035,P00450,P00023",14/12/2025,CYB
INV00993,C00635,"P00325,P00188,P00083,P00198",18/01/2024,CYB
INV00994,C00544,"P00217,P00526,P00506,P00022,P00030",30/04/2025,TKO
INV00995,C00058,"P00117,P00096,P00122",23/06/2024,MK
INV00996,C00748,"P00386,P00421,P00523,P00178",09/12/2025,CYB
INV00997,C00831,"P00285,P00487,P00450,P00191,P00369",01/02/2024,TKO
INV00998,C00838,"P00117,P00096,P00514",10/01/2025,ST
INV00999,C00194,"P00045,P00050,P00240,P00513,P00081",15/02/2025,MK
INV01000,C00948,"P00251,P00418,P00024,P00194",30/01/2024,CYB
INV01001,C00023,P00455,18/09/2025,TKO
INV01002,C00386,"P00061,P00006,P00242,P00265",13/12/2024,TKO
INV01003,C00667,"P00117,P00096,P00019",05/01/2024,CYB
INV01004,C00376,"P00494,P00246,P00083",16/01/2024,TKO
INV01005,C00256,"P00117,P00096,P00139,P00055",19/01/2025,TKO
INV01006,C00959,"P00117,P00096,P00324,P00508",09/08/2024,TKO
INV01007,C00380,"P00286,P00393,P00134,P00428",30/10/2024,TKO
INV01008,C00281,"P00197,P00257,P00035",12/06/2025,MK
INV01009,C00806,"P00236,P00445,P00493,P00107",19/02/2024,TKO
INV01010,C00079,"P00158,P00250,P00276",27/01/2025,MK
INV01011,C00091,"P00117,P00096",10/10/2025,ST
INV01012,C01049,"P00117,P00096,P00315",12/02/2024,ST
INV01013,C00372,"P00117,P00096,P00001,P00414",02/05/2024,MK
INV01014,C00791,"P00088,P00392,P00259,P00025,P00150",29/06/2024,TKO
INV01015,C00103,P00259,02/06/2025,TKO
INV01016,C01048,"P00326,P00178,P00143,P00476",07/04/2024,CYB
INV01017,C00555,"P00117,P00096,P00061",16/12/2024,TKO
INV01018,C00335,"P00421,P00094,P00485,P00433",14/05/2025,CYB
INV01019,C00366,P00037,21/01/2024,MK
INV01020,C00154,"P00304,P00042,P00488,P00495",07/02/2025,CYB
INV01021,C00157,"P00117,P00096,P00481,P00143",12/07/2025,MK
INV01022,C00003,"P00182,P00538,P00038",01/09/2024,ST
INV01023,C00788,P00109,04/06/2025,MK
INV01024,C00491,"P00117,P00096",15/12/2025,MK
INV01025,C00400,"P00182,P00023,P00429,P00002,P00496",17/04/2025,ST
INV01026,C00151,"P00117,P00096,P00320,P00239",18/06/2024,ST
INV01027,C00881,"P00390,P00288,P00413,P00173",04/01/2024,MK
INV01028,C00853,"P00375,P00318,P00500,P00036,P00128",08/11/2025,CYB
INV01029,C01100,"P00295,P00271,P00039,P00460,P00140",26/06/2024,CYB
INV01030,C00544,"P00117,P00096",30/01/2025,TKO
INV01031,C00142,P00490,15/02/2025,ST
INV01032,C00389,P00009,07/02/2025,CYB
INV01033,C00538,"P00117,P00096,P00289",29/03/2025,ST
INV01034,C00854,"P00117,P00096",17/12/2024,TKO
INV01035,C00139,"P00001,P00491",01/10/2024,TKO
INV01036,C00080,"P00513,P00267",05/04/2024,TKO
INV01037,C00696,"P00117,P00096,P00163",24/12/2025,CYB
INV01038,C00363,"P00335,P00198,P00006,P00520,P00408",15/07/2025,TKO
INV01039,C00228,"P00251,P00363,P00404,P00218,P00424",19/03/2025,CYB
INV01040,C00369,"P00117,P00096,P00178,P00429",21/01/2024,ST
INV01041,C00532,"P00162,P00212,P00366",01/09/2024,TKO
INV01042,C01069,"P00334,P00504,P00068",06/12/2024,TKO
INV01043,C00921,"P00117,P00096",19/03/2025,TKO
INV01044,C00721,"P00166,P00461,P00438,P00375,P00005",10/11/2025,TKO
INV01045,C00485,"P00384,P00151,P00285,P00116",24/09/2025,TKO
INV01046,C01051,"P00524,P00429,P00005,P00097",01/07/2024,TKO
INV01047,C00604,"P00232,P00379",02/01/2025,ST
INV01048,C00868,"P00177,P00289,P00390,P00364,P00148",19/06/2025,TKO
INV01049,C01070,"P00228,P00116,P00345,P00286",10/05/2024,CYB
INV01050,C00399,"P00202,P00129,P00347,P00438",21/03/2025,TKO
INV01051,C00570,"P00009,P00407",10/08/2025,MK
INV01052,C00122,"P00117,P00096,P00163,P00182",15/01/2024,TKO
INV01053,C00611,"P00474,P00488,P00462",03/12/2025,ST
INV01054,C01072,"P00097,P00146,P00335",10/03/2024,TKO
INV01055,C00302,"P00004,P00455,P00012,P00139",15/02/2025,MK
INV01056,C00804,"P00117,P00096",24/02/2025,TKO
INV01057,C00652,"P00117,P00096,P00180,P00423",09/03/2024,TKO
INV01058,C00702,"P00117,P00096",19/01/2025,CYB
INV01059,C00437,"P00293,P00120,P00363,P00451",17/11/2024,TKO
INV01060,C01069,P00254,11/07/2025,TKO
INV01061,C00517,"P00440,P00185",13/01/2025,TKO
INV01062,C00476,"P00007,P00016",15/11/2025,MK
INV01063,C00088,"P00117,P00096,P00345",29/08/2024,MK
INV01064,C00168,"P00117,P00096,P00223,P00210",14/06/2024,TKO
INV01065,C00730,"P00117,P00096",15/11/2025,TKO
INV01066,C00174,"P00355,P00264,P00321,P00468,P00481",14/11/2025,MK
INV01067,C01122,"P00117,P00096",17/11/2025,TKO
INV01068,C00183,P00403,12/07/2025,TKO
INV01069,C00661,"P00117,P00096",08/07/2024,CYB
INV01070,C01099,"P00458,P00208,P00199",17/12/2024,MK
INV01071,C00696,"P00458,P00013,P00399,P00358,P00346",31/08/2025,TKO
INV01072,C00641,"P00273,P00373",19/12/2025,TKO
INV01073,C00716,"P00117,P00096,P00349",13/09/2024,TKO
INV01074,C00019,"P00411,P00236,P00058,P00425",26/10/2025,ST
INV01075,C01112,"P00516,P00156,P00066,P00472,P00080",21/07/2025,MK
INV01076,C00097,"P00141,P00354,P00342",22/04/2024,ST
INV01077,C00866,"P00225,P00275",05/01/2025,MK
INV01078,C00509,"P00117,P00096,P00247,P00437",27/04/2024,MK
INV01079,C00285,"P00117,P00096,P00538,P00001",25/01/2024,TKO
INV01080,C00288,"P00117,P00096,P00202",01/03/2025,TKO
INV01081,C00994,"P00117,P00096",08/10/2024,CYB
INV01082,C00976,"P00525,P00170",13/12/2024,ST
INV01083,C00409,"P00011,P00425,P00192",25/09/2025,MK
INV01084,C00909,"P00117,P00096,P00042,P00075",11/12/2025,TKO
INV01085,C00657,P00503,11/01/2024,MK
INV01086,C00277,P00502,06/12/2025,MK
INV01087,C00340,"P00530,P00044",16/12/2024,TKO
INV01088,C00373,"P00117,P00096,P00462,P00270",27/10/2025,ST
INV01089,C00864,"P00117,P00096,P00490",13/04/2025,CYB
INV01090,C00942,"P00117,P00096",28/09/2025,MK
INV01091,C00757,"P00102,P00321",04/09/2025,CYB
INV01092,C00446,"P00035,P00529",28/08/2025,CYB
INV01093,C00781,"P00015,P00273,P00156,P00243",30/03/2025,CYB
INV01094,C00712,"P00117,P00096,P00318,P00506",14/07/2024,CYB
INV01095,C00380,"P00294,P00061,P00280,P00491,P00086",27/07/2025,TKO
INV01096,C00611,"P00117,P00096,P00137",20/01/2025,TKO
INV01097,C00454,"P00363,P00111",10/05/2024,TKO
INV01098,C00115,"P00117,P00096,P00341,P00145",05/04/2024,MK
INV01099,C00063,"P00078,P00135,P00396",01/09/2024,MK
INV01100,C00128,P00388,11/10/2024,CYB
INV01101,C00466,"P00307,P00025,P00047,P00350,P00469",03/12/2024,TKO
INV01102,C01018,"P00414,P00406",04/08/2025,MK
INV01103,C00317,"P00526,P00165,P00511",24/08/2025,CYB
INV01104,C00897,"P00496,P00235",06/07/2024,ST
INV01105,C01036,P00252,17/04/2024,CYB
INV01106,C00625,"P00239,P00232,P00042",10/10/2024,TKO
INV01107,C00129,"P00371,P00421,P00379,P00301,P00418",11/01/2025,MK
INV01108,C00012,"P00117,P00096",24/09/2024,ST
INV01109,C00182,"P00401,P00472",14/01/2024,TKO
INV01110,C00319,"P00117,P00096,P00008,P00263",13/04/2024,TKO
INV01111,C00795,"P00018,P00474",13/01/2025,CYB
INV01112,C00953,"P00017,P00309",05/12/2025,CYB
INV01113,C00536,"P00117,P00096,P00337,P00451",14/08/2024,MK
INV01114,C00480,"P00385,P00337,P00334,P00230,P00450",08/11/2024,ST
INV01115,C00593,"P00023,P00217,P00177",16/02/2025,CYB
INV01116,C00310,"P00057,P00452,P00158",29/08/2025,ST
INV01117,C00241,"P00117,P00096,P00079,P00322",19/09/2024,TKO
INV01118,C01009,"P00224,P00508",07/04/2025,MK
INV01119,C00225,"P00117,P00096",11/04/2024,CYB
INV01120,C00602,"P00117,P00096,P00216,P00446",03/07/2025,CYB
INV01121,C01005,P00497,22/05/2024,MK
INV01122,C00816,"P00429,P00067,P00286,P00235",25/07/2024,MK
INV01123,C00874,"P00331,P00292,P00403,P00315",01/11/2025,ST
INV01124,C00632,"P00373,P00080,P00287,P00308,P00120",12/03/2024,TKO
INV01125,C01048,"P00055,P00430,P00385",29/07/2025,CYB
INV01126,C00491,"P00117,P00096",28/05/2024,TKO
INV01127,C00369,"P00319,P00345",15/09/2024,MK
INV01128,C00777,P00179,16/03/2025,CYB
INV01129,C00821,"P00117,P00096,P00430,P00241",24/02/2024,TKO
INV01130,C00596,"P00383,P00095,P00017",27/11/2024,CYB
INV01131,C00635,"P00117,P00096,P00250",19/10/2025,CYB
INV01132,C01101,"P00514,P00310,P00275",21/12/2025,TKO
INV01133,C00793,"P00524,P00099,P00124",22/11/2025,ST
INV01134,C01039,"P00117,P00096",25/08/2024,TKO
INV01135,C00439,P00497,03/04/2024,CYB
INV01136,C00204,"P00013,P00473",21/03/2025,TKO
INV01137,C00505,"P00177,P00042,P00448,P00391,P00518",29/10/2025,TKO
INV01138,C00964,"P00117,P00096,P00432,P00441",23/04/2025,TKO
INV01139,C00173,"P00432,P00334,P00407,P00238",05/02/2024,CYB
INV01140,C00138,"P00117,P00096",16/01/2024,TKO
INV01141,C00724,"P00468,P00488,P00367,P00225,P00165",25/03/2024,MK
INV01142,C00163,"P00079,P00233,P00086,P00262",24/09/2024,CYB
INV01143,C00942,"P00117,P00096",11/11/2024,TKO
INV01144,C01128,P00150,24/03/2024,TKO
INV01145,C00889,"P00075,P00521,P00189",21/04/2025,CYB
INV01146,C00380,"P00202,P00420,P00526,P00312",01/03/2024,CYB
INV01147,C00752,"P00384,P00083,P00364,P00030",05/11/2025,MK
INV01148,C00055,"P00103,P00039,P00182",20/07/2025,TKO
INV01149,C00165,"P00117,P00096,P00082,P00448",02/09/2025,MK
INV01150,C00779,"P00117,P00096,P00422,P00515",21/03/2024,ST
INV01151,C00084,P00206,25/03/2025,TKO
INV01152,C01128,"P00327,P00218,P00180",05/04/2025,MK
INV01153,C00545,"P00423,P00019,P00135,P00056",16/10/2025,CYB
INV01154,C00778,"P00055,P00478,P00513",07/07/2025,TKO
INV01155,C00197,"P00117,P00096",29/06/2024,TKO
INV01156,C00983,P00372,28/07/2025,CYB
INV01157,C00574,"P00117,P00096,P00206",22/05/2024,TKO
INV01158,C00154,"P00490,P00208,P00365,P00457,P00476",23/06/2025,TKO
INV01159,C00509,"P00259,P00357,P00193,P00498",04/07/2025,TKO
INV01160,C00182,"P00201,P00013,P00084,P00363,P00505",15/09/2025,MK
INV01161,C00671,"P00030,P00054,P00336,P00526",06/01/2024,MK
INV01162,C00048,"P00117,P00096",17/09/2025,TKO
INV01163,C00035,"P00161,P00121",12/07/2025,MK
INV01164,C00914,"P00383,P00240,P00491,P00177,P00514",13/05/2025,MK
INV01165,C00061,"P00117,P00096",27/11/2025,ST
INV01166,C01027,"P00023,P00523",27/04/2024,ST
INV01167,C00512,"P00382,P00380,P00337",08/08/2024,TKO
INV01168,C00048,"P00117,P00096,P00036",02/12/2025,CYB
INV01169,C00223,"P00117,P00096,P00087,P00340",23/11/2025,CYB
INV01170,C00795,"P00117,P00096,P00207,P00302",06/06/2025,MK
INV01171,C00796,"P00498,P00219",04/02/2024,MK
INV01172,C00175,"P00175,P00328,P00271,P00125",25/07/2024,TKO
INV01173,C00801,"P00049,P00293,P00287",03/03/2025,ST
INV01174,C01018,P00064,08/03/2025,ST
INV01175,C00349,"P00453,P00206,P00418,P00054",15/03/2025,CYB
INV01176,C00063,"P00117,P00096,P00393,P00482",13/09/2024,TKO
INV01177,C00752,"P00219,P00278,P00267,P00269,P00539",28/03/2025,ST
INV01178,C00875,"P00117,P00096,P00021",21/01/2025,MK
INV01179,C01046,"P00124,P00199",31/08/2024,CYB
INV01180,C00616,"P00240,P00495,P00265",01/04/2024,CYB
INV01181,C00598,"P00346,P00114,P00206",07/08/2024,TKO
INV01182,C00349,P00198,23/10/2025,CYB
INV01183,C00863,"P00168,P00081,P00095,P00450,P00103",23/04/2025,MK
INV01184,C00147,"P00117,P00096,P00279",01/06/2025,MK
INV01185,C01030,"P00117,P00096,P00491,P00325",07/11/2025,CYB
INV01186,C00963,"P00399,P00392,P00372,P00018",14/03/2025,CYB
INV01187,C00969,"P00117,P00096,P00487",02/10/2024,MK
INV01188,C00908,"P00117,P00096",02/09/2025,MK
INV01189,C00739,"P00488,P00145,P00077,P00239",06/02/2025,CYB
INV01190,C00255,"P00290,P00418",16/06/2025,MK
INV01191,C00988,"P00409,P00135,P00304,P00289",24/03/2025,TKO
INV01192,C00453,"P00240,P00160,P00066,P00136",02/01/2025,MK
INV01193,C00865,"P00178,P00501,P00344",01/08/2024,TKO
INV01194,C00427,"P00117,P00096",18/11/2024,CYB
INV01195,C00217,P00337,06/03/2025,TKO
INV01196,C00861,"P00117,P00096",13/09/2024,CYB
INV01197,C01067,"P00462,P00315,P00002,P00025",13/03/2025,TKO
INV01198,C00911,"P00117,P00096,P00534",27/06/2024,TKO
INV01199,C00357,P00501,03/07/2024,TKO
INV01200,C00854,"P00086,P00469",08/02/2024,MK
INV01201,C00945,"P00105,P00010",28/11/2025,CYB
INV01202,C00243,"P00117,P00096,P00101",29/08/2025,MK
INV01203,C01048,P00034,07/06/2025,TKO
INV01204,C00752,"P00117,P00096,P00244,P00086",02/04/2024,MK
INV01205,C00469,"P00360,P00457,P00142,P00107,P00490",08/04/2025,ST
INV01206,C00873,"P00471,P00073,P00091,P00303,P00142",27/07/2025,MK
INV01207,C00855,"P00117,P00096,P00077",29/04/2025,TKO
INV01208,C00347,"P00117,P00096,P00031,P00514",09/08/2025,TKO
INV01209,C00209,"P00161,P00298,P00117,P00488",26/03/2025,TKO
INV01210,C01075,"P00117,P00096",11/05/2024,TKO
INV01211,C00977,"P00399,P00517,P00472",06/07/2025,ST
INV01212,C00891,"P00364,P00483,P00445,P00385,P00334",29/03/2025,TKO
INV01213,C00367,P00446,03/07/2025,CYB
INV01214,C00208,"P00471,P00162,P00538,P00410",24/01/2024,TKO
INV01215,C00483,"P00112,P00515,P00012",10/09/2024,TKO
INV01216,C00787,"P00288,P00458,P00395",23/03/2024,TKO
INV01217,C00715,"P00117,P00096,P00369",26/05/2025,MK
INV01218,C00695,"P00246,P00139,P00053,P00254,P00040",02/08/2024,CYB
INV01219,C01088,"P00123,P00538,P00032,P00332,P00468",24/10/2024,TKO
INV01220,C00867,P00372,13/11/2025,CYB
INV01221,C00157,"P00254,P00538",13/01/2025,TKO
INV01222,C01079,"P00106,P00219,P00208",10/10/2024,CYB
INV01223,C00870,"P00442,P00029,P00508,P00035",30/07/2025,ST
INV01224,C00102,"P00513,P00058,P00353",26/07/2024,MK
INV01225,C00905,"P00156,P00537",26/07/2025,CYB
INV01226,C00836,P00383,29/10/2024,TKO
INV01227,C00392,"P00271,P00214,P00004,P00021,P00151",10/03/2024,ST
INV01228,C00425,"P00151,P00031,P00279",15/01/2025,CYB
INV01229,C00223,P00316,29/01/2024,TKO
INV01230,C00167,"P00377,P00139",26/04/2025,TKO
INV01231,C00837,"P00117,P00096,P00449,P00479",23/08/2024,TKO
INV01232,C00043,"P00420,P00254",21/02/2024,TKO
INV01233,C00576,"P00357,P00174,P00088,P00219,P00445",19/07/2025,CYB
INV01234,C00070,"P00117,P00096,P00050,P00052",13/09/2025,TKO
INV01235,C00097,"P00055,P00008,P00260",13/02/2024,MK
INV01236,C00552,"P00319,P00069,P00359,P00442",06/04/2025,TKO
INV01237,C00203,"P00117,P00096,P00112,P00335",11/10/2024,ST
INV01238,C00279,"P00117,P00096",09/02/2024,TKO
INV01239,C00905,"P00117,P00096",04/03/2025,ST
INV01240,C01052,"P00179,P00363",13/02/2024,TKO
INV01241,C01074,"P00464,P00003,P00390",28/09/2025,TKO
INV01242,C00586,"P00378,P00154,P00314,P00182,P00004",01/08/2024,MK
INV01243,C00945,P00072,01/04/2025,TKO
INV01244,C00491,"P00421,P00032",27/06/2025,CYB
INV01245,C01071,"P00117,P00096,P00267",10/04/2024,TKO
INV01246,C00801,"P00156,P00534,P00181",27/11/2025,MK
INV01247,C00005,"P00065,P00282",11/10/2025,CYB
INV01248,C00793,"P00358,P00330,P00287",09/12/2025,MK
INV01249,C00707,"P00117,P00096,P00223",11/06/2025,CYB
INV01250,C00119,"P00117,P00096,P00122",02/12/2024,ST
INV01251,C00475,"P00317,P00256,P00271,P00473,P00158",12/11/2024,CYB
INV01252,C00107,P00223,07/07/2024,TKO
INV01253,C00839,"P00132,P00535",19/05/2024,CYB
INV01254,C00547,"P00366,P00119",01/07/2024,CYB
INV01255,C01029,"P00117,P00096,P00323,P00474",23/02/2024,ST
INV01256,C00105,P00186,18/01/2025,ST
INV01257,C00113,"P00117,P00096",19/10/2024,MK
INV01258,C00070,P00438,09/05/2025,TKO
INV01259,C00224,"P00061,P00012,P00180,P00156,P00410",16/02/2024,MK
INV01260,C00852,"P00279,P00113,P00212,P00363",08/04/2025,CYB
INV01261,C01133,"P00117,P00096,P00144,P00534",25/05/2025,MK
INV01262,C00406,"P00162,P00319",13/11/2025,ST
INV01263,C00783,"P00220,P00372,P00111,P00375",22/09/2025,ST
INV01264,C00830,"P00235,P00376",15/09/2024,CYB
INV01265,C01084,"P00117,P00096",25/07/2025,TKO
INV01266,C00098,"P00338,P00417,P00057,P00174",01/07/2025,MK
INV01267,C00599,"P00136,P00049,P00427,P00051,P00046",07/10/2024,CYB
INV01268,C00309,"P00280,P00451,P00357",10/11/2025,MK
INV01269,C01026,"P00117,P00096,P00413",28/07/2024,ST
INV01270,C01124,"P00154,P00092,P00428,P00275,P00259",03/12/2024,MK
INV01271,C00411,"P00117,P00096",09/03/2024,TKO
INV01272,C00815,"P00214,P00435",01/03/2024,CYB
INV01273,C00286,"P00531,P00041,P00158",07/07/2025,ST
INV01274,C00911,P00394,18/02/2025,TKO
INV01275,C00720,"P00183,P00279,P00008,P00201",05/01/2025,TKO
INV01276,C00328,P00407,16/02/2024,MK
INV01277,C00801,"P00154,P00484,P00046",07/02/2024,TKO
INV01278,C00225,"P00195,P00420,P00187,P00013,P00030",02/03/2024,ST
INV01279,C00073,"P00515,P00219,P00408,P00343",20/06/2024,TKO
INV01280,C00333,"P00398,P00224,P00416,P00456",25/06/2024,CYB
INV01281,C00841,"P00278,P00276,P00006,P00079,P00344",09/06/2024,MK
INV01282,C01008,P00278,08/12/2025,ST
INV01283,C00409,P00281,10/07/2025,ST
INV01284,C00625,"P00172,P00475,P00081,P00218",09/12/2025,CYB
INV01285,C00419,"P00047,P00274",17/11/2025,ST
INV01286,C00333,"P00349,P00256",22/06/2025,TKO
INV01287,C00030,"P00117,P00096,P00005",18/05/2025,TKO
INV01288,C00602,"P00117,P00096,P00073,P00454",01/12/2025,ST
INV01289,C00314,"P00031,P00444",11/01/2024,TKO
INV01290,C01103,"P00161,P00421,P00440,P00203,P00028",22/07/2024,MK
INV01291,C00898,"P00117,P00096,P00364,P00138",10/06/2025,ST
INV01292,C00611,"P00044,P00124,P00054,P00238,P00433",02/07/2024,MK
INV01293,C00177,"P00117,P00096,P00259,P00527",09/10/2025,TKO
INV01294,C00617,"P00005,P00185,P00345,P00178,P00403",05/12/2024,TKO
INV01295,C00743,"P00370,P00380,P00291,P00481",01/06/2025,TKO
INV01296,C00897,"P00117,P00096,P00195,P00008",17/07/2024,MK
INV01297,C00125,"P00355,P00378,P00090",05/11/2025,ST
INV01298,C01132,"P00248,P00403,P00200,P00352,P00049",11/10/2025,TKO
INV01299,C00037,"P00117,P00096,P00429,P00132",11/03/2025,TKO
INV01300,C00214,"P00117,P00096",28/09/2024,TKO
INV01301,C00633,"P00381,P00169,P00411,P00357",04/10/2024,TKO
INV01302,C00984,"P00111,P00313,P00151,P00302",28/10/2024,TKO
INV01303,C00859,"P00159,P00145,P00503,P00509,P00232",07/06/2025,TKO
INV01304,C00123,"P00037,P00284,P00096",14/04/2025,MK
INV01305,C00723,"P00228,P00154,P00147,P00335",29/08/2024,MK
INV01306,C00060,"P00117,P00096,P00066,P00424",18/04/2024,CYB
INV01307,C00720,"P00199,P00494,P00261,P00280,P00463",22/03/2025,MK
INV01308,C00622,"P00235,P00406,P00229,P00220",03/10/2024,MK
INV01309,C01095,"P00117,P00096,P00246",15/02/2025,CYB
INV01310,C00132,"P00434,P00392,P00246",16/12/2025,TKO
INV01311,C00845,"P00117,P00096,P00012",01/02/2025,TKO
INV01312,C00816,"P00117,P00096,P00351",08/10/2025,ST
INV01313,C00934,"P00117,P00096",21/05/2024,MK
INV01314,C00020,"P00214,P00463",28/08/2024,TKO
INV01315,C00124,"P00117,P00096",04/04/2025,CYB
INV01316,C00018,"P00537,P00372",03/05/2024,ST
INV01317,C00160,"P00108,P00136,P00327,P00539,P00341",10/04/2024,TKO
INV01318,C00141,P00211,29/03/2024,ST
INV01319,C00805,P00061,28/08/2025,TKO
INV01320,C00156,"P00117,P00096,P00456",10/01/2024,MK
INV01321,C01034,"P00117,P00096,P00442,P00359",02/03/2025,CYB
INV01322,C01034,P00461,22/08/2025,TKO
INV01323,C00404,"P00356,P00159,P00004",15/05/2024,ST
INV01324,C00066,"P00117,P00096,P00336",11/03/2025,MK
INV01325,C00741,"P00466,P00010,P00283,P00231",25/05/2025,MK
INV01326,C00636,"P00021,P00360,P00183,P00270,P00268",19/03/2024,TKO
INV01327,C01101,"P00117,P00096,P00088,P00405",23/12/2025,MK
INV01328,C00491,"P00310,P00530,P00219,P00012,P00213",26/11/2025,MK
INV01329,C01095,"P00117,P00096,P00396",17/08/2024,TKO
INV01330,C00461,"P00117,P00096",09/10/2025,TKO
INV01331,C00587,"P00351,P00030,P00252,P00002,P00301",19/05/2025,ST
INV01332,C00806,"P00117,P00096,P00415,P00424",30/01/2024,ST
INV01333,C00773,"P00117,P00096,P00205,P00020",19/01/2025,MK
INV01334,C01084,"P00015,P00229,P00246,P00454,P00524",15/02/2024,MK
INV01335,C00966,"P00117,P00096,P00416,P00311",19/12/2024,ST
INV01336,C00941,"P00071,P00301,P00482",10/02/2025,MK
INV01337,C00845,"P00240,P00456,P00178,P00358,P00536",06/01/2025,TKO
INV01338,C00911,"P00117,P00096,P00001,P00375",16/04/2024,TKO
INV01339,C01046,"P00466,P00264,P00275,P00332,P00514",25/07/2025,TKO
INV01340,C00560,"P00469,P00511,P00539,P00293,P00450",13/06/2024,MK
INV01341,C00398,"P00513,P00033",29/07/2025,TKO
INV01342,C00242,"P00400,P00180,P00063,P00373",23/08/2025,ST
INV01343,C00179,"P00117,P00096",12/02/2025,CYB
INV01344,C00995,"P00169,P00372,P00126,P00149,P00317",06/08/2024,TKO
INV01345,C00338,"P00443,P00107,P00054",06/05/2024,TKO
INV01346,C00282,P00038,29/08/2024,CYB
INV01347,C00858,"P00117,P00096,P00240",15/12/2025,CYB
INV01348,C00033,"P00243,P00148,P00388,P00218",01/10/2025,TKO
INV01349,C00974,"P00377,P00188,P00120",05/05/2024,MK
INV01350,C00329,"P00117,P00096",16/04/2024,MK
INV01351,C00857,P00124,13/10/2024,MK
INV01352,C01137,"P00117,P00096,P00255",27/10/2024,ST
INV01353,C00824,"P00117,P00096,P00539",31/12/2024,CYB
INV01354,C00656,"P00510,P00399,P00181,P00472,P00102",13/04/2024,MK
INV01355,C00805,"P00117,P00096,P00098",17/02/2025,CYB
INV01356,C00658,"P00121,P00491,P00458,P00281,P00465",02/03/2024,MK
INV01357,C00603,"P00156,P00154,P00142",28/02/2024,MK
INV01358,C00173,"P00100,P00245",11/02/2024,MK
INV01359,C00154,P00466,05/08/2024,CYB
INV01360,C00819,"P00171,P00428,P00176,P00109",07/07/2025,ST
INV01361,C00126,"P00117,P00096,P00048,P00350",21/09/2025,TKO
INV01362,C00737,"P00234,P00018,P00255,P00445,P00028",12/04/2025,TKO
INV01363,C00145,"P00117,P00096,P00285",10/09/2025,TKO
INV01364,C00432,"P00259,P00149,P00320,P00426,P00125",15/03/2024,MK
INV01365,C00271,"P00117,P00096,P00304,P00336",21/12/2025,TKO
INV01366,C00798,"P00228,P00499,P00245,P00093",25/11/2024,CYB
INV01367,C00723,"P00117,P00096",20/01/2024,CYB
INV01368,C00742,"P00082,P00121,P00043,P00350",01/04/2024,MK
INV01369,C00510,"P00170,P00138",18/02/2025,CYB
INV01370,C00850,P00415,27/11/2025,MK
INV01371,C00785,"P00252,P00274,P00442,P00250",12/09/2024,MK
INV01372,C00145,"P00426,P00357,P00362,P00424",23/10/2024,MK
INV01373,C00186,"P00018,P00068,P00141,P00499,P00375",23/11/2025,ST
INV01374,C00250,"P00262,P00219",16/08/2024,MK
INV01375,C00989,"P00117,P00096",25/01/2024,ST
INV01376,C00849,"P00117,P00096,P00309,P00364",31/08/2025,CYB
INV01377,C00711,"P00176,P00415,P00304,P00346",20/09/2024,MK
INV01378,C00541,"P00446,P00009,P00364,P00393,P00089",30/03/2025,TKO
INV01379,C00139,"P00117,P00096,P00089",27/06/2025,ST
INV01380,C00862,P00508,09/02/2024,ST
INV01381,C01057,"P00300,P00205,P00469",09/12/2025,TKO
INV01382,C01041,P00294,23/09/2025,MK
INV01383,C00192,"P00117,P00096,P00264",05/11/2025,TKO
INV01384,C00433,"P00117,P00096,P00314,P00459",24/09/2024,ST
INV01385,C01023,"P00299,P00421,P00463",10/03/2025,ST
INV01386,C00664,"P00152,P00358,P00418",06/04/2025,TKO
INV01387,C00077,P00286,30/11/2024,MK
INV01388,C00035,"P00117,P00096,P00057",27/12/2024,ST
INV01389,C00830,"P00365,P00449,P00128,P00101,P00169",03/08/2025,ST
INV01390,C00577,"P00513,P00516,P00460,P00154,P00166",23/02/2025,TKO
INV01391,C00111,P00253,16/11/2024,TKO
INV01392,C00437,P00432,29/01/2024,CYB
INV01393,C00004,"P00117,P00096",31/03/2024,CYB
INV01394,C00389,"P00134,P00331",29/04/2025,TKO
INV01395,C00706,"P00117,P00096",22/08/2025,TKO
INV01396,C00577,"P00446,P00445,P00325",24/08/2024,TKO
INV01397,C00058,P00468,29/01/2025,TKO
INV01398,C00895,"P00117,P00096,P00222,P00480",25/02/2024,MK
INV01399,C00453,"P00045,P00283,P00226,P00050,P00280",15/03/2025,TKO
INV01400,C00744,"P00367,P00241,P00354,P00026,P00017",02/02/2024,MK
INV01401,C00049,"P00143,P00252,P00163,P00402,P00525",01/03/2025,TKO
INV01402,C00605,"P00089,P00279",05/04/2025,ST
INV01403,C00422,P00168,22/11/2025,CYB
INV01404,C00224,"P00117,P00096,P00311",15/02/2025,TKO
INV01405,C00555,"P00223,P00165",13/05/2024,TKO
INV01406,C00713,"P00117,P00096,P00060,P00411",05/11/2024,CYB
INV01407,C00414,"P00331,P00313,P00062,P00123,P00365",31/08/2025,CYB
INV01408,C00925,"P00117,P00096",03/03/2025,TKO
INV01409,C00879,"P00106,P00309",16/03/2025,TKO
INV01410,C00793,"P00178,P00461",01/03/2025,MK
INV01411,C01043,"P00117,P00096,P00232",02/07/2025,CYB
INV01412,C00318,"P00404,P00498,P00371",20/05/2024,TKO
INV01413,C01131,"P00400,P00284,P00114,P00077,P00483",04/11/2025,CYB
INV01414,C00605,"P00435,P00167,P00406,P00119",05/09/2025,CYB
INV01415,C00066,"P00492,P00440,P00119",09/03/2025,TKO
INV01416,C00226,"P00423,P00144,P00367",26/09/2025,MK
INV01417,C00843,P00492,22/02/2024,CYB
INV01418,C00145,P00280,18/01/2024,TKO
INV01419,C00607,"P00117,P00096,P00276,P00090",04/02/2025,ST
INV01420,C00476,"P00495,P00033,P00068",06/02/2024,TKO
INV01421,C00658,"P00257,P00394",04/03/2024,TKO
INV01422,C00737,"P00117,P00096,P00402",17/09/2024,TKO
INV01423,C00127,"P00117,P00096",20/05/2025,TKO
INV01424,C00599,"P00508,P00148,P00081",14/10/2024,CYB
INV01425,C00006,"P00117,P00096,P00093",25/06/2025,MK
INV01426,C00051,"P00228,P00079,P00060,P00302",31/10/2025,TKO
INV01427,C00389,"P00067,P00002,P00510,P00224,P00440",25/11/2024,ST
INV01428,C00829,"P00117,P00096",05/07/2025,CYB
INV01429,C00287,P00072,16/05/2025,TKO
INV01430,C00341,"P00531,P00190,P00009,P00006",30/01/2024,MK
INV01431,C00470,"P00365,P00358",15/03/2025,ST
INV01432,C00599,"P00220,P00355,P00268,P00476",05/12/2024,TKO
INV01433,C00132,"P00178,P00498,P00115,P00060",06/11/2025,MK
INV01434,C00347,"P00490,P00094,P00477",01/07/2024,TKO
INV01435,C00208,P00192,04/10/2024,CYB
INV01436,C00782,P00230,08/03/2025,CYB
INV01437,C00320,"P00117,P00096,P00065",05/01/2024,TKO
INV01438,C01119,"P00530,P00047,P00074,P00320,P00423",23/01/2024,TKO
INV01439,C00161,"P00117,P00096,P00051,P00497",15/09/2025,TKO
INV01440,C00219,"P00064,P00344,P00339,P00234,P00230",15/08/2025,CYB
INV01441,C00067,P00175,28/03/2025,TKO
INV01442,C00100,"P00422,P00376,P00537",29/10/2025,TKO
INV01443,C00774,"P00265,P00405,P00039,P00470",23/08/2024,CYB
INV01444,C00616,"P00107,P00529,P00300,P00055",30/03/2025,ST
INV01445,C00452,"P00433,P00383,P00527,P00168,P00348",30/09/2024,CYB
INV01446,C00932,"P00295,P00446,P00483",20/06/2024,MK
INV01447,C00814,"P00165,P00284",11/02/2025,CYB
INV01448,C00958,"P00117,P00096,P00028",22/10/2025,CYB
INV01449,C00408,P00099,31/05/2024,CYB
INV01450,C00880,"P00084,P00205,P00293,P00017",15/12/2024,TKO
INV01451,C00760,"P00095,P00494,P00014,P00027",23/09/2025,TKO
INV01452,C00180,"P00539,P00040,P00055,P00152,P00279",30/06/2024,CYB
INV01453,C00487,"P00291,P00387",06/07/2025,TKO
INV01454,C00969,"P00335,P00442,P00033,P00407,P00239",21/08/2024,MK
INV01455,C00161,"P00105,P00016,P00358,P00407",19/06/2025,ST
INV01456,C00096,"P00117,P00096,P00078",20/01/2025,CYB
INV01457,C00640,"P00117,P00096,P00256",22/12/2024,TKO
INV01458,C00169,"P00117,P00096,P00123,P00414",29/10/2024,ST
INV01459,C00277,P00432,03/06/2024,TKO
INV01460,C00242,"P00032,P00378,P00346,P00303,P00169",12/11/2024,TKO
INV01461,C00386,"P00342,P00412",22/07/2025,MK
INV01462,C00975,"P00345,P00120,P00401,P00300",19/10/2025,TKO
INV01463,C00740,"P00426,P00216",04/08/2025,TKO
INV01464,C00406,"P00060,P00198,P00400,P00342,P00494",27/05/2025,ST
INV01465,C00613,"P00535,P00437",18/11/2024,CYB
INV01466,C00123,"P00357,P00077,P00116,P00488",08/05/2024,ST
INV01467,C01057,P00068,14/10/2024,CYB
INV01468,C00654,"P00522,P00092,P00387,P00255,P00460",10/10/2024,TKO
INV01469,C00920,"P00178,P00248,P00273,P00141,P00170",28/10/2025,ST
INV01470,C00161,"P00117,P00096,P00094",24/06/2025,CYB
INV01471,C00386,"P00117,P00096,P00010,P00223",31/07/2025,ST
INV01472,C00845,"P00329,P00153,P00055,P00511",07/06/2024,CYB
INV01473,C00304,"P00117,P00096,P00297,P00125",16/03/2025,CYB
INV01474,C00307,"P00117,P00096",23/06/2025,CYB
INV01475,C00548,"P00153,P00230,P00487,P00010",27/07/2024,TKO
INV01476,C00605,P00281,18/05/2025,TKO
INV01477,C00999,"P00016,P00058,P00089,P00013,P00110",25/02/2025,TKO
INV01478,C00381,"P00012,P00375,P00105,P00093",25/01/2024,CYB
INV01479,C00426,"P00117,P00096,P00091,P00040",31/01/2024,MK
INV01480,C01098,"P00023,P00031",22/12/2025,TKO
INV01481,C00854,"P00445,P00316,P00537",19/10/2024,CYB
INV01482,C00675,"P00111,P00484,P00460,P00098",20/11/2024,MK
INV01483,C00471,"P00227,P00123",11/06/2025,CYB
INV01484,C00010,"P00117,P00096,P00408,P00383",04/07/2025,TKO
INV01485,C00208,"P00297,P00134,P00034,P00453",08/06/2025,CYB
INV01486,C00506,"P00025,P00475,P00468",19/06/2024,ST
INV01487,C00845,"P00506,P00184,P00210,P00152",21/07/2025,TKO
INV01488,C00562,P00013,18/06/2024,CYB
INV01489,C00125,"P00289,P00238,P00495",31/12/2025,MK
INV01490,C00699,"P00040,P00407,P00012",01/12/2024,CYB
INV01491,C00373,"P00443,P00486",15/04/2024,TKO
INV01492,C00159,"P00099,P00226,P00455,P00224,P00074",07/12/2025,MK
INV01493,C00751,"P00394,P00348",07/10/2025,MK
INV01494,C00083,"P00402,P00261,P00227,P00134,P00185",10/11/2025,CYB
INV01495,C00473,"P00452,P00188",23/10/2025,TKO
INV01496,C00885,P00119,22/09/2025,TKO
INV01497,C00550,"P00508,P00486,P00521,P00190",24/02/2025,TKO
INV01498,C00141,"P00226,P00461,P00489",17/09/2025,TKO
INV01499,C00517,"P00461,P00313,P00477",04/11/2025,ST
INV01500,C00860,"P00348,P00538,P00142",26/12/2025,MK
INV01501,C00454,"P00117,P00096,P00376",22/05/2024,CYB
INV01502,C00514,P00344,26/02/2025,ST
INV01503,C00143,P00389,18/12/2024,TKO
INV01504,C00179,P00505,08/03/2025,CYB
INV01505,C00995,"P00258,P00306,P00218,P00193,P00428",23/12/2024,ST
INV01506,C00825,"P00117,P00096",04/12/2024,ST
INV01507,C00824,"P00271,P00407,P00019",10/07/2024,ST
INV01508,C00224,"P00117,P00096,P00379,P00277",02/11/2025,MK
INV01509,C00727,"P00117,P00096,P00397",12/04/2025,TKO
INV01510,C00378,"P00065,P00272,P00418,P00156,P00529",17/07/2025,TKO
INV01511,C00763,"P00312,P00038",28/04/2025,MK
INV01512,C00528,"P00180,P00483",28/02/2025,MK
INV01513,C00431,"P00117,P00103",02/02/2025,CYB
INV01514,C01075,"P00370,P00429",29/09/2024,TKO
INV01515,C00913,"P00171,P00488",07/09/2025,CYB
INV01516,C00915,"P00117,P00096",21/10/2024,CYB
INV01517,C00036,"P00222,P00486,P00377,P00390",30/09/2024,CYB
INV01518,C00613,"P00267,P00331,P00247,P00461",12/04/2024,ST
INV01519,C00900,"P00275,P00255",29/07/2025,MK
INV01520,C00445,"P00363,P00233,P00432,P00281",29/11/2024,MK
INV01521,C01125,"P00015,P00500",17/10/2024,CYB
INV01522,C00374,"P00474,P00069,P00376,P00101",28/01/2024,TKO
INV01523,C00510,"P00376,P00155,P00255,P00476",13/07/2025,TKO
INV01524,C00366,"P00205,P00186,P00503,P00374",28/04/2024,MK
INV01525,C00070,"P00509,P00420,P00450,P00220",23/08/2025,CYB
INV01526,C00273,"P00117,P00096,P00281",13/02/2025,CYB
INV01527,C01005,"P00117,P00096,P00478",14/07/2024,TKO
INV01528,C00407,"P00123,P00513,P00199,P00343",25/11/2025,TKO
INV01529,C01086,"P00273,P00315,P00256,P00350",30/04/2024,TKO
INV01530,C00906,"P00134,P00261",12/06/2025,ST
INV01531,C00261,"P00459,P00342,P00344,P00235",28/09/2024,CYB
INV01532,C00431,"P00117,P00096,P00387,P00172",11/10/2024,CYB
INV01533,C00209,"P00323,P00258,P00480,P00357",14/06/2025,TKO
INV01534,C01048,"P00200,P00432,P00437",20/04/2025,MK
INV01535,C00969,"P00117,P00096,P00324,P00184",31/08/2024,ST
INV01536,C00965,"P00369,P00082",25/05/2025,MK
INV01537,C01092,"P00035,P00052,P00278",12/06/2025,TKO
INV01538,C00920,P00400,10/09/2024,TKO
INV01539,C00625,"P00492,P00457,P00525",25/11/2025,CYB
INV01540,C00577,"P00348,P00115,P00315,P00522",26/06/2024,TKO
INV01541,C00866,"P00503,P00499,P00229,P00287,P00393",19/04/2025,CYB
INV01542,C00993,P00381,23/07/2025,MK
INV01543,C00910,"P00435,P00327,P00444",26/08/2024,TKO
INV01544,C00575,"P00263,P00449,P00484,P00368",28/01/2024,ST
INV01545,C00456,"P00117,P00096,P00273,P00247",12/07/2025,CYB
INV01546,C00333,"P00117,P00096",12/10/2025,CYB
INV01547,C00399,"P00145,P00491,P00075",27/07/2024,ST
INV01548,C01087,"P00225,P00179,P00466,P00471",14/05/2025,TKO
INV01549,C00126,"P00117,P00096",04/01/2024,TKO
INV01550,C00769,"P00045,P00432,P00250,P00167",25/06/2025,MK
INV01551,C00193,P00015,17/03/2025,MK
INV01552,C00071,"P00117,P00096,P00060,P00403",09/01/2025,CYB
INV01553,C00270,"P00117,P00096",15/10/2025,MK
INV01554,C00547,"P00025,P00476,P00109",14/06/2025,TKO
INV01555,C00120,"P00518,P00433,P00474,P00075",04/02/2024,MK
INV01556,C00201,"P00117,P00096,P00208",07/09/2025,TKO
INV01557,C00178,"P00117,P00096,P00486",10/11/2024,CYB
INV01558,C00935,"P00489,P00232",16/11/2024,TKO
INV01559,C00269,"P00301,P00126",28/03/2024,TKO
INV01560,C00515,"P00232,P00204,P00474,P00422",07/07/2024,CYB
INV01561,C00524,"P00193,P00484,P00191",06/10/2025,CYB
INV01562,C00274,"P00117,P00096,P00244",12/07/2025,CYB
INV01563,C00878,"P00219,P00207,P00162,P00486,P00316",31/01/2024,TKO
INV01564,C01093,"P00117,P00096",22/08/2025,TKO
INV01565,C00422,P00288,25/11/2024,TKO
INV01566,C01043,"P00117,P00096,P00082,P00286",19/05/2025,CYB
INV01567,C00862,"P00117,P00096",11/07/2024,CYB
INV01568,C00414,"P00229,P00099,P00145,P00206",13/11/2024,ST
INV01569,C00512,"P00467,P00098",12/01/2024,MK
INV01570,C00789,"P00073,P00402,P00478,P00184",03/08/2024,TKO
INV01571,C00323,"P00407,P00508,P00395",10/08/2025,TKO
INV01572,C00101,"P00516,P00214",22/12/2025,MK
INV01573,C00217,"P00083,P00539,P00357,P00172,P00366",14/11/2024,TKO
INV01574,C00386,"P00131,P00455,P00376,P00507,P00424",25/01/2024,MK
INV01575,C00628,"P00218,P00096,P00247,P00097,P00181",12/12/2025,TKO
INV01576,C00298,"P00434,P00484,P00082",20/01/2024,TKO
INV01577,C00430,"P00428,P00505,P00498,P00340",09/02/2025,TKO
INV01578,C00881,"P00117,P00096,P00039,P00527",19/04/2025,TKO
INV01579,C00672,"P00117,P00096",11/11/2024,CYB
INV01580,C01107,"P00005,P00219,P00144",01/02/2025,TKO
INV01581,C00833,"P00013,P00060",02/10/2025,CYB
INV01582,C00211,"P00437,P00122",14/05/2024,CYB
INV01583,C00739,P00469,20/06/2025,MK
INV01584,C00001,P00248,09/09/2025,CYB
INV01585,C00118,"P00449,P00140,P00288,P00406",16/02/2025,CYB
INV01586,C00678,"P00015,P00037,P00451,P00504,P00527",29/07/2025,TKO
INV01587,C00026,"P00117,P00096,P00377,P00297",11/03/2024,TKO
INV01588,C00251,"P00117,P00096,P00010,P00530",21/10/2024,TKO
INV01589,C00788,"P00232,P00039",20/07/2025,CYB
INV01590,C00583,"P00451,P00175,P00060,P00471",17/01/2024,MK
INV01591,C00154,"P00320,P00488",22/06/2025,MK
INV01592,C00090,"P00108,P00091",15/12/2025,MK
INV01593,C00990,"P00117,P00096,P00251,P00496",27/05/2025,ST
INV01594,C00303,"P00365,P00438",21/10/2024,TKO
INV01595,C00144,"P00117,P00096,P00477,P00025",21/11/2024,MK
INV01596,C00453,"P00390,P00338,P00315,P00420",18/02/2024,ST
INV01597,C00017,"P00117,P00096,P00110",11/11/2024,CYB
INV01598,C00553,"P00117,P00096",03/10/2024,TKO
INV01599,C00286,"P00275,P00365,P00070,P00351,P00004",16/01/2025,MK
INV01600,C00085,"P00117,P00096,P00229,P00223",01/05/2024,TKO
INV01601,C00650,"P00018,P00195,P00098",27/01/2025,TKO
INV01602,C01065,P00243,23/03/2025,CYB
INV01603,C00860,"P00117,P00096,P00428",05/05/2025,CYB
INV01604,C01008,"P00425,P00128",29/07/2024,CYB
INV01605,C00118,"P00521,P00504,P00297,P00192",14/08/2024,ST
INV01606,C01103,"P00428,P00361",15/10/2025,MK
INV01607,C00620,P00501,28/10/2024,ST
INV01608,C00469,"P00015,P00246,P00209",26/08/2024,TKO
INV01609,C00459,"P00062,P00457,P00528,P00501,P00123",09/08/2025,TKO
INV01610,C00112,"P00117,P00096,P00140",30/03/2024,ST
INV01611,C00863,P00513,07/08/2024,TKO
INV01612,C00540,"P00455,P00304,P00333",23/02/2025,ST
INV01613,C00086,"P00480,P00334,P00241",17/02/2024,TKO
INV01614,C00863,"P00476,P00203,P00005,P00308",19/04/2024,MK
INV01615,C00709,P00055,27/06/2025,MK
INV01616,C00357,"P00117,P00096",08/03/2025,TKO
INV01617,C00586,"P00297,P00380,P00449,P00090",05/08/2025,MK
INV01618,C00575,P00444,01/05/2025,CYB
INV01619,C00156,"P00344,P00294,P00311",08/05/2024,ST
INV01620,C00403,"P00392,P00066,P00303",05/07/2024,CYB
INV01621,C00697,P00312,18/03/2025,TKO
INV01622,C00481,"P00382,P00095,P00243",16/06/2025,MK
INV01623,C00634,"P00159,P00001",25/12/2024,ST
INV01624,C00385,"P00117,P00096,P00438",03/02/2025,ST
INV01625,C00099,"P00367,P00029,P00053,P00026",11/03/2025,CYB
INV01626,C00949,"P00272,P00495,P00147",03/04/2025,MK
INV01627,C00608,"P00117,P00096,P00390",21/05/2025,CYB
INV01628,C00109,"P00377,P00241,P00443",13/11/2025,MK
INV01629,C00240,P00069,19/06/2025,CYB
INV01630,C00484,"P00173,P00416,P00141,P00214,P00498",11/03/2024,TKO
INV01631,C00180,"P00389,P00110",02/07/2024,ST
INV01632,C00643,"P00117,P00096,P00204,P00087",27/08/2024,MK
INV01633,C00270,"P00117,P00096,P00422,P00169",16/11/2024,TKO
INV01634,C00755,"P00086,P00316,P00318",10/07/2024,TKO
INV01635,C00428,"P00030,P00396,P00039,P00384,P00194",26/09/2024,TKO
INV01636,C00566,"P00162,P00060,P00297,P00036",07/04/2025,TKO
INV01637,C00443,"P00415,P00165,P00236,P00283,P00196",19/02/2024,ST
INV01638,C01079,"P00317,P00328,P00014,P00185,P00510",07/10/2024,TKO
INV01639,C00848,"P00358,P00422,P00519,P00326",14/05/2024,TKO
INV01640,C00934,"P00113,P00353,P00106,P00424",04/07/2024,TKO
INV01641,C00422,"P00144,P00242,P00522,P00122,P00361",27/05/2025,TKO
INV01642,C00662,P00023,06/01/2025,ST
INV01643,C00410,"P00476,P00087,P00539,P00176",04/08/2024,MK
INV01644,C00636,"P00363,P00503,P00252,P00333",27/11/2025,MK
INV01645,C00283,P00246,30/06/2025,MK
INV01646,C00276,"P00117,P00096,P00028",25/09/2024,TKO
INV01647,C00506,"P00117,P00096",16/03/2024,ST
INV01648,C00580,"P00383,P00437,P00139,P00058,P00136",31/07/2024,TKO
INV01649,C00912,P00387,02/09/2025,TKO
INV01650,C00183,"P00127,P00416,P00161,P00038",13/06/2024,ST
INV01651,C00225,"P00117,P00096,P00469,P00084",14/11/2024,ST
INV01652,C00277,P00380,21/04/2024,TKO
INV01653,C00302,"P00469,P00394",20/06/2025,TKO
INV01654,C00619,"P00272,P00229",06/11/2025,CYB
INV01655,C00206,"P00522,P00361",09/04/2024,TKO
INV01656,C00479,"P00047,P00205,P00192,P00451,P00496",15/05/2024,TKO
INV01657,C00239,"P00117,P00096,P00463,P00464",09/10/2025,MK
INV01658,C00310,"P00099,P00019,P00256,P00382",04/08/2024,TKO
INV01659,C01068,"P00155,P00463,P00109,P00339",27/10/2024,CYB
INV01660,C00696,"P00367,P00279,P00509,P00190,P00030",11/08/2024,TKO
INV01661,C00310,"P00471,P00137,P00265",13/06/2024,TKO
INV01662,C00562,"P00334,P00189,P00194,P00231",07/09/2024,TKO
INV01663,C00350,"P00167,P00536,P00003",26/11/2024,TKO
INV01664,C00190,"P00417,P00024,P00280,P00415",02/12/2024,TKO
INV01665,C00131,"P00086,P00369,P00198,P00187,P00450",19/04/2024,CYB
INV01666,C00826,"P00117,P00096,P00230",20/02/2025,TKO
INV01667,C00886,"P00117,P00096,P00128",26/03/2025,ST
INV01668,C00258,P00200,17/05/2024,TKO
INV01669,C00580,"P00117,P00096",16/05/2024,CYB
INV01670,C00881,P00254,29/10/2024,MK
INV01671,C00425,"P00137,P00404",27/10/2024,CYB
INV01672,C00721,"P00117,P00096,P00205,P00154",27/12/2025,ST
INV01673,C00600,P00421,24/08/2024,MK
INV01674,C00552,"P00117,P00096,P00111",25/12/2024,TKO
INV01675,C00138,P00252,09/11/2025,MK
INV01676,C00966,"P00265,P00373,P00159,P00008,P00048",03/01/2024,MK
INV01677,C01062,"P00101,P00344,P00245",05/06/2025,TKO
INV01678,C00720,P00251,24/10/2025,TKO
INV01679,C00044,"P00288,P00084,P00008,P00262,P00016",06/05/2025,CYB
INV01680,C00797,"P00223,P00131,P00023,P00434,P00150",15/05/2025,CYB
INV01681,C01056,P00436,05/07/2025,CYB
INV01682,C00679,"P00117,P00096,P00313",25/09/2024,MK
INV01683,C00703,"P00220,P00495,P00391,P00035",03/08/2025,TKO
INV01684,C00394,"P00159,P00422,P00133,P00187,P00049",26/05/2025,MK
INV01685,C01039,"P00315,P00441,P00470",21/06/2024,TKO
INV01686,C00063,"P00117,P00096,P00149,P00532",07/03/2025,TKO
INV01687,C01004,"P00252,P00323,P00471,P00138,P00100",05/11/2025,CYB
INV01688,C00937,P00071,03/08/2025,MK
INV01689,C00419,P00210,14/01/2024,MK
INV01690,C00520,"P00360,P00465,P00498",17/07/2025,CYB
INV01691,C00591,P00324,23/11/2024,TKO
INV01692,C00124,"P00448,P00485,P00265",21/04/2025,ST
INV01693,C01093,"P00117,P00096,P00384",03/03/2024,ST
INV01694,C01096,"P00117,P00096,P00079,P00264",09/03/2024,TKO
INV01695,C00555,"P00162,P00451,P00463,P00390,P00416",30/07/2024,ST
INV01696,C00305,"P00519,P00140,P00334",23/04/2024,TKO
INV01697,C00954,"P00516,P00287",08/04/2024,CYB
INV01698,C00887,"P00070,P00133,P00523",20/11/2024,MK
INV01699,C00796,"P00059,P00534,P00227",08/11/2025,TKO
INV01700,C00471,"P00536,P00243,P00377,P00515,P00028",17/03/2024,CYB
INV01701,C00160,"P00173,P00529,P00450,P00465,P00499",30/09/2024,TKO
INV01702,C00215,"P00117,P00387,P00536,P00084",11/03/2025,MK
INV01703,C01015,"P00127,P00282,P00460",17/09/2024,CYB
INV01704,C00686,"P00150,P00369,P00159",23/04/2024,CYB
INV01705,C00883,"P00514,P00112,P00052,P00336",20/04/2024,MK
INV01706,C01031,"P00247,P00141,P00325",23/02/2025,MK
INV01707,C00595,"P00481,P00382",16/02/2024,MK
INV01708,C01129,"P00117,P00096,P00165",14/10/2024,CYB
INV01709,C00501,"P00117,P00096,P00016,P00192",25/02/2025,TKO
INV01710,C01123,"P00117,P00096",04/08/2024,CYB
INV01711,C00141,"P00338,P00346",04/03/2025,TKO
INV01712,C00564,"P00117,P00096,P00448,P00481",02/09/2024,ST
INV01713,C00998,"P00074,P00357,P00118,P00187",21/04/2024,TKO
INV01714,C01055,"P00067,P00357,P00134",17/03/2024,MK
INV01715,C00779,"P00067,P00223,P00511",25/09/2024,MK
INV01716,C00343,"P00453,P00024",12/11/2025,MK
INV01717,C00172,"P00117,P00096,P00472,P00293",09/03/2025,CYB
INV01718,C00078,"P00038,P00456,P00530,P00399,P00194",21/09/2024,MK
INV01719,C00683,"P00117,P00096",14/07/2024,TKO
INV01720,C00276,"P00498,P00183,P00102,P00491,P00322",01/03/2025,CYB
INV01721,C00961,"P00119,P00308,P00228",23/10/2025,CYB
INV01722,C00632,"P00117,P00096,P00434,P00534",30/06/2025,ST
INV01723,C00945,"P00304,P00216,P00119",16/08/2025,ST
INV01724,C00740,"P00141,P00183,P00210,P00509,P00352",29/12/2025,TKO
INV01725,C00303,"P00128,P00521,P00289,P00059,P00444",30/12/2025,TKO
INV01726,C00702,"P00082,P00523,P00130,P00196",22/03/2024,CYB
INV01727,C00473,"P00132,P00294,P00037",24/05/2024,TKO
INV01728,C01112,"P00434,P00378,P00323,P00321",24/02/2024,ST
INV01729,C00541,"P00100,P00331,P00113",30/09/2024,TKO
INV01730,C00902,"P00105,P00500,P00320,P00102,P00359",27/02/2024,ST
INV01731,C00400,"P00459,P00069,P00299,P00020,P00285",30/05/2025,MK
INV01732,C00605,"P00067,P00353,P00301",01/05/2024,TKO
INV01733,C00285,"P00146,P00036,P00014",08/09/2025,TKO
INV01734,C01058,"P00496,P00412",23/03/2024,TKO
INV01735,C00793,"P00182,P00050",15/09/2025,TKO
INV01736,C01060,P00390,02/12/2024,CYB
INV01737,C00589,"P00117,P00096",24/07/2024,TKO
INV01738,C00592,"P00117,P00096,P00471",03/10/2024,TKO
INV01739,C00577,P00306,07/01/2024,ST
INV01740,C00117,"P00117,P00096",03/02/2025,CYB
INV01741,C00553,"P00464,P00467,P00226,P00357,P00254",19/06/2024,ST
INV01742,C00241,"P00117,P00096,P00315,P00358",17/01/2024,MK
INV01743,C00657,"P00117,P00096,P00533",14/12/2024,CYB
INV01744,C00537,P00154,06/12/2024,TKO
INV01745,C00869,P00510,06/08/2024,TKO
INV01746,C00852,"P00146,P00061,P00259,P00527,P00358",22/01/2024,MK
INV01747,C00443,"P00117,P00096,P00514,P00368",04/03/2025,MK
INV01748,C00068,P00444,07/04/2025,ST
INV01749,C01108,P00099,28/05/2025,MK
INV01750,C00583,"P00117,P00096,P00302",04/04/2024,TKO
INV01751,C00305,"P00117,P00096",25/05/2025,TKO
INV01752,C00504,"P00436,P00509,P00079,P00016,P00232",27/02/2024,MK
INV01753,C00897,"P00117,P00096",08/09/2024,ST
INV01754,C01035,"P00117,P00096,P00188,P00410",12/03/2024,MK
INV01755,C00936,"P00281,P00250,P00316,P00394",01/05/2024,MK
INV01756,C00772,"P00390,P00459",12/10/2024,CYB
INV01757,C00673,"P00117,P00096,P00279",28/01/2025,TKO
INV01758,C00255,"P00085,P00059,P00142,P00169",14/02/2025,CYB
INV01759,C00925,"P00117,P00096,P00305,P00406",09/12/2025,TKO
INV01760,C00532,"P00243,P00377",25/12/2025,TKO
INV01761,C00631,"P00440,P00116,P00264,P00021,P00457",16/08/2025,TKO
INV01762,C00341,"P00117,P00096,P00196",27/04/2024,CYB
INV01763,C00794,"P00402,P00520,P00088,P00065,P00086",10/04/2025,CYB
INV01764,C00452,P00287,14/03/2025,MK
INV01765,C00998,"P00117,P00096,P00055,P00163",25/05/2024,TKO
INV01766,C00285,"P00117,P00096,P00157",19/01/2025,MK
INV01767,C00867,"P00467,P00362,P00233",25/03/2024,MK
INV01768,C01121,"P00117,P00096",26/09/2024,CYB
INV01769,C01083,"P00147,P00428,P00282,P00034",07/12/2024,TKO
INV01770,C01048,"P00117,P00096,P00438",21/08/2025,TKO
INV01771,C00268,P00037,05/01/2024,TKO
INV01772,C00423,P00508,14/09/2024,TKO
INV01773,C00928,"P00117,P00096,P00059",23/09/2024,TKO
INV01774,C00098,"P00487,P00359",17/04/2025,CYB
INV01775,C00628,"P00117,P00096",22/04/2025,ST
INV01776,C00468,P00002,24/01/2025,TKO
INV01777,C00116,"P00401,P00355,P00230,P00117",10/05/2025,ST
INV01778,C00459,"P00093,P00325,P00101",08/12/2024,TKO
INV01779,C01010,"P00232,P00253",27/10/2024,TKO
INV01780,C00157,"P00461,P00274,P00355,P00262,P00031",21/10/2024,ST
INV01781,C00315,"P00195,P00391,P00053,P00402",16/04/2024,MK
INV01782,C00701,"P00469,P00040,P00339,P00209",19/12/2025,TKO
INV01783,C01125,"P00503,P00495",26/12/2024,TKO
INV01784,C00106,"P00503,P00006,P00225,P00368,P00096",04/07/2025,MK
INV01785,C00042,"P00088,P00058,P00310",09/02/2024,ST
INV01786,C00640,"P00270,P00127,P00031,P00011",09/11/2024,TKO
INV01787,C01016,"P00117,P00096,P00322",12/01/2025,CYB
INV01788,C00822,"P00117,P00096,P00210",22/01/2025,TKO
INV01789,C01108,P00343,18/01/2024,MK
INV01790,C00639,"P00314,P00400,P00511,P00020",22/02/2024,TKO
INV01791,C00160,"P00487,P00355",06/01/2025,MK
INV01792,C01001,"P00117,P00096,P00507",01/11/2024,MK
INV01793,C00641,"P00461,P00036,P00024",15/03/2024,CYB
INV01794,C01108,"P00530,P00407,P00308,P00003,P00243",22/04/2024,TKO
INV01795,C00056,P00403,05/05/2025,CYB
INV01796,C00527,"P00370,P00382,P00454,P00196,P00465",23/08/2025,TKO
INV01797,C00621,"P00346,P00180,P00444,P00178,P00468",22/08/2024,TKO
INV01798,C00548,"P00153,P00354,P00445,P00297",23/02/2024,TKO
INV01799,C00837,"P00152,P00457,P00458,P00173",24/08/2025,TKO
INV01800,C00997,"P00117,P00096",12/05/2025,MK
INV01801,C00386,"P00321,P00019",24/12/2024,TKO
INV01802,C00784,"P00117,P00096",12/08/2024,CYB
INV01803,C01069,P00399,01/06/2025,ST
INV01804,C00424,"P00117,P00096",03/06/2025,MK
INV01805,C00374,P00080,23/06/2025,MK
INV01806,C00310,"P00363,P00072,P00482,P00311,P00323",16/03/2025,TKO
INV01807,C00958,"P00453,P00066,P00387,P00530",06/02/2025,MK
INV01808,C00058,"P00070,P00164,P00104,P00127",08/10/2024,CYB
INV01809,C00541,P00033,16/10/2024,MK
INV01810,C01081,"P00117,P00096,P00143",24/04/2024,MK
INV01811,C00688,"P00296,P00531,P00285,P00381,P00003",02/11/2025,MK
INV01812,C00157,"P00226,P00516",12/09/2025,CYB
INV01813,C00108,"P00117,P00096",02/09/2025,TKO
INV01814,C00367,"P00216,P00431,P00344,P00412",20/06/2024,CYB
INV01815,C00297,P00160,22/08/2024,MK
INV01816,C00470,"P00117,P00096,P00455",09/11/2024,ST
INV01817,C00900,"P00182,P00425,P00134",30/06/2024,CYB
INV01818,C01051,"P00117,P00096",12/11/2025,MK
INV01819,C00613,"P00117,P00096,P00501",22/07/2024,TKO
INV01820,C01006,"P00275,P00191,P00162,P00143,P00213",21/05/2025,MK
INV01821,C00528,"P00429,P00490,P00416",04/12/2024,TKO
INV01822,C01068,"P00117,P00096,P00023,P00114",30/09/2024,CYB
INV01823,C00245,"P00117,P00096",29/09/2025,CYB
INV01824,C00349,"P00006,P00242,P00244",21/11/2025,ST
INV01825,C00599,"P00128,P00301",12/06/2024,TKO
INV01826,C00925,"P00117,P00096,P00311",30/01/2025,CYB
INV01827,C00044,"P00117,P00096,P00268,P00314",23/11/2024,TKO
INV01828,C00665,"P00117,P00096",15/11/2025,ST
INV01829,C00791,"P00498,P00340,P00318,P00006",14/09/2024,TKO
INV01830,C00757,P00343,19/04/2024,CYB
INV01831,C00056,"P00117,P00096,P00190",31/10/2025,TKO
INV01832,C01096,"P00057,P00152",15/06/2024,TKO
INV01833,C00657,"P00451,P00203,P00409,P00176",12/11/2024,TKO
INV01834,C00504,"P00039,P00309",03/07/2025,ST
INV01835,C01013,P00179,22/12/2025,TKO
INV01836,C00892,"P00029,P00257",11/11/2024,MK
INV01837,C00779,"P00213,P00417,P00183,P00485,P00252",23/10/2025,TKO
INV01838,C00787,"P00114,P00185,P00514,P00482,P00035",16/11/2024,ST
INV01839,C00034,P00257,24/04/2024,CYB
INV01840,C00046,"P00034,P00485,P00196,P00058,P00018",02/02/2024,CYB
INV01841,C00533,"P00436,P00287",30/06/2025,TKO
INV01842,C00974,"P00428,P00313,P00138",25/08/2024,MK
INV01843,C00945,"P00240,P00021",13/10/2025,CYB
INV01844,C00753,"P00117,P00096,P00116,P00253",21/03/2024,ST
INV01845,C00106,"P00121,P00021",12/01/2024,ST
INV01846,C00574,"P00434,P00299",22/03/2025,ST
INV01847,C00250,"P00138,P00177,P00195",03/05/2024,ST
INV01848,C00661,P00143,25/10/2024,TKO
INV01849,C00665,"P00117,P00096",03/07/2024,MK
INV01850,C00994,"P00117,P00096,P00280",23/09/2024,CYB
INV01851,C00891,"P00146,P00116,P00506,P00008,P00276",08/04/2025,TKO
INV01852,C00830,P00481,01/06/2025,ST
INV01853,C01047,"P00438,P00452,P00451,P00044",29/11/2024,ST
INV01854,C00105,"P00117,P00096,P00167",27/09/2024,MK
INV01855,C00815,"P00217,P00454",08/11/2024,ST
INV01856,C00978,"P00058,P00114,P00300,P00434",15/11/2024,MK
INV01857,C00643,"P00221,P00193,P00263,P00320",28/06/2025,TKO
INV01858,C00359,"P00117,P00096,P00123,P00358",01/11/2025,TKO
INV01859,C00171,"P00091,P00253",18/09/2025,CYB
INV01860,C00241,"P00117,P00096",22/09/2025,TKO
INV01861,C00450,"P00117,P00096,P00529",15/11/2024,CYB
INV01862,C00379,"P00305,P00226,P00025,P00131,P00168",19/07/2025,TKO
INV01863,C00343,"P00435,P00336,P00267,P00326",26/05/2024,CYB
INV01864,C00279,"P00117,P00096,P00430",29/10/2025,CYB
INV01865,C00254,"P00246,P00521,P00451",12/12/2025,TKO
INV01866,C00892,"P00117,P00096,P00371",25/09/2025,ST
INV01867,C00005,"P00006,P00100,P00355,P00118,P00215",22/05/2024,MK
INV01868,C00353,"P00359,P00367,P00103,P00253",18/02/2025,CYB
INV01869,C00333,"P00508,P00483,P00367",16/05/2024,CYB
INV01870,C00604,"P00090,P00518",14/07/2024,TKO
INV01871,C00515,"P00208,P00394,P00505",17/10/2025,CYB
INV01872,C00154,"P00512,P00159,P00216",16/02/2025,TKO
INV01873,C00326,"P00117,P00096",03/10/2024,TKO
INV01874,C00020,P00514,11/05/2025,TKO
INV01875,C00745,"P00460,P00155,P00227",13/05/2025,ST
INV01876,C00172,"P00117,P00096,P00188",10/01/2024,TKO
INV01877,C00871,"P00117,P00096,P00151,P00123",16/10/2025,CYB
INV01878,C00408,P00416,26/11/2024,ST
INV01879,C00072,P00410,25/12/2025,TKO
INV01880,C00292,"P00434,P00427,P00499",13/08/2025,MK
INV01881,C00454,"P00496,P00115,P00430",05/12/2025,TKO
INV01882,C01122,"P00117,P00096,P00261,P00196",09/07/2024,TKO
INV01883,C00105,"P00310,P00441,P00474",02/01/2024,MK
INV01884,C00492,"P00084,P00513,P00044,P00362,P00212",25/07/2024,TKO
INV01885,C00715,"P00117,P00096",29/12/2024,CYB
INV01886,C00476,"P00117,P00096,P00069,P00234",10/09/2025,TKO
INV01887,C00461,"P00191,P00057",23/09/2024,CYB
INV01888,C00379,P00226,11/05/2024,TKO
INV01889,C00082,"P00291,P00477",17/12/2024,TKO
INV01890,C00851,"P00527,P00538",29/11/2024,TKO
INV01891,C01036,"P00284,P00050,P00447,P00073",10/11/2024,CYB
INV01892,C00682,"P00117,P00096,P00354,P00330",30/03/2025,CYB
INV01893,C01048,P00325,19/02/2024,MK
INV01894,C00184,"P00126,P00449,P00306,P00465",13/05/2025,TKO
INV01895,C00644,"P00468,P00148,P00226,P00291",17/03/2024,MK
INV01896,C00105,P00515,11/03/2024,ST
INV01897,C00672,"P00326,P00166,P00358",28/10/2025,TKO
INV01898,C00161,"P00117,P00096",09/07/2025,CYB
INV01899,C00595,"P00117,P00096,P00213",29/11/2025,TKO
INV01900,C00208,"P00512,P00100,P00380,P00009,P00215",23/04/2025,MK
INV01901,C00402,"P00042,P00154,P00406",22/02/2024,TKO
INV01902,C00744,"P00177,P00423,P00022,P00223,P00322",23/11/2024,MK
INV01903,C01050,"P00117,P00096,P00062,P00277",27/06/2024,ST
INV01904,C00542,"P00117,P00096,P00168",16/03/2024,CYB
INV01905,C01021,"P00321,P00394",02/04/2025,MK
INV01906,C01128,P00372,17/08/2024,TKO
INV01907,C00290,"P00150,P00018,P00427,P00456",11/09/2025,TKO
INV01908,C01090,"P00360,P00308,P00176,P00342,P00487",25/07/2024,ST
INV01909,C00772,"P00154,P00091,P00203,P00179",01/10/2024,ST
INV01910,C00122,"P00176,P00276",27/05/2024,CYB
INV01911,C00511,"P00518,P00448,P00406,P00249",07/04/2024,ST
INV01912,C00571,"P00209,P00012,P00189",08/12/2025,ST
INV01913,C00692,"P00387,P00483",02/08/2025,CYB
INV01914,C00169,"P00117,P00096,P00408,P00459",01/05/2024,ST
INV01915,C00531,P00516,09/04/2025,ST
INV01916,C00422,"P00219,P00424,P00449",12/11/2025,MK
INV01917,C00569,"P00407,P00504",21/08/2024,MK
INV01918,C00182,"P00283,P00164",04/09/2024,TKO
INV01919,C00571,"P00333,P00457",22/09/2025,TKO
INV01920,C01105,"P00353,P00155",16/02/2024,TKO
INV01921,C00368,"P00117,P00096,P00230,P00300",18/08/2024,TKO
INV01922,C00629,"P00189,P00146",24/04/2025,TKO
INV01923,C00953,P00336,27/06/2025,ST
INV01924,C00173,"P00117,P00096,P00357",31/08/2024,MK
INV01925,C00288,"P00447,P00115,P00369,P00400,P00526",20/08/2024,ST
INV01926,C00822,"P00117,P00096,P00442,P00280",17/10/2025,MK
INV01927,C00298,"P00300,P00403",01/04/2025,MK
INV01928,C00122,"P00471,P00361,P00346,P00130,P00230",25/10/2024,MK
INV01929,C00590,P00240,28/02/2025,ST
INV01930,C00841,"P00389,P00444,P00072",24/07/2024,TKO
INV01931,C00157,"P00449,P00450,P00193,P00342",30/09/2025,TKO
INV01932,C00106,"P00117,P00096,P00419,P00055",15/01/2024,ST
INV01933,C00534,"P00117,P00096,P00039,P00023",14/08/2025,CYB
INV01934,C01019,"P00423,P00337,P00398,P00149,P00520",20/12/2024,TKO
INV01935,C00307,"P00532,P00348,P00379",08/02/2025,MK
INV01936,C01003,"P00117,P00096,P00515",22/09/2024,TKO
INV01937,C00932,"P00003,P00477,P00321",14/08/2024,ST
INV01938,C00106,"P00117,P00096,P00387,P00444",21/03/2025,TKO
INV01939,C00155,"P00117,P00096,P00292",17/05/2024,ST
INV01940,C00210,"P00117,P00096,P00393",10/09/2024,TKO
INV01941,C00237,"P00117,P00096,P00119,P00325",21/10/2024,CYB
INV01942,C00439,"P00117,P00096,P00420,P00526",19/09/2024,CYB
INV01943,C00141,"P00363,P00412,P00147,P00080",29/03/2025,MK
INV01944,C00926,"P00283,P00490",05/10/2024,TKO
INV01945,C00637,"P00498,P00035",06/01/2025,CYB
INV01946,C00732,"P00330,P00121,P00481,P00360,P00129",05/06/2024,CYB
INV01947,C00685,"P00117,P00096,P00317,P00021",22/12/2025,TKO
INV01948,C00133,"P00480,P00325",20/03/2024,MK
INV01949,C00191,"P00506,P00460,P00425,P00219",10/02/2024,ST
INV01950,C00191,"P00306,P00244",23/11/2025,ST
INV01951,C00342,"P00117,P00096,P00372,P00434",25/05/2025,MK
INV01952,C00852,"P00117,P00096",28/02/2024,TKO
INV01953,C00696,P00085,16/04/2024,TKO
INV01954,C00575,"P00402,P00523",22/08/2024,TKO
INV01955,C00239,"P00117,P00096,P00043",13/11/2024,MK
INV01956,C00332,"P00362,P00394,P00041,P00366",18/02/2024,MK
INV01957,C00447,"P00263,P00128,P00037,P00406",01/05/2024,ST
INV01958,C00040,"P00136,P00094",25/11/2024,TKO
INV01959,C00747,"P00412,P00228,P00377,P00528",23/09/2024,MK
INV01960,C00103,"P00117,P00096,P00412",04/06/2024,CYB
INV01961,C00589,"P00117,P00096,P00407",07/02/2025,ST
INV01962,C01011,"P00182,P00212,P00355",08/02/2024,MK
INV01963,C00756,"P00084,P00219",31/10/2024,CYB
INV01964,C00973,"P00313,P00186,P00493,P00135",19/10/2025,CYB
INV01965,C00301,"P00117,P00096,P00043",02/01/2025,CYB
INV01966,C00035,"P00117,P00096",07/10/2024,MK
INV01967,C00636,"P00130,P00029,P00463,P00457",23/09/2024,TKO
INV01968,C00443,P00024,18/11/2024,CYB
INV01969,C00309,"P00486,P00534,P00185,P00152",14/03/2024,CYB
INV01970,C00932,"P00183,P00272,P00202,P00228",06/01/2025,MK
INV01971,C00492,P00139,19/02/2024,CYB
INV01972,C00226,"P00301,P00155,P00287,P00523",02/04/2025,CYB
INV01973,C00161,"P00002,P00196,P00447,P00273,P00538",28/06/2025,ST
INV01974,C00896,"P00117,P00096,P00380,P00420",27/11/2025,MK
INV01975,C00255,"P00117,P00096,P00152",31/12/2024,MK
INV01976,C00373,"P00184,P00401,P00098,P00227",04/08/2024,ST
INV01977,C01046,P00086,29/04/2024,TKO
INV01978,C00943,P00123,07/03/2025,TKO
INV01979,C00044,"P00117,P00096",22/07/2025,ST
INV01980,C00306,"P00059,P00194,P00512,P00003,P00205",29/08/2024,CYB
INV01981,C00494,P00422,26/09/2024,ST
INV01982,C01065,"P00279,P00490,P00252",23/05/2024,TKO
INV01983,C00964,"P00126,P00013,P00339",29/11/2025,TKO
INV01984,C00726,"P00262,P00531",29/01/2025,ST
INV01985,C00027,"P00419,P00232,P00023,P00199,P00253",03/01/2024,TKO
INV01986,C00565,"P00232,P00053,P00101",07/03/2024,TKO
INV01987,C01029,"P00303,P00523,P00415,P00292,P00314",10/10/2024,CYB
INV01988,C00162,"P00482,P00055",21/05/2024,TKO
INV01989,C00841,"P00117,P00096,P00072,P00510",27/01/2024,ST
INV01990,C00753,"P00090,P00301,P00404",19/10/2025,MK
INV01991,C00549,"P00117,P00096",07/02/2024,ST
INV01992,C00411,"P00003,P00106",09/06/2025,CYB
INV01993,C00558,P00335,19/12/2024,TKO
INV01994,C00625,"P00117,P00096",04/11/2024,TKO
INV01995,C00762,"P00422,P00199",31/10/2024,CYB
INV01996,C00281,"P00294,P00389,P00107,P00492",10/11/2025,TKO
INV01997,C00660,"P00403,P00359,P00360",09/10/2025,TKO
INV01998,C00721,"P00117,P00096,P00069,P00201",26/10/2025,MK
INV01999,C00345,"P00117,P00096,P00181",07/01/2024,TKO
INV02000,C00077,"P00117,P00096,P00176,P00208",04/03/2024,TKO
INV02001,C00920,"P00117,P00096,P00090",24/10/2024,CYB
INV02002,C00389,"P00028,P00446,P00141,P00439,P00354",10/01/2025,MK
INV02003,C00328,"P00117,P00096",19/03/2024,TKO
INV02004,C00733,"P00117,P00096,P00247",20/09/2024,TKO
INV02005,C00080,"P00474,P00266",27/10/2024,TKO
INV02006,C00437,"P00117,P00096,P00098,P00258",04/11/2025,MK
INV02007,C00394,"P00539,P00449,P00301,P00461",27/06/2025,TKO
INV02008,C00504,"P00066,P00474,P00320",18/02/2024,TKO
INV02009,C01058,"P00134,P00185",06/10/2024,CYB
INV02010,C01013,"P00274,P00138",17/06/2025,ST
INV02011,C01019,"P00228,P00536,P00405",21/02/2024,CYB
INV02012,C00641,"P00480,P00021",08/08/2025,CYB
INV02013,C00824,"P00117,P00096",17/05/2024,CYB
INV02014,C01078,"P00163,P00321,P00165,P00258",07/08/2025,CYB
INV02015,C00991,"P00179,P00089,P00528",24/08/2025,MK
INV02016,C00722,"P00117,P00096,P00286",23/08/2024,CYB
INV02017,C00722,"P00183,P00333,P00085,P00384,P00248",28/09/2025,ST
INV02018,C00112,"P00158,P00077,P00187",07/07/2024,ST
INV02019,C00586,"P00117,P00096,P00387,P00025",08/09/2024,TKO
INV02020,C00244,"P00117,P00096,P00045",06/07/2024,TKO
INV02021,C00379,"P00117,P00096",13/09/2024,CYB
INV02022,C00416,P00179,01/07/2024,MK
INV02023,C00954,"P00518,P00148",12/03/2024,TKO
INV02024,C00861,"P00126,P00394",30/11/2025,MK
INV02025,C01056,"P00322,P00017,P00019,P00203",08/07/2024,ST
INV02026,C00384,"P00448,P00118,P00171,P00527,P00257",23/06/2025,MK
INV02027,C00133,"P00117,P00096,P00406,P00407",21/02/2024,CYB
INV02028,C00113,"P00211,P00418",10/06/2025,TKO
INV02029,C00467,"P00006,P00251,P00118,P00284",02/02/2025,TKO
INV02030,C00189,"P00298,P00032,P00517,P00465",30/01/2025,MK
INV02031,C00850,"P00460,P00418",19/01/2025,TKO
INV02032,C00350,"P00117,P00096",06/09/2025,MK
INV02033,C00751,P00030,05/04/2025,TKO
INV02034,C00320,P00060,25/07/2024,CYB
INV02035,C00753,"P00421,P00390,P00348",29/03/2025,TKO
INV02036,C00059,"P00297,P00539,P00208",18/05/2024,CYB
INV02037,C00898,P00322,02/07/2024,TKO
INV02038,C00069,P00227,16/12/2024,CYB
INV02039,C00447,"P00117,P00096",02/04/2025,TKO
INV02040,C01124,"P00154,P00218,P00390,P00269",15/10/2025,TKO
INV02041,C00905,"P00332,P00411,P00291",15/02/2024,CYB
INV02042,C00588,"P00277,P00028,P00113,P00454,P00466",27/11/2024,TKO
INV02043,C00918,P00157,03/04/2024,TKO
INV02044,C00927,"P00314,P00354",27/03/2025,CYB
INV02045,C00742,"P00401,P00493",11/08/2025,MK
INV02046,C00289,"P00117,P00096",09/01/2024,MK
INV02047,C00985,"P00117,P00096,P00123,P00001",25/07/2025,TKO
INV02048,C00535,"P00167,P00390,P00254",16/07/2025,CYB
INV02049,C00351,P00010,16/09/2024,MK
INV02050,C00632,"P00117,P00096",20/07/2024,TKO
INV02051,C00735,"P00315,P00515,P00105",10/05/2025,ST
INV02052,C00586,"P00134,P00128,P00420,P00346",10/07/2024,MK
INV02053,C00133,"P00198,P00397,P00052,P00024,P00393",29/10/2025,MK
INV02054,C00949,"P00150,P00040",03/12/2024,TKO
INV02055,C00170,"P00377,P00180",11/12/2024,MK
INV02056,C01066,"P00526,P00450",10/09/2024,TKO
INV02057,C00183,"P00117,P00096",19/01/2024,MK
INV02058,C00534,"P00076,P00045,P00002,P00149",29/03/2024,CYB
INV02059,C01046,"P00117,P00096,P00257",05/01/2024,CYB
INV02060,C00771,P00162,13/11/2025,CYB
INV02061,C00221,"P00117,P00096",30/06/2025,CYB
INV02062,C00778,"P00495,P00512,P00444,P00266,P00269",05/04/2024,CYB
INV02063,C00848,P00434,13/02/2025,MK
INV02064,C00909,"P00117,P00096",21/07/2025,ST
INV02065,C00127,"P00260,P00322,P00192,P00286",19/12/2025,TKO
INV02066,C01004,"P00399,P00161,P00049,P00374,P00015",21/06/2025,ST
INV02067,C00960,"P00117,P00096",22/07/2024,MK
INV02068,C00861,"P00213,P00003,P00295",01/11/2025,CYB
INV02069,C00921,"P00117,P00096,P00155,P00199",24/08/2025,TKO
INV02070,C00723,"P00537,P00008,P00192,P00386,P00444",06/11/2024,CYB
INV02071,C00441,"P00442,P00041,P00014,P00098,P00491",09/01/2024,TKO
INV02072,C00637,P00406,12/07/2024,CYB
INV02073,C00021,"P00264,P00299,P00424",19/02/2025,CYB
INV02074,C00214,"P00008,P00465,P00442",02/01/2024,ST
INV02075,C00758,"P00296,P00187,P00447,P00482,P00412",29/06/2025,MK
INV02076,C00410,"P00117,P00096,P00261,P00249",19/09/2025,CYB
INV02077,C01108,P00445,14/04/2025,TKO
INV02078,C00583,P00383,06/09/2024,MK
INV02079,C00255,"P00117,P00096",12/01/2024,CYB
INV02080,C00654,"P00313,P00383,P00339,P00365,P00048",02/08/2025,CYB
INV02081,C00823,"P00278,P00170,P00515,P00410",04/02/2025,TKO
INV02082,C00394,"P00101,P00530,P00210,P00164,P00043",18/05/2024,TKO
INV02083,C00932,"P00237,P00382",13/12/2025,CYB
INV02084,C01062,"P00117,P00096",24/11/2025,TKO
INV02085,C00462,"P00530,P00275,P00453",05/03/2024,ST
INV02086,C01130,"P00117,P00096",27/02/2024,TKO
INV02087,C00739,"P00034,P00226,P00453",29/10/2025,TKO
INV02088,C00944,"P00324,P00501",21/10/2025,CYB
INV02089,C00104,"P00027,P00122,P00250,P00047",26/01/2025,ST
INV02090,C00948,"P00031,P00297,P00111",06/10/2025,ST
INV02091,C01011,"P00100,P00278,P00081,P00055",11/04/2025,TKO
INV02092,C00409,P00509,08/10/2024,MK
INV02093,C00736,"P00049,P00499",11/02/2025,MK
INV02094,C00533,"P00527,P00532,P00211,P00499,P00094",12/06/2025,TKO
INV02095,C00083,"P00099,P00462,P00185",28/04/2025,MK
INV02096,C00569,"P00117,P00096",05/05/2024,ST
INV02097,C00521,"P00003,P00449,P00276",08/11/2024,CYB
INV02098,C01030,"P00117,P00096,P00116,P00439",09/08/2025,TKO
INV02099,C00233,"P00524,P00163",05/10/2024,TKO
INV02100,C00861,P00218,22/12/2024,TKO
INV02101,C00900,"P00117,P00096,P00297,P00376",15/06/2025,CYB
INV02102,C00931,P00349,30/01/2025,TKO
INV02103,C00539,"P00331,P00049",08/06/2024,CYB
INV02104,C01039,"P00117,P00096",23/01/2024,TKO
INV02105,C00066,"P00077,P00205,P00150",10/10/2025,ST
INV02106,C00807,"P00226,P00459,P00097",22/08/2024,TKO
INV02107,C00111,"P00117,P00096",07/01/2024,TKO
INV02108,C00406,P00175,11/09/2025,ST
INV02109,C00104,"P00117,P00096,P00005,P00135",17/03/2025,ST
INV02110,C00445,"P00521,P00384,P00132",02/08/2024,TKO
INV02111,C00328,"P00259,P00343,P00118",13/10/2024,MK
INV02112,C00269,"P00017,P00293,P00033,P00379",30/12/2024,MK
INV02113,C00399,"P00272,P00236,P00354,P00498",02/05/2025,TKO
INV02114,C01098,"P00117,P00096",08/04/2025,ST
INV02115,C00397,"P00117,P00096,P00320",24/03/2024,TKO
INV02116,C00776,"P00276,P00378,P00010,P00278",01/10/2024,TKO
INV02117,C00160,P00010,12/07/2024,ST
INV02118,C00079,"P00117,P00096",20/02/2024,MK
INV02119,C00958,P00097,31/07/2025,TKO
INV02120,C00716,"P00143,P00286,P00330",22/05/2024,ST
INV02121,C00001,"P00379,P00356,P00110,P00283",15/02/2024,CYB
INV02122,C01133,"P00117,P00096",13/05/2025,TKO
INV02123,C00917,"P00057,P00080,P00156",12/03/2025,TKO
INV02124,C00834,P00439,02/09/2024,TKO
INV02125,C01067,"P00117,P00096",17/12/2025,CYB
INV02126,C00072,"P00117,P00096,P00126",08/04/2024,MK
INV02127,C00500,"P00331,P00338,P00053",28/04/2025,TKO
INV02128,C00306,"P00421,P00209,P00278",30/09/2024,TKO
INV02129,C00587,"P00355,P00521,P00013,P00189",12/06/2024,TKO
INV02130,C00639,"P00117,P00096,P00421,P00430",05/10/2025,CYB
INV02131,C00480,"P00117,P00096,P00243",15/04/2024,MK
INV02132,C00503,"P00117,P00096",13/11/2024,ST
INV02133,C00656,P00516,23/06/2024,CYB
INV02134,C00912,"P00512,P00099,P00314,P00465,P00470",19/10/2025,TKO
INV02135,C00496,P00329,05/07/2025,CYB
INV02136,C00908,"P00067,P00428,P00056",04/10/2025,TKO
INV02137,C01010,"P00117,P00096",30/11/2025,TKO
INV02138,C00938,"P00328,P00204,P00003",24/11/2024,TKO
INV02139,C00343,"P00171,P00073,P00266,P00228",11/04/2025,TKO
INV02140,C00582,"P00064,P00059",09/10/2025,TKO
INV02141,C00496,"P00418,P00037",08/07/2025,MK
INV02142,C00429,"P00117,P00096",28/08/2025,MK
INV02143,C00422,P00217,15/04/2025,TKO
INV02144,C00300,"P00051,P00470,P00220,P00275",19/03/2025,TKO
INV02145,C00335,"P00508,P00020,P00037",16/02/2024,ST
INV02146,C00072,"P00337,P00043,P00046,P00031,P00211",27/10/2025,TKO
INV02147,C00543,"P00080,P00046",19/08/2025,MK
INV02148,C00033,"P00351,P00344,P00395",27/10/2025,CYB
INV02149,C00127,P00015,23/10/2024,CYB
INV02150,C00289,P00238,10/01/2025,TKO
INV02151,C00553,P00186,17/05/2024,MK
INV02152,C00108,"P00069,P00536,P00323,P00108",02/11/2024,ST
INV02153,C00846,"P00231,P00022",20/08/2024,MK
INV02154,C00974,"P00076,P00419,P00475,P00289,P00391",08/08/2025,MK
INV02155,C00992,"P00117,P00096",11/11/2025,ST
INV02156,C00330,"P00117,P00096,P00234,P00490",11/06/2025,TKO
INV02157,C00997,"P00514,P00241",27/03/2025,ST
INV02158,C01040,"P00112,P00539,P00034,P00409",20/01/2025,ST
INV02159,C00382,"P00319,P00055,P00507",02/08/2024,TKO
INV02160,C01116,"P00117,P00096,P00202,P00067",01/04/2025,CYB
INV02161,C00775,"P00474,P00242,P00129",08/12/2025,TKO
INV02162,C00344,P00182,12/08/2025,MK
INV02163,C01034,"P00104,P00376,P00317",19/05/2024,CYB
INV02164,C00678,"P00499,P00330,P00413",11/03/2024,CYB
INV02165,C00416,"P00117,P00096",15/01/2025,CYB
INV02166,C00975,P00393,18/06/2024,TKO
INV02167,C00887,"P00354,P00531,P00532",25/04/2024,TKO
INV02168,C00586,"P00149,P00510,P00458,P00199",23/06/2024,CYB
INV02169,C00886,"P00046,P00535,P00172,P00157",02/02/2024,MK
INV02170,C00623,"P00305,P00495,P00147",25/10/2024,TKO
INV02171,C00636,"P00117,P00096,P00249",06/11/2025,CYB
INV02172,C00413,"P00179,P00071",02/08/2024,CYB
INV02173,C00771,"P00117,P00096,P00182",11/04/2024,ST
INV02174,C00912,"P00117,P00096,P00118",22/05/2025,ST
INV02175,C00676,"P00117,P00096",26/04/2024,TKO
INV02176,C00071,"P00526,P00105",07/10/2024,MK
INV02177,C00590,"P00377,P00317",16/10/2024,TKO
INV02178,C00684,"P00073,P00229,P00249",07/09/2024,TKO
INV02179,C00760,P00463,07/12/2025,ST
INV02180,C00685,"P00242,P00364",31/10/2025,TKO
INV02181,C01137,"P00161,P00199",04/09/2025,MK
INV02182,C00797,"P00034,P00301,P00420",19/02/2024,TKO
INV02183,C00024,"P00371,P00351,P00083,P00090",30/03/2025,ST
INV02184,C00300,"P00192,P00456,P00361,P00470",04/06/2024,TKO
INV02185,C00417,"P00166,P00322",02/11/2025,MK
INV02186,C00880,"P00096,P00176,P00329,P00408,P00221",12/08/2025,TKO
INV02187,C00291,"P00040,P00531",06/01/2025,CYB
INV02188,C00738,"P00015,P00321,P00312,P00374,P00253",22/10/2024,TKO
INV02189,C00003,"P00460,P00427,P00474,P00105",19/07/2024,ST
INV02190,C00532,"P00150,P00107,P00403,P00181,P00225",14/06/2025,MK
INV02191,C00522,"P00117,P00096",18/08/2024,MK
INV02192,C00124,"P00439,P00034,P00456,P00161",20/08/2024,TKO
INV02193,C00290,"P00026,P00299,P00054,P00417",10/06/2025,TKO
INV02194,C00723,"P00135,P00244",13/01/2024,TKO
INV02195,C00026,"P00009,P00439,P00227,P00368,P00456",21/08/2024,CYB
INV02196,C00795,"P00117,P00096",29/10/2025,TKO
INV02197,C00098,P00220,19/08/2024,MK
INV02198,C00953,"P00109,P00038,P00256,P00385",05/07/2025,MK
INV02199,C00765,"P00371,P00536,P00386",25/07/2025,CYB
INV02200,C00404,"P00518,P00386,P00152,P00304,P00204",28/04/2025,TKO
INV02201,C00674,"P00333,P00332,P00351",11/02/2025,TKO
INV02202,C00627,P00269,05/06/2024,TKO
INV02203,C00718,"P00200,P00248,P00403",21/10/2024,ST
INV02204,C00114,"P00245,P00346,P00213,P00131,P00433",03/07/2025,MK
INV02205,C00849,"P00033,P00196",17/07/2025,TKO
INV02206,C00890,"P00050,P00134,P00498,P00510,P00133",03/05/2025,CYB
INV02207,C00957,"P00117,P00096,P00483,P00242",27/12/2025,TKO
INV02208,C00121,"P00472,P00131,P00513,P00467,P00010",15/09/2025,MK
INV02209,C00937,"P00117,P00096",28/01/2025,TKO
INV02210,C00945,"P00078,P00527,P00385",15/02/2024,TKO
INV02211,C00085,"P00201,P00045,P00335,P00095,P00333",28/11/2025,TKO
INV02212,C01055,"P00117,P00096,P00425,P00466",27/02/2025,CYB
INV02213,C00059,"P00117,P00096",12/04/2025,TKO
INV02214,C00678,P00321,01/06/2025,TKO
INV02215,C00763,"P00181,P00082,P00264",27/11/2024,TKO
INV02216,C01128,"P00117,P00096,P00053",02/08/2024,CYB
INV02217,C00669,"P00117,P00096,P00429",03/12/2024,TKO
INV02218,C00247,"P00117,P00096,P00154,P00061",30/10/2024,CYB
INV02219,C00135,"P00241,P00388",24/11/2024,TKO
INV02220,C00824,"P00117,P00096,P00061,P00007",22/01/2025,MK
INV02221,C00332,"P00474,P00205,P00095,P00377,P00112",31/01/2025,TKO
INV02222,C00600,"P00038,P00323,P00178",01/02/2024,TKO
INV02223,C00633,"P00117,P00096,P00174",16/11/2024,MK
INV02224,C01067,"P00034,P00366",13/07/2024,CYB
INV02225,C00769,"P00117,P00096",12/09/2024,MK
INV02226,C01033,"P00322,P00285,P00527,P00052",01/01/2024,CYB
INV02227,C01059,"P00225,P00497,P00293,P00044",07/01/2024,MK
INV02228,C00573,"P00112,P00015,P00190",22/08/2024,CYB
INV02229,C00466,"P00126,P00355,P00232,P00073,P00298",17/03/2025,TKO
INV02230,C00080,"P00199,P00265,P00438,P00046",26/04/2025,MK
INV02231,C00020,"P00117,P00096,P00534,P00251",22/07/2024,CYB
INV02232,C00716,P00206,11/10/2025,TKO
INV02233,C01122,"P00117,P00096,P00123",03/08/2024,MK
INV02234,C00961,"P00117,P00096,P00057",12/12/2025,TKO
INV02235,C00786,"P00117,P00096",02/03/2025,MK
INV02236,C00573,"P00117,P00096,P00150,P00019",09/10/2025,ST
INV02237,C00151,"P00531,P00268",09/12/2025,TKO
INV02238,C00019,"P00117,P00096,P00529",08/07/2025,TKO
INV02239,C00517,"P00449,P00142",13/07/2024,TKO
INV02240,C00817,"P00189,P00532,P00251",02/10/2025,MK
INV02241,C00259,"P00028,P00361,P00130,P00019",10/02/2024,TKO
INV02242,C00274,"P00465,P00498,P00165,P00023,P00283",20/10/2024,TKO
INV02243,C00931,"P00468,P00122,P00387",17/08/2025,TKO
INV02244,C00378,"P00117,P00096",11/11/2025,TKO
INV02245,C00597,"P00117,P00096",18/12/2025,CYB
INV02246,C00664,"P00390,P00052,P00099,P00382",02/07/2024,TKO
INV02247,C00442,"P00134,P00141",17/10/2025,TKO
INV02248,C00528,"P00117,P00096,P00489",10/12/2025,TKO
INV02249,C00370,"P00117,P00096",16/12/2025,CYB
INV02250,C00781,"P00536,P00157,P00169,P00225,P00053",10/07/2024,MK
INV02251,C00079,"P00163,P00256,P00076",15/10/2025,TKO
INV02252,C00115,P00470,08/08/2024,TKO
INV02253,C00502,"P00229,P00173,P00509,P00394,P00193",18/02/2024,CYB
INV02254,C00141,"P00413,P00470",25/05/2025,MK
INV02255,C00853,"P00293,P00184,P00417",12/07/2025,MK
INV02256,C00127,"P00089,P00068,P00445,P00467,P00522",08/02/2024,TKO
INV02257,C00556,P00163,14/04/2025,CYB
INV02258,C00594,P00131,13/02/2025,CYB
INV02259,C00794,"P00478,P00089,P00281,P00091",07/11/2024,MK
INV02260,C00979,"P00117,P00096",27/03/2024,TKO
INV02261,C00397,"P00156,P00240,P00310,P00383,P00314",07/04/2025,TKO
INV02262,C00615,"P00167,P00049",26/10/2024,TKO
INV02263,C01120,"P00117,P00096,P00533",26/08/2024,CYB
INV02264,C00368,"P00404,P00088,P00394,P00312",14/04/2024,ST
INV02265,C00288,"P00200,P00072,P00453",04/01/2025,ST
INV02266,C01131,"P00171,P00363",21/04/2025,TKO
INV02267,C00012,"P00117,P00096,P00352",01/09/2025,TKO
INV02268,C00194,"P00117,P00096,P00271",25/05/2024,MK
INV02269,C01058,"P00210,P00429",02/03/2025,MK
INV02270,C00168,"P00117,P00096,P00453,P00291",26/06/2024,TKO
INV02271,C00914,"P00035,P00201,P00066,P00256",01/02/2024,TKO
INV02272,C00696,"P00117,P00096,P00381,P00360",15/03/2025,MK
INV02273,C00750,"P00150,P00043,P00294,P00429",23/09/2024,TKO
INV02274,C00809,"P00141,P00480",05/11/2024,TKO
INV02275,C00925,"P00241,P00129,P00047",23/03/2025,MK
INV02276,C00947,P00143,16/08/2025,TKO
INV02277,C00279,"P00205,P00292,P00057",16/09/2025,CYB
INV02278,C00411,"P00117,P00096,P00086,P00503",17/09/2024,TKO
INV02279,C00149,"P00117,P00096",19/01/2025,CYB
INV02280,C00426,"P00232,P00087,P00521,P00270",04/11/2025,CYB
INV02281,C01007,"P00169,P00405",01/01/2025,CYB
INV02282,C00985,"P00211,P00476,P00174,P00232",02/01/2024,TKO
INV02283,C00429,"P00117,P00096,P00156,P00191",08/01/2025,CYB
INV02284,C00250,"P00016,P00397,P00282,P00439,P00372",08/09/2024,TKO
INV02285,C00609,P00118,18/11/2024,CYB
INV02286,C00076,P00101,10/01/2024,CYB
INV02287,C00947,P00098,05/09/2025,CYB
INV02288,C00927,"P00011,P00117,P00182",06/06/2024,TKO
INV02289,C00218,"P00261,P00294",28/06/2024,ST
INV02290,C00477,"P00117,P00096,P00180,P00130",27/05/2025,MK
INV02291,C00425,"P00236,P00133,P00324,P00075",29/08/2025,ST
INV02292,C00793,"P00117,P00096,P00315",02/03/2025,MK
INV02293,C00418,P00353,27/06/2024,TKO
INV02294,C00888,P00302,20/08/2024,TKO
INV02295,C01104,P00140,09/12/2025,TKO
INV02296,C00548,"P00433,P00141,P00220",02/10/2025,MK
INV02297,C00777,"P00473,P00039,P00151",11/01/2025,ST
INV02298,C01022,"P00439,P00504",29/12/2025,MK
INV02299,C01121,"P00323,P00032,P00165,P00364,P00025",07/10/2024,ST
INV02300,C00907,P00108,10/03/2024,ST
INV02301,C00607,"P00477,P00015",17/04/2024,CYB
INV02302,C00648,"P00353,P00277,P00058",13/02/2024,ST
INV02303,C00654,"P00518,P00171",09/10/2025,TKO
INV02304,C00315,P00104,11/04/2024,CYB
INV02305,C00019,"P00117,P00096",20/03/2024,MK
INV02306,C00300,"P00092,P00088,P00127,P00253,P00026",07/04/2025,CYB
INV02307,C01025,"P00140,P00503,P00533,P00147,P00027",07/10/2025,TKO
INV02308,C00175,P00368,31/01/2025,TKO
INV02309,C00741,"P00117,P00096,P00266",23/02/2025,TKO
INV02310,C00614,"P00147,P00319,P00506",28/04/2025,ST
INV02311,C00860,"P00342,P00365",21/11/2024,TKO
INV02312,C00749,"P00057,P00410,P00205,P00400,P00032",17/03/2025,ST
INV02313,C00687,"P00016,P00099",29/02/2024,MK
INV02314,C00894,"P00187,P00411",25/12/2024,MK
INV02315,C00064,"P00023,P00362,P00054,P00223",29/07/2025,MK
INV02316,C00134,"P00209,P00532,P00384,P00256",09/01/2025,TKO
INV02317,C00446,"P00117,P00096",01/05/2025,CYB
INV02318,C00334,"P00095,P00156",10/03/2025,CYB
INV02319,C00479,"P00363,P00539,P00486,P00276,P00191",28/03/2024,TKO
INV02320,C00828,"P00066,P00448,P00422",09/06/2025,ST
INV02321,C00267,"P00286,P00072,P00170,P00422",17/09/2025,MK
INV02322,C01034,"P00252,P00044,P00486,P00338,P00143",13/01/2024,MK
INV02323,C00480,"P00383,P00316,P00391,P00480,P00126",04/08/2025,TKO
INV02324,C00205,"P00046,P00147,P00300",22/11/2025,TKO
INV02325,C01044,"P00161,P00257,P00530,P00410",27/08/2025,TKO
INV02326,C00865,"P00391,P00257,P00508,P00446",08/07/2024,MK
INV02327,C01063,"P00117,P00096",04/10/2024,CYB
INV02328,C00313,"P00117,P00096,P00205,P00423",25/08/2024,ST
INV02329,C00057,"P00117,P00096,P00008",14/03/2025,CYB
INV02330,C00800,"P00117,P00096,P00095,P00382",18/06/2024,ST
INV02331,C00849,"P00117,P00096",24/02/2024,TKO
INV02332,C00774,"P00251,P00213,P00001,P00142,P00461",13/10/2024,CYB
INV02333,C00339,"P00532,P00463,P00376,P00177",05/08/2024,TKO
INV02334,C00657,P00325,09/01/2024,MK
INV02335,C00762,"P00142,P00282,P00083,P00310",04/07/2025,CYB
INV02336,C01078,"P00228,P00074,P00383,P00363",11/12/2025,TKO
INV02337,C00819,P00092,14/01/2024,TKO
INV02338,C01086,P00484,20/01/2025,TKO
INV02339,C00785,"P00389,P00150,P00078,P00539",11/09/2024,MK
INV02340,C00473,"P00082,P00024,P00469",26/07/2024,CYB
INV02341,C00109,"P00042,P00112,P00327",12/02/2024,MK
INV02342,C00224,"P00089,P00500,P00135,P00402",12/09/2025,MK
INV02343,C00008,"P00117,P00096,P00026,P00368",17/05/2025,MK
INV02344,C00643,"P00104,P00148",11/01/2025,MK
INV02345,C00666,"P00369,P00100,P00149,P00256",11/03/2024,ST
INV02346,C00796,"P00530,P00309",28/11/2025,CYB
INV02347,C00122,"P00316,P00139,P00032",09/02/2025,CYB
INV02348,C01018,"P00159,P00099",02/10/2024,MK
INV02349,C00748,"P00403,P00123",16/11/2024,MK
INV02350,C00799,P00462,20/05/2024,CYB
INV02351,C00686,P00329,07/04/2025,TKO
INV02352,C00327,"P00054,P00539,P00457,P00206,P00511",26/07/2024,TKO
INV02353,C00413,"P00117,P00096,P00357,P00445",24/09/2025,TKO
INV02354,C00569,"P00509,P00209,P00395,P00349,P00300",14/04/2024,CYB
INV02355,C00164,P00178,07/07/2024,CYB
INV02356,C00822,"P00117,P00096,P00269",28/03/2024,TKO
INV02357,C00799,"P00012,P00349,P00035,P00469",27/02/2025,CYB
INV02358,C00711,P00484,13/11/2025,TKO
INV02359,C00606,"P00516,P00062,P00494,P00012",14/07/2024,ST
INV02360,C00947,"P00157,P00333,P00447,P00467,P00285",13/09/2024,TKO
INV02361,C00949,"P00112,P00254,P00013",18/01/2025,TKO
INV02362,C00023,P00450,02/07/2024,MK
INV02363,C00850,P00500,10/03/2024,TKO
INV02364,C01128,"P00533,P00005,P00337,P00422,P00354",01/12/2024,TKO
INV02365,C00682,"P00117,P00096,P00460",16/12/2024,TKO
INV02366,C00716,"P00214,P00125,P00052,P00130",03/09/2025,TKO
INV02367,C00506,"P00091,P00532,P00043,P00063",13/08/2024,MK
INV02368,C00913,"P00432,P00204,P00067,P00398,P00400",15/05/2024,CYB
INV02369,C00379,P00298,14/10/2024,TKO
INV02370,C01028,"P00487,P00226,P00273,P00512,P00412",01/01/2025,MK
INV02371,C00887,"P00429,P00440",06/03/2025,TKO
INV02372,C00871,"P00517,P00042,P00325,P00328",06/12/2024,ST
INV02373,C00338,"P00235,P00254,P00130",19/06/2025,MK
INV02374,C00276,"P00117,P00096,P00231",23/08/2025,MK
INV02375,C00680,"P00094,P00438,P00375,P00482,P00397",03/09/2025,TKO
INV02376,C01120,"P00117,P00096,P00232",02/03/2024,ST
INV02377,C00010,"P00117,P00096,P00350,P00432",30/04/2024,TKO
INV02378,C00385,"P00117,P00096,P00392",17/04/2025,MK
INV02379,C00833,"P00107,P00291,P00284,P00193,P00129",24/12/2025,TKO
INV02380,C00840,P00032,16/02/2025,CYB
INV02381,C01047,"P00258,P00251,P00492,P00224",09/11/2025,ST
INV02382,C01062,"P00297,P00032,P00212,P00216,P00460",09/10/2024,ST
INV02383,C00208,"P00133,P00067,P00416,P00427",20/09/2024,MK
INV02384,C00163,P00461,25/07/2024,MK
INV02385,C00116,"P00200,P00206,P00112",13/09/2024,MK
INV02386,C00367,"P00307,P00495",12/11/2025,MK
INV02387,C00172,"P00424,P00513",11/11/2025,CYB
INV02388,C00488,P00459,28/04/2024,ST
INV02389,C00273,"P00338,P00042,P00192",01/07/2025,CYB
INV02390,C00164,"P00204,P00280,P00118,P00246,P00256",07/04/2024,MK
INV02391,C00463,"P00314,P00013,P00449",29/11/2025,TKO
INV02392,C00885,"P00117,P00096",08/09/2025,ST
INV02393,C00057,"P00380,P00238",01/12/2025,CYB
INV02394,C00499,"P00077,P00258,P00348,P00279,P00452",17/10/2025,ST
INV02395,C00885,"P00117,P00096,P00041",29/07/2025,MK
INV02396,C00218,"P00320,P00296,P00277",14/05/2025,CYB
INV02397,C00084,"P00067,P00484,P00103,P00295,P00181",18/03/2024,CYB
INV02398,C00993,"P00141,P00337,P00521,P00113,P00474",25/06/2024,TKO
INV02399,C00013,"P00440,P00263",29/10/2025,TKO
INV02400,C00761,"P00008,P00379,P00291",26/01/2025,TKO
INV02401,C00411,"P00467,P00344,P00132,P00488",22/10/2025,ST
INV02402,C00647,P00381,31/07/2024,CYB
INV02403,C00694,"P00473,P00401,P00083,P00158,P00357",24/03/2024,CYB
INV02404,C00931,"P00227,P00029,P00533,P00141",23/08/2024,CYB
INV02405,C00671,"P00188,P00257,P00085,P00276",14/09/2025,TKO
INV02406,C00824,P00492,06/01/2025,CYB
INV02407,C00592,"P00538,P00441,P00134,P00241",18/07/2025,MK
INV02408,C00837,"P00117,P00096,P00182,P00528",24/01/2025,CYB
INV02409,C00801,"P00262,P00208,P00206,P00111",13/11/2024,CYB
INV02410,C00834,"P00117,P00096",05/02/2024,ST
INV02411,C00582,P00119,13/04/2025,MK
INV02412,C01050,"P00224,P00426,P00289",13/11/2024,ST
INV02413,C00139,"P00287,P00531,P00535,P00186",05/07/2024,TKO
INV02414,C00607,"P00117,P00096,P00538,P00510",04/09/2024,TKO
INV02415,C00206,"P00117,P00096,P00312,P00012",15/03/2025,TKO
INV02416,C00131,"P00117,P00096,P00446,P00340",28/02/2025,CYB
INV02417,C00220,"P00300,P00387,P00276,P00508,P00241",30/03/2025,MK
INV02418,C01074,"P00117,P00096",10/12/2025,CYB
INV02419,C01041,P00428,18/08/2024,CYB
INV02420,C00211,"P00045,P00284,P00383,P00023",20/08/2025,MK
INV02421,C00759,P00467,02/05/2025,TKO
INV02422,C00797,P00043,06/01/2025,MK
INV02423,C00906,P00200,08/05/2024,MK
INV02424,C00289,"P00121,P00127,P00117,P00415",15/11/2024,TKO
INV02425,C00089,"P00271,P00283",31/10/2024,CYB
INV02426,C00938,"P00274,P00007,P00486,P00085",08/10/2024,MK
INV02427,C00248,"P00079,P00157,P00536,P00129,P00128",30/08/2025,MK
INV02428,C00835,"P00255,P00392",19/09/2025,TKO
INV02429,C00460,"P00365,P00439,P00450",25/08/2024,ST
INV02430,C00541,"P00262,P00516,P00124,P00103",05/12/2024,CYB
INV02431,C00198,"P00198,P00428,P00186,P00004",20/01/2024,TKO
INV02432,C00514,"P00485,P00173,P00491",11/12/2024,MK
INV02433,C00997,P00078,19/12/2024,CYB
INV02434,C00849,"P00117,P00096",24/08/2025,TKO
INV02435,C00480,"P00117,P00096",18/12/2025,CYB
INV02436,C00997,"P00117,P00096,P00379",08/12/2025,TKO
INV02437,C00681,P00408,09/06/2024,TKO
INV02438,C00760,"P00067,P00227,P00077",16/02/2025,ST
INV02439,C00974,"P00117,P00096,P00381",28/08/2025,TKO
INV02440,C00531,"P00117,P00096",12/12/2025,ST
INV02441,C00230,"P00159,P00201,P00453,P00348,P00014",24/07/2024,TKO
INV02442,C00297,"P00489,P00521,P00150,P00499",19/02/2024,MK
INV02443,C00458,P00199,03/01/2025,ST
INV02444,C01097,"P00346,P00056,P00440,P00195,P00079",10/11/2024,CYB
INV02445,C00019,"P00386,P00269,P00197,P00232",09/07/2024,CYB
INV02446,C00334,"P00538,P00084,P00163,P00002",19/11/2024,TKO
INV02447,C00559,"P00517,P00059,P00072",27/11/2024,MK
INV02448,C00747,"P00117,P00096,P00463",17/06/2024,CYB
INV02449,C00842,"P00117,P00096",14/06/2025,CYB
INV02450,C00211,"P00449,P00305,P00316",18/09/2024,CYB
INV02451,C00423,"P00134,P00170,P00412",28/07/2024,MK
INV02452,C00111,"P00413,P00050",04/10/2025,MK
INV02453,C00322,"P00025,P00063",27/02/2025,CYB
INV02454,C01106,"P00360,P00042,P00282,P00393,P00185",20/10/2024,ST
INV02455,C00584,"P00029,P00032",13/04/2025,TKO
INV02456,C00700,"P00375,P00206,P00059,P00450",19/09/2025,MK
INV02457,C00577,"P00149,P00045,P00184",26/08/2025,ST
INV02458,C00708,"P00142,P00468,P00338,P00174,P00183",19/12/2024,TKO
INV02459,C00075,"P00124,P00430",03/08/2024,MK
INV02460,C01004,"P00485,P00256,P00347",23/04/2024,CYB
INV02461,C00864,"P00263,P00454",20/07/2025,TKO
INV02462,C00794,P00213,27/03/2025,CYB
INV02463,C00571,P00200,06/03/2025,MK
INV02464,C00349,"P00144,P00518",11/10/2024,CYB
INV02465,C00943,"P00251,P00085,P00513,P00112,P00198",24/09/2024,TKO
INV02466,C00877,"P00395,P00397,P00216",03/07/2025,MK
INV02467,C00847,"P00117,P00096,P00022",31/07/2024,TKO
INV02468,C00966,"P00284,P00295,P00227,P00484",07/08/2024,TKO
INV02469,C00097,"P00454,P00324,P00106,P00154,P00517",04/04/2024,TKO
INV02470,C00847,"P00373,P00096,P00275,P00247,P00374",26/09/2024,CYB
INV02471,C00155,P00453,15/02/2024,MK
INV02472,C00928,"P00168,P00025,P00438,P00445",14/02/2025,TKO
INV02473,C01109,"P00462,P00053,P00427,P00275,P00528",22/11/2024,TKO
INV02474,C00800,"P00414,P00459",25/08/2025,TKO
INV02475,C00438,"P00470,P00484,P00353,P00201",31/05/2024,CYB
INV02476,C00591,"P00298,P00353,P00280",13/10/2024,ST
INV02477,C00664,"P00265,P00432,P00532",27/02/2024,CYB
INV02478,C00717,"P00129,P00322,P00453,P00085,P00259",06/11/2025,TKO
INV02479,C00681,"P00109,P00314,P00127",19/08/2024,TKO
INV02480,C00582,"P00029,P00490",23/07/2025,TKO
INV02481,C00105,"P00117,P00096",05/01/2024,ST
INV02482,C00927,"P00397,P00444,P00274",17/03/2024,MK
INV02483,C00837,"P00341,P00190",22/12/2024,MK
INV02484,C00326,"P00533,P00419",08/08/2025,CYB
INV02485,C00957,"P00117,P00096",06/02/2025,CYB
INV02486,C00320,P00060,01/06/2024,TKO
INV02487,C01055,"P00117,P00096,P00027",30/01/2025,MK
INV02488,C00419,"P00225,P00125,P00497",03/10/2024,TKO
INV02489,C00729,"P00218,P00411",19/09/2025,CYB
INV02490,C00411,"P00505,P00072",25/10/2025,CYB
INV02491,C01124,"P00358,P00081,P00118",17/09/2025,CYB
INV02492,C00226,"P00117,P00096,P00514",10/11/2025,TKO
INV02493,C00917,"P00288,P00299,P00231",07/11/2024,MK
INV02494,C00426,"P00290,P00105,P00124",05/10/2024,TKO
INV02495,C00941,P00036,29/12/2025,CYB
INV02496,C01066,"P00117,P00096",02/12/2024,TKO
INV02497,C00568,P00091,07/05/2025,MK
INV02498,C00492,"P00233,P00029,P00243,P00257,P00202",26/08/2024,TKO
INV02499,C00990,"P00464,P00103,P00200,P00334",14/12/2025,ST
INV02500,C00808,"P00117,P00096,P00172,P00489",11/05/2025,TKO
INV02501,C00868,"P00117,P00096",27/08/2025,TKO
INV02502,C01092,"P00086,P00096",06/11/2024,TKO
INV02503,C01031,"P00170,P00293",02/10/2025,TKO
INV02504,C00873,"P00117,P00096,P00047",19/06/2024,TKO
INV02505,C00813,"P00156,P00079",25/11/2025,CYB
INV02506,C00071,"P00205,P00482,P00244",10/01/2024,TKO
INV02507,C00848,"P00117,P00096",16/02/2025,MK
INV02508,C00459,"P00003,P00179,P00247,P00494,P00489",02/05/2024,MK
INV02509,C00981,"P00030,P00385,P00226,P00412",06/02/2024,MK
INV02510,C00579,"P00503,P00211,P00100",26/12/2025,CYB
INV02511,C00901,"P00229,P00255,P00324",05/03/2025,ST
INV02512,C00728,"P00396,P00035,P00107,P00407,P00299",08/03/2024,TKO
INV02513,C01119,"P00117,P00096",11/03/2024,MK
INV02514,C00681,"P00309,P00008,P00280",21/06/2025,TKO
INV02515,C00499,"P00117,P00096,P00469",12/01/2024,TKO
INV02516,C00931,P00470,15/12/2024,MK
INV02517,C00686,P00092,08/03/2025,MK
INV02518,C00064,"P00311,P00517,P00456,P00370",16/02/2025,MK
INV02519,C00109,P00123,21/06/2025,MK
INV02520,C00092,"P00340,P00076",05/04/2024,CYB
INV02521,C00523,"P00117,P00096,P00373,P00440",24/12/2024,ST
INV02522,C00903,"P00447,P00367,P00380,P00183,P00266",23/09/2025,ST
INV02523,C00261,"P00117,P00096,P00295",24/08/2024,CYB
INV02524,C00501,"P00218,P00343",07/09/2024,ST
INV02525,C00079,P00023,28/10/2025,CYB
INV02526,C00190,"P00117,P00096,P00315",16/02/2025,CYB
INV02527,C00401,"P00117,P00096",12/06/2025,MK
INV02528,C00529,"P00117,P00096",15/12/2024,MK
INV02529,C01093,"P00447,P00041",08/02/2025,ST
INV02530,C00676,"P00115,P00194,P00422",17/05/2025,ST
INV02531,C00973,"P00117,P00096",07/12/2024,TKO
INV02532,C00295,"P00524,P00403,P00043,P00392",08/03/2025,MK
INV02533,C00309,"P00117,P00096,P00070,P00389",29/09/2024,MK
INV02534,C01029,"P00117,P00096",08/11/2025,TKO
INV02535,C00383,"P00117,P00096",02/10/2024,CYB
INV02536,C00098,"P00107,P00501,P00270",26/01/2024,MK
INV02537,C00916,"P00299,P00373,P00146,P00502,P00350",13/06/2024,MK
INV02538,C00255,"P00117,P00096",05/04/2025,TKO
INV02539,C00148,P00065,06/09/2025,ST
INV02540,C00302,"P00426,P00213,P00538",03/12/2024,TKO
INV02541,C00873,"P00063,P00220,P00265,P00476",02/07/2024,CYB
INV02542,C00470,"P00109,P00154,P00160,P00188",08/01/2025,MK
INV02543,C00609,"P00113,P00048,P00185",28/11/2025,TKO
INV02544,C00412,"P00117,P00096",23/11/2025,TKO
INV02545,C00492,"P00117,P00096",21/09/2024,TKO
INV02546,C00625,"P00474,P00237",28/11/2024,MK
INV02547,C00980,"P00117,P00096",19/09/2024,MK
INV02548,C00949,"P00496,P00204,P00014,P00346",21/09/2025,TKO
INV02549,C00751,"P00521,P00003,P00515,P00403",23/02/2025,CYB
INV02550,C01041,"P00180,P00275,P00169,P00006,P00482",17/11/2024,ST
INV02551,C01089,"P00467,P00219,P00037,P00501",27/10/2024,CYB
INV02552,C00886,"P00002,P00173,P00423,P00176,P00100",03/08/2025,MK
INV02553,C01011,"P00050,P00051",22/03/2024,MK
INV02554,C00892,"P00346,P00380,P00250,P00078",23/07/2024,CYB
INV02555,C00166,"P00333,P00112,P00276,P00302,P00267",07/10/2024,CYB
INV02556,C00743,"P00117,P00096,P00134",25/12/2025,TKO
INV02557,C00108,"P00271,P00424,P00190,P00371,P00265",14/02/2025,TKO
INV02558,C00420,"P00024,P00312,P00284",24/04/2024,MK
INV02559,C00632,"P00030,P00089,P00133,P00453,P00437",24/01/2024,CYB
INV02560,C00704,"P00331,P00275,P00514,P00367",04/04/2024,MK
INV02561,C00792,"P00455,P00004",05/04/2024,MK
INV02562,C00436,"P00094,P00064,P00355,P00169,P00297",12/06/2024,ST
INV02563,C00684,"P00018,P00281,P00265",08/01/2024,CYB
INV02564,C00219,"P00449,P00320,P00454,P00468,P00332",17/12/2024,MK
INV02565,C00744,"P00237,P00221,P00047",17/04/2025,ST
INV02566,C00663,"P00117,P00096,P00476,P00442",16/09/2024,TKO
INV02567,C00391,"P00117,P00096",13/10/2024,TKO
INV02568,C00684,"P00530,P00122,P00027,P00528,P00475",04/02/2025,CYB
INV02569,C00235,"P00117,P00096,P00184,P00338",05/11/2025,CYB
INV02570,C00733,"P00030,P00047",31/05/2025,MK
INV02571,C00751,"P00232,P00518",02/06/2024,TKO
INV02572,C00348,P00452,05/08/2024,MK
INV02573,C00673,P00434,13/02/2024,ST
INV02574,C00169,"P00194,P00409,P00535",23/02/2025,TKO
INV02575,C00376,"P00339,P00436,P00335",27/02/2024,MK
INV02576,C01100,"P00385,P00055,P00305,P00315",26/03/2024,ST
INV02577,C00069,"P00117,P00096",05/07/2025,TKO
INV02578,C00533,"P00117,P00096,P00367,P00410",21/12/2025,CYB
INV02579,C01086,"P00117,P00096",18/09/2025,MK
INV02580,C00594,"P00117,P00096,P00427,P00424",16/07/2024,ST
INV02581,C00966,"P00284,P00320,P00109,P00352",06/08/2024,ST
INV02582,C00294,"P00117,P00096,P00205,P00280",28/09/2024,ST
INV02583,C00599,"P00278,P00261,P00521",13/04/2024,TKO
INV02584,C00566,"P00469,P00056,P00362,P00446",04/11/2024,MK
INV02585,C00802,"P00239,P00393,P00276",12/11/2024,CYB
INV02586,C00397,P00419,28/09/2025,TKO
INV02587,C00534,"P00230,P00014,P00328,P00322,P00071",20/04/2024,TKO
INV02588,C00068,"P00143,P00189,P00305,P00199,P00455",12/02/2025,MK
INV02589,C00423,"P00117,P00096,P00001,P00167",06/03/2024,TKO
INV02590,C00162,P00393,27/05/2025,TKO
INV02591,C00323,"P00165,P00020,P00397",16/09/2024,TKO
INV02592,C00604,"P00117,P00096,P00302,P00238",06/06/2024,ST
INV02593,C00936,"P00117,P00096,P00381",30/11/2025,ST
INV02594,C00309,"P00098,P00131",12/08/2025,ST
INV02595,C00737,"P00034,P00044,P00371,P00443",09/10/2024,CYB
INV02596,C00354,"P00117,P00096,P00507",17/07/2024,TKO
INV02597,C00770,"P00117,P00096,P00477",25/05/2024,TKO
INV02598,C00553,"P00373,P00296,P00221,P00346,P00343",03/03/2024,CYB
INV02599,C00191,"P00524,P00274,P00379,P00073,P00267",25/07/2024,ST
INV02600,C01039,P00268,02/12/2025,MK
INV02601,C00297,"P00184,P00401,P00144,P00095",14/03/2024,TKO
INV02602,C00167,"P00174,P00073,P00380",22/04/2024,CYB
INV02603,C00905,"P00504,P00531,P00331,P00077,P00396",29/09/2024,CYB
INV02604,C00747,"P00517,P00028,P00114,P00140,P00158",02/04/2025,TKO
INV02605,C00082,"P00075,P00014,P00200",07/01/2025,TKO
INV02606,C01108,"P00094,P00227,P00434",23/02/2025,TKO
INV02607,C00213,P00452,11/06/2025,CYB
INV02608,C00499,"P00117,P00096",21/08/2024,MK
INV02609,C00768,"P00173,P00382",15/01/2024,ST
INV02610,C00779,"P00117,P00096",03/08/2024,MK
INV02611,C00021,"P00455,P00333,P00055",26/09/2024,CYB
INV02612,C00072,"P00517,P00382,P00135",07/01/2025,CYB
INV02613,C00354,P00052,27/04/2024,TKO
INV02614,C01112,"P00117,P00096",05/10/2024,MK
INV02615,C00507,"P00305,P00484,P00455",15/12/2025,TKO
INV02616,C00741,"P00211,P00089,P00311,P00353,P00460",09/06/2024,CYB
INV02617,C01111,"P00263,P00489,P00350",16/05/2024,CYB
INV02618,C01122,"P00445,P00145,P00052,P00277,P00366",25/06/2024,ST
INV02619,C00804,"P00117,P00096,P00119",06/12/2025,TKO
INV02620,C00524,"P00117,P00096",21/04/2024,ST
INV02621,C01040,"P00325,P00263,P00292,P00010",11/01/2025,TKO
INV02622,C00953,"P00117,P00096,P00045,P00518",24/04/2024,CYB
INV02623,C00635,"P00464,P00215,P00327",04/01/2025,CYB
INV02624,C00986,"P00218,P00353",14/04/2024,CYB
INV02625,C00020,"P00519,P00507,P00377",09/03/2025,MK
INV02626,C00407,"P00117,P00096,P00130",14/06/2025,ST
INV02627,C00936,P00537,23/06/2025,ST
INV02628,C00658,"P00345,P00525,P00396,P00317,P00463",09/05/2024,MK
INV02629,C00853,"P00535,P00203,P00021",19/04/2025,MK
INV02630,C00272,"P00117,P00096",06/01/2024,MK
INV02631,C01096,"P00117,P00096",07/04/2025,CYB
INV02632,C00486,"P00241,P00250,P00282",13/12/2025,ST
INV02633,C00212,"P00117,P00384,P00127,P00380,P00100",04/04/2024,MK
INV02634,C00867,"P00435,P00291,P00081",10/10/2025,MK
INV02635,C01053,"P00480,P00533",08/02/2024,TKO
INV02636,C00772,"P00117,P00096",03/04/2025,CYB
INV02637,C00218,"P00086,P00295,P00080",24/03/2024,MK
INV02638,C01127,"P00117,P00096,P00120",12/09/2024,CYB
INV02639,C00894,"P00117,P00096,P00090,P00383",02/05/2024,TKO
INV02640,C00780,"P00501,P00104,P00106,P00257",23/04/2025,TKO
INV02641,C00812,"P00336,P00219",19/02/2024,CYB
INV02642,C00319,"P00117,P00096",21/06/2024,MK
INV02643,C01111,"P00117,P00096",08/07/2025,TKO
INV02644,C00546,"P00002,P00191,P00479,P00402,P00054",21/04/2025,TKO
INV02645,C00359,"P00402,P00302,P00283",11/06/2024,MK
INV02646,C01070,"P00410,P00294,P00071,P00485",20/08/2025,MK
INV02647,C00232,P00386,29/03/2024,TKO
INV02648,C00746,"P00155,P00261,P00526,P00072",28/07/2025,TKO
INV02649,C00401,"P00135,P00342",09/05/2025,MK
INV02650,C00694,"P00117,P00096",26/08/2024,CYB
INV02651,C00741,"P00290,P00040,P00391",11/08/2024,MK
INV02652,C01096,P00497,07/12/2025,ST
INV02653,C00473,"P00383,P00108,P00236,P00450,P00242",13/02/2024,CYB
INV02654,C00455,"P00117,P00096,P00113",18/11/2024,TKO
INV02655,C00051,"P00190,P00350,P00248,P00288",04/08/2024,TKO
INV02656,C00520,"P00378,P00438,P00384",19/11/2024,ST
INV02657,C00414,"P00117,P00096",24/04/2024,TKO
INV02658,C00954,"P00117,P00096",09/02/2025,TKO
INV02659,C01099,"P00183,P00224,P00483",30/05/2025,CYB
INV02660,C00358,"P00080,P00041",05/07/2025,MK
INV02661,C00254,"P00117,P00096,P00079",05/04/2025,TKO
INV02662,C00845,"P00421,P00439",29/09/2024,MK
INV02663,C00791,"P00486,P00091,P00176,P00440",28/10/2024,ST
INV02664,C00311,"P00529,P00487,P00162,P00204,P00312",05/01/2024,CYB
INV02665,C00386,"P00085,P00025,P00182",11/08/2024,CYB
INV02666,C00863,P00040,02/07/2025,MK
INV02667,C00202,"P00139,P00442,P00042,P00268",24/01/2025,CYB
INV02668,C00763,"P00024,P00145,P00136,P00291",19/12/2024,MK
INV02669,C00284,"P00388,P00340,P00191",24/07/2025,MK
INV02670,C00775,"P00117,P00096,P00507,P00361",12/04/2025,TKO
INV02671,C00480,"P00187,P00333,P00046,P00325",14/04/2024,CYB
INV02672,C00313,"P00117,P00096,P00453,P00488",05/02/2024,CYB
INV02673,C00091,"P00117,P00096,P00394,P00488",01/01/2025,TKO
INV02674,C00249,"P00025,P00207,P00105,P00006",25/12/2025,ST
INV02675,C00325,P00186,12/06/2024,TKO
INV02676,C01123,"P00117,P00096,P00368",03/05/2024,TKO
INV02677,C00148,P00512,13/01/2024,MK
INV02678,C00763,"P00022,P00100,P00077,P00088",19/05/2024,MK
INV02679,C00387,P00335,21/10/2024,CYB
INV02680,C00882,P00161,01/06/2025,TKO
INV02681,C00791,"P00173,P00059,P00163",25/05/2024,CYB
INV02682,C00894,"P00282,P00295",21/06/2024,ST
INV02683,C00087,"P00537,P00213,P00242",29/11/2024,CYB
INV02684,C01111,"P00117,P00096,P00435,P00437",29/03/2024,TKO
INV02685,C00306,"P00342,P00150,P00080,P00274",10/01/2024,TKO
INV02686,C00330,"P00214,P00065,P00276",09/12/2024,CYB
INV02687,C00238,"P00117,P00096,P00319,P00081",18/12/2024,CYB
INV02688,C01137,"P00448,P00300",11/03/2025,CYB
INV02689,C00501,"P00098,P00454,P00184,P00500",31/08/2025,CYB
INV02690,C01122,"P00117,P00096,P00512,P00514",08/01/2025,MK
INV02691,C00142,"P00117,P00096",08/03/2025,TKO
INV02692,C00816,"P00117,P00096,P00425,P00423",12/11/2024,CYB
INV02693,C01046,"P00100,P00328,P00169",18/11/2025,TKO
INV02694,C00411,"P00407,P00124,P00148,P00056",27/01/2025,TKO
INV02695,C00596,"P00117,P00096",01/10/2024,MK
INV02696,C00083,"P00342,P00362",21/12/2024,TKO
INV02697,C00959,"P00486,P00297,P00038,P00408,P00400",13/10/2024,CYB
INV02698,C01040,"P00414,P00384,P00343,P00418,P00009",26/04/2024,MK
INV02699,C00057,"P00068,P00360,P00471,P00422",10/12/2025,CYB
INV02700,C00304,P00420,09/06/2025,ST
INV02701,C00990,"P00117,P00096,P00010",12/09/2024,CYB
INV02702,C00319,"P00439,P00062,P00232,P00187,P00071",29/07/2024,TKO
INV02703,C00204,"P00080,P00283,P00237,P00034",17/08/2025,MK
INV02704,C00783,P00516,11/02/2025,CYB
INV02705,C00965,"P00117,P00096,P00481,P00466",14/08/2024,MK
INV02706,C00391,"P00031,P00445,P00439,P00386,P00200",05/02/2025,MK
INV02707,C00731,"P00488,P00322,P00537",27/01/2025,CYB
INV02708,C00409,"P00116,P00286",06/06/2025,TKO
INV02709,C00239,"P00138,P00341,P00364",14/08/2024,TKO
INV02710,C00180,"P00492,P00065,P00180,P00402",22/01/2025,MK
INV02711,C00712,"P00040,P00341,P00189",11/03/2024,CYB
INV02712,C00935,P00059,10/08/2024,MK
INV02713,C00292,"P00117,P00096",07/04/2025,TKO
INV02714,C00415,"P00316,P00166,P00345,P00113,P00257",31/05/2025,CYB
INV02715,C01112,P00014,16/06/2025,MK
INV02716,C01072,"P00117,P00096",15/11/2024,MK
INV02717,C00329,"P00457,P00158,P00202,P00104,P00278",18/02/2024,CYB
INV02718,C00560,"P00076,P00518",28/08/2025,MK
INV02719,C01089,"P00269,P00438,P00318,P00320",29/12/2025,TKO
INV02720,C00059,"P00141,P00210,P00309,P00163,P00056",14/07/2025,TKO
INV02721,C00837,"P00476,P00434",13/10/2024,TKO
INV02722,C00728,"P00494,P00094,P00068,P00365,P00270",14/02/2024,CYB
INV02723,C01083,"P00482,P00228",29/12/2024,MK
INV02724,C00282,"P00056,P00374,P00354",06/07/2024,MK
INV02725,C00414,"P00117,P00096",11/02/2024,ST
INV02726,C00523,"P00307,P00098",21/07/2024,ST
INV02727,C00970,"P00117,P00096,P00072,P00200",03/11/2024,MK
INV02728,C00302,"P00117,P00096,P00409",21/01/2025,TKO
INV02729,C00581,"P00112,P00301",30/11/2025,TKO
INV02730,C00731,"P00510,P00491,P00238",02/02/2024,MK
INV02731,C01021,"P00065,P00365,P00222",04/09/2024,TKO
INV02732,C00027,"P00146,P00284",12/05/2025,TKO
INV02733,C00620,"P00301,P00058,P00235,P00192,P00098",17/08/2024,MK
INV02734,C00639,"P00117,P00096,P00408",12/07/2024,MK
INV02735,C00695,P00064,07/05/2025,TKO
INV02736,C00234,"P00193,P00531,P00386,P00047",09/01/2025,ST
INV02737,C00901,"P00290,P00341,P00119",09/11/2025,ST
INV02738,C00951,P00174,04/11/2025,MK
INV02739,C00036,"P00134,P00256,P00285",10/03/2025,CYB
INV02740,C00036,"P00492,P00482,P00417",19/03/2025,CYB
INV02741,C00500,"P00351,P00097",12/01/2025,TKO
INV02742,C00503,"P00117,P00096,P00192",08/12/2024,ST
INV02743,C00884,"P00121,P00242,P00447",17/11/2025,MK
INV02744,C00878,"P00381,P00382,P00330,P00533,P00321",24/03/2025,MK
INV02745,C01094,P00052,24/08/2025,CYB
INV02746,C00611,"P00080,P00521",21/10/2024,MK
INV02747,C00439,"P00324,P00163,P00349,P00484",16/08/2025,CYB
INV02748,C00348,"P00117,P00096,P00121",25/09/2024,ST
INV02749,C00942,"P00527,P00295",29/03/2024,MK
INV02750,C00329,P00009,29/11/2024,ST
INV02751,C00816,"P00269,P00015,P00519,P00143,P00246",03/02/2024,MK
INV02752,C00464,"P00211,P00193,P00183,P00263,P00326",23/06/2024,TKO
INV02753,C00810,"P00117,P00096,P00513",13/05/2025,ST
INV02754,C00192,"P00394,P00054,P00373,P00147,P00206",07/08/2024,CYB
INV02755,C00026,"P00117,P00096,P00196",28/03/2024,MK
INV02756,C00699,"P00003,P00239,P00155",09/02/2024,TKO
INV02757,C00895,"P00374,P00470,P00426",19/11/2025,MK
INV02758,C00230,"P00346,P00022,P00148,P00142",19/08/2024,CYB
INV02759,C00647,P00385,04/06/2025,MK
INV02760,C00063,P00298,25/08/2025,ST
INV02761,C00856,"P00513,P00429,P00448",30/10/2025,ST
INV02762,C00505,"P00117,P00096",17/02/2024,MK
INV02763,C00506,"P00363,P00154,P00052,P00120,P00427",21/09/2024,TKO
INV02764,C00557,"P00289,P00194,P00228,P00272,P00267",19/11/2025,CYB
INV02765,C00960,"P00131,P00345,P00219,P00492,P00516",20/02/2024,MK
INV02766,C00347,"P00117,P00096",04/03/2024,CYB
INV02767,C00737,"P00250,P00438,P00232",17/07/2025,CYB
INV02768,C00154,"P00491,P00223,P00514,P00357",23/08/2024,TKO
INV02769,C00533,P00415,18/07/2024,ST
INV02770,C00390,"P00028,P00238,P00178,P00135",12/12/2024,TKO
INV02771,C00579,"P00117,P00096,P00415,P00478",24/02/2025,ST
INV02772,C00210,"P00376,P00474,P00442",12/05/2025,CYB
INV02773,C01066,P00527,16/01/2024,TKO
INV02774,C01034,"P00235,P00190,P00102",12/10/2025,TKO
INV02775,C00921,"P00117,P00096",28/09/2024,TKO
INV02776,C00127,"P00267,P00117,P00371,P00245",02/09/2024,MK
INV02777,C00837,"P00195,P00426,P00441,P00078",21/02/2024,ST
INV02778,C00451,"P00117,P00096,P00020",02/05/2025,CYB
INV02779,C00903,"P00117,P00096",12/03/2024,TKO
INV02780,C00011,"P00117,P00096,P00065",06/10/2024,CYB
INV02781,C01056,P00035,18/05/2024,MK
INV02782,C00385,"P00127,P00027,P00091,P00486",20/10/2024,MK
INV02783,C01099,"P00117,P00096",08/07/2025,MK
INV02784,C00195,"P00117,P00096",07/08/2025,MK
INV02785,C00346,"P00188,P00370",24/12/2024,MK
INV02786,C00396,"P00482,P00043,P00231",05/01/2025,MK
INV02787,C00913,"P00246,P00377,P00021",19/05/2025,TKO
INV02788,C00443,"P00457,P00388,P00241",21/03/2025,TKO
INV02789,C00925,"P00179,P00453,P00332,P00013",12/10/2025,TKO
INV02790,C00857,"P00019,P00254",12/02/2024,MK
INV02791,C00401,"P00160,P00061",16/11/2024,ST
INV02792,C00804,"P00192,P00411",12/01/2024,ST
INV02793,C00830,"P00475,P00494",02/05/2024,TKO
INV02794,C00686,"P00311,P00374",23/03/2024,ST
INV02795,C00635,"P00316,P00027",19/11/2025,TKO
INV02796,C00736,"P00381,P00462,P00083,P00115",12/02/2024,TKO
INV02797,C01090,"P00117,P00096,P00275,P00004",09/08/2025,CYB
INV02798,C00144,"P00117,P00096",05/09/2025,TKO
INV02799,C00557,"P00117,P00096,P00238,P00107",04/10/2025,ST
INV02800,C00880,"P00117,P00096,P00136,P00241",18/11/2024,TKO
INV02801,C00924,"P00472,P00098,P00183,P00009,P00523",11/07/2025,TKO
INV02802,C00501,"P00401,P00178,P00292,P00453",23/10/2025,ST
INV02803,C00850,"P00117,P00096,P00480",10/12/2024,MK
INV02804,C00597,P00511,19/11/2024,TKO
INV02805,C00679,"P00024,P00346",17/09/2025,TKO
INV02806,C00488,P00415,05/11/2024,MK
INV02807,C00644,"P00142,P00466,P00233,P00124",22/08/2024,TKO
INV02808,C00517,"P00117,P00096,P00344",27/11/2024,ST
INV02809,C00360,"P00225,P00231,P00370",17/10/2024,TKO
INV02810,C01033,"P00203,P00322",10/08/2024,MK
INV02811,C00800,"P00327,P00354,P00212,P00501",02/10/2024,TKO
INV02812,C00520,"P00312,P00033,P00209",18/04/2024,TKO
INV02813,C00924,"P00467,P00259,P00400,P00403",19/04/2025,CYB
INV02814,C00827,"P00433,P00260,P00480,P00392",13/09/2025,MK
INV02815,C00134,"P00117,P00096,P00131",17/01/2025,TKO
INV02816,C00414,"P00361,P00179,P00092,P00304",23/04/2024,TKO
INV02817,C00632,"P00154,P00292,P00371,P00137",29/05/2024,TKO
INV02818,C00394,"P00353,P00334,P00438,P00219,P00078",03/05/2024,CYB
INV02819,C01083,"P00313,P00433,P00224",19/09/2024,TKO
INV02820,C00860,P00010,28/03/2025,TKO
INV02821,C01117,"P00282,P00311,P00462,P00130",05/08/2025,TKO
INV02822,C00128,"P00117,P00096,P00014,P00125",07/05/2025,MK
INV02823,C00039,"P00117,P00096",10/10/2025,MK
INV02824,C00627,"P00494,P00093,P00355,P00163",27/07/2024,MK
INV02825,C00459,"P00322,P00233",20/05/2025,MK
INV02826,C00562,"P00117,P00096,P00404",05/11/2025,TKO
INV02827,C00320,"P00087,P00468",17/09/2025,TKO
INV02828,C00843,"P00117,P00096",12/01/2024,CYB
INV02829,C00997,"P00426,P00264,P00256,P00477,P00476",13/04/2025,MK
INV02830,C00383,P00389,09/04/2024,TKO
INV02831,C00217,"P00117,P00096,P00505,P00257",29/09/2025,MK
INV02832,C00459,"P00117,P00096,P00167",16/09/2025,CYB
INV02833,C00299,"P00299,P00363",27/11/2024,TKO
INV02834,C00862,"P00117,P00096,P00102,P00017",17/07/2025,TKO
INV02835,C00072,"P00117,P00096",13/12/2024,TKO
INV02836,C00591,"P00117,P00096,P00342,P00146",07/11/2025,TKO
INV02837,C00499,"P00366,P00425,P00336,P00240,P00490",03/10/2025,TKO
INV02838,C00212,"P00291,P00503,P00170",29/03/2024,CYB
INV02839,C00991,"P00480,P00354,P00199,P00248,P00450",19/06/2024,TKO
INV02840,C00865,"P00014,P00071,P00326",08/06/2025,CYB
INV02841,C00724,"P00530,P00291,P00524,P00126,P00367",08/10/2025,CYB
INV02842,C00370,"P00080,P00392,P00103,P00310",11/08/2024,MK
INV02843,C01040,"P00481,P00132",11/01/2025,TKO
INV02844,C00946,"P00450,P00470,P00082",26/04/2025,CYB
INV02845,C00655,"P00318,P00095,P00180,P00089,P00073",07/11/2024,TKO
INV02846,C00006,"P00117,P00096,P00401,P00252",23/06/2025,ST
INV02847,C00623,"P00117,P00096",28/01/2024,ST
INV02848,C00630,"P00117,P00096,P00055",19/04/2024,CYB
INV02849,C00696,"P00136,P00303,P00340,P00352",09/05/2024,MK
INV02850,C00072,P00465,07/06/2025,CYB
INV02851,C00561,"P00117,P00096,P00171",19/07/2025,CYB
INV02852,C00958,P00268,18/01/2024,ST
INV02853,C00996,"P00335,P00331",14/03/2025,MK
INV02854,C00248,"P00117,P00096,P00527,P00438",16/04/2024,TKO
INV02855,C00234,"P00289,P00086,P00221,P00501",12/05/2024,TKO
INV02856,C00469,"P00070,P00325,P00294,P00271",10/09/2025,MK
INV02857,C00927,"P00072,P00301",17/04/2025,MK
INV02858,C00757,"P00028,P00250",01/07/2024,MK
INV02859,C00506,"P00030,P00510,P00277",27/05/2024,ST
INV02860,C00305,"P00289,P00195,P00011",26/07/2024,CYB
INV02861,C00710,P00488,13/09/2024,ST
INV02862,C01023,"P00163,P00422",09/09/2025,MK
INV02863,C00345,P00208,17/10/2025,ST
INV02864,C00087,"P00117,P00096",17/01/2025,CYB
INV02865,C00076,P00225,15/02/2024,TKO
INV02866,C00546,"P00511,P00006",13/09/2025,MK
INV02867,C00525,"P00117,P00096,P00086,P00181",26/04/2024,TKO
INV02868,C00070,"P00534,P00158",14/06/2024,MK
INV02869,C00750,"P00117,P00096,P00226",17/03/2024,MK
INV02870,C00458,P00135,25/11/2025,ST
INV02871,C00194,"P00474,P00511,P00103,P00488,P00076",05/11/2024,TKO
INV02872,C00024,"P00117,P00096,P00323",15/06/2024,MK
INV02873,C00805,"P00117,P00096,P00073,P00373",18/06/2025,CYB
INV02874,C00937,"P00117,P00096,P00150,P00245",08/05/2024,TKO
INV02875,C00813,P00237,28/04/2024,MK
INV02876,C01011,"P00117,P00096,P00173,P00105",21/02/2025,TKO
INV02877,C00195,"P00229,P00114,P00535,P00167,P00349",02/06/2024,TKO
INV02878,C00095,"P00397,P00355",07/04/2025,TKO
INV02879,C00341,P00320,16/01/2025,ST
INV02880,C00602,"P00532,P00408,P00195,P00052",07/10/2025,CYB
INV02881,C00886,"P00117,P00096,P00503",28/02/2024,MK
INV02882,C01092,"P00353,P00154,P00395,P00382",26/07/2025,CYB
INV02883,C00076,"P00043,P00300,P00129,P00341,P00533",23/08/2025,TKO
INV02884,C00113,"P00153,P00144,P00392",14/10/2025,MK
INV02885,C00814,"P00012,P00053,P00171,P00375",20/09/2025,TKO
INV02886,C01052,"P00117,P00096",15/04/2024,ST
INV02887,C00689,"P00117,P00096,P00371",29/07/2024,TKO
INV02888,C00029,P00208,11/08/2025,TKO
INV02889,C00328,"P00117,P00096,P00152,P00099",12/09/2025,TKO
INV02890,C00971,"P00333,P00014,P00468,P00394",03/07/2025,TKO
INV02891,C00176,"P00047,P00275,P00345",13/09/2024,ST
INV02892,C00456,"P00532,P00063",14/02/2024,CYB
INV02893,C00415,"P00453,P00229",10/05/2024,CYB
INV02894,C00608,"P00117,P00096,P00362,P00349",20/07/2024,TKO
INV02895,C00559,"P00130,P00392,P00341",05/03/2025,TKO
INV02896,C01004,"P00117,P00096,P00338,P00468",10/09/2024,ST
INV02897,C00521,"P00343,P00205,P00036,P00261",10/07/2024,TKO
INV02898,C00198,"P00147,P00195,P00534,P00129,P00271",04/03/2024,TKO
INV02899,C00239,"P00150,P00072,P00524,P00381,P00342",12/05/2025,CYB
INV02900,C01071,"P00218,P00262",02/04/2024,TKO
INV02901,C00207,"P00479,P00386,P00195,P00439",19/12/2024,MK
INV02902,C00005,"P00117,P00096",30/09/2025,CYB
INV02903,C00398,P00350,12/08/2025,CYB
INV02904,C00105,"P00117,P00096,P00316",30/03/2025,ST
INV02905,C00317,"P00363,P00285,P00059",19/05/2024,TKO
INV02906,C00881,"P00161,P00371",21/02/2025,CYB
INV02907,C00738,"P00352,P00167,P00436",27/06/2025,MK
INV02908,C01131,"P00117,P00096,P00228,P00426",15/06/2024,ST
INV02909,C00145,"P00117,P00096,P00039,P00424",16/11/2024,TKO
INV02910,C00954,"P00520,P00468,P00055,P00074,P00143",12/06/2024,TKO
INV02911,C00573,"P00053,P00254",02/09/2025,TKO
INV02912,C00102,"P00205,P00500",09/06/2025,MK
INV02913,C00228,"P00286,P00217,P00248,P00467",06/07/2025,MK
INV02914,C00413,"P00449,P00033,P00165",08/03/2025,CYB
INV02915,C00841,"P00117,P00096,P00181,P00008",28/10/2025,TKO
INV02916,C00461,"P00117,P00096,P00383",25/09/2024,CYB
INV02917,C00562,"P00117,P00096,P00376,P00236",28/01/2025,MK
INV02918,C00524,"P00117,P00096,P00492,P00161",22/10/2024,CYB
INV02919,C00402,"P00380,P00187,P00125",17/09/2024,CYB
INV02920,C01119,"P00333,P00445",27/05/2025,TKO
INV02921,C01052,"P00117,P00096,P00130",25/06/2025,MK
INV02922,C00473,"P00117,P00096,P00382",02/05/2025,ST
INV02923,C00294,"P00496,P00205,P00533,P00233",26/09/2024,CYB
INV02924,C00096,"P00235,P00412,P00409,P00234,P00223",23/12/2025,TKO
INV02925,C00157,"P00067,P00198,P00429,P00405,P00313",26/11/2024,TKO
INV02926,C00622,"P00255,P00528,P00069,P00205,P00215",18/12/2025,CYB
INV02927,C00445,"P00117,P00096",17/04/2025,MK
INV02928,C01035,"P00507,P00481,P00162,P00406,P00145",02/11/2024,CYB
INV02929,C00041,"P00343,P00027,P00057,P00208,P00102",11/11/2024,TKO
INV02930,C01121,"P00117,P00096,P00393,P00376",11/10/2025,TKO
INV02931,C00499,"P00054,P00160",07/06/2024,TKO
INV02932,C00039,"P00317,P00336,P00218",12/05/2024,CYB
INV02933,C01023,"P00117,P00096",06/09/2024,TKO
INV02934,C01088,"P00061,P00536,P00063,P00428",14/06/2025,MK
INV02935,C00906,"P00117,P00096",12/08/2024,TKO
INV02936,C00975,"P00437,P00140,P00324",03/09/2025,TKO
INV02937,C00725,P00322,20/11/2024,TKO
INV02938,C00455,"P00045,P00018,P00490,P00183",11/11/2024,TKO
INV02939,C00283,"P00117,P00096,P00010,P00107",29/09/2025,TKO
INV02940,C00926,"P00008,P00040",28/05/2025,CYB
INV02941,C00828,P00193,10/04/2024,TKO
INV02942,C00765,"P00117,P00096",10/08/2025,CYB
INV02943,C00949,"P00427,P00093",14/09/2025,MK
INV02944,C01057,"P00117,P00096",06/11/2025,MK
INV02945,C00856,"P00264,P00519",02/04/2025,TKO
INV02946,C00564,"P00117,P00096,P00015",18/06/2025,CYB
INV02947,C00229,"P00117,P00096,P00467,P00079",27/12/2025,ST
INV02948,C00116,"P00406,P00035,P00065,P00163",08/02/2024,CYB
INV02949,C00926,"P00117,P00096,P00474,P00455",01/11/2024,MK
INV02950,C00228,"P00117,P00096",24/06/2024,CYB
INV02951,C00140,"P00410,P00022",20/02/2024,MK
INV02952,C00125,"P00467,P00125,P00470,P00313,P00422",10/10/2024,MK
INV02953,C00588,"P00305,P00270,P00309,P00323,P00047",19/06/2024,TKO
INV02954,C00731,"P00147,P00140,P00170,P00538",16/09/2025,TKO
INV02955,C00427,"P00433,P00305,P00014,P00302",14/05/2024,CYB
INV02956,C00842,P00343,08/11/2024,MK
INV02957,C00277,"P00117,P00096,P00402,P00071",24/04/2025,TKO
INV02958,C00785,"P00283,P00143",21/11/2024,MK
INV02959,C01002,"P00130,P00224,P00135",24/12/2024,TKO
INV02960,C00693,"P00087,P00192,P00466,P00065,P00471",10/06/2025,TKO
INV02961,C00670,"P00029,P00128,P00484,P00092,P00131",26/07/2025,ST
INV02962,C01086,"P00217,P00375",24/11/2024,TKO
INV02963,C00378,"P00117,P00096,P00517",22/01/2025,CYB
INV02964,C00754,"P00117,P00096,P00408,P00148",17/06/2024,CYB
INV02965,C00837,"P00117,P00096",10/11/2025,MK
INV02966,C00591,"P00043,P00133,P00150",05/03/2025,TKO
INV02967,C00774,"P00117,P00096",13/06/2025,MK
INV02968,C00791,P00332,16/02/2024,ST
INV02969,C00944,"P00020,P00341,P00507,P00144",15/08/2025,MK
INV02970,C00117,"P00312,P00439",03/07/2024,CYB
INV02971,C00269,"P00265,P00186",12/09/2024,CYB
INV02972,C01118,"P00248,P00306,P00071,P00494",07/11/2025,TKO
INV02973,C00642,"P00344,P00023,P00399",15/11/2025,CYB
INV02974,C00380,P00068,09/02/2024,TKO
INV02975,C00059,"P00117,P00096",29/07/2024,CYB
INV02976,C00102,"P00225,P00366,P00463,P00480,P00228",26/04/2025,CYB
INV02977,C00135,"P00109,P00427,P00461,P00519",17/10/2025,MK
INV02978,C00646,"P00509,P00464",27/10/2024,TKO
INV02979,C00641,"P00016,P00348,P00164",02/11/2025,TKO
INV02980,C00577,"P00198,P00369",15/06/2025,MK
INV02981,C00972,"P00490,P00236",21/06/2025,CYB
INV02982,C00687,"P00208,P00183,P00328",01/02/2025,TKO
INV02983,C00800,"P00117,P00096,P00141,P00004",25/06/2025,ST
INV02984,C00316,P00288,02/01/2025,TKO
INV02985,C00957,"P00117,P00096,P00327,P00080",09/12/2025,CYB
INV02986,C00566,"P00465,P00153",06/05/2024,CYB
INV02987,C00512,P00142,31/10/2024,TKO
INV02988,C00692,"P00117,P00096,P00186,P00016",15/10/2025,MK
INV02989,C00564,"P00117,P00096",03/04/2025,TKO
INV02990,C00260,"P00117,P00096,P00530",25/07/2025,MK
INV02991,C00201,"P00399,P00363,P00515,P00056,P00181",23/08/2024,MK
INV02992,C00765,"P00176,P00149,P00306,P00177,P00311",07/06/2024,MK
INV02993,C00305,"P00010,P00251,P00421,P00311",07/03/2024,CYB
INV02994,C01005,"P00117,P00096,P00101,P00081",13/07/2025,TKO
INV02995,C00684,P00530,08/10/2024,TKO
INV02996,C01005,"P00121,P00118,P00078",12/01/2024,TKO
INV02997,C01025,"P00235,P00105,P00175",18/04/2024,TKO
INV02998,C00020,"P00032,P00046,P00123,P00326",07/05/2025,TKO
INV02999,C00644,"P00117,P00096",05/09/2024,MK
INV03000,C00702,"P00199,P00224,P00418",18/05/2024,TKO
INV03001,C00929,"P00058,P00216,P00165",13/11/2024,TKO
INV03002,C00048,"P00226,P00313,P00077",03/08/2025,MK
INV03003,C00625,P00322,03/02/2024,TKO
INV03004,C00876,"P00251,P00113,P00495",28/11/2025,CYB
INV03005,C00083,"P00182,P00156",10/11/2025,TKO
INV03006,C00358,"P00298,P00049,P00131",30/12/2024,TKO
INV03007,C00063,"P00117,P00096,P00467,P00468",11/04/2024,MK
INV03008,C00755,"P00117,P00096",31/05/2024,MK
INV03009,C00477,"P00117,P00096",03/11/2025,CYB
INV03010,C00714,"P00522,P00320,P00014,P00511",21/11/2025,TKO
INV03011,C00851,"P00117,P00096,P00486,P00212",19/03/2025,MK
INV03012,C00769,"P00117,P00096,P00020,P00482",19/06/2025,TKO
INV03013,C00755,"P00117,P00096,P00175,P00463",07/06/2024,ST
INV03014,C00932,"P00401,P00089",09/06/2025,TKO
INV03015,C01106,"P00008,P00111",08/10/2025,MK
INV03016,C00588,"P00294,P00203,P00320,P00455",09/02/2024,CYB
INV03017,C00253,"P00138,P00252,P00510",14/08/2025,MK
INV03018,C00750,"P00262,P00482,P00158",14/12/2024,TKO
INV03019,C01068,"P00117,P00096,P00346",24/02/2024,CYB
INV03020,C01124,"P00475,P00260,P00089,P00490",10/03/2024,CYB
INV03021,C00308,"P00117,P00096,P00250,P00523",17/08/2024,CYB
INV03022,C00965,"P00117,P00096",14/01/2024,ST
INV03023,C00218,"P00473,P00498,P00245,P00099,P00454",01/10/2025,CYB
INV03024,C00678,"P00245,P00035,P00333,P00327",04/06/2025,CYB
INV03025,C00468,"P00039,P00001,P00248",28/03/2025,MK
INV03026,C00589,"P00138,P00367,P00273",22/07/2024,CYB
INV03027,C00252,"P00121,P00338",16/11/2025,CYB
INV03028,C00756,"P00060,P00231,P00239,P00027,P00442",22/03/2024,ST
INV03029,C00866,"P00424,P00294,P00057,P00104",16/12/2025,CYB
INV03030,C00414,"P00159,P00054,P00455",03/05/2025,CYB
INV03031,C01011,"P00512,P00418,P00357,P00106,P00531",20/12/2024,CYB
INV03032,C01033,"P00378,P00362,P00016,P00216",22/07/2024,CYB
INV03033,C00105,"P00070,P00345,P00131",23/09/2025,TKO
INV03034,C00638,P00197,09/03/2025,ST
INV03035,C00720,"P00117,P00010,P00122,P00044,P00073",12/10/2025,CYB
INV03036,C00572,"P00117,P00096",30/09/2025,MK
INV03037,C00369,"P00415,P00365,P00238",07/11/2025,CYB
INV03038,C00147,"P00219,P00315,P00406,P00350",15/06/2025,TKO
INV03039,C00401,P00308,24/11/2025,TKO
INV03040,C00678,"P00231,P00464",28/10/2024,MK
INV03041,C00469,"P00238,P00070,P00506,P00286,P00418",11/02/2025,TKO
INV03042,C00222,"P00479,P00294",25/10/2024,TKO
INV03043,C01081,P00008,03/04/2024,TKO
INV03044,C00233,"P00422,P00151,P00249",07/06/2024,MK
INV03045,C00840,"P00117,P00096,P00424,P00063",24/07/2024,TKO
INV03046,C01047,"P00168,P00103",07/04/2025,TKO
INV03047,C00166,P00479,30/01/2024,CYB
INV03048,C00290,"P00117,P00096,P00232",01/02/2024,MK
INV03049,C00536,"P00064,P00087",17/02/2025,CYB
INV03050,C00701,P00109,03/12/2025,ST
INV03051,C00429,"P00050,P00298",25/09/2025,TKO
INV03052,C00420,"P00408,P00052,P00344,P00204",26/07/2025,MK
INV03053,C00485,"P00117,P00096",20/01/2024,CYB
INV03054,C01002,"P00103,P00317,P00255",24/06/2025,MK
INV03055,C00078,P00040,24/03/2024,CYB
INV03056,C00380,"P00117,P00096,P00233,P00457",06/11/2024,CYB
INV03057,C01078,"P00223,P00002,P00078",17/08/2024,ST
INV03058,C00057,"P00117,P00096,P00457,P00217",22/04/2024,TKO
INV03059,C00631,"P00320,P00425,P00451,P00306",24/05/2024,ST
INV03060,C00791,P00006,13/06/2024,TKO
INV03061,C00568,"P00117,P00096,P00257",17/08/2025,CYB
INV03062,C00196,"P00190,P00134,P00270,P00344",06/03/2024,TKO
INV03063,C00452,"P00383,P00469,P00391,P00021",18/01/2025,TKO
INV03064,C00846,"P00131,P00211",18/10/2025,ST
INV03065,C00481,"P00481,P00366,P00388,P00413,P00440",21/02/2024,TKO
INV03066,C00722,P00185,09/07/2024,MK
INV03067,C00745,"P00223,P00148,P00297",16/04/2025,TKO
INV03068,C00337,"P00117,P00096",20/01/2025,CYB
INV03069,C00421,"P00162,P00074,P00121,P00043,P00443",31/07/2024,TKO
INV03070,C00960,"P00122,P00144,P00262",17/03/2025,MK
INV03071,C00600,"P00117,P00096,P00119,P00138",20/09/2025,MK
INV03072,C00545,P00498,24/11/2025,TKO
INV03073,C00638,"P00316,P00080,P00303",09/11/2025,CYB
INV03074,C00429,"P00182,P00091,P00043,P00478",17/04/2024,TKO
INV03075,C00012,"P00186,P00108",12/03/2024,CYB
INV03076,C00590,"P00142,P00147",04/08/2024,TKO
INV03077,C00438,"P00346,P00234,P00482,P00220",31/01/2024,TKO
INV03078,C00324,P00146,11/12/2024,CYB
INV03079,C00806,P00154,18/12/2025,MK
INV03080,C00249,"P00457,P00306,P00530,P00296,P00416",20/06/2025,CYB
INV03081,C00633,"P00256,P00015",29/11/2024,MK
INV03082,C00424,"P00149,P00429",29/12/2025,TKO
INV03083,C00399,"P00117,P00096,P00449,P00070",05/11/2025,MK
INV03084,C00004,"P00117,P00096,P00477",26/01/2024,TKO
INV03085,C00938,P00181,29/04/2024,ST
INV03086,C00274,"P00117,P00096",19/08/2025,TKO
INV03087,C00460,"P00117,P00096,P00452",28/11/2024,CYB
INV03088,C00017,P00096,21/07/2025,TKO
INV03089,C00956,"P00117,P00096,P00506,P00199",01/11/2025,TKO
INV03090,C01093,"P00276,P00290,P00018,P00309",28/11/2024,TKO
INV03091,C00032,"P00371,P00134,P00202,P00485",24/01/2025,CYB
INV03092,C00033,"P00486,P00210,P00043,P00312,P00278",27/04/2025,TKO
INV03093,C00389,P00054,20/06/2025,CYB
INV03094,C00466,"P00450,P00262",02/11/2024,TKO
INV03095,C00948,"P00117,P00096",12/01/2024,MK
INV03096,C00668,"P00117,P00096",20/07/2025,MK
INV03097,C00147,"P00329,P00507,P00223,P00522,P00479",01/08/2025,CYB
INV03098,C00633,"P00199,P00347,P00236",03/02/2024,CYB
INV03099,C00517,"P00117,P00096",21/06/2025,MK
INV03100,C00393,"P00259,P00525",31/01/2025,TKO
INV03101,C00379,"P00168,P00112,P00220,P00421,P00026",15/06/2025,CYB
INV03102,C00464,P00065,25/01/2025,ST
INV03103,C00772,P00055,12/02/2024,MK
INV03104,C00252,"P00117,P00096,P00225",13/06/2024,TKO
INV03105,C01066,"P00473,P00480",28/10/2024,ST
INV03106,C00959,"P00117,P00096",17/02/2024,ST
INV03107,C00764,"P00117,P00096,P00392",13/05/2025,CYB
INV03108,C00653,"P00487,P00203,P00447,P00440",02/04/2024,MK
INV03109,C00001,"P00309,P00191,P00359",26/06/2025,TKO
INV03110,C00020,"P00117,P00096",04/07/2025,CYB
INV03111,C00497,P00272,12/03/2024,MK
INV03112,C00204,P00022,15/09/2025,CYB
INV03113,C00345,P00446,13/10/2025,CYB
INV03114,C00505,"P00117,P00096",08/01/2025,ST
INV03115,C00092,"P00488,P00198",21/03/2024,TKO
INV03116,C00540,"P00142,P00343,P00462",04/08/2024,ST
INV03117,C00887,P00103,22/03/2024,CYB
INV03118,C00049,"P00117,P00096",31/12/2025,CYB
INV03119,C00964,"P00117,P00096,P00507",09/02/2024,TKO
INV03120,C00119,P00433,23/01/2025,CYB
INV03121,C00875,"P00376,P00453,P00144,P00468,P00258",22/09/2024,TKO
INV03122,C01117,"P00117,P00096",12/10/2024,TKO
INV03123,C00059,"P00117,P00096,P00176,P00057",05/01/2025,TKO
INV03124,C00783,"P00488,P00212",07/12/2025,ST
INV03125,C00397,"P00425,P00157,P00220",06/08/2025,TKO
INV03126,C00614,"P00117,P00096,P00302",18/05/2024,ST
INV03127,C00742,"P00142,P00157,P00104",30/04/2025,CYB
INV03128,C00806,"P00224,P00213",09/01/2024,MK
INV03129,C00243,"P00117,P00096,P00043",24/04/2024,ST
INV03130,C00362,"P00106,P00418,P00018,P00370",19/05/2025,CYB
INV03131,C00597,"P00317,P00387,P00224,P00378",18/09/2025,TKO
INV03132,C00754,P00505,14/11/2025,TKO
INV03133,C00994,P00015,12/03/2024,CYB
INV03134,C00251,"P00117,P00096,P00261,P00148",17/06/2025,TKO
INV03135,C01011,"P00117,P00096,P00391",29/01/2025,MK
INV03136,C00981,"P00175,P00369,P00043,P00004,P00227",25/01/2025,TKO
INV03137,C01086,"P00296,P00264",03/06/2025,TKO
INV03138,C00294,"P00117,P00096,P00206",23/05/2025,CYB
INV03139,C00380,"P00014,P00337,P00006,P00152",13/12/2024,TKO
INV03140,C01118,"P00286,P00123",06/11/2025,TKO
INV03141,C00733,"P00302,P00407,P00418,P00500,P00351",24/12/2024,MK
INV03142,C00723,"P00117,P00096,P00350",15/06/2024,TKO
INV03143,C00031,"P00239,P00231,P00122,P00378,P00074",24/04/2024,TKO
INV03144,C01127,"P00134,P00488",03/07/2025,CYB
INV03145,C00470,"P00270,P00376,P00435,P00533,P00454",24/07/2025,TKO
INV03146,C00937,"P00117,P00096",26/09/2025,CYB
INV03147,C00370,"P00155,P00304,P00078,P00235,P00273",17/04/2024,ST
INV03148,C01122,"P00117,P00096,P00524",27/09/2024,CYB
INV03149,C00757,"P00524,P00246,P00286,P00453,P00051",20/03/2024,MK
INV03150,C00398,"P00117,P00096,P00339",15/11/2025,CYB
INV03151,C00251,"P00117,P00096,P00322",11/05/2025,ST
INV03152,C00765,"P00117,P00096,P00126,P00048",11/03/2024,CYB
INV03153,C00207,"P00117,P00096,P00159,P00252",20/11/2024,MK
INV03154,C00776,"P00256,P00251,P00259,P00367,P00538",27/04/2025,MK
INV03155,C00919,"P00332,P00092,P00208,P00082",21/12/2025,ST
INV03156,C00154,"P00103,P00285,P00022",09/09/2025,TKO
INV03157,C00469,P00264,16/03/2025,TKO
INV03158,C00557,P00390,31/01/2024,CYB
INV03159,C00453,"P00159,P00479,P00003,P00152",16/11/2025,MK
INV03160,C00153,"P00117,P00096",13/11/2025,CYB
INV03161,C00402,"P00117,P00096",25/03/2024,CYB
INV03162,C00788,"P00319,P00322,P00215,P00449,P00175",02/08/2024,ST
INV03163,C00408,"P00117,P00096,P00076,P00181",28/01/2025,TKO
INV03164,C00843,"P00400,P00175,P00209",04/01/2025,ST
INV03165,C00335,"P00117,P00096,P00246",28/09/2025,TKO
INV03166,C00758,"P00278,P00169,P00297,P00350,P00146",07/09/2024,ST
INV03167,C00711,"P00372,P00189,P00100",09/02/2025,CYB
INV03168,C01024,"P00117,P00096,P00437",09/05/2025,CYB
INV03169,C00895,"P00383,P00413",10/02/2025,ST
INV03170,C00584,"P00080,P00347,P00487,P00481,P00365",10/06/2024,TKO
INV03171,C01061,"P00029,P00463,P00181,P00473,P00013",16/04/2025,MK
INV03172,C00282,"P00117,P00096",13/06/2024,MK
INV03173,C00182,"P00343,P00180,P00196",23/08/2025,MK
INV03174,C00398,"P00117,P00096",09/08/2024,CYB
INV03175,C00422,"P00206,P00419,P00033",01/11/2025,TKO
INV03176,C00757,"P00303,P00443",07/01/2025,TKO
INV03177,C00159,"P00117,P00096,P00229,P00287",21/04/2024,TKO
INV03178,C00332,P00050,17/10/2024,CYB
INV03179,C00054,"P00043,P00052",12/06/2025,ST
INV03180,C00611,"P00117,P00096",06/01/2025,ST
INV03181,C00824,"P00175,P00534,P00301,P00264,P00536",11/08/2025,TKO
INV03182,C00290,"P00133,P00117,P00160,P00315",28/02/2025,CYB
INV03183,C00685,P00400,03/08/2025,TKO
INV03184,C00530,"P00198,P00440",18/04/2024,CYB
INV03185,C00824,"P00466,P00395,P00215,P00420,P00350",12/09/2025,ST
INV03186,C00317,"P00117,P00096",26/08/2025,TKO
INV03187,C01114,P00160,25/04/2025,TKO
INV03188,C00188,"P00096,P00075,P00193",22/07/2024,TKO
INV03189,C00728,"P00283,P00286,P00445,P00389,P00085",12/02/2025,TKO
INV03190,C00082,"P00117,P00096,P00537",01/09/2024,CYB
INV03191,C00391,"P00049,P00251",25/01/2024,TKO
INV03192,C00179,"P00511,P00362,P00429,P00234",06/10/2024,TKO
INV03193,C00538,P00006,21/04/2025,TKO
INV03194,C00390,"P00262,P00248,P00376,P00441,P00533",22/06/2024,TKO
INV03195,C00846,"P00117,P00096,P00120,P00100",07/04/2024,TKO
INV03196,C00002,"P00291,P00145",22/11/2024,ST
INV03197,C00756,"P00117,P00096",18/06/2025,MK
INV03198,C00168,"P00459,P00163",18/10/2025,MK
INV03199,C00077,"P00103,P00211,P00500",21/10/2025,TKO
INV03200,C00609,"P00117,P00096",29/05/2025,TKO
INV03201,C00291,P00182,23/01/2025,TKO
INV03202,C00659,"P00329,P00175",04/09/2024,MK
INV03203,C00723,P00455,01/11/2025,CYB
INV03204,C00456,"P00177,P00443,P00283,P00254,P00378",28/03/2025,MK
INV03205,C00643,P00197,31/12/2024,CYB
INV03206,C00720,"P00081,P00479,P00127",19/10/2025,TKO
INV03207,C00901,"P00092,P00494,P00488,P00019,P00361",30/10/2024,MK
INV03208,C00772,"P00117,P00096",19/08/2024,MK
INV03209,C00465,"P00068,P00521,P00333",25/02/2024,ST
INV03210,C00548,"P00299,P00406,P00069,P00342",27/01/2024,TKO
INV03211,C00514,"P00380,P00025,P00216,P00081,P00521",27/05/2024,TKO
INV03212,C00617,"P00472,P00282,P00364,P00341",13/09/2025,TKO
INV03213,C00368,"P00117,P00096,P00036",13/04/2025,MK
INV03214,C00809,"P00049,P00126,P00351,P00464",25/11/2024,TKO
INV03215,C01041,"P00152,P00091,P00480,P00029,P00263",03/05/2025,MK
INV03216,C00817,"P00182,P00302,P00279",18/12/2025,CYB
INV03217,C00559,"P00117,P00096,P00120,P00155",27/04/2025,CYB
INV03218,C00862,"P00254,P00073,P00455,P00522",04/01/2024,TKO
INV03219,C00967,"P00081,P00346,P00391,P00137,P00244",27/01/2025,TKO
INV03220,C00473,P00278,27/01/2025,CYB
INV03221,C00314,"P00117,P00096,P00524",02/06/2024,CYB
INV03222,C00358,"P00117,P00096",21/02/2025,CYB
INV03223,C00629,"P00464,P00423,P00428,P00494,P00282",02/06/2025,ST
INV03224,C00230,P00528,05/04/2025,CYB
INV03225,C00981,"P00117,P00096,P00512,P00100",13/12/2024,MK
INV03226,C00606,"P00360,P00510,P00083,P00222",06/08/2024,CYB
INV03227,C00618,"P00032,P00214,P00068",20/09/2025,TKO
INV03228,C00219,"P00536,P00529,P00115",21/08/2024,TKO
INV03229,C00324,"P00317,P00300,P00134,P00131",16/06/2024,MK
INV03230,C00921,"P00117,P00096,P00379",21/11/2025,CYB
INV03231,C00930,"P00170,P00158,P00519",20/01/2025,CYB
INV03232,C01016,"P00504,P00248,P00004",17/05/2024,TKO
INV03233,C00491,"P00117,P00096",19/06/2024,TKO
INV03234,C00497,"P00188,P00105,P00223,P00155,P00068",21/03/2025,CYB
INV03235,C01024,"P00335,P00289",06/12/2025,CYB
INV03236,C00368,P00047,14/05/2024,CYB
INV03237,C00882,"P00219,P00024,P00380,P00350",09/08/2025,TKO
INV03238,C00392,"P00006,P00249",18/10/2025,TKO
INV03239,C00272,"P00377,P00406,P00466",25/08/2025,TKO
INV03240,C00793,"P00371,P00271,P00287,P00183",06/11/2024,MK
INV03241,C00720,"P00529,P00388",23/06/2024,CYB
INV03242,C00168,"P00393,P00311,P00427,P00069",28/11/2024,CYB
INV03243,C01117,"P00116,P00499,P00198,P00290",13/09/2024,MK
INV03244,C00904,"P00105,P00336,P00144,P00087,P00068",23/12/2025,MK
INV03245,C00481,"P00117,P00096,P00430,P00142",01/02/2025,TKO
INV03246,C00429,"P00178,P00148,P00107,P00434,P00433",02/02/2025,CYB
INV03247,C00596,P00292,11/12/2025,CYB
INV03248,C00394,"P00171,P00172",26/05/2024,MK
INV03249,C00915,"P00131,P00519",28/03/2025,MK
INV03250,C00857,"P00117,P00096,P00162",22/01/2024,CYB
INV03251,C00580,"P00117,P00096,P00498,P00191",24/09/2025,TKO
INV03252,C00723,P00063,22/09/2025,TKO
INV03253,C00117,"P00117,P00096,P00016,P00031",14/04/2024,CYB
INV03254,C00718,"P00141,P00010,P00330,P00296",10/03/2024,ST
INV03255,C00653,"P00483,P00113",07/01/2024,TKO
INV03256,C00555,"P00040,P00465,P00093",06/01/2024,CYB
INV03257,C00147,P00144,21/12/2024,CYB
INV03258,C01044,"P00248,P00276,P00293,P00084,P00455",26/01/2025,TKO
INV03259,C00982,"P00090,P00223,P00245,P00486,P00159",29/02/2024,CYB
INV03260,C00478,"P00004,P00469,P00274,P00072,P00316",22/09/2024,MK
INV03261,C00038,P00078,26/02/2025,MK
INV03262,C00501,"P00030,P00056",23/08/2025,MK
INV03263,C00400,"P00434,P00410,P00469,P00504",08/11/2025,TKO
INV03264,C00105,"P00529,P00318,P00173,P00056",07/10/2025,ST
INV03265,C00679,"P00117,P00096,P00175,P00210",05/08/2024,ST
INV03266,C00529,"P00366,P00135,P00395",27/04/2025,ST
INV03267,C00896,"P00010,P00064",22/01/2024,MK
INV03268,C00563,P00101,22/12/2024,CYB
INV03269,C01069,"P00112,P00096,P00434,P00480,P00204",13/12/2024,TKO
INV03270,C00114,"P00117,P00096",31/12/2024,ST
INV03271,C00903,"P00243,P00346,P00038,P00496,P00011",01/07/2024,TKO
INV03272,C00131,"P00064,P00469,P00357,P00270,P00382",17/09/2025,CYB
INV03273,C00696,"P00072,P00523,P00306",19/08/2025,MK
INV03274,C00828,"P00361,P00059,P00329,P00427",03/03/2025,TKO
INV03275,C01124,P00455,24/03/2025,TKO
INV03276,C00771,"P00364,P00271,P00322",19/12/2025,CYB
INV03277,C00099,"P00117,P00096",24/12/2025,MK
INV03278,C01089,P00373,29/11/2025,MK
INV03279,C00298,P00468,30/12/2024,MK
INV03280,C00949,"P00117,P00096,P00440,P00297",28/04/2024,TKO
INV03281,C00806,"P00117,P00096,P00306,P00118",23/08/2024,CYB
INV03282,C00197,"P00117,P00096,P00226",29/10/2025,TKO
INV03283,C00352,"P00117,P00096,P00200,P00166",05/12/2024,MK
INV03284,C01125,"P00155,P00161",12/09/2025,TKO
INV03285,C00093,"P00117,P00096,P00299",05/11/2024,ST
INV03286,C00044,"P00117,P00096,P00506",04/08/2025,CYB
INV03287,C00667,"P00380,P00165,P00325",22/10/2025,CYB
INV03288,C00700,"P00175,P00229",28/12/2024,MK
INV03289,C00327,"P00331,P00375",04/01/2025,TKO
INV03290,C00262,"P00258,P00484,P00028,P00073,P00431",23/04/2024,MK
INV03291,C00482,"P00250,P00042",04/12/2025,MK
INV03292,C00786,P00281,10/02/2025,MK
INV03293,C00936,P00005,01/09/2025,CYB
INV03294,C00924,"P00117,P00096,P00272",25/11/2025,TKO
INV03295,C00336,"P00145,P00283,P00277,P00321,P00058",13/05/2024,MK
INV03296,C00042,P00399,07/04/2025,TKO
INV03297,C00195,"P00165,P00361,P00091,P00472,P00488",13/09/2025,CYB
INV03298,C00787,"P00117,P00096,P00034,P00088",12/09/2025,CYB
INV03299,C00178,"P00161,P00481,P00404",04/02/2025,MK
INV03300,C00701,"P00210,P00516,P00232",22/01/2024,MK
INV03301,C00698,P00470,09/02/2025,TKO
INV03302,C00762,"P00117,P00096,P00136",13/03/2024,CYB
INV03303,C00906,"P00117,P00096,P00086,P00102",13/03/2025,MK
INV03304,C00154,"P00117,P00096,P00004",08/12/2025,TKO
INV03305,C00402,"P00468,P00208,P00399",13/01/2024,TKO
INV03306,C00164,P00080,05/12/2025,CYB
INV03307,C01014,P00159,09/01/2025,TKO
INV03308,C00618,"P00117,P00096,P00086,P00474",07/11/2025,CYB
INV03309,C00482,"P00117,P00096,P00302",18/02/2024,CYB
INV03310,C00198,"P00321,P00319,P00234,P00488,P00167",23/06/2024,ST
INV03311,C01096,"P00417,P00451,P00107",29/10/2024,MK
INV03312,C00709,"P00367,P00482,P00508,P00023",29/01/2025,TKO
INV03313,C00944,"P00416,P00431,P00379",03/07/2025,TKO
INV03314,C00053,"P00160,P00127,P00108,P00527",20/03/2024,CYB
INV03315,C00975,"P00423,P00129,P00236",07/10/2025,MK
INV03316,C00549,"P00213,P00195,P00347,P00282",22/10/2024,ST
INV03317,C00592,P00340,12/06/2024,MK
INV03318,C00619,P00420,12/01/2025,MK
INV03319,C00903,"P00462,P00457,P00222,P00262,P00274",01/01/2024,MK
INV03320,C00394,"P00149,P00246,P00215",11/03/2025,ST
INV03321,C00131,P00106,24/03/2024,TKO
INV03322,C00576,P00079,06/01/2025,MK
INV03323,C00050,P00436,07/07/2025,CYB
INV03324,C00268,"P00117,P00096,P00492,P00187",15/08/2024,TKO
INV03325,C00046,P00067,24/08/2024,MK
INV03326,C00675,"P00117,P00096,P00497",05/04/2025,CYB
INV03327,C00415,"P00369,P00070,P00388,P00116",30/10/2024,MK
INV03328,C00816,"P00220,P00461,P00203,P00189",29/06/2025,TKO
INV03329,C00387,"P00302,P00369",19/01/2025,CYB
INV03330,C00297,"P00289,P00242,P00436,P00260",05/11/2024,TKO
INV03331,C00623,"P00421,P00437,P00030",08/06/2025,TKO
INV03332,C00759,"P00003,P00174,P00433,P00186,P00040",21/03/2024,ST
INV03333,C00406,"P00258,P00367,P00436,P00143",02/12/2025,CYB
INV03334,C00210,"P00530,P00512,P00258,P00162,P00072",24/09/2025,MK
INV03335,C00473,"P00148,P00005,P00092,P00251,P00435",03/09/2024,TKO
INV03336,C01069,"P00271,P00093",03/12/2025,TKO
INV03337,C00366,"P00236,P00082,P00340",29/06/2025,CYB
INV03338,C01121,"P00117,P00096,P00210,P00012",06/11/2025,TKO
INV03339,C00899,"P00117,P00096",03/03/2025,MK
INV03340,C00396,P00280,18/05/2024,CYB
INV03341,C00259,"P00521,P00301,P00438,P00259",31/03/2025,CYB
INV03342,C00913,"P00117,P00096,P00255",01/05/2024,MK
INV03343,C00340,"P00046,P00475,P00255,P00039,P00382",25/09/2025,TKO
INV03344,C00033,"P00182,P00068,P00359,P00066,P00367",19/02/2025,TKO
INV03345,C00575,P00439,09/07/2025,MK
INV03346,C00424,"P00243,P00270",16/09/2024,TKO
INV03347,C00619,"P00460,P00357",20/12/2025,MK
INV03348,C00924,"P00402,P00293,P00097,P00479,P00287",29/06/2024,TKO
INV03349,C00760,"P00463,P00400",05/12/2024,MK
INV03350,C00116,P00525,14/05/2025,TKO
INV03351,C00976,P00405,04/05/2024,ST
INV03352,C01005,"P00365,P00240,P00511,P00049,P00519",15/11/2025,MK
INV03353,C00301,"P00058,P00295,P00041,P00204,P00344",05/08/2025,CYB
INV03354,C00720,"P00143,P00386,P00157,P00279",08/07/2025,TKO
INV03355,C00596,"P00353,P00210,P00305,P00137,P00488",06/08/2024,CYB
INV03356,C00817,P00447,04/09/2025,TKO
INV03357,C01061,"P00505,P00052,P00268,P00203,P00440",21/08/2025,TKO
INV03358,C00486,"P00141,P00390,P00460,P00445",09/02/2025,MK
INV03359,C00302,"P00024,P00046,P00288,P00345",09/01/2025,CYB
INV03360,C00529,P00522,17/07/2025,MK
INV03361,C00457,"P00117,P00096",19/06/2024,TKO
INV03362,C00123,"P00117,P00096,P00441",09/04/2025,ST
INV03363,C01010,"P00238,P00286",21/11/2025,CYB
INV03364,C00052,P00149,14/04/2024,TKO
INV03365,C00073,"P00117,P00096",27/08/2024,TKO
INV03366,C00746,"P00117,P00096,P00074,P00416",06/08/2024,MK
INV03367,C00208,P00141,14/12/2025,TKO
INV03368,C00071,"P00116,P00010,P00356,P00330",27/10/2024,TKO
INV03369,C00168,"P00117,P00096,P00234",03/09/2024,CYB
INV03370,C01092,P00142,20/03/2024,MK
INV03371,C00054,P00327,23/10/2024,ST
INV03372,C00291,"P00200,P00475,P00127",27/05/2025,MK
INV03373,C00592,P00055,12/02/2024,TKO
INV03374,C00768,P00423,26/01/2025,TKO
INV03375,C00069,"P00532,P00507,P00398,P00424",21/05/2024,ST
INV03376,C00302,P00518,03/07/2025,TKO
INV03377,C00796,P00120,05/06/2024,TKO
INV03378,C01081,"P00238,P00317,P00415",06/03/2024,CYB
INV03379,C00831,"P00201,P00004,P00326,P00101,P00333",06/12/2024,MK
INV03380,C00929,"P00390,P00436,P00084,P00238,P00154",31/10/2024,CYB
INV03381,C00210,"P00015,P00081,P00022",09/04/2025,CYB
INV03382,C00623,"P00137,P00221,P00250",20/09/2024,ST
INV03383,C00826,"P00052,P00507,P00384",23/10/2025,MK
INV03384,C01049,"P00117,P00096",25/01/2024,ST
INV03385,C00690,"P00117,P00096,P00373,P00430",21/11/2025,TKO
INV03386,C00245,"P00117,P00096,P00322",15/06/2024,TKO
INV03387,C00988,"P00117,P00096,P00256,P00499",21/10/2024,CYB
INV03388,C00851,P00481,24/12/2024,CYB
INV03389,C00485,"P00044,P00353,P00126",01/02/2024,CYB
INV03390,C00549,"P00117,P00096",26/08/2024,CYB
INV03391,C00656,"P00117,P00096",09/09/2024,ST
INV03392,C00792,"P00499,P00410,P00329,P00153,P00339",15/09/2024,MK
INV03393,C00116,P00053,07/12/2025,TKO
INV03394,C00630,"P00117,P00096",04/09/2025,TKO
INV03395,C00455,P00379,15/03/2025,ST
INV03396,C00173,"P00036,P00463,P00350,P00237,P00170",27/09/2024,CYB
INV03397,C00112,"P00117,P00096",06/12/2025,TKO
INV03398,C01110,"P00236,P00194",08/07/2025,TKO
INV03399,C00382,"P00117,P00096,P00460,P00437",18/07/2025,CYB
INV03400,C00467,"P00117,P00096,P00123",30/05/2025,CYB
INV03401,C00102,"P00117,P00096",06/07/2025,CYB
INV03402,C00839,"P00117,P00096,P00439",23/04/2024,TKO
INV03403,C01014,"P00440,P00060,P00048,P00403,P00503",07/10/2025,MK
INV03404,C00867,"P00231,P00389",23/07/2024,ST
INV03405,C00053,P00039,25/11/2024,ST
INV03406,C00975,P00262,09/06/2025,MK
INV03407,C00082,"P00117,P00096,P00104",05/10/2024,MK
INV03408,C00140,"P00114,P00363",14/11/2025,TKO
INV03409,C01030,"P00055,P00236,P00074,P00001,P00521",05/12/2024,ST
INV03410,C01109,"P00393,P00170,P00071,P00312",09/02/2025,TKO
INV03411,C00843,"P00529,P00402",17/10/2024,MK
INV03412,C00350,"P00320,P00200,P00251,P00444",01/05/2024,CYB
INV03413,C00513,"P00412,P00130",14/01/2025,TKO
INV03414,C00391,"P00117,P00096,P00241,P00379",06/06/2025,ST
INV03415,C00156,"P00008,P00401,P00328,P00279,P00175",23/09/2025,ST
INV03416,C00526,"P00043,P00154,P00527,P00491,P00178",20/10/2024,CYB
INV03417,C01111,"P00180,P00393,P00382,P00108,P00379",11/12/2025,TKO
INV03418,C00750,"P00513,P00273,P00095,P00150",19/02/2025,MK
INV03419,C00796,"P00069,P00509,P00193,P00185,P00268",20/12/2024,MK
INV03420,C00874,"P00368,P00183",27/04/2025,CYB
INV03421,C00055,P00001,17/06/2024,TKO
INV03422,C00215,P00144,11/08/2025,MK
INV03423,C01055,"P00278,P00483,P00290,P00303,P00413",31/12/2024,MK
INV03424,C00450,"P00194,P00242",09/02/2025,CYB
INV03425,C00984,"P00376,P00405,P00310,P00258,P00415",06/12/2024,CYB
INV03426,C00080,"P00117,P00096,P00137,P00533",25/10/2024,TKO
INV03427,C00001,"P00020,P00495,P00142",18/04/2025,CYB
INV03428,C00046,"P00024,P00307,P00431,P00433",20/07/2024,TKO
INV03429,C01104,"P00406,P00320,P00058,P00125",21/09/2025,CYB
INV03430,C00437,"P00252,P00483",19/03/2024,TKO
INV03431,C00879,"P00117,P00096,P00488",26/09/2024,MK
INV03432,C00508,"P00117,P00096,P00502,P00042",01/10/2024,TKO
INV03433,C00679,"P00117,P00096",31/07/2025,TKO
INV03434,C00109,"P00046,P00487,P00328,P00129,P00065",26/08/2025,TKO
INV03435,C00427,"P00472,P00273",02/11/2024,TKO
INV03436,C00630,"P00270,P00327,P00219",26/03/2024,TKO
INV03437,C00230,"P00117,P00096",26/01/2025,CYB
INV03438,C00519,"P00117,P00096,P00389,P00134",09/12/2025,TKO
INV03439,C00022,"P00155,P00309,P00445,P00528",25/08/2024,MK
INV03440,C00971,"P00328,P00058,P00478,P00460,P00417",12/07/2024,TKO
INV03441,C00394,"P00214,P00475",15/08/2025,CYB
INV03442,C00877,"P00348,P00011,P00184,P00471",10/12/2025,TKO
INV03443,C00896,"P00147,P00477,P00409",17/12/2025,CYB
INV03444,C00013,"P00117,P00096,P00448,P00450",15/04/2025,TKO
INV03445,C00594,"P00248,P00484",04/12/2024,MK
INV03446,C00768,"P00117,P00096,P00388",08/07/2024,TKO
INV03447,C00914,"P00118,P00401,P00285,P00530",24/06/2025,TKO
INV03448,C00880,"P00361,P00006,P00467,P00151,P00220",29/12/2025,ST
INV03449,C00070,"P00117,P00096,P00106,P00370",19/12/2024,MK
INV03450,C00623,P00454,22/09/2025,MK
INV03451,C00893,"P00117,P00096",04/05/2024,CYB
INV03452,C00853,"P00520,P00231,P00238,P00209,P00257",21/07/2025,MK
INV03453,C00668,"P00016,P00424,P00169",17/07/2025,CYB
INV03454,C00137,"P00139,P00117,P00229,P00398",22/05/2024,TKO
INV03455,C01016,"P00469,P00243,P00083,P00419",16/09/2025,TKO
INV03456,C00120,"P00384,P00122,P00499",27/10/2025,MK
INV03457,C00291,"P00117,P00096,P00083",09/05/2025,CYB
INV03458,C00433,"P00238,P00340,P00084",11/09/2025,TKO
INV03459,C00245,P00433,15/09/2025,CYB
INV03460,C00172,"P00414,P00219,P00133,P00336,P00352",29/02/2024,TKO
INV03461,C00154,"P00362,P00387,P00269",15/09/2025,ST
INV03462,C01094,"P00117,P00096,P00474",05/11/2025,MK
INV03463,C00843,"P00301,P00160",11/03/2025,TKO
INV03464,C00161,P00220,04/04/2025,ST
INV03465,C00545,"P00490,P00341,P00400,P00080",24/01/2025,CYB
INV03466,C00130,"P00398,P00421,P00272,P00380",28/03/2024,ST
INV03467,C00872,"P00330,P00268,P00366,P00417",04/06/2024,MK
INV03468,C00328,"P00117,P00096,P00404,P00337",12/01/2024,MK
INV03469,C00834,"P00351,P00204,P00525,P00216",06/10/2024,TKO
INV03470,C00541,"P00004,P00031",06/08/2024,CYB
INV03471,C00791,"P00117,P00096,P00284,P00258",27/11/2024,TKO
INV03472,C00856,"P00117,P00096,P00121",18/01/2024,CYB
INV03473,C00851,"P00117,P00096,P00437",07/06/2025,TKO
INV03474,C00301,"P00117,P00096,P00409,P00171",22/02/2025,MK
INV03475,C01103,P00238,01/10/2025,MK
INV03476,C00788,"P00117,P00096,P00002",16/01/2024,ST
INV03477,C00825,"P00446,P00342,P00195,P00510",08/02/2025,TKO
INV03478,C00863,"P00265,P00524",10/06/2025,CYB
INV03479,C00878,"P00394,P00241,P00423,P00456",24/08/2025,CYB
INV03480,C00995,"P00122,P00439,P00163,P00128,P00280",16/04/2024,CYB
INV03481,C00528,"P00117,P00096",01/07/2025,TKO
INV03482,C00885,P00519,30/05/2024,MK
INV03483,C00991,"P00521,P00213,P00192,P00246",19/03/2024,TKO
INV03484,C00822,"P00105,P00334,P00031",21/09/2024,CYB
INV03485,C00662,"P00307,P00539",21/04/2024,TKO
INV03486,C00714,P00289,05/12/2024,MK
INV03487,C00869,"P00506,P00342,P00484,P00199",11/08/2024,CYB
INV03488,C00884,"P00019,P00375,P00171,P00446,P00351",03/01/2025,ST
INV03489,C00979,"P00117,P00096,P00211",28/10/2024,MK
INV03490,C01007,P00473,30/12/2025,CYB
INV03491,C00237,"P00009,P00100,P00015,P00213,P00258",08/12/2025,MK
INV03492,C00045,P00039,14/12/2025,CYB
INV03493,C00967,"P00117,P00096",12/12/2024,CYB
INV03494,C00966,P00293,29/09/2024,CYB
INV03495,C00205,P00151,29/02/2024,TKO
INV03496,C00106,"P00088,P00380",01/03/2025,TKO
INV03497,C00027,"P00003,P00305,P00244,P00242",02/10/2025,ST
INV03498,C00189,"P00135,P00180",24/09/2025,TKO
INV03499,C00077,"P00454,P00483,P00382",23/02/2025,CYB
INV03500,C00285,"P00234,P00166",05/05/2025,ST
INV03501,C00328,"P00117,P00096,P00104",24/05/2025,TKO
INV03502,C00426,"P00538,P00342",13/03/2024,ST
INV03503,C00753,"P00352,P00451",15/08/2025,ST
INV03504,C01090,P00288,27/02/2025,MK
INV03505,C00314,"P00207,P00447,P00534",05/07/2024,TKO
INV03506,C00103,"P00054,P00259,P00243,P00411,P00531",15/09/2024,TKO
INV03507,C00829,P00065,21/08/2024,TKO
INV03508,C00789,P00375,11/02/2024,TKO
INV03509,C00700,"P00117,P00096,P00209,P00157",27/02/2024,MK
INV03510,C00370,P00417,09/01/2024,MK
INV03511,C00002,"P00258,P00330,P00497,P00430",29/02/2024,CYB
INV03512,C00947,"P00196,P00473,P00283,P00209,P00436",18/05/2024,TKO
INV03513,C00585,"P00319,P00182,P00280,P00451,P00092",27/01/2025,TKO
INV03514,C00254,"P00102,P00243,P00003,P00425",06/08/2025,TKO
INV03515,C00684,P00016,15/04/2025,ST
INV03516,C00403,"P00007,P00069,P00082,P00296",15/05/2024,TKO
INV03517,C00232,"P00059,P00068,P00110,P00332,P00011",03/11/2024,MK
INV03518,C00914,"P00205,P00302",27/10/2025,CYB
INV03519,C00970,"P00154,P00495,P00209,P00314,P00160",08/12/2024,CYB
INV03520,C00386,"P00203,P00051,P00139",13/10/2025,TKO
INV03521,C00924,"P00408,P00335,P00474",03/02/2024,TKO
INV03522,C00283,"P00117,P00096",02/03/2025,TKO
INV03523,C00725,"P00361,P00407,P00321,P00256,P00276",13/12/2025,TKO
INV03524,C00930,"P00091,P00501,P00371,P00438,P00432",30/08/2024,ST
INV03525,C00515,P00120,03/05/2024,CYB
INV03526,C00082,"P00266,P00332,P00367,P00423,P00330",01/04/2024,MK
INV03527,C00511,"P00117,P00096",13/06/2024,MK
INV03528,C00173,"P00117,P00096,P00250",10/11/2025,CYB
INV03529,C00144,"P00117,P00096",11/05/2024,CYB
INV03530,C00071,"P00426,P00229",30/06/2025,TKO
INV03531,C00361,P00291,30/04/2024,TKO
INV03532,C00892,"P00388,P00340,P00482,P00093,P00286",29/03/2024,CYB
INV03533,C01049,"P00117,P00096,P00263,P00111",09/02/2024,TKO
INV03534,C00139,"P00105,P00445,P00022,P00326",28/09/2025,CYB
INV03535,C00744,"P00473,P00050,P00355,P00135,P00264",06/09/2024,TKO
INV03536,C00263,"P00332,P00112,P00243",02/05/2024,MK
INV03537,C01006,"P00117,P00096",15/09/2025,CYB
INV03538,C00637,"P00164,P00202,P00499,P00327",03/01/2024,MK
INV03539,C00028,"P00404,P00093,P00433,P00073,P00276",14/10/2024,ST
INV03540,C00533,"P00117,P00096,P00340,P00494",30/09/2025,CYB
INV03541,C00939,"P00504,P00365,P00012",25/04/2025,TKO
INV03542,C00464,"P00300,P00041,P00326",27/10/2024,ST
INV03543,C00360,"P00385,P00505,P00451,P00482,P00357",19/08/2025,MK
INV03544,C00731,"P00430,P00120,P00292,P00122",19/07/2025,CYB
INV03545,C00761,"P00337,P00404,P00294",02/11/2025,TKO
INV03546,C00719,"P00156,P00103",15/01/2025,TKO
INV03547,C00301,"P00223,P00051,P00415,P00318,P00453",27/06/2024,ST
INV03548,C01032,P00510,05/08/2025,CYB
INV03549,C00486,"P00208,P00275,P00136",21/01/2024,TKO
INV03550,C00321,"P00307,P00485,P00154",16/07/2025,MK
INV03551,C00020,"P00451,P00002,P00256",12/07/2025,TKO
INV03552,C01096,"P00117,P00096,P00274,P00101",13/12/2024,TKO
INV03553,C00118,P00111,13/05/2025,CYB
INV03554,C00827,P00015,02/03/2025,MK
INV03555,C00610,P00076,17/06/2024,CYB
INV03556,C00607,P00388,09/07/2025,MK
INV03557,C00455,"P00124,P00324",25/03/2025,MK
INV03558,C00527,"P00048,P00083",29/05/2025,CYB
INV03559,C00904,"P00505,P00216,P00371",19/03/2024,ST
INV03560,C00741,P00037,28/01/2025,ST
INV03561,C01043,P00433,03/02/2025,TKO
INV03562,C00961,"P00537,P00278,P00109,P00482",14/01/2025,CYB
INV03563,C00228,P00252,19/09/2025,MK
INV03564,C01118,"P00084,P00411,P00009,P00104",14/01/2025,TKO
INV03565,C00453,"P00117,P00096,P00380,P00168",31/08/2024,CYB
INV03566,C00882,"P00112,P00092,P00046,P00489,P00237",09/02/2024,ST
INV03567,C00434,"P00262,P00221",02/05/2024,MK
INV03568,C00430,"P00179,P00168,P00417,P00169,P00468",23/06/2025,TKO
INV03569,C00245,P00170,07/12/2025,ST
INV03570,C00343,"P00314,P00145,P00432",28/02/2024,MK
INV03571,C00761,P00164,30/04/2025,MK
INV03572,C00554,"P00481,P00299,P00307,P00201,P00443",26/04/2024,MK
INV03573,C00771,"P00247,P00130,P00232,P00132",18/03/2024,ST
INV03574,C00364,"P00268,P00028,P00112,P00224,P00219",06/12/2025,ST
INV03575,C01132,"P00259,P00170,P00007,P00269",14/10/2024,TKO
INV03576,C00755,P00493,27/05/2025,TKO
INV03577,C00074,"P00282,P00374,P00142,P00266",21/05/2025,ST
INV03578,C00675,"P00156,P00345,P00088,P00326",29/02/2024,MK
INV03579,C00483,"P00117,P00096",21/12/2025,ST
INV03580,C00742,"P00117,P00096,P00374,P00484",22/07/2024,ST
INV03581,C00581,"P00477,P00499,P00279,P00007",15/01/2024,CYB
INV03582,C00412,P00005,23/01/2024,MK
INV03583,C00862,"P00117,P00096,P00217",18/03/2025,ST
INV03584,C00848,"P00427,P00223",16/12/2024,TKO
INV03585,C00832,"P00117,P00096,P00374",09/12/2024,ST
INV03586,C00013,"P00337,P00390",03/11/2025,TKO
INV03587,C00167,"P00124,P00308",22/02/2025,TKO
INV03588,C00531,"P00117,P00096",14/05/2024,ST
INV03589,C00883,"P00349,P00151",29/06/2024,MK
INV03590,C00255,"P00319,P00264,P00506,P00273,P00082",07/09/2025,CYB
INV03591,C01027,"P00093,P00040,P00072,P00331,P00453",12/11/2024,MK
INV03592,C01024,"P00117,P00096,P00335",21/09/2025,MK
INV03593,C00523,"P00117,P00096",29/11/2024,CYB
INV03594,C00849,"P00398,P00143,P00166,P00229",24/05/2025,MK
INV03595,C00585,"P00133,P00374,P00356",03/04/2025,TKO
INV03596,C01010,"P00371,P00435,P00297,P00352,P00006",17/05/2025,MK
INV03597,C00864,"P00117,P00096",25/07/2024,TKO
INV03598,C00621,"P00501,P00082,P00164,P00383",10/03/2024,MK
INV03599,C00239,"P00117,P00096,P00410,P00200",29/08/2025,ST
INV03600,C00491,"P00117,P00096,P00107",22/09/2025,TKO
INV03601,C00258,"P00254,P00408,P00467,P00323,P00172",24/10/2025,ST
INV03602,C00885,"P00117,P00096",13/04/2024,MK
INV03603,C00233,"P00117,P00096",18/06/2024,MK
INV03604,C00769,"P00117,P00096,P00515",10/01/2024,MK
INV03605,C00822,P00041,08/05/2025,MK
INV03606,C00057,"P00156,P00467,P00014,P00448",19/04/2024,TKO
INV03607,C00223,"P00117,P00096",06/08/2024,CYB
INV03608,C00949,"P00261,P00386,P00484,P00358",10/03/2025,MK
INV03609,C00879,"P00308,P00369,P00526",15/08/2025,MK
INV03610,C00603,"P00102,P00402",01/10/2025,TKO
INV03611,C01112,"P00274,P00291,P00298,P00217",21/01/2025,CYB
INV03612,C00834,"P00537,P00206,P00210,P00233,P00470",21/04/2025,MK
INV03613,C00657,P00441,12/02/2024,MK
INV03614,C00183,"P00503,P00068,P00088,P00398",14/02/2024,ST
INV03615,C00865,"P00018,P00366",09/03/2025,CYB
INV03616,C00106,"P00183,P00261,P00078",03/06/2024,CYB
INV03617,C00751,"P00117,P00096,P00289,P00386",14/05/2024,ST
INV03618,C00443,"P00106,P00476,P00103,P00472",28/06/2025,TKO
INV03619,C01099,"P00489,P00119",06/09/2024,CYB
INV03620,C00323,"P00288,P00256,P00335",27/06/2025,CYB
INV03621,C00103,"P00117,P00096",18/10/2024,MK
INV03622,C00163,"P00117,P00096,P00157,P00205",15/01/2024,TKO
INV03623,C00394,"P00435,P00358,P00347",31/07/2025,CYB
INV03624,C00181,P00271,20/12/2024,CYB
INV03625,C00803,"P00339,P00072,P00214",24/09/2025,MK
INV03626,C00171,"P00117,P00096,P00376",23/10/2024,TKO
INV03627,C01032,"P00117,P00096,P00105",03/05/2024,ST
INV03628,C01114,"P00308,P00488",20/03/2024,TKO
INV03629,C00611,"P00037,P00178,P00339",30/11/2025,TKO
INV03630,C00241,"P00029,P00498,P00395,P00452,P00268",11/01/2025,ST
INV03631,C00542,"P00253,P00200",11/03/2025,TKO
INV03632,C00847,P00401,12/01/2025,ST
INV03633,C00867,"P00521,P00247",18/05/2024,CYB
INV03634,C00984,"P00145,P00370",12/03/2024,TKO
INV03635,C01067,"P00280,P00306",13/10/2025,TKO
INV03636,C00014,"P00117,P00096,P00359",11/08/2025,ST
INV03637,C00821,"P00141,P00318,P00378,P00468,P00437",03/09/2025,TKO
INV03638,C00113,"P00325,P00482",26/08/2025,MK
INV03639,C01033,"P00154,P00130,P00079,P00060",28/11/2024,TKO
INV03640,C00866,"P00494,P00061,P00132",25/08/2025,TKO
INV03641,C00758,"P00117,P00096",10/04/2024,TKO
INV03642,C00624,"P00365,P00229,P00207",23/02/2024,TKO
INV03643,C00881,"P00117,P00096,P00371",01/10/2024,CYB
INV03644,C00427,"P00259,P00326,P00036",19/05/2024,MK
INV03645,C00277,"P00117,P00096",06/05/2024,CYB
INV03646,C00516,"P00022,P00472,P00218,P00425",13/01/2025,CYB
INV03647,C00023,"P00117,P00096,P00374,P00363",23/07/2024,MK
INV03648,C00297,"P00093,P00156",27/10/2025,TKO
INV03649,C00190,"P00492,P00430",12/02/2025,MK
INV03650,C00988,"P00117,P00096",06/03/2025,CYB
INV03651,C00358,P00061,03/02/2024,MK
INV03652,C00241,"P00117,P00096",18/09/2025,TKO
INV03653,C00150,"P00425,P00456",14/06/2025,TKO
INV03654,C00754,"P00316,P00171",27/11/2025,CYB
INV03655,C00702,P00502,20/12/2024,CYB
INV03656,C00634,"P00456,P00183,P00509,P00296",11/04/2024,TKO
INV03657,C00843,"P00408,P00344,P00386,P00298",04/10/2025,MK
INV03658,C00676,"P00175,P00468,P00310,P00399",14/03/2024,CYB
INV03659,C01075,P00368,25/01/2024,ST
INV03660,C00194,"P00305,P00477,P00178,P00357,P00180",14/08/2024,CYB
INV03661,C00311,"P00486,P00346,P00055,P00451,P00527",03/03/2024,ST
INV03662,C00499,"P00174,P00508,P00292",09/01/2025,TKO
INV03663,C00047,P00110,05/10/2025,CYB
INV03664,C00300,"P00117,P00096,P00049",11/02/2025,CYB
INV03665,C00299,"P00117,P00096,P00011",12/03/2025,CYB
INV03666,C00969,"P00149,P00539,P00372,P00004,P00405",21/02/2025,TKO
INV03667,C00845,"P00117,P00096,P00052,P00188",10/10/2025,ST
INV03668,C00968,"P00533,P00078,P00343",13/06/2025,CYB
INV03669,C01048,P00241,27/05/2025,MK
INV03670,C00838,"P00294,P00402,P00020",11/12/2024,CYB
INV03671,C00886,"P00032,P00388",04/02/2024,TKO
INV03672,C01016,"P00330,P00235",02/04/2025,TKO
INV03673,C01087,P00267,14/10/2025,MK
INV03674,C00385,"P00201,P00021",10/10/2025,ST
INV03675,C00044,"P00135,P00317,P00004,P00355",08/02/2024,MK
INV03676,C00190,"P00133,P00074,P00266",27/09/2025,MK
INV03677,C00409,"P00445,P00336",28/11/2025,ST
INV03678,C00684,"P00013,P00265",14/01/2024,CYB
INV03679,C00160,"P00520,P00493,P00443,P00451",31/12/2025,CYB
INV03680,C00381,"P00302,P00332,P00386,P00346,P00355",21/02/2025,TKO
INV03681,C00283,"P00466,P00034,P00036",10/02/2025,MK
INV03682,C00806,"P00476,P00304,P00153,P00181",05/07/2024,TKO
INV03683,C00765,"P00098,P00299",02/03/2025,MK
INV03684,C00747,P00323,05/04/2025,TKO
INV03685,C00030,"P00323,P00193,P00018,P00024",01/12/2024,TKO
INV03686,C00115,"P00300,P00032,P00532",30/08/2024,MK
INV03687,C00361,"P00117,P00096,P00283,P00279",05/07/2025,CYB
INV03688,C00742,"P00117,P00096",10/04/2025,ST
INV03689,C01128,P00020,26/09/2025,ST
INV03690,C00988,"P00117,P00096,P00132,P00352",04/10/2024,TKO
INV03691,C00340,"P00070,P00432,P00069,P00468",17/09/2024,MK
INV03692,C01045,P00506,13/06/2025,CYB
INV03693,C00130,P00511,22/01/2025,TKO
INV03694,C00494,"P00025,P00211,P00483,P00036",08/04/2025,MK
INV03695,C00604,"P00174,P00503",05/11/2024,MK
INV03696,C00424,"P00117,P00096,P00294,P00382",12/01/2024,CYB
INV03697,C00717,"P00194,P00487,P00284,P00023,P00219",20/04/2025,MK
INV03698,C01030,"P00117,P00096,P00471",30/04/2024,TKO
INV03699,C00762,"P00168,P00157,P00444,P00262,P00248",12/04/2025,CYB
INV03700,C00200,P00173,23/12/2024,MK
INV03701,C00106,"P00117,P00096,P00293",25/06/2024,MK
INV03702,C00584,"P00324,P00299,P00421",27/11/2025,TKO
INV03703,C00885,P00343,04/09/2025,CYB
INV03704,C00959,P00358,16/01/2024,TKO
INV03705,C01079,"P00035,P00211,P00173,P00010,P00041",24/03/2024,MK
INV03706,C00717,"P00117,P00096",29/07/2024,MK
INV03707,C00044,"P00117,P00096,P00038",05/11/2025,MK
INV03708,C00820,"P00203,P00022,P00113,P00221,P00380",23/11/2024,MK
INV03709,C00720,P00440,23/05/2024,CYB
INV03710,C00356,"P00117,P00096,P00401",05/01/2024,MK
INV03711,C00273,"P00117,P00096,P00214",15/09/2025,MK
INV03712,C00204,"P00117,P00096,P00407,P00412",13/02/2025,TKO
INV03713,C00578,"P00171,P00293,P00490,P00440,P00210",24/09/2025,TKO
INV03714,C00788,"P00117,P00096,P00535,P00275",13/02/2025,TKO
INV03715,C00033,"P00117,P00096,P00451",09/09/2025,TKO
INV03716,C01114,"P00117,P00096,P00115,P00515",18/07/2025,CYB
INV03717,C00242,"P00289,P00133,P00313,P00046",26/07/2024,TKO
INV03718,C00548,"P00520,P00256,P00129,P00189,P00089",13/11/2024,MK
INV03719,C00118,"P00307,P00536,P00035",11/03/2025,CYB
INV03720,C01104,P00477,17/11/2025,CYB
INV03721,C01095,"P00117,P00096,P00311,P00052",21/10/2024,MK
INV03722,C01090,"P00477,P00511,P00395,P00409",29/04/2024,CYB
INV03723,C00767,"P00060,P00195,P00323",15/04/2024,MK
INV03724,C00885,"P00159,P00530,P00238,P00317",17/07/2025,CYB
INV03725,C00351,"P00117,P00096",01/12/2024,MK
INV03726,C00077,"P00244,P00351",25/05/2024,CYB
INV03727,C00244,"P00267,P00099,P00303,P00001",14/04/2025,ST
INV03728,C00077,"P00225,P00167,P00432,P00445,P00430",31/01/2025,MK
INV03729,C00542,"P00246,P00372,P00198,P00339",27/07/2024,TKO
INV03730,C00533,"P00117,P00096,P00242",28/01/2025,CYB
INV03731,C00812,P00283,13/12/2024,ST
INV03732,C00614,"P00117,P00096,P00142",08/07/2024,ST
INV03733,C00665,"P00117,P00096,P00373",18/11/2025,CYB
INV03734,C00779,"P00188,P00377,P00403,P00483,P00475",11/08/2024,CYB
INV03735,C01066,"P00040,P00486,P00423,P00496",11/10/2025,TKO
INV03736,C00318,"P00303,P00382",20/09/2025,TKO
INV03737,C00095,"P00031,P00085,P00245,P00357,P00050",25/10/2024,CYB
INV03738,C00507,"P00117,P00096,P00512",18/05/2024,TKO
INV03739,C00038,"P00068,P00419,P00137",22/07/2025,TKO
INV03740,C00750,"P00290,P00176,P00444,P00131",08/11/2025,TKO
INV03741,C00940,"P00007,P00398,P00190,P00144",12/02/2024,CYB
INV03742,C00107,P00178,07/05/2024,ST
INV03743,C00599,"P00423,P00260,P00090,P00293,P00134",13/06/2025,TKO
INV03744,C00257,"P00117,P00096,P00441,P00109",19/05/2025,TKO
INV03745,C00555,"P00117,P00096,P00109",15/03/2024,TKO
INV03746,C00800,P00021,29/12/2025,CYB
INV03747,C00439,"P00440,P00233,P00031,P00056",24/06/2024,TKO
INV03748,C01050,"P00417,P00267,P00243,P00172,P00496",13/09/2024,MK
INV03749,C01132,"P00117,P00096,P00163,P00367",15/07/2024,TKO
INV03750,C00673,"P00117,P00096,P00366",07/02/2024,TKO
INV03751,C00149,"P00471,P00154",11/03/2024,TKO
INV03752,C00156,"P00095,P00049,P00513,P00165,P00034",11/01/2025,CYB
INV03753,C00460,"P00470,P00210",13/05/2025,MK
INV03754,C00246,"P00225,P00366,P00348,P00209",22/03/2024,TKO
INV03755,C00162,"P00346,P00056",03/01/2024,TKO
INV03756,C00349,"P00445,P00218,P00362,P00102,P00437",17/03/2024,ST
INV03757,C00278,"P00292,P00151,P00232,P00204,P00249",01/12/2024,ST
INV03758,C00581,"P00188,P00155,P00332,P00122",06/04/2024,TKO
INV03759,C00259,P00432,18/02/2024,TKO
INV03760,C00604,"P00192,P00325",12/06/2024,MK
INV03761,C00472,"P00393,P00042,P00454,P00275,P00412",11/12/2025,CYB
INV03762,C00093,"P00423,P00522,P00429,P00076",14/11/2024,MK
INV03763,C00823,"P00504,P00377",17/07/2024,TKO
INV03764,C00573,"P00342,P00141",13/01/2025,CYB
INV03765,C00571,"P00001,P00190,P00287,P00517,P00091",07/07/2024,TKO
INV03766,C00075,"P00117,P00096,P00485,P00115",08/11/2024,ST
INV03767,C00804,P00132,24/01/2025,ST
INV03768,C00935,"P00289,P00334,P00341,P00185",12/05/2025,MK
INV03769,C00927,"P00117,P00096,P00484,P00212",30/07/2024,TKO
INV03770,C00055,"P00117,P00096,P00188,P00529",02/07/2025,MK
INV03771,C00004,P00214,03/09/2025,TKO
INV03772,C00325,"P00348,P00364",03/12/2025,CYB
INV03773,C00767,"P00404,P00506,P00263",01/08/2025,MK
INV03774,C00278,"P00036,P00300,P00014,P00063",20/10/2024,TKO
INV03775,C00301,"P00353,P00368,P00385,P00488",21/11/2024,ST
INV03776,C00456,"P00245,P00409,P00215,P00536,P00437",09/12/2024,TKO
INV03777,C00124,"P00117,P00096",01/10/2025,MK
INV03778,C00110,"P00159,P00247,P00275,P00396",30/08/2025,TKO
INV03779,C00924,P00387,03/01/2025,TKO
INV03780,C00707,"P00346,P00075,P00012,P00393",12/09/2024,MK
INV03781,C00435,"P00346,P00423,P00200",03/01/2025,CYB
INV03782,C00666,"P00449,P00503,P00290",17/05/2025,CYB
INV03783,C00855,"P00117,P00096,P00359,P00382",09/09/2025,MK
INV03784,C00266,"P00041,P00309,P00382,P00269,P00415",25/10/2024,MK
INV03785,C00969,P00097,26/04/2024,ST
INV03786,C00545,"P00513,P00227",02/08/2025,TKO
INV03787,C00332,P00216,11/06/2025,MK
INV03788,C00820,"P00166,P00439",16/05/2025,CYB
INV03789,C00893,P00429,23/07/2024,CYB
INV03790,C00017,"P00117,P00096,P00338",29/11/2024,MK
INV03791,C00867,"P00117,P00096",08/12/2024,CYB
INV03792,C00941,"P00117,P00096,P00237",08/01/2025,ST
INV03793,C00878,"P00279,P00539",02/04/2024,CYB
INV03794,C00595,"P00241,P00524",10/05/2025,TKO
INV03795,C00040,"P00299,P00311,P00467",02/02/2025,ST
INV03796,C01062,"P00112,P00316,P00273",02/12/2025,MK
INV03797,C00966,P00396,01/07/2025,TKO
INV03798,C00624,P00241,24/10/2024,MK
INV03799,C00138,"P00117,P00096",29/06/2025,MK
INV03800,C00313,"P00348,P00392,P00180",06/04/2025,MK
INV03801,C00876,P00228,10/06/2024,TKO
INV03802,C00347,"P00085,P00315,P00279,P00451,P00483",30/04/2024,TKO
INV03803,C00299,"P00195,P00101,P00515,P00089,P00034",26/06/2024,MK
INV03804,C01133,"P00218,P00085,P00263,P00468",06/02/2024,ST
INV03805,C00098,"P00117,P00096,P00471,P00440",23/11/2025,CYB
INV03806,C00994,"P00128,P00260",15/06/2024,CYB
INV03807,C00708,P00084,27/04/2024,ST
INV03808,C00687,"P00466,P00232,P00526,P00431,P00280",13/09/2025,ST
INV03809,C00722,"P00516,P00510",08/08/2025,ST
INV03810,C00824,"P00092,P00044,P00539",24/01/2024,MK
INV03811,C00064,"P00220,P00042,P00336,P00362,P00454",06/09/2024,MK
INV03812,C00615,"P00117,P00096,P00471",26/11/2024,TKO
INV03813,C01060,"P00147,P00363,P00441",14/04/2024,TKO
INV03814,C01100,"P00155,P00071,P00023,P00266",30/09/2025,MK
INV03815,C00602,"P00117,P00096,P00430",02/09/2025,TKO
INV03816,C00639,"P00117,P00096,P00453,P00077",22/02/2024,TKO
INV03817,C00428,"P00434,P00432,P00372,P00167",23/08/2025,MK
INV03818,C00865,"P00517,P00010,P00133",25/10/2024,MK
INV03819,C00476,P00126,05/05/2025,CYB
INV03820,C00206,"P00117,P00096,P00396,P00253",21/12/2024,ST
INV03821,C00422,"P00117,P00096,P00277",09/01/2024,TKO
INV03822,C00191,"P00429,P00252,P00501",11/10/2024,TKO
INV03823,C00697,"P00007,P00135,P00221",05/02/2025,CYB
INV03824,C00865,"P00350,P00198,P00255,P00030,P00157",20/03/2024,TKO
INV03825,C00797,P00292,23/09/2024,ST
INV03826,C00026,"P00324,P00312,P00119,P00430",25/06/2025,ST
INV03827,C00887,"P00055,P00501,P00194,P00518,P00441",06/11/2024,TKO
INV03828,C01122,"P00117,P00096",23/03/2025,TKO
INV03829,C00766,"P00303,P00499,P00079,P00037,P00173",13/11/2025,ST
INV03830,C00424,"P00117,P00096",06/11/2024,TKO
INV03831,C00678,P00401,22/05/2024,TKO
INV03832,C00965,"P00400,P00430",05/03/2025,CYB
INV03833,C00244,"P00117,P00096,P00310,P00369",26/08/2025,MK
INV03834,C01071,"P00117,P00096,P00038",10/12/2025,ST
INV03835,C01077,"P00146,P00053,P00145,P00019,P00140",10/05/2025,MK
INV03836,C00938,"P00431,P00263",27/05/2025,TKO
INV03837,C00571,P00497,23/06/2024,CYB
INV03838,C01131,"P00039,P00190,P00277,P00220,P00103",19/01/2025,TKO
INV03839,C00523,"P00355,P00466",01/06/2024,CYB
INV03840,C00715,P00376,01/12/2024,TKO
INV03841,C00529,"P00117,P00096,P00236",06/09/2024,TKO
INV03842,C00303,"P00031,P00361",25/12/2025,TKO
INV03843,C01111,P00337,26/01/2024,MK
INV03844,C00435,"P00117,P00096,P00162,P00359",22/01/2024,TKO
INV03845,C00121,"P00214,P00314,P00505",19/11/2025,TKO
INV03846,C00208,"P00241,P00317",22/07/2024,CYB
INV03847,C00841,"P00007,P00110,P00513,P00360",31/01/2024,MK
INV03848,C01009,"P00135,P00196,P00222,P00001",10/02/2024,CYB
INV03849,C00495,"P00267,P00369,P00150,P00292",21/05/2025,MK
INV03850,C00099,"P00528,P00123,P00398,P00329",14/03/2024,CYB
INV03851,C00250,"P00437,P00440,P00356,P00370,P00100",10/05/2024,ST
INV03852,C00928,"P00490,P00061,P00360,P00422,P00176",16/06/2025,TKO
INV03853,C00174,"P00117,P00096",03/05/2025,CYB
INV03854,C00533,"P00397,P00511,P00173",02/10/2024,MK
INV03855,C00124,P00116,26/05/2025,MK
INV03856,C00799,"P00177,P00435,P00377,P00420,P00354",05/12/2024,TKO
INV03857,C00321,"P00519,P00532,P00060,P00204,P00477",29/01/2025,MK
INV03858,C00877,"P00472,P00062,P00059,P00146",09/10/2025,TKO
INV03859,C00183,"P00169,P00464,P00190,P00221",03/07/2024,TKO
INV03860,C00894,"P00488,P00186,P00341,P00498,P00272",04/01/2024,ST
INV03861,C00091,"P00117,P00096,P00105,P00505",06/08/2025,CYB
INV03862,C00804,"P00466,P00168,P00183",28/11/2024,CYB
INV03863,C00261,"P00115,P00397,P00300,P00444",08/06/2025,TKO
INV03864,C00738,"P00102,P00244,P00310,P00325,P00136",28/09/2024,MK
INV03865,C00673,P00274,30/11/2024,MK
INV03866,C00174,"P00019,P00205,P00442,P00319,P00175",07/07/2025,CYB
INV03867,C01074,"P00117,P00096,P00458",06/04/2024,MK
INV03868,C00175,"P00146,P00463,P00179,P00016",18/02/2024,CYB
INV03869,C00835,"P00117,P00096",27/03/2024,ST
INV03870,C00877,"P00204,P00486,P00395,P00508,P00342",14/01/2025,TKO
INV03871,C00037,"P00371,P00499,P00118,P00258",21/06/2025,ST
INV03872,C00646,"P00051,P00285,P00444",16/10/2024,TKO
INV03873,C00214,"P00117,P00096,P00432",11/10/2025,ST
INV03874,C00913,"P00252,P00348,P00337,P00294,P00372",14/02/2024,TKO
INV03875,C00606,"P00147,P00369,P00159,P00289,P00529",13/05/2025,CYB
INV03876,C01089,"P00117,P00096,P00505",17/04/2025,TKO
INV03877,C00538,"P00186,P00211,P00158,P00403",01/02/2024,TKO
INV03878,C01051,"P00117,P00096",25/01/2025,TKO
INV03879,C00987,"P00287,P00082,P00432,P00445,P00231",15/08/2024,TKO
INV03880,C00834,"P00060,P00463,P00121,P00009,P00292",17/07/2024,TKO
INV03881,C00577,"P00345,P00425",21/05/2025,TKO
INV03882,C00835,"P00122,P00046,P00356,P00283",11/04/2025,MK
INV03883,C00439,"P00222,P00219,P00428,P00201",21/02/2025,MK
INV03884,C00298,P00104,29/11/2024,CYB
INV03885,C00473,P00418,30/07/2024,CYB
INV03886,C00145,"P00274,P00504",24/11/2025,CYB
INV03887,C00037,"P00117,P00096,P00195",31/08/2024,ST
INV03888,C00925,"P00376,P00361,P00167",03/01/2024,CYB
INV03889,C00256,"P00426,P00021,P00242,P00066",15/02/2025,CYB
INV03890,C00506,"P00117,P00096,P00482,P00475",17/12/2024,ST
INV03891,C00369,"P00117,P00096,P00289",28/09/2024,ST
INV03892,C00979,"P00117,P00096,P00202,P00022",16/03/2025,ST
INV03893,C00594,"P00117,P00096,P00011",16/11/2024,TKO
INV03894,C01017,"P00117,P00096",28/08/2024,TKO
INV03895,C00176,"P00078,P00286,P00053",19/12/2025,MK
INV03896,C00386,"P00530,P00223,P00301,P00374,P00009",12/10/2024,TKO
INV03897,C00672,"P00525,P00490,P00469,P00028,P00114",28/08/2024,TKO
INV03898,C00211,"P00325,P00111,P00248",10/04/2025,TKO
INV03899,C00568,"P00117,P00096,P00033,P00298",10/10/2024,MK
INV03900,C00728,"P00444,P00405",24/06/2025,ST
INV03901,C00573,"P00117,P00096",15/10/2025,TKO
INV03902,C01012,"P00117,P00096,P00321",20/02/2025,ST
INV03903,C00421,"P00348,P00192,P00160",15/10/2024,CYB
INV03904,C00581,"P00020,P00139,P00224",03/05/2025,TKO
INV03905,C00932,"P00428,P00148",23/05/2025,CYB
INV03906,C00412,"P00532,P00435,P00323",16/03/2025,CYB
INV03907,C00059,P00530,14/12/2024,MK
INV03908,C00717,P00123,28/07/2025,MK
INV03909,C00833,"P00474,P00349,P00220",02/07/2025,TKO
INV03910,C01090,P00293,04/08/2024,CYB
INV03911,C00752,"P00282,P00191,P00304,P00448,P00200",15/10/2025,MK
INV03912,C00143,"P00526,P00016,P00275",04/06/2025,CYB
INV03913,C00614,"P00127,P00496,P00306",12/06/2025,CYB
INV03914,C00087,"P00084,P00195,P00024,P00169,P00530",21/07/2024,MK
INV03915,C00113,"P00188,P00145,P00198,P00299,P00216",15/04/2024,CYB
INV03916,C00260,P00341,11/10/2024,TKO
INV03917,C00270,"P00072,P00342,P00500,P00119",27/10/2024,MK
INV03918,C00996,"P00375,P00197,P00150,P00259,P00206",22/04/2024,TKO
INV03919,C00785,"P00354,P00414,P00286,P00538",01/04/2025,MK
INV03920,C00751,"P00117,P00096,P00335",25/03/2025,TKO
INV03921,C00383,"P00117,P00096",04/06/2024,CYB
INV03922,C00126,"P00275,P00142,P00193,P00384,P00458",05/09/2025,CYB
INV03923,C00819,"P00042,P00133,P00347,P00331",19/02/2024,ST
INV03924,C00101,"P00270,P00269,P00376,P00133,P00095",02/05/2024,CYB
INV03925,C00361,"P00465,P00515,P00291",18/05/2024,TKO
INV03926,C00257,"P00349,P00373,P00492,P00139",08/03/2024,MK
INV03927,C00523,"P00260,P00143,P00221,P00169",03/10/2024,CYB
INV03928,C00014,P00194,30/06/2025,CYB
INV03929,C00286,"P00386,P00240,P00311,P00437",23/09/2025,TKO
INV03930,C00806,"P00449,P00315,P00417,P00064,P00479",03/02/2025,TKO
INV03931,C00328,"P00117,P00096,P00265,P00177",20/08/2025,MK
INV03932,C00040,"P00117,P00096",30/06/2024,MK
INV03933,C00418,"P00344,P00019",14/04/2025,ST
INV03934,C00079,P00476,06/06/2024,CYB
INV03935,C00470,"P00140,P00443",01/06/2024,ST
INV03936,C00183,"P00385,P00267,P00132",22/03/2025,TKO
INV03937,C00066,"P00117,P00096",08/06/2024,TKO
INV03938,C00759,"P00117,P00096,P00204,P00342",21/08/2024,TKO
INV03939,C01020,"P00032,P00036,P00285",24/06/2025,CYB
INV03940,C00821,"P00433,P00530,P00249",05/01/2024,TKO
INV03941,C01026,"P00117,P00096,P00040",20/05/2024,MK
INV03942,C00158,"P00117,P00096,P00487",21/09/2025,CYB
INV03943,C00727,P00042,29/07/2025,TKO
INV03944,C00765,"P00455,P00239,P00427",23/05/2025,CYB
INV03945,C00681,"P00303,P00211,P00462,P00187,P00370",01/11/2025,CYB
INV03946,C00971,"P00027,P00038,P00098",02/05/2024,ST
INV03947,C00489,"P00088,P00069,P00488,P00339",09/09/2025,CYB
INV03948,C01017,"P00038,P00052,P00308,P00448",19/04/2025,TKO
INV03949,C00270,P00450,19/11/2024,MK
INV03950,C00833,"P00004,P00180,P00151,P00071,P00069",19/11/2025,TKO
INV03951,C00706,"P00117,P00096,P00352",17/08/2025,TKO
INV03952,C00140,"P00453,P00032,P00448",13/07/2024,CYB
INV03953,C00253,"P00117,P00096,P00366",17/05/2025,TKO
INV03954,C00882,"P00117,P00096,P00368,P00257",10/04/2024,ST
INV03955,C00291,P00197,04/10/2025,MK
INV03956,C00880,"P00077,P00037,P00142",16/04/2024,TKO
INV03957,C00135,"P00256,P00489",24/02/2024,ST
INV03958,C00164,"P00117,P00096,P00419",21/01/2024,MK
INV03959,C00993,"P00151,P00426,P00487",18/12/2024,CYB
INV03960,C00143,"P00011,P00107,P00467,P00267",20/11/2024,MK
INV03961,C00571,"P00117,P00096,P00283",16/04/2024,ST
INV03962,C00911,"P00199,P00386,P00303,P00251,P00068",14/08/2024,MK
INV03963,C00540,"P00449,P00289,P00519",17/02/2025,TKO
INV03964,C00269,"P00001,P00331,P00336",13/05/2025,CYB
INV03965,C00929,"P00390,P00360,P00038",22/11/2025,MK
INV03966,C00278,"P00069,P00369,P00522",23/07/2025,MK
INV03967,C01082,P00331,19/12/2025,ST
INV03968,C00686,"P00148,P00234,P00173,P00002,P00045",15/04/2024,ST
INV03969,C01120,"P00090,P00054",25/04/2024,MK
INV03970,C00258,"P00280,P00063,P00390,P00241,P00324",17/08/2025,CYB
INV03971,C00429,"P00007,P00338,P00403,P00455",30/01/2025,TKO
INV03972,C00225,"P00174,P00003,P00425,P00156,P00463",08/05/2025,CYB
INV03973,C00562,"P00117,P00096,P00183,P00207",18/12/2024,MK
INV03974,C00359,"P00117,P00096,P00468",14/08/2025,MK
INV03975,C00919,"P00400,P00521,P00194,P00176",16/05/2024,ST
INV03976,C00555,"P00457,P00352,P00311,P00017,P00288",21/06/2024,TKO
INV03977,C00947,"P00336,P00138,P00103,P00539,P00449",07/11/2025,MK
INV03978,C00369,P00003,23/09/2025,MK
INV03979,C00534,"P00245,P00162,P00195,P00498,P00017",25/09/2025,CYB
INV03980,C00690,"P00017,P00505,P00275,P00439",01/08/2025,MK
INV03981,C00298,P00217,26/08/2025,ST
INV03982,C00913,"P00117,P00096,P00269,P00072",13/11/2025,TKO
INV03983,C00045,P00219,19/03/2025,TKO
INV03984,C00596,"P00117,P00096,P00185",27/12/2025,CYB
INV03985,C00432,"P00264,P00032,P00012",29/04/2025,MK
INV03986,C00434,"P00166,P00448",29/03/2024,ST
INV03987,C00940,"P00399,P00496,P00177,P00396",17/01/2024,TKO
INV03988,C00379,"P00117,P00096,P00179",04/11/2025,ST
INV03989,C00588,"P00254,P00103,P00527,P00461,P00199",09/11/2024,CYB
INV03990,C01116,"P00117,P00096,P00198",12/02/2025,ST
INV03991,C00387,"P00488,P00336",20/12/2024,TKO
INV03992,C00127,"P00236,P00315,P00350",22/05/2025,ST
INV03993,C00775,P00496,15/07/2025,TKO
INV03994,C00606,"P00117,P00096",17/11/2025,TKO
INV03995,C00370,"P00041,P00533,P00455,P00488",21/08/2025,TKO
INV03996,C00244,P00523,19/12/2025,CYB
INV03997,C00235,"P00117,P00096,P00533",28/05/2024,MK
INV03998,C00665,"P00117,P00096",13/10/2024,TKO
INV03999,C01077,"P00405,P00059,P00454",30/03/2024,MK
INV04000,C00612,"P00095,P00390,P00237,P00354,P00432",01/08/2025,MK
INV04001,C00416,"P00114,P00454,P00033,P00422",04/12/2025,CYB
INV04002,C01041,"P00385,P00073",30/11/2025,TKO
INV04003,C00375,P00087,24/07/2024,TKO
INV04004,C00232,"P00378,P00401,P00189,P00085,P00537",14/04/2025,MK
INV04005,C00495,"P00281,P00385,P00207",14/10/2024,CYB
INV04006,C00895,"P00539,P00149,P00056,P00207,P00532",22/12/2024,CYB
INV04007,C00294,"P00203,P00379,P00452,P00501,P00482",08/04/2024,TKO
INV04008,C00561,P00448,24/03/2024,CYB
INV04009,C00446,"P00068,P00170,P00327,P00300,P00306",21/10/2025,ST
INV04010,C00584,P00336,07/03/2024,TKO
INV04011,C01125,P00067,24/12/2025,TKO
INV04012,C00305,P00363,13/06/2024,TKO
INV04013,C00621,"P00117,P00096",05/09/2024,CYB
INV04014,C00994,"P00521,P00289,P00142,P00213,P00222",11/05/2025,TKO
INV04015,C00507,"P00117,P00096",03/01/2024,MK
INV04016,C00245,"P00458,P00336",07/03/2024,ST
INV04017,C00536,P00231,26/07/2024,MK
INV04018,C00858,"P00511,P00151,P00361",21/05/2024,ST
INV04019,C00111,"P00041,P00149,P00216,P00053",26/10/2024,MK
INV04020,C00246,"P00288,P00220,P00496,P00219,P00197",24/11/2024,TKO
INV04021,C00685,"P00258,P00167",20/08/2024,ST
INV04022,C00509,"P00117,P00096,P00441",03/09/2025,MK
INV04023,C00571,P00512,09/04/2024,ST
INV04024,C00517,P00137,24/04/2025,MK
INV04025,C00002,"P00018,P00296",23/01/2025,CYB
INV04026,C01065,"P00355,P00504,P00024",29/06/2025,CYB
INV04027,C00942,P00114,14/10/2025,MK
INV04028,C00117,P00423,02/07/2024,TKO
INV04029,C01126,"P00209,P00115",20/08/2024,TKO
INV04030,C00942,"P00442,P00517,P00404",03/02/2024,MK
INV04031,C00546,"P00485,P00223,P00254,P00116",22/05/2024,TKO
INV04032,C00772,"P00300,P00005,P00023,P00478",26/08/2025,TKO
INV04033,C00666,"P00117,P00096",30/06/2024,MK
INV04034,C00632,"P00117,P00096",04/04/2025,TKO
INV04035,C00647,"P00055,P00241,P00537",14/06/2025,MK
INV04036,C00032,"P00117,P00096,P00388",15/02/2025,MK
INV04037,C00293,"P00117,P00096,P00258,P00342",07/08/2024,CYB
INV04038,C00665,"P00117,P00096",01/06/2024,MK
INV04039,C00913,"P00268,P00402",06/10/2024,CYB
INV04040,C00821,"P00109,P00254,P00144,P00332",24/09/2024,CYB
INV04041,C01012,"P00117,P00096,P00190,P00520",25/12/2025,CYB
INV04042,C00325,"P00428,P00534",24/05/2025,CYB
INV04043,C00042,"P00117,P00096,P00031,P00220",25/08/2024,MK
INV04044,C01027,"P00117,P00096,P00379,P00293",16/02/2025,MK
INV04045,C00800,"P00117,P00096,P00356",18/03/2024,TKO
INV04046,C00280,"P00169,P00441,P00129,P00356",08/06/2025,MK
INV04047,C00151,"P00415,P00179",03/01/2024,MK
INV04048,C00098,"P00117,P00096",05/04/2025,TKO
INV04049,C00031,"P00117,P00096,P00056",24/03/2025,TKO
INV04050,C00413,"P00443,P00269,P00527,P00343",10/02/2025,CYB
INV04051,C00109,"P00094,P00132,P00468,P00037,P00220",25/07/2024,CYB
INV04052,C00107,"P00075,P00329,P00088,P00083",11/05/2024,TKO
INV04053,C00796,P00287,01/03/2024,MK
INV04054,C00740,"P00440,P00471,P00423",18/09/2025,MK
INV04055,C00935,P00202,26/08/2024,MK
INV04056,C00235,P00418,01/04/2025,TKO
INV04057,C01133,"P00053,P00154",02/04/2024,CYB
INV04058,C00570,"P00488,P00383,P00015,P00224,P00291",19/04/2025,TKO
INV04059,C00829,"P00409,P00309,P00031,P00438,P00236",24/09/2025,CYB
INV04060,C00316,"P00117,P00096,P00144",20/03/2025,CYB
INV04061,C00496,P00243,23/12/2025,MK
INV04062,C00007,"P00399,P00121,P00415",19/04/2025,TKO
INV04063,C00930,"P00148,P00504,P00105,P00295",08/04/2025,CYB
INV04064,C00866,"P00357,P00513,P00169",02/10/2024,MK
INV04065,C00418,"P00193,P00220,P00106",24/05/2025,MK
INV04066,C00336,"P00117,P00096,P00059,P00021",07/12/2024,ST
INV04067,C00621,P00426,14/11/2024,ST
INV04068,C00665,P00341,20/04/2024,TKO
INV04069,C00438,"P00143,P00427",25/11/2024,CYB
INV04070,C00586,"P00491,P00446,P00093,P00515",21/01/2025,CYB
INV04071,C00202,"P00117,P00096",22/06/2024,MK
INV04072,C00396,"P00366,P00399,P00081,P00370",08/11/2024,MK
INV04073,C01026,"P00480,P00356,P00499",17/03/2024,TKO
INV04074,C00204,P00530,29/10/2025,TKO
INV04075,C00558,"P00117,P00096",27/06/2025,TKO
INV04076,C00726,"P00200,P00292",30/06/2024,TKO
INV04077,C00406,"P00468,P00009,P00406,P00375,P00153",23/03/2024,TKO
INV04078,C00338,P00002,16/01/2025,ST
INV04079,C00961,"P00470,P00375,P00275,P00445,P00309",25/08/2025,MK
INV04080,C00893,"P00222,P00475,P00380",04/03/2024,TKO
INV04081,C00999,"P00117,P00096,P00343",29/05/2024,TKO
INV04082,C00860,P00044,06/07/2024,ST
INV04083,C00358,"P00117,P00096,P00308",25/03/2024,CYB
INV04084,C00758,"P00462,P00047",18/08/2025,MK
INV04085,C00750,"P00525,P00296,P00278",10/07/2025,CYB
INV04086,C00972,"P00493,P00261,P00123,P00299,P00461",24/04/2025,CYB
INV04087,C00679,P00516,05/06/2025,TKO
INV04088,C00293,"P00047,P00191,P00374",08/09/2024,MK
INV04089,C00189,"P00399,P00327",09/04/2025,TKO
INV04090,C00258,"P00397,P00476,P00083",08/06/2025,MK
INV04091,C00520,P00153,28/12/2025,CYB
INV04092,C00641,"P00188,P00524",24/04/2024,MK
INV04093,C00778,P00121,25/09/2025,TKO
INV04094,C00329,P00249,01/04/2025,CYB
INV04095,C00208,P00220,24/07/2024,CYB
INV04096,C00100,"P00230,P00398,P00161,P00402",09/10/2025,MK
INV04097,C00839,"P00122,P00473",21/04/2025,TKO
INV04098,C00268,"P00360,P00272,P00085,P00186",07/08/2024,TKO
INV04099,C00676,"P00483,P00312,P00465,P00360",25/06/2024,CYB
INV04100,C00349,"P00447,P00016",22/01/2025,TKO
INV04101,C00182,"P00386,P00304",09/10/2024,CYB
INV04102,C00049,"P00117,P00096,P00350",12/01/2024,CYB
INV04103,C01027,"P00456,P00272,P00021",27/10/2024,MK
INV04104,C00677,P00509,19/02/2024,CYB
INV04105,C00049,"P00117,P00096,P00468,P00441",11/07/2025,MK
INV04106,C00553,"P00117,P00096,P00193,P00354",16/05/2025,ST
INV04107,C00852,"P00429,P00185,P00061,P00345",30/12/2025,CYB
INV04108,C00716,P00520,02/11/2025,ST
INV04109,C00906,"P00170,P00006",02/09/2025,TKO
INV04110,C01094,"P00117,P00096,P00027,P00478",11/07/2024,ST
INV04111,C00314,"P00260,P00138,P00337,P00015",20/07/2025,TKO
INV04112,C00440,"P00116,P00327,P00265,P00346,P00307",26/08/2025,CYB
INV04113,C00503,"P00171,P00342",05/11/2024,ST
INV04114,C00663,"P00154,P00133",05/02/2024,MK
INV04115,C00238,"P00231,P00476",23/10/2025,ST
INV04116,C00211,P00527,26/10/2025,CYB
INV04117,C00702,"P00012,P00129,P00127,P00505",02/11/2024,TKO
INV04118,C00492,"P00045,P00500,P00445,P00177,P00175",24/10/2025,MK
INV04119,C00233,P00452,09/05/2024,ST
INV04120,C00333,P00216,25/07/2025,TKO
INV04121,C01053,"P00412,P00056,P00157,P00045",24/10/2025,CYB
INV04122,C00093,"P00374,P00249,P00339",14/01/2025,TKO
INV04123,C01065,P00350,24/01/2025,CYB
INV04124,C00260,P00538,25/07/2024,CYB
INV04125,C00036,"P00466,P00016",30/04/2025,ST
INV04126,C00441,"P00080,P00152,P00047,P00098",18/12/2024,MK
INV04127,C00422,"P00267,P00298",10/06/2024,ST
INV04128,C00705,"P00355,P00490,P00153,P00230,P00224",01/09/2024,TKO
INV04129,C00895,"P00030,P00016,P00167,P00522,P00519",17/08/2024,ST
INV04130,C00230,"P00497,P00228,P00185,P00360,P00166",21/03/2025,ST
INV04131,C01070,"P00417,P00052,P00479,P00429,P00325",11/01/2024,TKO
INV04132,C00613,"P00121,P00465,P00478,P00201",07/11/2025,TKO
INV04133,C01072,"P00117,P00096,P00177,P00119",27/05/2024,CYB
INV04134,C00261,"P00323,P00476",09/09/2024,MK
INV04135,C00226,"P00527,P00342,P00378,P00288",06/05/2025,TKO
INV04136,C00695,"P00328,P00086,P00131,P00359,P00528",03/06/2025,TKO
INV04137,C00486,"P00068,P00063,P00048,P00530",02/02/2024,MK
INV04138,C00915,"P00167,P00065,P00344,P00076",20/04/2024,MK
INV04139,C00561,"P00516,P00215,P00088,P00471",04/05/2024,ST
INV04140,C01108,P00146,18/12/2024,TKO
INV04141,C00584,P00420,29/03/2025,TKO
INV04142,C00268,"P00146,P00288,P00394,P00284,P00383",06/03/2025,MK
INV04143,C00618,"P00234,P00361,P00163",28/04/2025,MK
INV04144,C00699,"P00156,P00344",30/04/2024,MK
INV04145,C00886,"P00182,P00500",12/07/2025,ST
INV04146,C00452,"P00117,P00096,P00390",14/03/2024,ST
INV04147,C00640,"P00317,P00512,P00233",04/04/2025,TKO
INV04148,C01100,"P00081,P00174",04/02/2025,TKO
INV04149,C01003,"P00475,P00498,P00165",25/06/2025,CYB
INV04150,C00201,"P00243,P00117,P00048,P00453,P00274",25/11/2025,CYB
INV04151,C00454,"P00117,P00096,P00046",23/05/2025,MK
INV04152,C00903,"P00463,P00208,P00524,P00150",30/03/2024,MK
INV04153,C00503,"P00117,P00096",19/07/2025,TKO
INV04154,C00490,"P00160,P00502,P00289,P00152,P00357",29/08/2025,CYB
INV04155,C00989,"P00419,P00065",23/05/2024,CYB
INV04156,C00282,"P00403,P00107",27/03/2025,MK
INV04157,C00306,"P00352,P00265,P00226,P00171",16/07/2024,TKO
INV04158,C00602,"P00117,P00096",23/05/2024,ST
INV04159,C01136,"P00117,P00096",18/02/2025,CYB
INV04160,C00701,"P00520,P00433",02/10/2025,CYB
INV04161,C00585,"P00321,P00007",04/06/2025,ST
INV04162,C00814,"P00359,P00260,P00088,P00201",24/02/2025,TKO
INV04163,C00559,"P00309,P00436,P00239,P00132,P00501",10/08/2025,ST
INV04164,C00630,"P00117,P00096,P00434,P00319",25/01/2025,CYB
INV04165,C00734,P00046,10/08/2024,ST
INV04166,C00540,P00103,14/08/2024,CYB
INV04167,C00435,"P00182,P00464,P00437",31/10/2024,MK
INV04168,C00498,"P00117,P00096,P00270",09/04/2024,TKO
INV04169,C00158,"P00117,P00096,P00159,P00505",15/04/2025,ST
INV04170,C00957,"P00476,P00203,P00012,P00082",19/03/2025,ST
INV04171,C00014,"P00036,P00055,P00466",23/07/2024,TKO
INV04172,C00241,"P00125,P00254,P00309,P00046,P00384",12/10/2025,CYB
INV04173,C00998,P00441,29/03/2024,ST
INV04174,C00693,"P00117,P00096",11/03/2024,TKO
INV04175,C00621,"P00039,P00445",17/12/2024,MK
INV04176,C00075,P00257,01/11/2025,ST
INV04177,C00813,"P00246,P00149,P00375,P00200,P00387",17/09/2025,TKO
INV04178,C00298,P00087,09/08/2024,TKO
INV04179,C00144,"P00333,P00061",20/07/2024,CYB
INV04180,C01050,"P00076,P00068",05/01/2025,CYB
INV04181,C00233,"P00117,P00096,P00186",09/07/2024,MK
INV04182,C00512,"P00512,P00229,P00271,P00300",14/01/2024,CYB
INV04183,C00040,P00269,17/04/2024,TKO
INV04184,C00031,"P00117,P00096",25/04/2024,CYB
INV04185,C00986,P00090,01/11/2025,TKO
INV04186,C00345,"P00011,P00139,P00368,P00109,P00261",22/02/2025,ST
INV04187,C00440,"P00343,P00014",17/11/2024,TKO
INV04188,C00032,"P00239,P00062,P00469",06/12/2024,MK
INV04189,C00109,"P00286,P00267",08/02/2024,CYB
INV04190,C00204,"P00097,P00258,P00260,P00030,P00531",14/02/2025,TKO
INV04191,C00980,"P00125,P00170,P00404",12/03/2024,ST
INV04192,C00372,"P00092,P00472,P00409",31/01/2024,MK
INV04193,C00406,"P00117,P00096,P00471",29/07/2025,TKO
INV04194,C00282,"P00080,P00006",28/08/2025,MK
INV04195,C00503,P00365,27/08/2025,MK
INV04196,C00092,P00533,06/03/2024,CYB
INV04197,C00724,"P00117,P00096",25/08/2025,TKO
INV04198,C00339,"P00164,P00478",13/12/2024,CYB
INV04199,C00627,"P00125,P00182,P00215,P00386,P00173",28/07/2024,MK
INV04200,C00140,"P00394,P00432,P00191,P00155,P00219",02/05/2024,CYB
INV04201,C00140,"P00117,P00096,P00146",26/05/2024,MK
INV04202,C01053,"P00315,P00299,P00135,P00435,P00318",11/11/2024,TKO
INV04203,C00232,"P00009,P00223",19/06/2024,ST
INV04204,C00179,"P00456,P00234,P00346",21/11/2024,MK
INV04205,C01017,"P00121,P00521,P00202,P00439,P00235",03/03/2025,TKO
INV04206,C00177,"P00322,P00352,P00355",13/10/2024,TKO
INV04207,C01036,"P00195,P00057,P00005",03/09/2025,CYB
INV04208,C00234,"P00453,P00512,P00190",22/03/2024,TKO
INV04209,C00445,"P00117,P00096,P00296",11/03/2024,CYB
INV04210,C00987,"P00117,P00096,P00367,P00015",14/09/2024,CYB
INV04211,C00866,P00033,09/09/2024,MK
INV04212,C00335,"P00361,P00386",29/03/2024,TKO
INV04213,C00062,"P00510,P00301,P00003,P00181,P00269",26/09/2025,MK
INV04214,C01004,"P00117,P00096,P00167,P00131",07/06/2025,TKO
INV04215,C00459,P00177,16/05/2024,ST
INV04216,C00428,"P00177,P00014,P00127,P00038,P00193",25/02/2025,TKO
INV04217,C00130,"P00117,P00096,P00085,P00305",25/11/2024,CYB
INV04218,C01074,"P00064,P00494,P00118,P00423",29/10/2024,CYB
INV04219,C00217,"P00117,P00096",12/08/2024,TKO
INV04220,C01074,"P00017,P00235,P00497,P00293",11/09/2025,CYB
INV04221,C00421,P00166,01/10/2024,ST
INV04222,C01117,"P00300,P00460,P00268,P00510",26/01/2025,MK
INV04223,C00125,"P00349,P00204,P00293",26/05/2024,ST
INV04224,C00025,"P00269,P00020,P00396",10/08/2025,MK
INV04225,C01135,P00089,29/08/2025,CYB
INV04226,C01047,"P00136,P00387,P00270",09/05/2025,TKO
INV04227,C00876,"P00117,P00096,P00515",27/06/2025,TKO
INV04228,C00817,P00458,03/08/2024,TKO
INV04229,C00964,"P00251,P00275,P00508,P00173",12/07/2024,MK
INV04230,C00693,"P00439,P00520",06/07/2024,MK
INV04231,C00147,"P00261,P00100,P00305,P00025",31/08/2025,TKO
INV04232,C00289,"P00235,P00383,P00448,P00084",02/10/2025,CYB
INV04233,C00515,"P00361,P00426,P00515",22/07/2025,TKO
INV04234,C00415,P00201,25/04/2024,TKO
INV04235,C00249,"P00117,P00096,P00237",17/12/2024,CYB
INV04236,C00775,"P00230,P00054,P00157,P00311,P00494",03/09/2025,CYB
INV04237,C00387,"P00117,P00096",08/02/2024,ST
INV04238,C00167,"P00117,P00096,P00484",28/02/2024,TKO
INV04239,C00956,"P00017,P00457",17/02/2025,TKO
INV04240,C01013,"P00480,P00103",28/03/2024,TKO
INV04241,C00662,"P00032,P00293,P00181",05/09/2024,CYB
INV04242,C00081,"P00268,P00327,P00039,P00467,P00422",12/03/2025,TKO
INV04243,C00217,"P00256,P00410,P00235,P00216,P00093",11/06/2025,ST
INV04244,C00149,"P00117,P00096,P00358",15/05/2025,TKO
INV04245,C00002,"P00239,P00531,P00438,P00271,P00402",23/05/2025,TKO
INV04246,C00675,"P00117,P00096,P00337,P00068",14/04/2025,ST
INV04247,C00504,"P00477,P00380,P00379,P00268",26/12/2024,TKO
INV04248,C01090,"P00117,P00096,P00064",10/10/2025,MK
INV04249,C00036,"P00117,P00096,P00063",10/10/2025,TKO
INV04250,C01040,"P00117,P00096,P00444",05/08/2024,MK
INV04251,C00323,"P00164,P00453,P00488",28/05/2025,MK
INV04252,C00452,"P00441,P00354",27/05/2024,MK
INV04253,C00930,"P00322,P00395,P00337",31/12/2024,TKO
INV04254,C00797,"P00117,P00096,P00339,P00217",09/06/2024,TKO
INV04255,C00386,"P00428,P00471,P00026",01/09/2024,TKO
INV04256,C00075,"P00117,P00096,P00071,P00217",21/11/2024,MK
INV04257,C00592,"P00327,P00459,P00118,P00226,P00276",05/07/2024,ST
INV04258,C00927,"P00117,P00096",16/06/2024,MK
INV04259,C00570,P00227,02/10/2025,ST
INV04260,C00131,"P00385,P00141",29/01/2025,TKO
INV04261,C00647,"P00225,P00088,P00294",02/01/2025,MK
INV04262,C00534,"P00117,P00096,P00527,P00505",26/06/2024,TKO
INV04263,C00213,"P00117,P00096,P00254,P00225",28/05/2024,ST
INV04264,C01122,"P00086,P00164,P00437,P00224",18/10/2025,ST
INV04265,C01055,P00432,29/05/2025,CYB
INV04266,C00620,"P00235,P00042,P00321,P00483",29/07/2024,CYB
INV04267,C00008,"P00333,P00471,P00291",13/07/2025,TKO
INV04268,C01133,"P00117,P00096,P00270,P00018",29/06/2025,MK
INV04269,C00297,"P00117,P00096",06/09/2024,MK
INV04270,C00247,"P00005,P00345,P00376",29/01/2025,TKO
INV04271,C01124,"P00399,P00525,P00294,P00421,P00291",06/07/2024,TKO
INV04272,C00053,"P00150,P00234,P00332",26/03/2024,CYB
INV04273,C00444,P00514,13/10/2024,ST
INV04274,C00205,P00332,17/10/2024,ST
INV04275,C00756,"P00117,P00096,P00419",17/11/2024,TKO
INV04276,C00120,P00244,12/02/2025,MK
INV04277,C00812,"P00390,P00358",03/07/2025,ST
INV04278,C00881,P00310,22/09/2025,ST
INV04279,C00155,"P00117,P00096,P00488",04/02/2025,MK
INV04280,C00046,"P00117,P00096,P00067,P00352",01/03/2024,CYB
INV04281,C00137,P00174,14/05/2025,ST
INV04282,C00237,P00495,09/07/2025,CYB
INV04283,C01009,"P00041,P00164",17/06/2024,CYB
INV04284,C00797,P00271,30/08/2025,MK
INV04285,C00524,"P00117,P00096,P00461,P00346",12/08/2025,ST
INV04286,C00527,P00438,27/12/2024,MK
INV04287,C00992,"P00117,P00096,P00108,P00307",25/10/2024,TKO
INV04288,C00815,P00457,24/05/2025,TKO
INV04289,C00573,P00238,03/08/2024,MK
INV04290,C00763,"P00117,P00096,P00214,P00076",17/02/2025,TKO
INV04291,C00446,"P00237,P00109,P00038",28/07/2024,CYB
INV04292,C00792,"P00412,P00455,P00269,P00122",23/09/2025,CYB
INV04293,C00830,"P00330,P00241,P00092,P00063,P00217",10/09/2025,CYB
INV04294,C01061,"P00117,P00096",21/01/2025,TKO
INV04295,C00511,"P00026,P00203,P00175,P00283,P00129",26/09/2025,TKO
INV04296,C00686,"P00167,P00274,P00164",14/09/2024,TKO
INV04297,C00196,"P00428,P00334,P00520",01/05/2025,CYB
INV04298,C00130,"P00477,P00473,P00049",28/06/2024,CYB
INV04299,C00142,"P00027,P00404,P00319,P00350,P00190",12/09/2025,MK
INV04300,C00784,"P00117,P00096",03/01/2024,ST
INV04301,C00901,"P00117,P00096,P00320,P00343",22/05/2025,ST
INV04302,C00616,"P00494,P00387,P00063",13/05/2024,TKO
INV04303,C00371,"P00349,P00054,P00530",04/07/2024,MK
INV04304,C00702,"P00533,P00068,P00494,P00012",12/02/2024,TKO
INV04305,C01114,"P00532,P00300,P00445",05/01/2025,CYB
INV04306,C00035,"P00081,P00175,P00070,P00483",14/07/2024,MK
INV04307,C00666,"P00117,P00096",09/02/2024,MK
INV04308,C00993,"P00161,P00401,P00178",07/11/2025,CYB
INV04309,C01098,"P00225,P00371",29/01/2024,CYB
INV04310,C00792,"P00117,P00096",28/04/2024,CYB
INV04311,C00573,"P00232,P00138,P00335,P00157,P00362",16/06/2025,MK
INV04312,C00655,"P00011,P00295,P00484",09/09/2025,TKO
INV04313,C01095,"P00424,P00504,P00176,P00499",01/04/2025,TKO
INV04314,C01003,P00102,21/08/2025,CYB
INV04315,C00552,"P00419,P00241,P00349,P00267",02/06/2024,TKO
INV04316,C00580,"P00408,P00032,P00386",03/06/2024,TKO
INV04317,C01003,"P00520,P00418",18/01/2025,CYB
INV04318,C00810,"P00284,P00221,P00482,P00372",18/01/2024,CYB
INV04319,C01122,"P00117,P00096",31/07/2024,TKO
INV04320,C00337,"P00242,P00274,P00421,P00122,P00263",28/07/2025,CYB
INV04321,C00359,"P00532,P00365,P00309,P00250",17/04/2025,CYB
INV04322,C00550,"P00051,P00174,P00317",26/07/2024,CYB
INV04323,C00111,"P00402,P00385,P00226",06/06/2025,CYB
INV04324,C00907,"P00117,P00096",08/09/2024,ST
INV04325,C00242,"P00255,P00203",24/02/2024,CYB
INV04326,C00903,"P00221,P00166,P00108",20/11/2025,TKO
INV04327,C00996,"P00139,P00082,P00212",18/01/2024,TKO
INV04328,C00830,"P00457,P00370,P00148,P00034",20/05/2025,CYB
INV04329,C01085,"P00010,P00279,P00158,P00213,P00184",24/11/2024,TKO
INV04330,C00193,"P00117,P00096",01/06/2025,TKO
INV04331,C00336,"P00117,P00096,P00158",04/10/2025,MK
INV04332,C00337,"P00117,P00096,P00352,P00480",06/03/2024,CYB
INV04333,C00022,"P00013,P00344,P00058,P00201,P00095",20/11/2024,ST
INV04334,C00938,"P00428,P00516,P00231",01/10/2025,TKO
INV04335,C00297,P00395,04/05/2024,CYB
INV04336,C00128,"P00117,P00096,P00155,P00035",24/08/2025,TKO
INV04337,C00372,P00104,14/01/2024,TKO
INV04338,C00580,"P00453,P00244,P00269",07/01/2024,ST
INV04339,C00285,"P00480,P00432,P00101,P00409",30/07/2025,CYB
INV04340,C00449,"P00367,P00146",11/06/2024,TKO
INV04341,C00384,"P00117,P00096,P00377,P00257",06/08/2024,TKO
INV04342,C00035,"P00144,P00410",17/09/2024,CYB
INV04343,C00316,"P00117,P00096",09/03/2025,CYB
INV04344,C00728,P00038,16/07/2025,TKO
INV04345,C00932,"P00117,P00096,P00307,P00306",15/11/2024,CYB
INV04346,C00103,P00521,21/09/2024,ST
INV04347,C00844,"P00414,P00171,P00202,P00182",05/07/2024,MK
INV04348,C00097,"P00100,P00311",09/03/2024,TKO
INV04349,C00438,"P00017,P00099,P00444,P00467,P00364",24/09/2025,CYB
INV04350,C00825,"P00519,P00398,P00233,P00470",03/02/2025,TKO
INV04351,C00895,"P00117,P00096,P00410,P00450",01/07/2024,MK
INV04352,C00239,"P00329,P00110,P00402,P00457",03/02/2024,CYB
INV04353,C00658,"P00031,P00089,P00376,P00501",27/12/2025,ST
INV04354,C00144,P00091,27/07/2025,ST
INV04355,C01048,"P00371,P00141,P00302,P00324,P00418",26/09/2024,ST
INV04356,C01037,"P00117,P00096,P00494,P00429",23/11/2025,ST
INV04357,C00403,"P00192,P00135,P00475,P00129,P00249",26/12/2024,CYB
INV04358,C00030,"P00072,P00379,P00097,P00470,P00121",04/01/2024,TKO
INV04359,C00538,"P00335,P00269,P00050,P00419,P00234",13/08/2025,TKO
INV04360,C00300,"P00290,P00257",14/05/2024,MK
INV04361,C00112,"P00443,P00336,P00101,P00518",03/12/2024,CYB
INV04362,C00217,"P00138,P00304,P00208",19/01/2024,ST
INV04363,C00981,"P00342,P00209,P00281,P00300,P00092",06/02/2025,MK
INV04364,C00072,"P00477,P00333,P00491",31/12/2025,TKO
INV04365,C00651,"P00376,P00366",02/12/2025,CYB
INV04366,C01133,"P00412,P00343",27/05/2025,TKO
INV04367,C00989,"P00328,P00001,P00446,P00232,P00046",11/02/2025,TKO
INV04368,C00931,P00232,23/03/2024,MK
INV04369,C01117,"P00360,P00090,P00415,P00101",18/08/2025,TKO
INV04370,C00525,"P00216,P00283,P00238,P00279,P00448",30/05/2025,MK
INV04371,C00148,"P00117,P00096,P00176,P00071",16/10/2025,CYB
INV04372,C00055,"P00117,P00096,P00219,P00186",21/07/2025,ST
INV04373,C00203,"P00117,P00096,P00163",14/02/2024,TKO
INV04374,C00790,"P00294,P00076,P00346",17/03/2024,TKO
INV04375,C00597,P00469,04/01/2025,CYB
INV04376,C00067,"P00300,P00324",03/04/2025,TKO
INV04377,C00892,"P00117,P00096,P00019,P00476",23/12/2024,MK
INV04378,C00433,"P00130,P00370,P00424",09/09/2025,TKO
INV04379,C01057,P00137,10/06/2025,MK
INV04380,C00876,"P00351,P00064",08/03/2024,CYB
INV04381,C00192,"P00117,P00096,P00399,P00503",30/08/2025,ST
INV04382,C00560,"P00117,P00096,P00202,P00028",09/12/2024,TKO
INV04383,C01002,P00288,06/06/2025,ST
INV04384,C01080,"P00117,P00096",04/06/2025,MK
INV04385,C00692,"P00117,P00096,P00130,P00034",20/10/2024,TKO
INV04386,C00918,"P00277,P00180,P00352,P00018,P00139",30/11/2025,ST
INV04387,C00892,"P00251,P00312,P00406,P00449",22/10/2024,TKO
INV04388,C00860,"P00117,P00096,P00011",25/06/2025,CYB
INV04389,C01081,"P00329,P00222",07/08/2025,TKO
INV04390,C00699,"P00359,P00325,P00401",31/05/2025,TKO
INV04391,C00978,"P00340,P00362,P00343,P00433,P00022",25/01/2025,TKO
INV04392,C00600,"P00117,P00096,P00201,P00382",01/01/2024,MK
INV04393,C00278,"P00117,P00096,P00093",18/10/2024,CYB
INV04394,C00566,"P00117,P00096",20/12/2025,MK
INV04395,C00745,P00278,30/09/2024,CYB
INV04396,C00535,"P00262,P00267,P00370",17/11/2025,MK
INV04397,C00633,"P00253,P00030,P00212,P00332,P00429",23/09/2025,CYB
INV04398,C00895,"P00202,P00450,P00070",16/07/2024,CYB
INV04399,C00283,"P00525,P00209,P00294,P00510",03/07/2025,TKO
INV04400,C00941,"P00237,P00219,P00283,P00303",30/08/2025,CYB
INV04401,C00981,"P00314,P00487,P00078,P00266",17/01/2024,CYB
INV04402,C00348,"P00117,P00096,P00159,P00183",02/09/2024,TKO
INV04403,C00250,"P00139,P00534",18/01/2024,CYB
INV04404,C01127,"P00203,P00019,P00282",20/07/2024,MK
INV04405,C00880,"P00339,P00526,P00080",30/10/2025,MK
INV04406,C01067,"P00117,P00096",19/03/2025,TKO
INV04407,C00170,"P00492,P00419",19/01/2025,CYB
INV04408,C00260,"P00123,P00343,P00387,P00017,P00248",23/12/2024,ST
INV04409,C00394,"P00047,P00387,P00255",07/09/2024,MK
INV04410,C00451,P00180,11/12/2024,MK
INV04411,C00777,"P00117,P00096,P00465",21/06/2024,ST
INV04412,C00189,"P00254,P00448,P00517,P00349,P00395",09/09/2025,TKO
INV04413,C00564,"P00287,P00056,P00213,P00203",07/05/2025,CYB
INV04414,C00905,"P00117,P00096,P00007",14/07/2025,MK
INV04415,C01054,"P00360,P00173,P00042",02/03/2025,TKO
INV04416,C00337,"P00312,P00062",12/08/2024,MK
INV04417,C00651,"P00434,P00524,P00008,P00143,P00095",18/09/2025,TKO
INV04418,C00410,"P00117,P00096,P00074",29/09/2025,TKO
INV04419,C00441,"P00207,P00518",26/04/2025,CYB
INV04420,C00275,"P00117,P00096",05/05/2025,TKO
INV04421,C00829,"P00373,P00428",02/02/2025,TKO
INV04422,C00741,"P00445,P00363,P00315",15/08/2025,TKO
INV04423,C00086,P00062,20/05/2025,MK
INV04424,C00339,"P00037,P00126",06/02/2025,MK
INV04425,C00232,"P00176,P00414,P00332,P00012,P00104",01/08/2024,TKO
INV04426,C00167,"P00199,P00481,P00529",16/12/2024,ST
INV04427,C00190,P00527,20/01/2024,CYB
INV04428,C01070,"P00115,P00280",03/11/2024,CYB
INV04429,C00035,P00159,09/07/2025,TKO
INV04430,C00133,"P00188,P00132",22/11/2025,CYB
INV04431,C00983,"P00423,P00325,P00282,P00500,P00146",04/08/2025,TKO
INV04432,C00491,"P00069,P00537,P00528,P00276",12/06/2025,ST
INV04433,C01068,"P00087,P00198,P00212,P00528,P00461",28/06/2024,ST
INV04434,C00765,"P00026,P00135",13/06/2025,TKO
INV04435,C00019,"P00094,P00252,P00515",02/01/2025,TKO
INV04436,C00491,"P00226,P00499,P00426,P00500,P00137",14/12/2025,ST
INV04437,C00427,"P00057,P00273,P00504",13/05/2025,MK
INV04438,C00460,"P00226,P00535",13/01/2025,TKO
INV04439,C00128,"P00117,P00096,P00223,P00520",21/07/2024,TKO
INV04440,C00805,"P00117,P00096,P00436,P00066",14/07/2024,ST
INV04441,C00017,"P00323,P00064,P00074,P00461,P00415",30/11/2025,MK
INV04442,C00135,"P00117,P00096,P00476",16/07/2024,TKO
INV04443,C00583,"P00117,P00096",09/11/2024,MK
INV04444,C01130,"P00369,P00236,P00461",18/05/2025,TKO
INV04445,C00473,"P00235,P00512,P00325",27/10/2024,CYB
INV04446,C00805,"P00117,P00096",06/04/2025,CYB
INV04447,C00195,"P00307,P00192,P00108,P00044,P00297",24/05/2024,ST
INV04448,C00496,"P00130,P00041,P00177,P00300",16/01/2025,MK
INV04449,C01061,"P00347,P00004,P00477,P00498,P00476",27/01/2024,CYB
INV04450,C01105,"P00117,P00096,P00026",13/05/2025,MK
INV04451,C00919,"P00117,P00096,P00365,P00094",06/12/2025,TKO
INV04452,C00911,"P00523,P00277",18/11/2025,TKO
INV04453,C00340,"P00439,P00402,P00012",26/09/2024,MK
INV04454,C00020,"P00016,P00191",10/03/2025,MK
INV04455,C00599,"P00106,P00438,P00069,P00196",30/09/2025,CYB
INV04456,C00287,"P00443,P00421,P00415,P00039,P00428",01/09/2025,CYB
INV04457,C00462,"P00117,P00096,P00418,P00413",27/01/2024,ST
INV04458,C00967,"P00486,P00073,P00133,P00041,P00118",15/01/2024,CYB
INV04459,C00649,"P00387,P00208,P00124",12/03/2024,TKO
INV04460,C01098,"P00426,P00226",26/11/2024,CYB
INV04461,C01083,"P00189,P00512,P00220",17/08/2024,TKO
INV04462,C00520,"P00313,P00262",09/05/2025,CYB
INV04463,C00539,"P00326,P00244",03/05/2025,TKO
INV04464,C00170,"P00343,P00189,P00506",25/08/2025,CYB
INV04465,C00487,"P00117,P00096,P00436,P00242",22/12/2024,TKO
INV04466,C00370,"P00043,P00098",28/11/2025,TKO
INV04467,C00925,"P00344,P00407",18/04/2025,CYB
INV04468,C00804,P00290,19/07/2025,MK
INV04469,C00637,"P00211,P00281,P00133",01/04/2024,MK
INV04470,C00268,"P00117,P00096",30/06/2025,TKO
INV04471,C00376,"P00165,P00390,P00143,P00431",23/10/2024,TKO
INV04472,C01007,"P00177,P00488,P00460,P00237,P00248",08/02/2025,CYB
INV04473,C00454,"P00073,P00231,P00250,P00430,P00453",02/03/2024,TKO
INV04474,C00411,P00386,28/10/2024,TKO
INV04475,C00426,P00271,26/12/2025,ST
INV04476,C00746,"P00134,P00162,P00406",11/12/2024,TKO
INV04477,C00870,"P00067,P00050",07/03/2024,TKO
INV04478,C00489,"P00244,P00195,P00377",10/05/2024,CYB
INV04479,C00105,"P00148,P00348,P00082,P00127,P00505",19/02/2025,TKO
INV04480,C00554,"P00109,P00118,P00061,P00238,P00532",01/01/2025,MK
INV04481,C00755,"P00370,P00092",15/12/2025,TKO
INV04482,C00737,"P00238,P00181",07/10/2024,MK
INV04483,C01018,"P00336,P00372",07/10/2024,TKO
INV04484,C00588,"P00117,P00096,P00438",08/06/2024,TKO
INV04485,C01019,P00296,31/01/2025,MK
INV04486,C00640,"P00117,P00096",09/04/2025,MK
INV04487,C00405,"P00452,P00464,P00283",27/09/2024,TKO
INV04488,C00694,"P00152,P00456",20/05/2024,TKO
INV04489,C00586,"P00081,P00141,P00323,P00190,P00019",15/09/2025,CYB
INV04490,C00930,"P00041,P00182,P00219,P00451,P00455",15/09/2024,CYB
INV04491,C00498,P00377,25/10/2024,TKO
INV04492,C00315,"P00345,P00380,P00262",02/01/2024,TKO
INV04493,C00780,"P00117,P00096",20/09/2025,CYB
INV04494,C00172,"P00117,P00096,P00215,P00479",10/09/2024,TKO
INV04495,C00132,"P00131,P00160,P00049,P00204",01/07/2024,MK
INV04496,C00673,"P00039,P00243,P00001",02/07/2024,ST
INV04497,C00961,"P00131,P00297,P00522,P00091,P00026",19/06/2024,TKO
INV04498,C01132,"P00109,P00491",14/01/2025,ST
INV04499,C00591,P00106,05/05/2025,MK
INV04500,C00021,"P00486,P00023,P00392,P00192",06/11/2025,MK
INV04501,C00329,"P00117,P00096,P00302,P00049",16/07/2024,MK
INV04502,C00701,"P00117,P00096,P00047,P00483",17/01/2025,CYB
INV04503,C00303,"P00117,P00096,P00013",10/06/2025,CYB
INV04504,C00121,"P00117,P00096",26/02/2025,MK
INV04505,C00992,"P00352,P00347",13/03/2024,TKO
INV04506,C00832,"P00117,P00096,P00083",09/11/2025,ST
INV04507,C00697,P00051,24/09/2025,CYB
INV04508,C00672,"P00508,P00182,P00126,P00121",11/11/2024,TKO
INV04509,C00544,"P00004,P00334",11/11/2024,MK
INV04510,C00722,"P00414,P00248,P00128,P00268",30/11/2024,TKO
INV04511,C01038,"P00117,P00096",08/02/2024,ST
INV04512,C00745,"P00417,P00358",24/01/2025,ST
INV04513,C00612,"P00376,P00279,P00212",14/08/2024,ST
INV04514,C00317,"P00117,P00096,P00041,P00222",04/08/2024,MK
INV04515,C00247,"P00194,P00320,P00387,P00374,P00013",27/10/2024,CYB
INV04516,C00134,"P00117,P00096",16/12/2025,ST
INV04517,C00807,"P00057,P00411",17/09/2024,TKO
INV04518,C00526,P00014,14/06/2024,MK
INV04519,C00318,"P00211,P00079",28/07/2024,CYB
INV04520,C00138,P00504,07/12/2025,TKO
INV04521,C00456,"P00507,P00502,P00265,P00241,P00020",10/02/2025,MK
INV04522,C00257,P00158,30/08/2024,MK
INV04523,C00918,"P00154,P00248,P00289,P00297",16/09/2025,MK
INV04524,C01041,"P00172,P00214,P00430,P00330,P00091",16/03/2024,MK
INV04525,C00900,"P00220,P00089,P00509,P00107,P00080",14/07/2025,TKO
INV04526,C00115,"P00353,P00476,P00522,P00395",31/01/2024,TKO
INV04527,C01046,"P00405,P00243,P00104,P00135,P00451",07/02/2024,MK
INV04528,C00441,"P00117,P00096,P00072",14/08/2025,TKO
INV04529,C00674,"P00538,P00352,P00444,P00231,P00421",01/06/2024,ST
INV04530,C00701,"P00426,P00024,P00271",11/08/2024,TKO
INV04531,C00157,"P00349,P00194",19/04/2025,TKO
INV04532,C00174,"P00206,P00284,P00392,P00287,P00298",20/07/2024,TKO
INV04533,C00520,"P00392,P00282,P00458,P00094,P00288",25/09/2025,CYB
INV04534,C01026,"P00117,P00096",16/04/2024,MK
INV04535,C00686,"P00073,P00095,P00371,P00443,P00051",08/06/2024,CYB
INV04536,C00607,"P00111,P00539",24/08/2024,TKO
INV04537,C00617,"P00513,P00518,P00463,P00169,P00289",14/10/2024,TKO
INV04538,C00615,"P00350,P00327",20/01/2024,CYB
INV04539,C00654,"P00103,P00083,P00485,P00424,P00074",14/06/2024,ST
INV04540,C00955,"P00117,P00096,P00034,P00489",04/06/2024,MK
INV04541,C00737,P00020,23/12/2025,TKO
INV04542,C00624,"P00250,P00209,P00025",22/06/2025,CYB
INV04543,C01127,"P00117,P00096",01/08/2024,TKO
INV04544,C00589,"P00117,P00096",05/05/2025,MK
INV04545,C00134,"P00166,P00535,P00485,P00462",25/10/2025,TKO
INV04546,C00901,"P00021,P00477,P00028,P00108,P00032",05/12/2024,CYB
INV04547,C00988,"P00117,P00096,P00430,P00408",19/01/2025,CYB
INV04548,C00174,"P00117,P00096,P00406",08/05/2025,MK
INV04549,C00148,"P00369,P00448,P00525",11/02/2025,TKO
INV04550,C00579,P00218,03/07/2024,TKO
INV04551,C00104,P00075,02/01/2024,MK
INV04552,C00951,"P00312,P00064,P00192,P00376",02/08/2025,MK
INV04553,C00965,"P00253,P00318,P00455,P00092",25/07/2025,MK
INV04554,C00379,"P00117,P00096",11/09/2024,CYB
INV04555,C00679,"P00485,P00433",05/02/2025,TKO
INV04556,C00123,"P00045,P00017,P00323",03/06/2024,MK
INV04557,C00044,"P00478,P00287,P00079,P00384",21/06/2025,ST
INV04558,C00484,"P00096,P00213,P00107,P00045,P00312",05/09/2024,CYB
INV04559,C00096,P00325,10/11/2024,ST
INV04560,C00737,"P00193,P00051,P00087,P00027",30/01/2024,ST
INV04561,C00832,"P00117,P00096,P00157,P00486",06/02/2024,CYB
INV04562,C00835,P00076,28/10/2024,CYB
INV04563,C01108,"P00117,P00096,P00392,P00437",06/08/2024,CYB
INV04564,C00177,P00172,11/12/2025,TKO
INV04565,C00736,"P00308,P00392",02/05/2025,ST
INV04566,C00651,"P00117,P00096,P00164",22/10/2025,TKO
INV04567,C00073,"P00170,P00136",03/06/2024,MK
INV04568,C00969,P00222,19/09/2024,CYB
INV04569,C00850,P00329,03/10/2024,TKO
INV04570,C00660,"P00117,P00096,P00471",16/08/2024,MK
INV04571,C00214,"P00308,P00173,P00203",07/08/2024,TKO
INV04572,C00935,"P00413,P00086",20/10/2024,MK
INV04573,C00933,"P00009,P00407",28/12/2024,TKO
INV04574,C00604,"P00117,P00096,P00525,P00130",11/08/2025,CYB
INV04575,C01064,"P00139,P00090",16/08/2024,MK
INV04576,C00971,"P00011,P00082,P00433,P00493,P00161",24/01/2024,ST
INV04577,C01022,"P00529,P00477,P00020,P00377",04/01/2025,MK
INV04578,C00113,"P00215,P00195,P00502,P00347",30/08/2025,CYB
INV04579,C00854,"P00034,P00300,P00417,P00471,P00496",16/09/2025,CYB
INV04580,C01098,"P00017,P00083,P00261",17/10/2025,TKO
INV04581,C00960,"P00220,P00008",06/01/2024,CYB
INV04582,C00965,"P00285,P00089,P00235,P00472,P00238",02/04/2024,CYB
INV04583,C01056,P00528,25/09/2024,MK
INV04584,C00172,"P00245,P00015,P00405,P00029,P00022",03/08/2024,TKO
INV04585,C01061,"P00117,P00096",01/02/2025,TKO
INV04586,C00142,"P00117,P00096,P00202",01/11/2024,TKO
INV04587,C00252,"P00183,P00105,P00006",18/07/2025,ST
INV04588,C00540,"P00117,P00096,P00055,P00240",14/06/2024,TKO
INV04589,C01083,"P00273,P00345,P00484",28/12/2025,CYB
INV04590,C00105,"P00067,P00209,P00071,P00490,P00128",21/04/2024,CYB
INV04591,C00510,"P00132,P00323",23/01/2025,MK
INV04592,C00613,P00119,02/08/2024,CYB
INV04593,C00314,"P00117,P00096",20/12/2024,MK
INV04594,C00510,"P00327,P00483,P00474",20/06/2025,MK
INV04595,C01072,P00084,06/04/2025,ST
INV04596,C01010,"P00117,P00096,P00458,P00268",28/10/2025,MK
INV04597,C00494,"P00117,P00096",03/01/2025,ST
INV04598,C01124,P00189,23/09/2025,TKO
INV04599,C00813,"P00264,P00420",27/10/2024,MK
INV04600,C00030,"P00413,P00026,P00402",09/08/2025,TKO
INV04601,C01031,"P00406,P00259,P00465,P00492,P00033",04/04/2025,ST
INV04602,C00781,"P00117,P00096,P00468",16/11/2025,TKO
INV04603,C00769,"P00245,P00325,P00147,P00042,P00512",23/06/2025,TKO
INV04604,C00165,"P00451,P00381,P00418,P00403,P00327",31/07/2024,ST
INV04605,C00967,P00051,14/02/2024,MK
INV04606,C01007,P00384,10/11/2024,TKO
INV04607,C00559,"P00362,P00356,P00113,P00138",26/09/2024,CYB
INV04608,C00132,"P00057,P00181,P00336",29/06/2024,MK
INV04609,C00113,"P00129,P00231,P00329,P00164",18/05/2024,TKO
INV04610,C01090,"P00116,P00029,P00494,P00138",11/10/2024,TKO
INV04611,C00241,"P00117,P00096,P00365,P00192",14/05/2025,TKO
INV04612,C00679,"P00286,P00009",15/03/2025,CYB
INV04613,C00301,"P00117,P00096,P00118",12/09/2024,CYB
INV04614,C00028,"P00270,P00510,P00115,P00130,P00532",09/01/2024,ST
INV04615,C00217,"P00024,P00221",31/01/2024,CYB
INV04616,C01047,"P00406,P00483,P00358",24/01/2025,ST
INV04617,C00217,P00182,27/01/2024,TKO
INV04618,C01100,P00305,30/03/2024,TKO
INV04619,C00171,"P00320,P00147,P00482,P00040",20/06/2024,MK
INV04620,C00719,"P00054,P00232",01/02/2024,TKO
INV04621,C00595,"P00117,P00096",16/01/2024,CYB
INV04622,C00440,"P00427,P00207,P00097,P00490,P00169",30/07/2025,CYB
INV04623,C00362,P00278,03/07/2024,TKO
INV04624,C00130,"P00194,P00367,P00101,P00116",30/09/2025,TKO
INV04625,C00702,"P00197,P00218,P00269,P00117,P00102",21/01/2025,ST
INV04626,C00534,P00265,12/08/2025,MK
INV04627,C00745,"P00027,P00533,P00430",08/05/2024,TKO
INV04628,C00401,"P00315,P00035,P00346",24/01/2024,ST
INV04629,C00763,"P00486,P00154,P00081",04/12/2025,TKO
INV04630,C00313,"P00117,P00096,P00285,P00179",14/09/2024,MK
INV04631,C00476,"P00204,P00185,P00024,P00490",09/02/2025,ST
INV04632,C00327,P00242,05/06/2025,ST
INV04633,C00678,"P00117,P00096",13/06/2025,TKO
INV04634,C00364,"P00086,P00083,P00085,P00166",09/06/2024,TKO
INV04635,C00415,"P00063,P00389,P00314,P00169,P00446",21/10/2024,MK
INV04636,C01077,"P00117,P00096",30/07/2025,TKO
INV04637,C00791,"P00390,P00191,P00147,P00285",14/10/2025,CYB
INV04638,C00153,"P00117,P00096,P00351",23/08/2025,MK
INV04639,C00871,"P00117,P00096,P00443,P00492",16/08/2025,MK
INV04640,C00298,"P00469,P00284,P00038,P00534,P00517",19/09/2025,TKO
INV04641,C00554,"P00061,P00391,P00490",07/08/2025,CYB
INV04642,C00839,"P00472,P00508",06/07/2024,MK
INV04643,C00907,"P00117,P00096",19/03/2024,TKO
INV04644,C00438,"P00117,P00096,P00420",17/05/2025,ST
INV04645,C00782,"P00390,P00329,P00283,P00436,P00503",22/06/2024,MK
INV04646,C00979,"P00147,P00086,P00232",11/10/2025,CYB
INV04647,C00650,"P00117,P00096",12/04/2024,ST
INV04648,C00169,"P00117,P00096,P00133,P00114",06/03/2025,CYB
INV04649,C00307,"P00508,P00360",11/10/2025,MK
INV04650,C00876,"P00117,P00096",14/02/2025,MK
INV04651,C00694,"P00063,P00005",20/08/2024,ST
INV04652,C00267,"P00480,P00101,P00472,P00341,P00382",07/11/2025,CYB
INV04653,C00712,"P00117,P00096,P00362",16/08/2024,TKO
INV04654,C00463,"P00117,P00096,P00534",24/10/2024,MK
INV04655,C00114,"P00117,P00096",14/03/2024,CYB
INV04656,C01013,P00430,26/03/2024,CYB
INV04657,C01025,"P00085,P00240,P00107,P00499,P00073",16/02/2024,TKO
INV04658,C00423,"P00037,P00233,P00516,P00093,P00192",25/05/2025,TKO
INV04659,C00618,"P00117,P00096",08/01/2025,CYB
INV04660,C00109,"P00419,P00247,P00232,P00373",08/02/2025,MK
INV04661,C00233,"P00449,P00378,P00273",15/02/2024,MK
INV04662,C00468,P00256,10/02/2025,ST
INV04663,C01062,"P00462,P00095",30/07/2025,TKO
INV04664,C00218,"P00258,P00339",10/02/2025,TKO
INV04665,C00864,P00340,27/01/2024,TKO
INV04666,C00539,"P00233,P00118,P00004,P00174",02/08/2025,TKO
INV04667,C00119,"P00368,P00325,P00405,P00493",23/12/2025,MK
INV04668,C00182,"P00117,P00096,P00523",28/07/2025,ST
INV04669,C01129,"P00117,P00096",31/01/2025,CYB
INV04670,C00660,"P00471,P00265",13/09/2025,TKO
INV04671,C00122,"P00067,P00043,P00071,P00196",27/11/2025,MK
INV04672,C01077,"P00117,P00096,P00387,P00115",31/01/2024,MK
INV04673,C00501,"P00117,P00096",12/01/2024,ST
INV04674,C00623,P00272,29/02/2024,CYB
INV04675,C00483,"P00376,P00306,P00257,P00478",25/11/2025,ST
INV04676,C01119,P00342,07/02/2025,TKO
INV04677,C00525,"P00380,P00266",03/04/2025,TKO
INV04678,C00790,"P00275,P00115,P00186,P00517",09/12/2025,TKO
INV04679,C00839,"P00303,P00185,P00003,P00379",25/06/2024,ST
INV04680,C00513,"P00175,P00446,P00437,P00339",09/08/2024,TKO
INV04681,C00842,P00406,09/04/2024,TKO
INV04682,C00815,"P00117,P00096,P00273,P00317",23/10/2025,ST
INV04683,C00710,"P00117,P00096,P00509",05/09/2024,CYB
INV04684,C00712,"P00329,P00214,P00420,P00308",06/06/2025,TKO
INV04685,C00304,"P00288,P00459,P00305,P00191",19/11/2025,MK
INV04686,C01093,"P00521,P00203,P00404,P00130,P00478",04/10/2024,MK
INV04687,C01022,P00340,23/04/2025,CYB
INV04688,C00206,"P00256,P00493",14/11/2025,TKO
INV04689,C00947,"P00117,P00096,P00026,P00333",31/10/2024,TKO
INV04690,C00221,"P00117,P00096",23/11/2024,TKO
INV04691,C00468,"P00488,P00075,P00037,P00028,P00202",30/12/2024,TKO
INV04692,C00783,"P00240,P00220,P00263,P00357,P00039",22/08/2025,MK
INV04693,C00748,"P00117,P00096",25/03/2024,TKO
INV04694,C00229,"P00148,P00307,P00352,P00536,P00187",06/09/2025,TKO
INV04695,C00148,"P00024,P00010,P00187,P00006,P00287",19/06/2024,CYB
INV04696,C00378,"P00450,P00146,P00525",26/04/2024,TKO
INV04697,C00444,P00424,13/06/2024,CYB
INV04698,C00048,"P00084,P00256,P00199",04/12/2024,ST
INV04699,C01037,"P00074,P00217",04/03/2024,TKO
INV04700,C01092,"P00030,P00310,P00300,P00531",16/08/2025,CYB
INV04701,C00850,"P00117,P00096",26/11/2025,ST
INV04702,C00657,P00371,24/07/2025,CYB
INV04703,C00642,"P00246,P00101,P00420,P00238",13/11/2025,MK
INV04704,C00473,"P00117,P00096,P00126,P00319",10/12/2025,TKO
INV04705,C00723,P00024,19/06/2024,MK
INV04706,C00225,"P00363,P00236,P00018,P00181,P00310",09/07/2025,TKO
INV04707,C00932,"P00204,P00430,P00235",01/12/2025,TKO
INV04708,C00579,"P00241,P00458",31/07/2024,TKO
INV04709,C00693,"P00208,P00180,P00458",30/04/2025,TKO
INV04710,C00590,"P00275,P00258,P00489",15/07/2024,MK
INV04711,C00125,"P00480,P00242,P00077,P00294",04/03/2024,TKO
INV04712,C00603,P00463,18/11/2025,ST
INV04713,C00054,"P00331,P00062,P00190",31/12/2025,MK
INV04714,C00062,"P00028,P00086,P00011",03/05/2025,MK
INV04715,C00702,"P00021,P00008,P00233,P00038",16/03/2024,CYB
INV04716,C01107,"P00061,P00514,P00261,P00486,P00416",07/02/2025,CYB
INV04717,C01119,"P00020,P00336,P00015",04/01/2024,ST
INV04718,C00555,"P00117,P00096,P00277,P00302",25/03/2025,CYB
INV04719,C00749,"P00453,P00390,P00113",05/10/2024,TKO
INV04720,C00999,"P00308,P00257",04/03/2024,TKO
INV04721,C00785,"P00051,P00497",14/12/2025,TKO
INV04722,C00553,"P00117,P00096,P00440,P00297",28/04/2025,MK
INV04723,C00013,"P00437,P00149,P00037",13/03/2024,TKO
INV04724,C00901,"P00115,P00500,P00352",22/12/2025,CYB
INV04725,C00904,"P00117,P00096,P00040,P00370",09/10/2024,ST
INV04726,C00209,"P00112,P00040",06/08/2024,ST
INV04727,C00031,"P00397,P00300",12/11/2024,MK
INV04728,C01123,P00020,25/08/2025,MK
INV04729,C00612,"P00307,P00387,P00135,P00060",28/02/2025,CYB
INV04730,C00867,P00186,22/10/2024,MK
INV04731,C00569,P00372,19/11/2025,TKO
INV04732,C00081,P00298,19/06/2024,ST
INV04733,C00978,"P00173,P00295,P00496,P00421",03/06/2024,TKO
INV04734,C00163,"P00416,P00427,P00279",26/02/2024,TKO
INV04735,C00548,"P00044,P00329,P00534,P00020",10/06/2025,MK
INV04736,C00431,"P00312,P00463,P00471",01/11/2024,MK
INV04737,C00787,"P00222,P00183,P00158,P00403,P00461",04/11/2025,CYB
INV04738,C00184,"P00375,P00471,P00202",05/10/2025,TKO
INV04739,C01024,P00132,28/06/2025,TKO
INV04740,C00523,"P00116,P00213,P00510,P00318",11/07/2025,MK
INV04741,C00373,"P00175,P00253,P00403,P00042",31/05/2025,TKO
INV04742,C00052,"P00361,P00205",02/11/2024,TKO
INV04743,C00613,"P00179,P00035,P00533",26/08/2025,ST
INV04744,C00827,"P00117,P00096",06/04/2024,TKO
INV04745,C01106,P00115,25/07/2025,TKO
INV04746,C00647,"P00392,P00500",14/07/2025,TKO
INV04747,C00626,"P00346,P00347,P00330,P00399,P00113",06/06/2025,CYB
INV04748,C00998,"P00250,P00439,P00269,P00438",12/09/2024,CYB
INV04749,C00316,"P00459,P00345,P00147,P00503",22/12/2025,MK
INV04750,C00601,"P00117,P00096,P00132",15/07/2025,TKO
INV04751,C01081,"P00117,P00096,P00493",03/02/2025,CYB
INV04752,C00314,"P00306,P00211",16/08/2024,MK
INV04753,C00405,"P00249,P00186,P00079,P00404",14/04/2025,ST
INV04754,C00584,"P00529,P00021,P00356,P00510,P00108",17/02/2024,TKO
INV04755,C01125,"P00117,P00096,P00358",07/02/2024,TKO
INV04756,C00672,"P00117,P00096",12/04/2025,TKO
INV04757,C00092,"P00139,P00431,P00181,P00058,P00262",14/06/2025,MK
INV04758,C00894,"P00145,P00090,P00250,P00531,P00357",01/01/2024,TKO
INV04759,C00214,"P00184,P00408,P00441,P00352",19/01/2025,TKO
INV04760,C01019,"P00054,P00145",23/10/2025,MK
INV04761,C00844,P00140,28/01/2025,TKO
INV04762,C01084,"P00117,P00096,P00145",08/01/2024,ST
INV04763,C00676,"P00500,P00294,P00130,P00039",15/12/2025,MK
INV04764,C00746,"P00117,P00096,P00345,P00060",02/10/2025,TKO
INV04765,C00828,"P00500,P00240,P00076",12/11/2024,MK
INV04766,C00767,"P00117,P00096,P00459,P00097",10/12/2025,MK
INV04767,C01085,"P00117,P00096,P00036,P00487",29/03/2025,MK
INV04768,C00384,"P00183,P00179,P00046,P00537",14/06/2024,TKO
INV04769,C00274,"P00268,P00496,P00226,P00429,P00480",06/07/2024,CYB
INV04770,C01092,"P00117,P00096",14/01/2024,TKO
INV04771,C00980,"P00360,P00255,P00513",03/10/2025,TKO
INV04772,C01072,P00084,07/08/2024,CYB
INV04773,C00391,"P00117,P00096,P00358",22/07/2024,MK
INV04774,C00476,"P00117,P00096,P00495",21/07/2025,MK
INV04775,C00097,"P00117,P00096,P00477,P00153",19/06/2024,ST
INV04776,C00162,P00461,07/09/2024,CYB
INV04777,C00910,P00100,20/10/2024,TKO
INV04778,C00301,"P00008,P00510,P00004,P00401",09/02/2024,CYB
INV04779,C00914,P00096,10/09/2024,TKO
INV04780,C01013,"P00217,P00053,P00115",22/04/2025,MK
INV04781,C00871,"P00117,P00096,P00304,P00339",15/08/2024,MK
INV04782,C01060,"P00117,P00096",23/05/2025,CYB
INV04783,C00550,"P00250,P00074,P00523,P00312,P00044",23/08/2025,MK
INV04784,C00106,"P00260,P00404,P00133",12/11/2025,TKO
INV04785,C00804,"P00079,P00534",09/02/2024,TKO
INV04786,C00957,P00245,26/04/2024,MK
INV04787,C00481,"P00277,P00242,P00208,P00022,P00394",11/05/2025,CYB
INV04788,C00543,"P00051,P00463",17/10/2024,CYB
INV04789,C00174,"P00321,P00296,P00245,P00512",06/04/2025,CYB
INV04790,C00856,P00493,30/07/2025,CYB
INV04791,C00790,"P00117,P00096",29/10/2024,MK
INV04792,C00677,"P00241,P00075",19/09/2025,CYB
INV04793,C00360,"P00324,P00179,P00061",21/07/2024,TKO
INV04794,C00054,"P00507,P00166,P00290",29/05/2025,TKO
INV04795,C00388,"P00440,P00112,P00525",18/11/2024,CYB
INV04796,C00989,P00538,23/08/2025,TKO
INV04797,C00288,"P00529,P00322,P00373,P00273,P00385",17/06/2025,TKO
INV04798,C00513,"P00117,P00096,P00503",02/09/2024,MK
INV04799,C00412,P00130,16/09/2025,TKO
INV04800,C00587,P00242,12/07/2024,MK
INV04801,C00899,"P00117,P00096",24/11/2024,CYB
INV04802,C00358,P00217,09/01/2025,MK
INV04803,C00094,"P00025,P00111",13/12/2024,TKO
INV04804,C00215,"P00479,P00118,P00396",11/01/2024,CYB
INV04805,C00693,P00156,22/07/2024,CYB
INV04806,C00196,"P00288,P00538,P00524,P00329",06/12/2024,MK
INV04807,C00996,"P00117,P00096",11/02/2024,MK
INV04808,C00884,"P00117,P00096,P00175,P00387",15/07/2024,TKO
INV04809,C00322,"P00117,P00096",06/01/2025,CYB
INV04810,C00638,"P00117,P00096,P00327",16/04/2024,TKO
INV04811,C00422,"P00366,P00416,P00161,P00079,P00035",11/08/2024,TKO
INV04812,C00984,"P00197,P00480",24/03/2025,TKO
INV04813,C00275,P00277,21/08/2025,TKO
INV04814,C00517,"P00506,P00299,P00090,P00072",01/09/2025,CYB
INV04815,C00437,"P00117,P00096,P00246,P00219",03/05/2024,MK
INV04816,C00012,"P00029,P00108",19/06/2025,CYB
INV04817,C00772,"P00399,P00249",12/09/2025,TKO
INV04818,C01075,"P00096,P00505,P00331",20/03/2025,ST
INV04819,C00781,"P00394,P00062,P00397,P00051",11/01/2025,MK
INV04820,C00483,"P00312,P00141,P00205",20/06/2024,CYB
INV04821,C00879,"P00340,P00040,P00051,P00110,P00167",03/09/2024,TKO
INV04822,C00010,"P00065,P00108,P00355,P00300",09/07/2025,MK
INV04823,C00337,"P00323,P00476,P00222,P00507",20/09/2024,TKO
INV04824,C00701,"P00117,P00096,P00453,P00536",18/02/2025,MK
INV04825,C00026,"P00156,P00006,P00369,P00432,P00044",15/10/2025,TKO
INV04826,C00829,"P00004,P00400",10/12/2025,MK
INV04827,C00412,"P00093,P00428,P00183",05/03/2024,TKO
INV04828,C00771,"P00117,P00096",28/10/2025,TKO
INV04829,C01123,"P00117,P00096,P00443,P00057",17/02/2024,ST
INV04830,C00007,"P00136,P00370,P00299",16/07/2025,CYB
INV04831,C01062,"P00083,P00047",17/05/2025,ST
INV04832,C00014,P00124,25/04/2025,TKO
INV04833,C01068,"P00195,P00094,P00409,P00041",22/02/2024,MK
INV04834,C01001,P00429,30/11/2025,TKO
INV04835,C00364,"P00070,P00326,P00425,P00517",16/01/2025,CYB
INV04836,C00366,"P00462,P00518,P00470,P00381",15/05/2025,CYB
INV04837,C00992,"P00335,P00029,P00213,P00253,P00292",03/07/2024,MK
INV04838,C00382,"P00117,P00096",16/08/2025,TKO
INV04839,C00765,"P00095,P00072,P00167,P00120",26/01/2025,MK
INV04840,C00466,"P00094,P00023",30/08/2024,MK
INV04841,C01055,"P00378,P00137,P00201,P00530",04/03/2025,MK
INV04842,C00362,"P00212,P00057,P00266,P00529,P00114",09/12/2024,ST
INV04843,C00479,"P00117,P00096,P00460",07/08/2025,CYB
INV04844,C00994,"P00117,P00096,P00074",14/04/2024,TKO
INV04845,C00067,"P00117,P00096,P00295,P00379",11/06/2024,TKO
INV04846,C00270,"P00482,P00501,P00536",04/05/2025,CYB
INV04847,C00501,"P00153,P00179,P00202,P00109",14/11/2025,TKO
INV04848,C00041,P00043,14/07/2024,CYB
INV04849,C00183,"P00117,P00096,P00211,P00050",21/08/2025,TKO
INV04850,C01052,P00428,13/05/2024,CYB
INV04851,C01047,"P00117,P00096,P00178,P00407",28/10/2024,ST
INV04852,C01063,"P00083,P00022,P00362",25/02/2025,CYB
INV04853,C00902,"P00117,P00096,P00409,P00234",28/10/2024,CYB
INV04854,C00755,"P00378,P00312",09/12/2025,MK
INV04855,C01097,"P00366,P00517,P00283,P00436,P00497",14/05/2025,CYB
INV04856,C00474,"P00117,P00096",20/06/2024,ST
INV04857,C00997,"P00122,P00104,P00006,P00515,P00012",18/10/2025,CYB
INV04858,C00470,P00506,11/12/2024,MK
INV04859,C01124,P00258,08/12/2025,TKO
INV04860,C01000,P00034,02/12/2024,CYB
INV04861,C00601,"P00117,P00096,P00532,P00343",17/10/2024,ST
INV04862,C00783,"P00009,P00351",03/06/2024,ST
INV04863,C00872,"P00443,P00439,P00530,P00133,P00141",25/02/2025,CYB
INV04864,C00812,"P00117,P00096,P00272,P00381",08/11/2025,TKO
INV04865,C00933,"P00086,P00060,P00026",06/05/2024,TKO
INV04866,C00931,"P00246,P00350,P00501,P00470,P00191",09/02/2025,TKO
INV04867,C00663,"P00363,P00167",17/09/2025,MK
INV04868,C00922,P00332,09/05/2025,TKO
INV04869,C00411,"P00083,P00108",30/05/2024,ST
INV04870,C01120,"P00010,P00353",23/01/2024,ST
INV04871,C00534,"P00054,P00169,P00005",03/04/2024,CYB
INV04872,C00770,"P00117,P00096,P00250",17/08/2024,TKO
INV04873,C00705,"P00117,P00096",11/03/2024,ST
INV04874,C00118,"P00117,P00096",06/11/2025,CYB
INV04875,C01035,P00332,18/04/2024,CYB
INV04876,C00297,"P00244,P00325,P00457",22/03/2025,MK
INV04877,C00215,"P00117,P00096,P00390",03/05/2024,MK
INV04878,C00183,"P00225,P00285,P00418,P00377,P00020",02/07/2025,TKO
INV04879,C00941,"P00101,P00073,P00448,P00126,P00266",13/12/2024,MK
INV04880,C01050,"P00505,P00109,P00288,P00124",30/06/2025,ST
INV04881,C00220,P00109,24/07/2024,TKO
INV04882,C00173,"P00117,P00096",01/04/2024,ST
INV04883,C00816,P00087,19/03/2024,MK
INV04884,C00303,P00074,13/07/2025,TKO
INV04885,C00573,"P00069,P00374,P00248",24/04/2025,MK
INV04886,C00707,"P00253,P00111,P00120,P00084",27/12/2025,TKO
INV04887,C00169,"P00210,P00090,P00300",23/04/2024,CYB
INV04888,C00221,P00274,22/07/2025,CYB
INV04889,C00485,P00041,11/04/2025,TKO
INV04890,C00527,"P00472,P00335",24/12/2025,TKO
INV04891,C00070,"P00530,P00008,P00270",24/10/2024,TKO
INV04892,C00944,"P00340,P00116,P00079,P00330",28/08/2024,ST
INV04893,C00585,"P00216,P00191,P00531",27/07/2025,TKO
INV04894,C00170,"P00148,P00247,P00165",26/12/2024,MK
INV04895,C00693,"P00168,P00416,P00399,P00427,P00229",07/12/2024,TKO
INV04896,C00701,"P00159,P00004,P00525",07/05/2024,TKO
INV04897,C00775,P00022,02/08/2024,TKO
INV04898,C01069,"P00431,P00297",17/12/2024,ST
INV04899,C00169,"P00117,P00096,P00254",05/01/2024,TKO
INV04900,C00884,"P00304,P00297",03/11/2025,CYB
INV04901,C00161,P00287,13/04/2025,ST
INV04902,C00027,"P00318,P00317",28/09/2024,MK
INV04903,C00070,"P00159,P00516",05/07/2025,ST
INV04904,C00102,P00206,27/04/2024,MK
INV04905,C00645,"P00176,P00323",07/07/2024,CYB
INV04906,C00514,"P00398,P00483,P00270",08/08/2024,TKO
INV04907,C00718,P00110,06/02/2025,CYB
INV04908,C00490,"P00274,P00263",10/04/2025,TKO
INV04909,C00690,"P00117,P00096,P00360",29/10/2025,TKO
INV04910,C00326,"P00117,P00096,P00488",08/08/2024,ST
INV04911,C00395,"P00394,P00319,P00332,P00290,P00018",27/01/2025,CYB
INV04912,C00383,"P00118,P00177,P00128,P00405",31/03/2024,MK
INV04913,C00966,"P00279,P00040,P00134,P00231,P00021",12/12/2024,CYB
INV04914,C00765,"P00467,P00344,P00090",22/05/2025,MK
INV04915,C01094,"P00061,P00020,P00194",27/01/2024,TKO
INV04916,C00123,P00035,20/09/2025,MK
INV04917,C00277,P00290,05/09/2024,MK
INV04918,C00189,"P00381,P00164,P00121",22/05/2024,TKO
INV04919,C00133,"P00151,P00023,P00362,P00267",17/06/2024,TKO
INV04920,C00778,"P00117,P00096",07/07/2025,TKO
INV04921,C00623,"P00117,P00096",02/01/2025,TKO
INV04922,C00884,"P00132,P00003,P00198",05/02/2024,CYB
INV04923,C00786,"P00117,P00096,P00279",07/10/2025,ST
INV04924,C00147,"P00258,P00336",12/12/2024,TKO
INV04925,C00132,"P00117,P00096,P00066",03/12/2025,MK
INV04926,C00717,"P00117,P00096,P00044",26/01/2025,MK
INV04927,C00386,P00281,14/01/2024,TKO
INV04928,C00760,"P00117,P00096",26/04/2025,CYB
INV04929,C00299,"P00117,P00096,P00243,P00434",01/05/2024,CYB
INV04930,C00212,"P00117,P00096",21/05/2025,TKO
INV04931,C00589,"P00081,P00206",05/01/2025,CYB
INV04932,C01112,"P00528,P00166,P00113,P00070",25/11/2024,CYB
INV04933,C00819,P00355,14/02/2024,TKO
INV04934,C00784,P00002,22/08/2024,ST
INV04935,C00919,"P00107,P00053,P00212,P00418,P00208",07/01/2024,TKO
INV04936,C00959,"P00144,P00370,P00209,P00263,P00075",08/12/2024,TKO
INV04937,C00505,"P00524,P00071,P00162,P00225",02/09/2025,TKO
INV04938,C01024,"P00476,P00048,P00324,P00497,P00302",26/10/2025,CYB
INV04939,C00520,"P00084,P00324,P00480",14/10/2024,CYB
INV04940,C01073,"P00413,P00344",27/08/2024,TKO
INV04941,C00454,P00352,01/01/2024,MK
INV04942,C00938,P00238,10/02/2024,MK
INV04943,C00277,"P00117,P00096,P00073,P00210",24/06/2024,TKO
INV04944,C00938,P00146,08/07/2024,MK
INV04945,C00676,"P00088,P00206,P00529",06/02/2024,MK
INV04946,C00936,"P00493,P00169,P00011,P00173,P00520",26/09/2024,CYB
INV04947,C00015,"P00014,P00136",13/02/2024,MK
INV04948,C01025,"P00117,P00096",27/11/2024,MK
INV04949,C01115,P00037,17/10/2025,ST
INV04950,C00217,"P00035,P00486,P00058",21/12/2025,MK
INV04951,C00598,P00427,18/06/2025,ST
INV04952,C00604,"P00256,P00098,P00320,P00400",21/05/2025,TKO
INV04953,C01062,"P00345,P00056,P00211,P00309",20/12/2024,ST
INV04954,C00249,"P00395,P00105,P00048,P00358",11/04/2024,MK
INV04955,C00229,"P00438,P00316",20/01/2024,CYB
INV04956,C00759,"P00246,P00359,P00494,P00138,P00199",06/06/2024,TKO
INV04957,C00406,P00117,29/09/2025,CYB
INV04958,C00581,P00420,01/08/2024,TKO
INV04959,C00066,"P00111,P00337",21/09/2025,TKO
INV04960,C01113,P00263,12/12/2024,MK
INV04961,C00553,"P00345,P00099",07/09/2025,TKO
INV04962,C00686,"P00117,P00096",12/04/2025,MK
INV04963,C01027,"P00117,P00096",30/07/2024,TKO
INV04964,C00468,"P00117,P00096",25/01/2024,TKO
INV04965,C00080,"P00422,P00499",20/09/2024,MK
INV04966,C00277,"P00395,P00402,P00481,P00315,P00189",27/11/2025,CYB
INV04967,C00775,P00097,19/04/2024,MK
INV04968,C00972,"P00188,P00212",02/03/2024,MK
INV04969,C00723,"P00385,P00250,P00223,P00239",18/01/2025,ST
INV04970,C00194,P00216,24/01/2025,TKO
INV04971,C00877,"P00233,P00158,P00166,P00469,P00442",19/06/2024,CYB
INV04972,C00915,"P00117,P00096,P00070,P00125",13/11/2024,MK
INV04973,C00348,"P00392,P00420,P00256,P00019,P00383",19/01/2025,MK
INV04974,C00287,"P00381,P00077",06/06/2024,TKO
INV04975,C01119,"P00117,P00096",30/12/2025,CYB
INV04976,C01025,"P00309,P00270,P00141",24/08/2025,ST
INV04977,C00893,"P00197,P00130,P00135,P00510",18/09/2024,TKO
INV04978,C00381,"P00110,P00341,P00400,P00363",04/12/2025,CYB
INV04979,C00532,"P00117,P00096,P00317,P00375",31/08/2024,MK
INV04980,C00185,"P00117,P00096,P00342",25/02/2024,CYB
INV04981,C00292,"P00117,P00096,P00509,P00256",27/05/2025,TKO
INV04982,C00914,"P00536,P00396",09/12/2025,ST
INV04983,C00063,"P00117,P00096,P00173,P00293",13/01/2025,MK
INV04984,C00245,P00047,27/11/2024,ST
INV04985,C00984,"P00117,P00096,P00451,P00527",19/11/2024,CYB
INV04986,C00164,"P00458,P00133,P00390,P00483",06/03/2025,MK
INV04987,C00351,"P00117,P00096",10/10/2025,TKO
INV04988,C00389,"P00129,P00425",03/08/2024,ST
INV04989,C00939,"P00121,P00119,P00517",30/08/2025,TKO
INV04990,C00149,"P00089,P00237",15/02/2024,CYB
INV04991,C00523,"P00367,P00345,P00274,P00317",16/02/2024,ST
INV04992,C00595,P00475,29/05/2024,TKO
INV04993,C00203,"P00111,P00302",14/12/2025,ST
INV04994,C00444,"P00117,P00096",15/05/2025,TKO
INV04995,C00807,"P00332,P00362,P00263,P00038",30/06/2025,TKO
INV04996,C00825,"P00538,P00509,P00533,P00038,P00141",12/11/2024,CYB
INV04997,C00133,"P00117,P00096,P00274,P00364",28/03/2024,CYB
INV04998,C00940,"P00306,P00432",27/05/2024,TKO
INV04999,C00430,P00228,03/06/2025,TKO
INV05000,C00671,"P00117,P00096,P00327,P00292",12/08/2025,TKO
INV05001,C00784,"P00147,P00322",13/05/2024,MK
INV05002,C00336,"P00117,P00096,P00279",28/08/2024,MK
INV05003,C00464,"P00046,P00398,P00416,P00373",21/10/2025,CYB
INV05004,C00479,"P00117,P00096,P00350",06/09/2024,ST
INV05005,C01001,P00178,15/10/2024,TKO
INV05006,C00669,"P00432,P00186",03/09/2025,TKO
INV05007,C00883,"P00117,P00096,P00240,P00513",01/08/2024,ST
INV05008,C00896,P00208,09/03/2024,MK
INV05009,C00051,"P00131,P00308,P00514",07/06/2025,TKO
INV05010,C00803,"P00251,P00056,P00089,P00139",17/09/2024,MK
INV05011,C00149,"P00404,P00466",16/04/2024,MK
INV05012,C00440,P00021,27/07/2024,MK
INV05013,C00117,P00442,27/02/2025,TKO
INV05014,C01077,P00330,21/01/2025,ST
INV05015,C00689,"P00405,P00365",27/01/2025,CYB
INV05016,C00274,"P00174,P00480,P00483,P00233",24/01/2024,TKO
INV05017,C00965,"P00117,P00096,P00355,P00013",29/05/2024,MK
INV05018,C00240,"P00121,P00080,P00218,P00210,P00120",05/03/2025,CYB
INV05019,C00840,"P00117,P00096,P00207,P00102",19/02/2025,CYB
INV05020,C00232,"P00034,P00464,P00420,P00293,P00536",17/06/2024,MK
INV05021,C00488,"P00117,P00096",07/07/2025,TKO
INV05022,C00572,"P00017,P00003,P00339,P00462",12/08/2025,MK
INV05023,C00715,"P00117,P00096",30/06/2025,MK
INV05024,C00154,"P00024,P00238,P00145",03/07/2024,MK
INV05025,C00416,"P00117,P00096,P00191,P00253",11/02/2024,ST
INV05026,C00099,"P00335,P00020,P00044,P00084",15/10/2025,ST
INV05027,C00711,"P00130,P00035",25/10/2025,ST
INV05028,C01131,P00144,24/09/2024,CYB
INV05029,C00828,"P00228,P00059,P00334",13/07/2024,CYB
INV05030,C00366,"P00103,P00305",04/02/2025,TKO
INV05031,C00460,"P00117,P00096,P00309",20/02/2024,ST
INV05032,C00624,"P00117,P00096,P00508",15/06/2025,CYB
INV05033,C01093,P00049,03/11/2024,MK
INV05034,C00043,"P00008,P00414,P00132",13/05/2024,TKO
INV05035,C00778,"P00234,P00210,P00415,P00209",19/01/2024,MK
INV05036,C00350,P00107,29/12/2025,MK
INV05037,C00124,P00383,12/12/2024,ST
INV05038,C01079,"P00278,P00382,P00491,P00518,P00144",11/11/2025,CYB
INV05039,C00373,"P00058,P00509,P00461,P00401",25/06/2024,TKO
INV05040,C00643,P00492,21/05/2025,MK
INV05041,C00495,"P00066,P00011,P00378",13/07/2025,MK
INV05042,C00550,P00506,09/04/2025,TKO
INV05043,C00815,"P00117,P00096,P00287",05/07/2025,TKO
INV05044,C00845,"P00079,P00021,P00135,P00523,P00102",21/11/2024,TKO
INV05045,C01074,"P00060,P00268,P00390,P00510",23/07/2024,TKO
INV05046,C00096,"P00117,P00096,P00462,P00019",02/09/2025,MK
INV05047,C00618,"P00105,P00124,P00291,P00453",12/06/2024,TKO
INV05048,C00902,"P00245,P00472,P00533,P00418",21/11/2025,MK
INV05049,C00957,"P00409,P00431,P00325,P00383",28/02/2025,TKO
INV05050,C01104,"P00528,P00167,P00178",22/06/2024,MK
INV05051,C01126,"P00374,P00513",07/06/2024,TKO
INV05052,C00947,"P00117,P00096,P00458,P00498",25/03/2024,ST
INV05053,C00568,"P00532,P00353,P00223",12/12/2025,ST
INV05054,C00011,"P00098,P00244,P00365,P00009,P00532",03/05/2024,MK
INV05055,C00367,"P00117,P00096,P00517",17/04/2024,TKO
INV05056,C00421,"P00184,P00200",05/09/2024,ST
INV05057,C00147,"P00357,P00408",11/07/2024,TKO
INV05058,C00289,"P00278,P00221,P00464",11/12/2025,MK
INV05059,C00322,"P00164,P00307,P00509,P00537,P00218",29/10/2025,CYB
INV05060,C00311,P00539,24/09/2025,TKO
INV05061,C00111,"P00532,P00018,P00502,P00080,P00025",12/01/2024,MK
INV05062,C00259,"P00382,P00509,P00233,P00446",11/06/2024,CYB
INV05063,C00078,"P00475,P00321,P00135,P00254,P00395",12/08/2024,MK
INV05064,C00071,"P00177,P00041,P00212,P00163",14/11/2025,CYB
INV05065,C00053,"P00117,P00096,P00027,P00359",24/10/2024,MK
INV05066,C00242,"P00533,P00224,P00110",04/08/2025,MK
INV05067,C00672,"P00235,P00150,P00373,P00419",05/10/2024,CYB
INV05068,C00722,"P00085,P00363,P00261,P00019",17/11/2025,TKO
INV05069,C01127,"P00356,P00079,P00510,P00329,P00518",16/03/2025,MK
INV05070,C01070,"P00261,P00092,P00379,P00415,P00334",02/01/2024,MK
INV05071,C00124,"P00331,P00466,P00164,P00112",13/02/2025,MK
INV05072,C00556,"P00117,P00096,P00149,P00455",19/10/2025,MK
INV05073,C00656,"P00425,P00290,P00246,P00106",16/05/2024,CYB
INV05074,C00380,"P00117,P00096",29/01/2024,TKO
INV05075,C00204,"P00117,P00096",02/08/2024,TKO
INV05076,C00356,"P00117,P00096",22/12/2025,CYB
INV05077,C00791,"P00117,P00096,P00220,P00461",27/04/2024,TKO
INV05078,C00774,P00381,21/04/2025,MK
INV05079,C00076,"P00117,P00096,P00145,P00521",29/08/2025,CYB
INV05080,C00316,"P00378,P00249,P00421",17/02/2024,TKO
INV05081,C00155,P00331,28/08/2025,TKO
INV05082,C00276,"P00117,P00096,P00401",26/01/2025,TKO
INV05083,C00979,"P00072,P00274,P00108,P00015",25/09/2024,MK
INV05084,C00627,P00325,11/10/2024,ST
INV05085,C00314,"P00164,P00458,P00492",19/01/2024,ST
INV05086,C00801,"P00398,P00256,P00277,P00284",22/04/2024,MK
INV05087,C00159,"P00171,P00513,P00121",19/11/2025,TKO
INV05088,C00572,"P00117,P00096,P00034",04/12/2025,TKO
INV05089,C00597,"P00117,P00096,P00123",02/03/2024,MK
INV05090,C00128,"P00136,P00287",20/12/2024,MK
INV05091,C01019,"P00117,P00096",27/09/2024,MK
INV05092,C00474,P00260,22/03/2025,CYB
INV05093,C00012,P00014,15/02/2025,TKO
INV05094,C00967,"P00117,P00096",18/05/2024,TKO
INV05095,C00960,"P00021,P00459,P00257",24/11/2024,MK
INV05096,C00983,P00017,13/07/2024,TKO
INV05097,C00546,"P00117,P00096,P00488,P00373",16/09/2025,TKO
INV05098,C00040,"P00129,P00072,P00227,P00037",26/09/2025,TKO
INV05099,C00528,"P00512,P00030,P00025",04/08/2024,CYB
INV05100,C00742,"P00117,P00096",16/09/2025,ST
INV05101,C00821,"P00138,P00288,P00382",08/10/2024,TKO
INV05102,C00966,"P00117,P00096,P00208,P00333",26/06/2024,ST
INV05103,C01006,"P00085,P00059,P00490,P00355",23/03/2024,TKO
INV05104,C00674,"P00117,P00096,P00266",01/07/2024,TKO
INV05105,C00974,"P00117,P00096,P00090,P00030",27/04/2024,TKO
INV05106,C00122,"P00447,P00421,P00439,P00450,P00356",23/03/2025,CYB
INV05107,C00296,"P00117,P00096,P00407,P00196",17/03/2025,TKO
INV05108,C01130,"P00312,P00524",09/10/2024,ST
INV05109,C00342,"P00530,P00515",30/12/2024,CYB
INV05110,C01015,"P00158,P00251",15/08/2025,TKO
INV05111,C00140,P00037,07/05/2024,MK
INV05112,C00414,"P00117,P00096,P00519",12/06/2025,TKO
INV05113,C00196,"P00117,P00096,P00095,P00509",28/06/2025,CYB
INV05114,C00226,P00022,13/12/2025,CYB
INV05115,C01056,"P00094,P00278,P00501,P00504",24/11/2025,CYB
INV05116,C00037,"P00143,P00372,P00031,P00446",18/05/2024,MK
INV05117,C00517,"P00268,P00508,P00091,P00028,P00019",03/12/2024,TKO
INV05118,C01043,P00095,04/05/2024,CYB
INV05119,C01090,"P00061,P00503,P00435,P00253",21/09/2024,TKO
INV05120,C00520,"P00402,P00045,P00332,P00089,P00397",26/01/2024,ST
INV05121,C00607,"P00414,P00211,P00425,P00485",07/03/2024,CYB
INV05122,C00963,"P00532,P00476,P00360,P00284,P00504",07/11/2024,TKO
INV05123,C00214,"P00193,P00444",11/06/2024,MK
INV05124,C00149,P00041,10/08/2024,MK
INV05125,C00351,P00091,22/10/2024,MK
INV05126,C01039,"P00230,P00303,P00464,P00045",25/01/2024,TKO
INV05127,C00612,"P00414,P00116,P00289,P00108",22/10/2025,TKO
INV05128,C00917,"P00295,P00153,P00487,P00063,P00327",30/05/2025,ST
INV05129,C00459,"P00086,P00142",15/09/2025,CYB
INV05130,C00034,"P00117,P00096,P00123",05/09/2024,CYB
INV05131,C01093,"P00479,P00404,P00263,P00254",16/04/2024,ST
INV05132,C00752,"P00374,P00518,P00466,P00341",15/12/2024,ST
INV05133,C00969,"P00232,P00096,P00462",17/08/2025,ST
INV05134,C00463,"P00447,P00017,P00457,P00131",09/04/2025,TKO
INV05135,C00157,"P00243,P00400,P00530",07/03/2025,MK
INV05136,C00712,"P00326,P00404,P00489",10/10/2025,TKO
INV05137,C00034,"P00117,P00379,P00303",22/12/2024,TKO
INV05138,C00480,"P00270,P00024,P00023",20/01/2024,CYB
INV05139,C00399,"P00071,P00194,P00228",22/12/2025,MK
INV05140,C00196,"P00307,P00207,P00247,P00336,P00263",19/01/2025,CYB
INV05141,C00240,"P00117,P00096,P00106",18/12/2024,TKO
INV05142,C00941,"P00088,P00469",08/06/2025,TKO
INV05143,C00656,"P00538,P00386,P00378,P00133,P00374",28/11/2024,ST
INV05144,C00085,P00268,08/11/2024,CYB
INV05145,C00062,"P00249,P00308,P00132,P00050",22/09/2024,TKO
INV05146,C01125,"P00236,P00398,P00378,P00489",10/04/2024,TKO
INV05147,C01028,P00376,16/01/2025,MK
INV05148,C00870,"P00325,P00118,P00079,P00505",06/07/2025,TKO
INV05149,C01080,"P00506,P00279,P00061,P00343,P00405",11/09/2025,MK
INV05150,C00051,P00493,20/08/2025,MK
INV05151,C00251,"P00212,P00314,P00230,P00049,P00326",21/12/2025,ST
INV05152,C00013,"P00467,P00445,P00335,P00307",29/01/2024,TKO
INV05153,C01026,P00479,03/12/2024,ST
INV05154,C00736,P00096,24/01/2025,TKO
INV05155,C00721,"P00466,P00021,P00168",29/06/2025,CYB
INV05156,C01131,P00401,04/11/2025,MK
INV05157,C00178,"P00120,P00269,P00290,P00329,P00186",04/04/2024,ST
INV05158,C00337,"P00465,P00154",10/11/2025,TKO
INV05159,C00172,P00421,30/05/2024,MK
INV05160,C00897,"P00294,P00305",26/06/2025,TKO
INV05161,C00172,"P00423,P00371,P00333",13/10/2024,MK
INV05162,C00620,"P00104,P00517,P00451,P00347",07/08/2025,CYB
INV05163,C00572,P00463,07/11/2025,CYB
INV05164,C00672,"P00257,P00205,P00050,P00210,P00175",31/07/2024,TKO
INV05165,C00910,P00071,08/10/2025,TKO
INV05166,C00398,"P00117,P00096",06/02/2024,MK
INV05167,C00501,"P00499,P00213,P00034,P00185,P00249",23/03/2024,MK
INV05168,C00863,"P00089,P00218,P00527,P00484",08/09/2025,TKO
INV05169,C00306,"P00198,P00361",02/01/2024,MK
INV05170,C00309,"P00351,P00177",11/02/2025,MK
INV05171,C00353,"P00117,P00096",23/08/2025,ST
INV05172,C00046,"P00254,P00382,P00491,P00099",07/10/2024,CYB
INV05173,C00444,"P00218,P00080,P00499",01/02/2025,MK
INV05174,C00270,"P00305,P00400,P00288,P00404,P00512",29/12/2024,TKO
INV05175,C00963,"P00037,P00413,P00217,P00186",30/06/2025,TKO
INV05176,C00259,P00288,28/10/2025,MK
INV05177,C00968,"P00117,P00096,P00505,P00347",02/02/2025,CYB
INV05178,C01050,"P00508,P00085,P00401",30/07/2024,ST
INV05179,C00189,P00476,01/12/2024,MK
INV05180,C00385,"P00296,P00320,P00537,P00492",11/03/2024,MK
INV05181,C00800,"P00117,P00096",30/10/2024,CYB
INV05182,C00759,"P00512,P00009",14/11/2024,CYB
INV05183,C00114,"P00127,P00405,P00427",02/08/2024,MK
INV05184,C00986,P00207,15/04/2024,MK
INV05185,C00233,"P00533,P00036,P00173",30/12/2025,TKO
INV05186,C00761,P00496,28/08/2025,MK
INV05187,C00233,"P00117,P00096,P00266",24/02/2024,ST
INV05188,C00181,"P00117,P00096",27/01/2025,MK
INV05189,C00615,"P00123,P00170,P00274,P00239,P00114",15/09/2024,ST
INV05190,C00235,"P00117,P00096,P00502,P00413",13/07/2025,MK
INV05191,C00505,P00349,19/07/2024,TKO
INV05192,C00324,"P00170,P00009,P00364",02/05/2024,CYB
INV05193,C01113,P00290,12/12/2025,TKO
INV05194,C00447,"P00468,P00473,P00263",23/11/2025,TKO
INV05195,C01015,"P00117,P00096",09/02/2024,TKO
INV05196,C00024,"P00117,P00096,P00079,P00026",03/02/2024,ST
INV05197,C00648,"P00068,P00256,P00034",16/08/2025,TKO
INV05198,C01035,"P00138,P00086",07/07/2025,TKO
INV05199,C00678,"P00117,P00096,P00038,P00405",10/05/2024,MK
INV05200,C00457,P00354,06/09/2025,CYB
INV05201,C00389,"P00311,P00501",30/04/2024,CYB
INV05202,C01030,"P00512,P00025",22/06/2025,ST
INV05203,C00604,"P00404,P00325,P00023",08/12/2024,CYB
INV05204,C01079,"P00104,P00510,P00109",21/03/2024,ST
INV05205,C00123,"P00208,P00459,P00399,P00187",24/10/2025,TKO
INV05206,C00189,"P00288,P00437,P00114,P00461",07/07/2025,TKO
INV05207,C00454,"P00480,P00401,P00133,P00476,P00166",19/06/2025,MK
INV05208,C00077,"P00525,P00297,P00106,P00130",05/06/2025,MK
INV05209,C00487,"P00117,P00096,P00522",20/03/2024,TKO
INV05210,C00593,"P00117,P00096",09/11/2024,MK
INV05211,C00453,"P00444,P00321,P00530,P00183,P00328",05/06/2025,CYB
INV05212,C00022,"P00338,P00029,P00110,P00465,P00017",10/11/2024,CYB
INV05213,C00183,P00112,15/07/2025,CYB
INV05214,C00267,"P00117,P00096,P00296",07/07/2025,ST
INV05215,C00329,"P00158,P00427",02/11/2024,TKO
INV05216,C00491,"P00021,P00452,P00480,P00022",28/04/2024,MK
INV05217,C01045,"P00282,P00368,P00249",05/02/2024,ST
INV05218,C00862,"P00153,P00418,P00323,P00029,P00334",03/04/2024,MK
INV05219,C00073,"P00117,P00096",22/01/2025,CYB
INV05220,C00394,"P00299,P00142",22/10/2025,MK
INV05221,C00636,"P00147,P00017,P00483,P00246",19/07/2024,MK
INV05222,C00833,"P00117,P00096,P00295,P00329",27/04/2025,CYB
INV05223,C01128,"P00117,P00096,P00086",05/08/2024,CYB
INV05224,C00137,"P00328,P00183",13/02/2025,ST
INV05225,C00974,"P00117,P00096",17/06/2025,CYB
INV05226,C00897,"P00316,P00221,P00155,P00206,P00079",04/03/2025,TKO
INV05227,C01084,"P00501,P00250,P00205",04/10/2024,TKO
INV05228,C00178,"P00117,P00096,P00481",25/03/2025,MK
INV05229,C00648,"P00117,P00096,P00375",26/05/2025,MK
INV05230,C00472,"P00117,P00096",06/05/2025,ST
INV05231,C00316,"P00156,P00335,P00243",01/03/2025,TKO
INV05232,C00236,"P00117,P00096,P00058,P00428",14/04/2024,MK
INV05233,C00121,"P00203,P00107,P00355,P00025,P00243",30/07/2024,MK
INV05234,C01117,P00048,30/08/2025,TKO
INV05235,C00559,"P00117,P00096",02/11/2025,ST
INV05236,C00905,"P00174,P00179,P00210,P00197",30/03/2025,TKO
INV05237,C00840,"P00117,P00496,P00082,P00116,P00408",05/11/2025,TKO
INV05238,C00298,"P00327,P00456",26/10/2025,CYB
INV05239,C00625,"P00117,P00096",15/04/2025,TKO
INV05240,C01080,"P00224,P00229",28/02/2024,TKO
INV05241,C00361,"P00095,P00379",09/06/2025,MK
INV05242,C00036,"P00117,P00096,P00351",05/04/2025,TKO
INV05243,C00407,"P00387,P00055",21/03/2025,CYB
INV05244,C00063,"P00206,P00108,P00167,P00361",16/11/2025,ST
INV05245,C00203,"P00117,P00096",03/12/2025,MK
INV05246,C00822,"P00117,P00096",13/07/2025,MK
INV05247,C00104,"P00104,P00483",10/11/2024,TKO
INV05248,C00373,"P00350,P00453,P00260,P00028,P00454",17/09/2025,ST
INV05249,C00744,"P00117,P00096,P00418,P00030",10/08/2025,TKO
INV05250,C00817,"P00521,P00500,P00325,P00383,P00465",29/01/2025,TKO
INV05251,C00386,"P00132,P00054,P00386",12/03/2025,ST
INV05252,C00704,"P00171,P00250",28/04/2024,TKO
INV05253,C00511,"P00117,P00096,P00086",06/06/2025,ST
INV05254,C00137,"P00202,P00047,P00203",23/08/2025,ST
INV05255,C00836,"P00497,P00345,P00262",07/07/2024,CYB
INV05256,C00679,"P00111,P00415,P00411,P00514,P00045",03/04/2024,CYB
INV05257,C00679,P00417,14/03/2025,ST
INV05258,C00915,"P00317,P00254",01/04/2025,TKO
INV05259,C00982,"P00117,P00096,P00164,P00457",01/06/2024,ST
INV05260,C00832,"P00117,P00096",24/08/2024,TKO
INV05261,C00627,"P00487,P00207,P00469",01/10/2024,TKO
INV05262,C00280,P00142,24/03/2024,CYB
INV05263,C00101,"P00469,P00097,P00223,P00208,P00170",12/02/2025,CYB
INV05264,C00181,"P00090,P00153",15/01/2024,CYB
INV05265,C00360,"P00026,P00034,P00493,P00263",27/07/2024,TKO
INV05266,C01057,"P00509,P00355,P00112,P00304",06/07/2024,TKO
INV05267,C00603,"P00403,P00112,P00411",10/04/2025,CYB
INV05268,C00712,"P00304,P00347,P00281,P00100,P00535",03/08/2025,TKO
INV05269,C00388,"P00423,P00135,P00537,P00211",18/12/2025,TKO
INV05270,C01068,"P00117,P00096,P00272",22/07/2025,CYB
INV05271,C00852,"P00117,P00096,P00166",08/02/2024,CYB
INV05272,C00679,"P00117,P00096,P00191,P00456",11/10/2024,MK
INV05273,C00299,"P00117,P00096",03/05/2025,MK
INV05274,C00986,"P00453,P00203",04/06/2024,CYB
INV05275,C00977,"P00117,P00096",15/04/2025,CYB
INV05276,C00784,"P00117,P00096",30/07/2024,ST
INV05277,C00337,"P00117,P00096",27/01/2024,ST
INV05278,C00689,P00074,13/10/2024,MK
INV05279,C00184,"P00131,P00101,P00126,P00207,P00523",07/01/2025,TKO
INV05280,C00614,"P00388,P00040,P00398",09/12/2024,MK
INV05281,C01091,"P00248,P00516,P00264,P00172",15/01/2024,CYB
INV05282,C00763,"P00095,P00232,P00510",15/01/2025,CYB
INV05283,C01040,"P00465,P00417,P00429",31/07/2025,MK
INV05284,C01007,"P00524,P00114,P00430",25/12/2025,CYB
INV05285,C01075,P00079,09/08/2024,TKO
INV05286,C00581,P00164,19/08/2025,TKO
INV05287,C00504,P00239,12/05/2025,CYB
INV05288,C00492,"P00117,P00096,P00439,P00003",23/10/2025,CYB
INV05289,C00348,"P00316,P00194",27/05/2024,CYB
INV05290,C01059,"P00094,P00040",26/06/2024,TKO
INV05291,C01062,"P00117,P00096",26/11/2024,TKO
INV05292,C00121,"P00375,P00031,P00114,P00315,P00266",16/05/2024,TKO
INV05293,C00623,"P00531,P00148,P00492",25/08/2025,TKO
INV05294,C00794,"P00177,P00426,P00412,P00084,P00437",31/01/2025,CYB
INV05295,C00125,"P00117,P00096,P00471",26/10/2024,TKO
INV05296,C00172,"P00012,P00464,P00508",05/05/2024,TKO
INV05297,C00073,"P00117,P00096,P00378",15/06/2024,MK
INV05298,C00914,"P00117,P00096,P00327,P00179",12/07/2024,ST
INV05299,C00065,"P00068,P00039",23/12/2025,TKO
INV05300,C00293,P00209,29/06/2025,ST
INV05301,C00629,"P00372,P00404,P00471,P00076",04/09/2024,ST
INV05302,C00019,"P00117,P00096",20/02/2025,TKO
INV05303,C00835,"P00017,P00401,P00137,P00206,P00056",11/10/2025,TKO
INV05304,C00374,P00254,07/10/2024,MK
INV05305,C00069,P00280,30/09/2024,TKO
INV05306,C00001,"P00232,P00338,P00035",26/01/2025,TKO
INV05307,C00261,"P00117,P00096,P00496,P00333",02/03/2025,TKO
INV05308,C00223,"P00117,P00096,P00368",20/11/2025,TKO
INV05309,C00693,"P00158,P00389",16/01/2024,TKO
INV05310,C00762,"P00117,P00096,P00238",25/09/2024,ST
INV05311,C00562,"P00089,P00383,P00338,P00319,P00201",10/10/2025,TKO
INV05312,C00750,"P00124,P00520,P00323,P00294,P00390",28/08/2024,MK
INV05313,C01028,"P00386,P00424,P00329,P00040,P00376",24/04/2025,TKO
INV05314,C01048,P00444,30/11/2024,TKO
INV05315,C00239,"P00294,P00490,P00399,P00335,P00177",23/03/2025,MK
INV05316,C00899,"P00117,P00096,P00450,P00116",18/09/2025,TKO
INV05317,C00077,"P00462,P00340,P00293,P00525",21/06/2025,CYB
INV05318,C00271,"P00080,P00355",21/01/2024,TKO
INV05319,C00948,"P00453,P00146,P00515",09/12/2025,CYB
INV05320,C00872,"P00117,P00096",09/10/2024,MK
INV05321,C00351,"P00117,P00096,P00424,P00008",08/10/2025,TKO
INV05322,C00991,"P00117,P00096",27/01/2025,ST
INV05323,C00148,"P00160,P00491,P00061,P00038",12/09/2025,ST
INV05324,C00227,"P00117,P00096",18/07/2025,TKO
INV05325,C00938,"P00362,P00144,P00368,P00313",09/02/2024,MK
INV05326,C00002,P00515,13/09/2024,TKO
INV05327,C00279,"P00039,P00419",25/02/2025,TKO
INV05328,C00829,"P00296,P00034,P00128",09/12/2024,TKO
INV05329,C00064,"P00117,P00096,P00328,P00538",04/05/2024,TKO
INV05330,C00126,"P00215,P00389,P00185,P00161",14/10/2025,ST
INV05331,C00967,"P00156,P00296,P00138,P00096,P00373",19/09/2025,CYB
INV05332,C00623,P00471,26/03/2024,ST
INV05333,C00180,"P00418,P00267,P00108,P00249,P00124",19/10/2025,MK
INV05334,C00553,"P00049,P00291,P00336",19/02/2024,CYB
INV05335,C01050,"P00063,P00493,P00536",11/08/2025,TKO
INV05336,C00608,"P00177,P00381,P00171,P00436,P00246",24/10/2024,TKO
INV05337,C00402,"P00269,P00527",30/01/2025,MK
INV05338,C00977,"P00245,P00306,P00465,P00467",05/02/2025,MK
INV05339,C00692,"P00451,P00315,P00357,P00207,P00049",12/12/2024,TKO
INV05340,C00768,"P00401,P00062,P00191,P00058,P00237",06/08/2025,ST
INV05341,C00992,"P00117,P00096,P00439,P00320",15/01/2024,TKO
INV05342,C00920,"P00506,P00473,P00386,P00410",24/05/2025,CYB
INV05343,C01028,"P00255,P00382,P00072,P00193",31/08/2025,CYB
INV05344,C00082,P00463,29/05/2024,TKO
INV05345,C00141,"P00117,P00096,P00345",30/12/2025,MK
INV05346,C01039,"P00004,P00197,P00514",10/12/2024,MK
INV05347,C00295,"P00352,P00129,P00050",26/03/2024,CYB
INV05348,C00847,"P00370,P00530",22/09/2024,MK
INV05349,C01022,"P00283,P00409,P00416",06/05/2024,ST
INV05350,C00534,"P00275,P00504",12/04/2024,ST
INV05351,C00854,"P00307,P00470",17/04/2025,TKO
INV05352,C00331,"P00096,P00047,P00266",11/10/2025,TKO
INV05353,C00770,"P00117,P00096",19/06/2024,TKO
INV05354,C00968,"P00117,P00096,P00237,P00259",01/02/2025,TKO
INV05355,C00996,"P00117,P00096,P00363,P00105",13/05/2024,MK
INV05356,C00052,"P00117,P00096,P00321",25/06/2024,TKO
INV05357,C01062,P00437,12/04/2025,MK
INV05358,C00471,"P00117,P00096",04/02/2025,CYB
INV05359,C00587,"P00117,P00096",29/09/2024,TKO
INV05360,C00333,"P00113,P00316",21/01/2025,TKO
INV05361,C00513,"P00117,P00096,P00154,P00167",10/09/2025,ST
INV05362,C00866,"P00117,P00096",02/08/2024,CYB
INV05363,C00793,"P00088,P00210",11/12/2024,TKO
INV05364,C00054,"P00528,P00105,P00344",02/07/2025,CYB
INV05365,C00776,"P00117,P00096",04/02/2024,ST
INV05366,C00330,"P00117,P00096,P00041",03/11/2024,TKO
INV05367,C00418,"P00117,P00096",15/12/2024,MK
INV05368,C00292,"P00117,P00096,P00384,P00037",26/02/2024,ST
INV05369,C00208,"P00137,P00347,P00092,P00089,P00300",22/12/2025,MK
INV05370,C01074,"P00194,P00261,P00215",22/01/2025,CYB
INV05371,C01124,P00459,05/03/2025,TKO
INV05372,C00387,"P00103,P00044,P00412,P00140",24/11/2024,MK
INV05373,C01103,"P00283,P00428",08/05/2024,TKO
INV05374,C00252,"P00117,P00096,P00292,P00413",19/01/2024,TKO
INV05375,C00582,"P00497,P00281,P00098,P00165,P00534",18/05/2025,CYB
INV05376,C00439,"P00445,P00096,P00313,P00143,P00402",10/05/2024,TKO
INV05377,C01085,"P00304,P00364,P00449",12/07/2025,CYB
INV05378,C01026,"P00188,P00288,P00309,P00502",23/01/2025,TKO
INV05379,C00138,"P00453,P00004",06/06/2025,CYB
INV05380,C00584,P00248,30/10/2025,CYB
INV05381,C00004,"P00058,P00258",30/07/2025,ST
INV05382,C00378,P00070,02/11/2024,ST
INV05383,C00727,"P00343,P00403,P00076,P00282",17/06/2025,ST
INV05384,C00583,P00303,11/06/2025,CYB
INV05385,C00982,P00513,06/09/2024,ST
INV05386,C00018,"P00328,P00386,P00471",27/02/2025,ST
INV05387,C00992,"P00117,P00096,P00058,P00418",17/08/2025,CYB
INV05388,C00967,P00200,24/04/2024,TKO
INV05389,C00771,"P00079,P00222",09/09/2025,TKO
INV05390,C00799,"P00427,P00322",04/09/2024,TKO
INV05391,C00558,"P00255,P00457,P00023",01/09/2025,MK
INV05392,C00339,"P00516,P00040,P00330",28/08/2024,MK
INV05393,C00738,"P00354,P00320,P00097",01/09/2025,ST
INV05394,C00936,P00419,02/01/2025,MK
INV05395,C00303,P00370,28/07/2024,TKO
INV05396,C01063,"P00117,P00096,P00285,P00487",09/06/2025,MK
INV05397,C00005,"P00117,P00096,P00036,P00059",21/06/2025,MK
INV05398,C00827,"P00248,P00225,P00280,P00021",05/11/2024,MK
INV05399,C00576,P00231,10/06/2024,TKO
INV05400,C00881,"P00117,P00096",30/07/2024,TKO
INV05401,C00959,"P00363,P00136,P00419",19/08/2024,CYB
INV05402,C00845,"P00471,P00080,P00208",06/05/2025,TKO
INV05403,C00027,"P00420,P00297,P00221,P00493,P00291",14/09/2024,CYB
INV05404,C00134,"P00117,P00096",23/02/2024,TKO
INV05405,C00651,"P00442,P00475",30/01/2025,MK
INV05406,C00152,"P00117,P00096,P00173,P00021",23/03/2025,TKO
INV05407,C00508,"P00117,P00096,P00338,P00034",02/10/2024,TKO
INV05408,C00872,"P00382,P00121",21/07/2025,MK
INV05409,C00113,"P00041,P00407,P00393,P00111",15/03/2025,TKO
INV05410,C00378,P00459,10/11/2025,CYB
INV05411,C00772,P00048,16/09/2024,TKO
INV05412,C00318,P00101,07/11/2024,MK
INV05413,C00605,"P00497,P00263,P00246,P00191,P00479",15/09/2024,TKO
INV05414,C00392,"P00464,P00373",27/06/2024,MK
INV05415,C00380,"P00117,P00096,P00410,P00108",08/04/2024,TKO
INV05416,C00971,"P00490,P00473,P00067,P00035",28/12/2025,ST
INV05417,C00852,"P00117,P00096,P00122,P00207",03/04/2024,TKO
INV05418,C00256,"P00071,P00282",14/07/2025,TKO
INV05419,C01123,P00453,24/08/2025,MK
INV05420,C00787,"P00084,P00410",12/09/2024,MK
INV05421,C00586,"P00068,P00206",27/03/2024,TKO
INV05422,C00845,"P00353,P00226,P00443,P00504,P00229",25/03/2025,MK
INV05423,C00943,"P00117,P00096",03/05/2025,MK
INV05424,C00882,"P00072,P00065,P00035,P00274,P00214",25/02/2024,MK
INV05425,C00464,"P00117,P00096,P00164",15/11/2025,CYB
INV05426,C00938,"P00160,P00002,P00404",14/12/2025,MK
INV05427,C00487,"P00495,P00239,P00243",03/06/2025,TKO
INV05428,C00110,"P00533,P00102,P00144",21/01/2024,CYB
INV05429,C00622,"P00326,P00430",30/06/2025,MK
INV05430,C00369,"P00430,P00130",18/05/2024,TKO
INV05431,C00734,"P00186,P00503",16/02/2025,MK
INV05432,C01055,"P00276,P00181,P00310,P00055",04/12/2025,MK
INV05433,C00572,"P00238,P00419,P00120,P00362",23/08/2025,ST
INV05434,C00029,"P00526,P00003,P00461,P00533,P00423",20/02/2024,MK
INV05435,C00856,"P00055,P00538,P00371,P00167",24/10/2024,TKO
INV05436,C00899,"P00117,P00096,P00288",02/10/2024,TKO
INV05437,C00392,P00265,21/11/2025,MK
INV05438,C00205,"P00117,P00096,P00293,P00234",30/04/2024,ST
INV05439,C00453,P00067,25/05/2025,MK
INV05440,C00304,"P00117,P00096,P00232,P00279",16/09/2024,MK
INV05441,C00978,"P00407,P00126,P00441",19/03/2025,CYB
INV05442,C01129,"P00044,P00359,P00042,P00535,P00137",06/02/2025,TKO
INV05443,C00977,P00313,29/06/2024,TKO
INV05444,C00292,P00301,28/03/2024,TKO
INV05445,C00558,P00331,09/06/2024,TKO
INV05446,C00424,"P00117,P00096,P00126",01/08/2025,ST
INV05447,C01065,"P00402,P00196",02/12/2024,ST
INV05448,C00056,"P00117,P00096,P00019",10/02/2025,CYB
INV05449,C00095,"P00141,P00302",16/10/2024,TKO
INV05450,C00337,"P00453,P00356,P00416,P00502",28/04/2025,MK
INV05451,C00172,"P00117,P00096",15/12/2025,MK
INV05452,C00692,"P00117,P00096",25/09/2025,MK
INV05453,C00787,"P00091,P00500,P00072,P00018",27/04/2024,ST
INV05454,C00294,"P00250,P00245,P00090",12/06/2024,TKO
INV05455,C00762,"P00283,P00101,P00002,P00185",26/10/2025,TKO
INV05456,C00887,"P00075,P00262,P00115",14/07/2024,CYB
INV05457,C01083,"P00117,P00096,P00183",25/02/2025,CYB
INV05458,C00943,"P00219,P00501,P00140,P00310,P00136",27/10/2025,MK
INV05459,C00683,"P00408,P00061,P00255,P00302",06/05/2024,ST
INV05460,C00422,"P00478,P00410,P00414",13/07/2024,MK
INV05461,C00279,"P00123,P00111,P00007,P00337,P00208",15/12/2024,MK
INV05462,C01024,"P00452,P00046,P00409,P00310,P00206",03/01/2025,CYB
INV05463,C00335,"P00065,P00179",29/04/2025,TKO
INV05464,C00923,P00218,04/02/2025,TKO
INV05465,C00603,"P00145,P00532",01/08/2025,CYB
INV05466,C00766,"P00147,P00165,P00315,P00351",27/04/2024,ST
INV05467,C00193,P00515,28/12/2025,TKO
INV05468,C00702,"P00287,P00522,P00346,P00454",14/08/2024,CYB
INV05469,C00866,"P00108,P00470,P00434,P00443,P00454",21/05/2024,CYB
INV05470,C01072,"P00117,P00096",01/03/2024,ST
INV05471,C00153,"P00226,P00238,P00027,P00250",04/12/2024,CYB
INV05472,C00606,"P00117,P00096,P00329,P00053",22/06/2025,TKO
INV05473,C00992,"P00463,P00031,P00141,P00271",03/11/2024,MK
INV05474,C00491,"P00233,P00242,P00458",01/05/2024,CYB
INV05475,C00596,P00422,06/03/2025,MK
INV05476,C00330,"P00117,P00096,P00037,P00381",03/02/2025,TKO
INV05477,C00261,"P00117,P00096,P00210",14/03/2024,CYB
INV05478,C00876,"P00374,P00046,P00523",06/02/2024,TKO
INV05479,C00565,"P00275,P00094,P00389,P00298,P00020",22/10/2024,MK
INV05480,C00781,"P00117,P00096",24/09/2025,MK
INV05481,C00729,"P00325,P00167,P00390,P00483",30/01/2025,CYB
INV05482,C00272,P00322,22/05/2024,CYB
INV05483,C00754,"P00072,P00434",11/06/2024,ST
INV05484,C00934,"P00117,P00096,P00164,P00004",31/03/2024,CYB
INV05485,C00287,P00230,01/04/2025,ST
INV05486,C00073,"P00016,P00138",07/09/2024,CYB
INV05487,C00597,"P00470,P00424,P00197",13/06/2024,CYB
INV05488,C00718,P00357,03/09/2024,CYB
INV05489,C00151,"P00267,P00485,P00136,P00338,P00361",23/04/2024,TKO
INV05490,C00176,"P00488,P00504,P00065",30/09/2024,CYB
INV05491,C00693,"P00482,P00415,P00131,P00334,P00120",15/08/2024,MK
INV05492,C00331,"P00117,P00096",16/11/2025,CYB
INV05493,C00483,"P00117,P00096",26/04/2024,MK
INV05494,C01135,"P00117,P00096,P00085,P00274",29/06/2025,CYB
INV05495,C01019,"P00117,P00096,P00480,P00204",13/03/2025,MK
INV05496,C00997,"P00222,P00432",14/06/2025,MK
INV05497,C00984,"P00117,P00096,P00234",02/11/2024,CYB
INV05498,C00898,"P00043,P00254,P00301,P00167,P00322",02/10/2024,TKO
INV05499,C01083,"P00117,P00096,P00328,P00375",25/11/2024,TKO
INV05500,C00615,"P00211,P00183,P00178,P00306",23/12/2024,TKO
INV05501,C01109,"P00287,P00172,P00122,P00165",22/12/2024,CYB
INV05502,C00297,"P00307,P00497",07/09/2024,TKO
INV05503,C00379,"P00117,P00096",15/02/2025,ST
INV05504,C00096,"P00253,P00315,P00291,P00450",23/05/2025,CYB
INV05505,C00118,"P00117,P00096,P00218,P00373",05/11/2025,CYB
INV05506,C00894,"P00117,P00096,P00097",14/05/2025,CYB
INV05507,C00961,"P00010,P00097,P00360,P00383",25/05/2024,MK
INV05508,C01060,"P00117,P00096",19/12/2025,CYB
INV05509,C00033,"P00187,P00413",13/08/2025,ST
INV05510,C00304,"P00117,P00096,P00528,P00149",02/09/2025,TKO
INV05511,C01059,"P00199,P00200",23/05/2024,CYB
INV05512,C00704,"P00422,P00084,P00373,P00335,P00275",06/01/2024,CYB
INV05513,C00050,"P00053,P00008,P00521",01/03/2025,CYB
INV05514,C01001,"P00117,P00096,P00324",13/11/2025,MK
INV05515,C01069,"P00117,P00096,P00338",13/12/2025,ST
INV05516,C00188,"P00103,P00333,P00091",07/05/2025,ST
INV05517,C01005,"P00413,P00356,P00472,P00194,P00319",28/02/2024,ST
INV05518,C00918,"P00539,P00436,P00321",04/03/2025,ST
INV05519,C00506,"P00454,P00211,P00281,P00393,P00074",06/02/2024,TKO
INV05520,C00738,"P00479,P00330",15/02/2024,ST
INV05521,C00801,P00190,29/07/2025,TKO
INV05522,C00736,"P00366,P00042,P00176",20/03/2024,TKO
INV05523,C00820,"P00229,P00259",04/11/2025,TKO
INV05524,C00953,"P00117,P00096",04/08/2024,CYB
INV05525,C00050,"P00492,P00038,P00161,P00539,P00436",29/09/2025,MK
INV05526,C01003,"P00304,P00237,P00172",12/01/2024,CYB
INV05527,C00067,P00157,29/03/2025,CYB
INV05528,C00612,"P00396,P00102,P00376",18/10/2025,CYB
INV05529,C00418,"P00379,P00364,P00353,P00049,P00502",19/04/2025,TKO
INV05530,C00509,"P00420,P00205,P00109,P00423,P00523",06/06/2024,TKO
INV05531,C00171,"P00117,P00096",12/12/2024,TKO
INV05532,C00311,"P00242,P00182,P00071,P00360,P00047",19/04/2024,TKO
INV05533,C01049,"P00010,P00380,P00158,P00208,P00278",21/09/2025,TKO
INV05534,C00382,"P00117,P00096,P00344",27/04/2025,CYB
INV05535,C00339,"P00419,P00215,P00120,P00082,P00463",14/08/2025,MK
INV05536,C00283,P00296,09/11/2024,TKO
INV05537,C00854,P00539,15/12/2024,MK
INV05538,C00006,"P00117,P00096,P00068",20/07/2025,TKO
INV05539,C00745,"P00035,P00308",13/10/2024,CYB
INV05540,C00911,P00065,16/11/2025,MK
INV05541,C00740,"P00203,P00060,P00030,P00369,P00414",22/03/2025,MK
INV05542,C00826,"P00060,P00465,P00176,P00518,P00191",06/02/2024,TKO
INV05543,C01059,"P00117,P00096,P00108,P00014",05/02/2024,MK
INV05544,C00095,"P00117,P00096,P00265,P00355",13/03/2025,CYB
INV05545,C00862,"P00303,P00485,P00241,P00244,P00342",12/06/2025,ST
INV05546,C00409,"P00117,P00096,P00337,P00357",28/08/2025,ST
INV05547,C00320,"P00333,P00449,P00535,P00306",17/03/2025,TKO
INV05548,C00124,"P00117,P00096,P00077",22/07/2025,TKO
INV05549,C00673,"P00440,P00172",23/06/2024,MK
INV05550,C00878,"P00117,P00096",02/05/2024,MK
INV05551,C00964,"P00117,P00096",06/05/2025,CYB
INV05552,C00392,P00171,25/08/2024,CYB
INV05553,C00646,"P00238,P00147,P00303",29/06/2025,CYB
INV05554,C00864,"P00439,P00425,P00290",28/10/2024,ST
INV05555,C00895,"P00473,P00186,P00059,P00263",06/06/2024,TKO
INV05556,C00609,"P00287,P00122,P00444",19/11/2025,CYB
INV05557,C00602,"P00404,P00160,P00342",25/03/2024,TKO
INV05558,C00955,"P00117,P00096,P00176",26/03/2025,MK
INV05559,C00142,"P00025,P00152",20/02/2025,MK
INV05560,C00821,"P00324,P00463,P00419,P00158,P00380",08/01/2024,MK
INV05561,C00283,"P00396,P00173,P00448",27/04/2025,CYB
INV05562,C00119,"P00045,P00523,P00312,P00003,P00378",20/02/2025,MK
INV05563,C00260,"P00349,P00209,P00045,P00175",15/04/2025,TKO
INV05564,C00397,"P00465,P00294,P00204",11/06/2025,CYB
INV05565,C00322,P00238,03/11/2025,CYB
INV05566,C00921,"P00096,P00525,P00148,P00391",01/02/2025,CYB
INV05567,C00516,P00052,09/01/2025,MK
INV05568,C00921,"P00117,P00096",22/02/2025,MK
INV05569,C00066,"P00333,P00532,P00083,P00297,P00470",06/02/2024,MK
INV05570,C00134,"P00240,P00349,P00028,P00532,P00008",30/09/2024,TKO
INV05571,C00712,P00259,02/09/2025,TKO
INV05572,C00399,"P00234,P00376,P00423",28/10/2024,TKO
INV05573,C00746,"P00379,P00225,P00429,P00280",20/09/2025,TKO
INV05574,C00394,"P00248,P00462,P00170",07/08/2024,TKO
INV05575,C00375,"P00117,P00096,P00055",02/10/2025,TKO
INV05576,C00639,"P00329,P00210",08/07/2024,ST
INV05577,C00479,"P00145,P00258,P00401,P00411,P00105",04/05/2024,TKO
INV05578,C00206,"P00472,P00445,P00052,P00115",09/03/2024,MK
INV05579,C00245,"P00146,P00069,P00279",11/02/2024,TKO
INV05580,C00311,"P00396,P00006,P00035",22/12/2024,TKO
INV05581,C00148,P00079,13/06/2024,ST
INV05582,C00544,"P00117,P00096,P00058",14/06/2025,ST
INV05583,C00475,"P00117,P00096,P00511,P00317",27/10/2024,TKO
INV05584,C00014,"P00117,P00096,P00123",03/07/2024,TKO
INV05585,C00189,"P00105,P00255,P00221,P00258",09/05/2025,CYB
INV05586,C00203,"P00117,P00096,P00295",24/11/2025,MK
INV05587,C00581,"P00207,P00126,P00440,P00385,P00512",09/02/2025,CYB
INV05588,C00153,"P00246,P00502,P00022",20/08/2024,MK
INV05589,C00087,"P00458,P00316,P00110,P00016",25/01/2024,ST
INV05590,C00896,"P00117,P00096,P00448,P00230",17/05/2024,MK
INV05591,C00418,"P00079,P00156,P00336,P00205",10/10/2025,MK
INV05592,C00968,"P00017,P00367,P00399,P00074",03/06/2025,MK
INV05593,C00463,"P00294,P00237",07/04/2025,TKO
INV05594,C00264,"P00117,P00096,P00170,P00126",28/05/2024,CYB
INV05595,C01070,"P00117,P00096",25/04/2025,MK
INV05596,C00441,"P00117,P00096,P00064",02/07/2025,CYB
INV05597,C00145,P00277,15/07/2024,ST
INV05598,C00615,P00163,03/08/2025,MK
INV05599,C00655,"P00117,P00096,P00078",01/05/2025,TKO
INV05600,C00320,"P00117,P00096,P00170,P00143",17/02/2025,CYB
INV05601,C00793,"P00314,P00525,P00137,P00202",04/09/2024,ST
INV05602,C00071,P00133,17/09/2024,ST
INV05603,C00928,"P00117,P00096,P00460,P00273",21/12/2024,ST
INV05604,C00179,"P00117,P00096",16/04/2024,TKO
INV05605,C00202,"P00314,P00207",30/08/2024,TKO
INV05606,C00381,"P00240,P00148,P00474",14/12/2025,TKO
INV05607,C01134,"P00117,P00096,P00456,P00158",04/05/2024,TKO
INV05608,C00661,"P00215,P00246,P00082,P00520,P00051",26/09/2024,MK
INV05609,C00758,"P00289,P00258",11/09/2024,TKO
INV05610,C00562,"P00258,P00360,P00034,P00439",25/05/2024,CYB
INV05611,C01039,P00198,31/10/2024,CYB
INV05612,C00710,"P00425,P00023,P00486,P00476",30/06/2024,TKO
INV05613,C01133,"P00034,P00067,P00272,P00415,P00075",27/08/2024,TKO
INV05614,C00804,P00539,31/10/2024,MK
INV05615,C01055,"P00117,P00096,P00532,P00167",04/09/2024,MK
INV05616,C00041,"P00160,P00013",21/01/2025,ST
INV05617,C00694,P00267,01/10/2024,TKO
INV05618,C01090,"P00117,P00096,P00364,P00095",02/05/2025,CYB
INV05619,C00047,"P00385,P00505",31/03/2025,TKO
INV05620,C00508,"P00082,P00021,P00537,P00528,P00025",01/09/2025,TKO
INV05621,C00321,"P00117,P00096,P00213,P00534",09/01/2025,TKO
INV05622,C00100,"P00101,P00461",13/06/2025,TKO
INV05623,C00264,"P00128,P00235,P00213,P00218,P00084",14/04/2024,MK
INV05624,C01112,P00216,13/05/2024,TKO
INV05625,C00068,"P00117,P00096,P00162",16/05/2024,TKO
INV05626,C00727,"P00439,P00389,P00310,P00096,P00303",01/10/2024,TKO
INV05627,C00358,"P00117,P00096",11/01/2024,TKO
INV05628,C00088,"P00117,P00096,P00153",31/08/2025,CYB
INV05629,C00144,"P00358,P00060,P00245,P00326,P00123",15/11/2024,ST
INV05630,C00132,"P00219,P00363,P00498",16/01/2024,TKO
INV05631,C00535,"P00117,P00096,P00316,P00016",08/01/2025,CYB
INV05632,C01040,"P00117,P00096",20/05/2025,TKO
INV05633,C01024,"P00117,P00096,P00008",22/04/2024,CYB
INV05634,C00494,"P00117,P00096,P00532,P00238",12/04/2025,MK
INV05635,C00631,"P00447,P00211",12/03/2025,TKO
INV05636,C00719,"P00356,P00081,P00094,P00216,P00064",29/09/2025,TKO
INV05637,C00647,P00471,26/01/2024,TKO
INV05638,C00238,P00174,05/05/2025,MK
INV05639,C00627,"P00135,P00449,P00494",08/10/2024,CYB
INV05640,C00425,"P00117,P00096",10/06/2024,TKO
INV05641,C00933,"P00499,P00358,P00063",03/05/2024,MK
INV05642,C00175,"P00422,P00231,P00168",10/12/2024,TKO
INV05643,C00204,"P00074,P00140,P00534,P00268",20/10/2025,CYB
INV05644,C00241,"P00093,P00311,P00515,P00021",10/09/2024,MK
INV05645,C00529,"P00094,P00434",26/10/2025,TKO
INV05646,C00610,"P00092,P00102",30/05/2024,TKO
INV05647,C00692,"P00249,P00462,P00072,P00001",21/10/2025,CYB
INV05648,C00753,"P00117,P00096,P00288,P00405",09/05/2024,TKO
INV05649,C01086,P00478,27/12/2024,TKO
INV05650,C00334,"P00117,P00096,P00116",01/06/2025,CYB
INV05651,C00080,"P00083,P00511,P00187,P00167",06/02/2024,TKO
INV05652,C00773,"P00117,P00096,P00109",31/10/2025,TKO
INV05653,C00783,"P00117,P00096,P00456",25/11/2024,TKO
INV05654,C00020,P00188,21/06/2025,MK
INV05655,C00288,"P00132,P00242,P00239,P00484",30/06/2025,ST
INV05656,C00135,"P00117,P00096,P00454",22/05/2024,ST
INV05657,C00992,"P00117,P00096,P00104,P00036",27/02/2025,CYB
INV05658,C00955,"P00396,P00189",10/12/2025,ST
INV05659,C00902,"P00117,P00096,P00278",06/04/2024,TKO
INV05660,C00917,P00382,10/01/2025,MK
INV05661,C01074,"P00117,P00096",06/09/2024,TKO
INV05662,C00120,"P00216,P00331,P00437,P00361",27/08/2025,MK
INV05663,C01126,"P00256,P00453,P00015,P00089",06/12/2025,ST
INV05664,C00054,"P00456,P00335,P00188,P00123",20/02/2024,CYB
INV05665,C00084,"P00172,P00444",01/02/2024,TKO
INV05666,C00401,"P00387,P00057,P00356,P00061,P00208",30/09/2025,MK
INV05667,C00518,"P00498,P00292,P00336",31/12/2025,TKO
INV05668,C00693,"P00473,P00148",28/10/2025,ST
INV05669,C00693,"P00379,P00111,P00428",05/01/2024,CYB
INV05670,C00604,P00326,31/03/2024,MK
INV05671,C00892,"P00398,P00478,P00404,P00359,P00312",22/05/2025,ST
INV05672,C00416,"P00117,P00096",21/02/2025,TKO
INV05673,C00038,"P00424,P00081",01/08/2024,CYB
INV05674,C00994,P00357,23/05/2024,TKO
INV05675,C00657,"P00117,P00096,P00028",31/05/2024,CYB
INV05676,C00610,"P00335,P00073,P00411",05/11/2024,TKO
INV05677,C00961,"P00117,P00096,P00276",16/03/2025,MK
INV05678,C00020,"P00359,P00302,P00538,P00257",10/12/2025,TKO
INV05679,C00564,P00068,07/10/2025,MK
INV05680,C00701,P00139,07/11/2025,TKO
INV05681,C00091,"P00158,P00318,P00472,P00433",18/02/2025,CYB
INV05682,C00767,P00018,16/09/2024,TKO
INV05683,C00868,"P00117,P00096",15/06/2024,TKO
INV05684,C00559,"P00347,P00054",05/04/2025,CYB
INV05685,C00279,"P00016,P00332,P00238,P00322",08/05/2025,MK
INV05686,C01069,P00116,21/01/2024,TKO
INV05687,C01070,"P00329,P00200,P00421,P00405",16/10/2025,CYB
INV05688,C01105,"P00117,P00096,P00395",29/06/2025,CYB
INV05689,C00482,"P00412,P00513,P00207",18/05/2024,CYB
INV05690,C00809,"P00049,P00033,P00210",05/04/2025,CYB
INV05691,C00260,"P00117,P00096",20/04/2024,ST
INV05692,C00016,"P00117,P00096",29/09/2025,CYB
INV05693,C00761,"P00139,P00521,P00332,P00105,P00282",14/04/2025,MK
INV05694,C00625,"P00117,P00096,P00498,P00354",25/08/2024,CYB
INV05695,C01018,"P00116,P00360",17/12/2024,CYB
INV05696,C01059,P00392,05/02/2025,CYB
INV05697,C00014,"P00306,P00317,P00096,P00248,P00354",10/05/2024,CYB
INV05698,C00536,"P00123,P00087,P00363",30/01/2025,CYB
INV05699,C00819,"P00174,P00023,P00025,P00184,P00205",04/11/2024,TKO
INV05700,C00464,"P00117,P00096,P00112",21/08/2025,CYB
INV05701,C00230,"P00117,P00096,P00098",12/06/2025,TKO
INV05702,C00516,"P00117,P00096,P00024",22/04/2025,ST
INV05703,C00155,P00455,20/11/2024,CYB
INV05704,C00357,"P00454,P00403,P00373,P00014,P00007",22/04/2024,CYB
INV05705,C01137,P00448,24/03/2025,TKO
INV05706,C00986,"P00280,P00015,P00028,P00004",07/01/2024,ST
INV05707,C00526,"P00117,P00096,P00110,P00473",17/02/2024,CYB
INV05708,C01048,P00168,10/11/2025,MK
INV05709,C00262,P00264,18/01/2025,TKO
INV05710,C00900,"P00117,P00096,P00060",24/02/2025,ST
INV05711,C00252,"P00117,P00096,P00525,P00020",02/08/2024,CYB
INV05712,C00104,"P00522,P00046,P00209,P00443",30/04/2024,ST
INV05713,C00515,"P00401,P00399,P00330",07/08/2025,TKO
INV05714,C00398,"P00117,P00096,P00375",29/09/2024,TKO
INV05715,C01038,"P00513,P00376",09/04/2025,ST
INV05716,C01021,"P00117,P00096",08/03/2024,TKO
INV05717,C00387,P00193,30/11/2024,CYB
INV05718,C00329,"P00074,P00099,P00516,P00453,P00172",31/01/2024,TKO
INV05719,C00316,"P00195,P00454",16/11/2025,MK
INV05720,C00689,"P00025,P00050,P00406,P00366,P00422",10/06/2024,ST
INV05721,C00448,"P00431,P00047",09/10/2024,ST
INV05722,C00223,"P00254,P00007,P00258,P00270,P00154",09/06/2025,ST
INV05723,C00471,"P00267,P00094,P00274",06/03/2025,MK
INV05724,C00792,"P00404,P00281,P00188",25/10/2024,CYB
INV05725,C00009,"P00466,P00504,P00381,P00354",16/12/2024,TKO
INV05726,C00108,"P00276,P00127,P00354,P00189,P00262",28/12/2025,MK
INV05727,C00965,"P00117,P00096",25/03/2024,MK
INV05728,C00544,"P00244,P00408,P00438,P00522",06/03/2024,TKO
INV05729,C00321,P00148,24/03/2024,MK
INV05730,C00381,P00129,19/11/2024,MK
INV05731,C00481,"P00117,P00096,P00331",26/03/2024,TKO
INV05732,C00438,"P00157,P00135",20/10/2024,CYB
INV05733,C00263,"P00520,P00075,P00223",22/11/2024,TKO
INV05734,C01111,"P00413,P00174,P00449",02/06/2024,TKO
INV05735,C00642,"P00394,P00527,P00319,P00131",06/05/2025,CYB
INV05736,C00764,P00486,17/09/2025,TKO
INV05737,C01084,"P00363,P00479,P00539",07/01/2025,CYB
INV05738,C00925,"P00050,P00004",24/01/2025,MK
INV05739,C00522,"P00139,P00503",11/02/2024,CYB
INV05740,C00715,"P00312,P00471,P00397,P00393",13/03/2024,CYB
INV05741,C00897,"P00506,P00371,P00333,P00096",29/06/2024,MK
INV05742,C01004,P00035,17/10/2024,CYB
INV05743,C00363,"P00273,P00132,P00331",13/09/2025,MK
INV05744,C00835,"P00146,P00072,P00412,P00469",12/04/2024,MK
INV05745,C00949,"P00117,P00096",07/06/2024,MK
INV05746,C01045,"P00388,P00319,P00254,P00093",29/07/2025,CYB
INV05747,C01099,"P00117,P00096,P00189,P00485",01/07/2025,CYB
INV05748,C00468,"P00494,P00499",01/12/2024,TKO
INV05749,C00212,"P00117,P00096",18/08/2024,ST
INV05750,C01103,"P00117,P00096,P00404",28/03/2024,TKO
INV05751,C00366,"P00475,P00520,P00176,P00029",11/12/2024,TKO
INV05752,C01000,"P00117,P00096,P00301,P00398",20/07/2024,MK
INV05753,C00978,"P00117,P00096,P00085,P00431",01/05/2024,TKO
INV05754,C00314,"P00117,P00096,P00366",18/10/2025,CYB
INV05755,C00144,"P00117,P00096,P00326",04/07/2024,ST
INV05756,C00724,"P00117,P00096,P00140",26/07/2024,MK
INV05757,C00325,"P00117,P00096",20/04/2024,TKO
INV05758,C00705,"P00385,P00432",12/11/2024,CYB
INV05759,C00981,P00465,06/02/2025,TKO
INV05760,C00856,"P00311,P00364",20/06/2024,TKO
INV05761,C00897,"P00380,P00333",15/04/2025,TKO
INV05762,C00821,"P00117,P00096,P00009",05/06/2025,TKO
INV05763,C00546,P00203,04/11/2024,CYB
INV05764,C00735,P00431,09/05/2025,CYB
INV05765,C00576,"P00117,P00096,P00445,P00533",06/06/2025,TKO
INV05766,C00345,"P00117,P00096,P00475",22/09/2024,MK
INV05767,C00890,"P00429,P00463,P00370,P00119,P00458",08/04/2025,TKO
INV05768,C00591,"P00117,P00096,P00031",14/12/2024,ST
INV05769,C00679,"P00116,P00089,P00124,P00156,P00242",03/01/2025,CYB
INV05770,C00871,"P00117,P00096,P00278,P00149",29/07/2025,TKO
INV05771,C00472,"P00493,P00260,P00490",06/12/2024,ST
INV05772,C00986,"P00522,P00154,P00462,P00424",04/10/2025,TKO
INV05773,C00957,"P00441,P00534,P00184,P00314",10/06/2025,MK
INV05774,C00845,"P00465,P00467",27/11/2025,TKO
INV05775,C00984,"P00117,P00096",30/10/2024,MK
INV05776,C01130,"P00152,P00228",29/07/2024,CYB
INV05777,C00065,"P00022,P00346,P00302",07/07/2025,CYB
INV05778,C00899,"P00354,P00050,P00447",22/08/2024,CYB
INV05779,C00135,"P00010,P00022,P00082,P00527",07/11/2025,CYB
INV05780,C00341,"P00440,P00289",08/08/2024,ST
INV05781,C01112,P00446,23/06/2024,CYB
INV05782,C00407,"P00117,P00096,P00145",16/07/2024,CYB
INV05783,C00955,"P00536,P00039",05/12/2024,TKO
INV05784,C00691,"P00312,P00206,P00335",05/07/2024,CYB
INV05785,C00128,"P00482,P00428,P00064,P00435",01/08/2024,TKO
INV05786,C00075,"P00339,P00526,P00061,P00305,P00023",04/05/2024,TKO
INV05787,C00878,P00018,24/06/2024,CYB
INV05788,C00826,"P00301,P00095,P00294,P00168",06/12/2024,MK
INV05789,C00120,P00192,04/10/2024,TKO
INV05790,C00026,"P00119,P00004,P00372,P00392",15/06/2024,ST
INV05791,C00419,"P00014,P00356,P00530",07/04/2024,TKO
INV05792,C01077,"P00117,P00096,P00309",01/10/2024,MK
INV05793,C00842,P00457,23/09/2025,ST
INV05794,C00351,"P00439,P00032,P00490,P00144,P00338",09/09/2025,ST
INV05795,C00183,"P00271,P00497,P00074,P00368,P00381",16/01/2025,MK
INV05796,C01106,"P00040,P00437,P00023",07/04/2024,CYB
INV05797,C00097,"P00117,P00096,P00095",18/04/2024,MK
INV05798,C01104,"P00193,P00506,P00183,P00211",11/01/2024,TKO
INV05799,C00061,"P00109,P00071,P00046",21/02/2025,TKO
INV05800,C00644,P00023,16/09/2024,CYB
INV05801,C00754,"P00117,P00096,P00033,P00410",11/10/2024,TKO
INV05802,C01087,"P00117,P00096,P00065,P00388",19/04/2024,CYB
INV05803,C00090,"P00115,P00112",06/07/2024,TKO
INV05804,C00503,"P00167,P00371,P00112,P00073,P00115",20/02/2025,CYB
INV05805,C00519,"P00416,P00450,P00092,P00348",23/06/2024,TKO
INV05806,C01072,"P00489,P00127",12/11/2024,CYB
INV05807,C01113,"P00451,P00222",11/06/2025,CYB
INV05808,C00488,"P00427,P00445",07/01/2025,TKO
INV05809,C00875,"P00377,P00122,P00518",16/07/2025,MK
INV05810,C00862,"P00313,P00202,P00209,P00218",14/05/2024,CYB
INV05811,C00721,P00377,30/04/2024,MK
INV05812,C00516,"P00437,P00536,P00423",21/09/2024,TKO
INV05813,C00926,"P00511,P00407,P00240",20/05/2024,TKO
INV05814,C00117,P00470,07/04/2024,CYB
INV05815,C00218,"P00326,P00283,P00003",13/04/2024,CYB
INV05816,C00303,"P00350,P00227,P00340,P00215",09/12/2025,MK
INV05817,C00023,"P00117,P00096",26/10/2024,TKO
INV05818,C00744,"P00239,P00317,P00420,P00416",14/12/2025,TKO
INV05819,C00575,P00419,12/06/2025,MK
INV05820,C00493,"P00117,P00096,P00350",25/11/2024,TKO
INV05821,C00130,P00455,14/11/2024,TKO
INV05822,C00597,"P00399,P00037,P00286,P00239",18/11/2025,MK
INV05823,C00588,"P00117,P00096,P00167",13/12/2025,MK
INV05824,C00149,"P00415,P00423,P00134,P00295",06/10/2025,TKO
INV05825,C00883,"P00117,P00096",16/11/2025,TKO
INV05826,C00206,"P00117,P00096,P00212,P00445",21/09/2024,TKO
INV05827,C00062,"P00288,P00289,P00375,P00272,P00418",16/08/2025,ST
INV05828,C00019,"P00173,P00166,P00253,P00332",24/12/2025,TKO
INV05829,C00450,"P00288,P00501,P00514,P00146",19/02/2024,TKO
INV05830,C00711,P00185,23/06/2024,TKO
INV05831,C00690,"P00536,P00379,P00356",01/04/2024,CYB
INV05832,C00601,"P00532,P00491,P00274",08/01/2025,MK
INV05833,C00322,"P00065,P00479,P00385,P00430,P00496",18/03/2025,TKO
INV05834,C00248,"P00117,P00096",10/06/2025,MK
INV05835,C00802,"P00117,P00096,P00343,P00045",31/12/2025,ST
INV05836,C00594,"P00486,P00412,P00257,P00129,P00234",11/12/2024,TKO
INV05837,C00681,"P00344,P00334,P00089,P00424,P00390",16/10/2025,ST
INV05838,C00912,"P00088,P00055",13/01/2024,MK
INV05839,C00572,"P00153,P00490,P00076,P00357",29/06/2025,MK
INV05840,C00702,"P00117,P00096",14/03/2024,ST
INV05841,C00259,"P00007,P00259,P00396,P00416",23/09/2025,CYB
INV05842,C01092,"P00455,P00515,P00141,P00126",16/12/2025,MK
INV05843,C00236,"P00057,P00283,P00475,P00317",15/04/2024,ST
INV05844,C00874,"P00456,P00377",11/09/2025,TKO
INV05845,C00984,"P00012,P00241",19/06/2025,TKO
INV05846,C00647,"P00364,P00433",27/10/2024,ST
INV05847,C00971,"P00490,P00058,P00495,P00512,P00183",22/10/2024,MK
INV05848,C00329,"P00395,P00298,P00150",13/09/2024,MK
INV05849,C00182,"P00151,P00297,P00446",21/12/2025,MK
INV05850,C00487,"P00262,P00293,P00380,P00475",22/07/2024,MK
INV05851,C01067,"P00349,P00497,P00147",25/02/2025,TKO
INV05852,C00303,"P00233,P00242,P00367",05/08/2024,ST
INV05853,C00040,P00387,27/04/2025,MK
INV05854,C00957,"P00315,P00522",21/09/2025,ST
INV05855,C00389,"P00117,P00096",16/07/2025,MK
INV05856,C00475,"P00275,P00026",13/12/2024,MK
INV05857,C00345,"P00005,P00207",15/11/2025,TKO
INV05858,C00862,"P00117,P00096",20/04/2024,TKO
INV05859,C00375,"P00115,P00116",30/12/2024,TKO
INV05860,C00170,"P00300,P00253,P00344,P00116,P00286",04/06/2024,TKO
INV05861,C00231,"P00421,P00188,P00099",16/07/2025,MK
INV05862,C00037,"P00117,P00096",28/12/2024,CYB
INV05863,C00011,"P00016,P00435,P00400,P00176,P00410",29/05/2024,TKO
INV05864,C00899,"P00117,P00096",26/07/2024,CYB
INV05865,C00231,"P00358,P00258,P00481",19/03/2024,CYB
INV05866,C00325,"P00117,P00096,P00188",25/07/2025,CYB
INV05867,C00783,"P00117,P00096,P00173,P00262",10/04/2024,TKO
INV05868,C00815,"P00117,P00096,P00526,P00101",20/04/2025,TKO
INV05869,C01074,"P00166,P00118,P00471,P00078,P00398",02/01/2024,MK
INV05870,C00554,"P00129,P00183,P00034,P00193,P00231",23/09/2025,TKO
INV05871,C00627,P00534,07/05/2024,TKO
INV05872,C00863,"P00449,P00180,P00096,P00292,P00190",21/10/2025,MK
INV05873,C00145,"P00233,P00235,P00210,P00117,P00156",31/03/2025,ST
INV05874,C00841,"P00117,P00096",20/01/2025,CYB
INV05875,C00893,"P00467,P00352",13/12/2024,ST
INV05876,C00827,"P00450,P00156,P00428,P00058,P00453",16/03/2025,TKO
INV05877,C00180,P00160,31/05/2025,CYB
INV05878,C00656,"P00386,P00290,P00312,P00088,P00530",26/03/2025,MK
INV05879,C00454,"P00117,P00096,P00371,P00534",31/07/2024,CYB
INV05880,C01019,"P00135,P00336",08/11/2025,TKO
INV05881,C01081,"P00325,P00236,P00490",16/04/2025,TKO
INV05882,C01008,"P00493,P00502,P00539,P00172",31/03/2024,TKO
INV05883,C00991,"P00117,P00096",10/10/2024,TKO
INV05884,C00841,P00525,07/03/2025,CYB
INV05885,C00454,"P00117,P00096,P00045,P00434",15/11/2024,ST
INV05886,C00472,"P00297,P00393,P00221,P00233",06/05/2024,ST
INV05887,C00005,"P00117,P00096",31/01/2024,TKO
INV05888,C00315,"P00389,P00100,P00063,P00517,P00008",01/02/2024,ST
INV05889,C00995,"P00076,P00414,P00056,P00303",17/06/2025,TKO
INV05890,C00980,P00082,03/11/2025,CYB
INV05891,C00469,"P00259,P00323,P00382",27/06/2024,CYB
INV05892,C00318,P00231,05/09/2025,TKO
INV05893,C01023,"P00291,P00282,P00412,P00189,P00141",05/08/2025,ST
INV05894,C00287,"P00117,P00096,P00077",17/07/2025,ST
INV05895,C00850,"P00117,P00096,P00144,P00211",04/10/2025,TKO
INV05896,C01023,"P00333,P00074,P00200,P00458,P00055",21/04/2025,CYB
INV05897,C00325,"P00068,P00072",03/02/2025,CYB
INV05898,C00898,"P00516,P00173,P00345,P00011,P00376",29/07/2025,ST
INV05899,C01087,P00478,29/04/2024,TKO
INV05900,C00473,P00095,09/01/2024,MK
INV05901,C00555,P00514,07/05/2024,CYB
INV05902,C00507,"P00122,P00398",26/08/2025,CYB
INV05903,C01030,"P00294,P00226,P00007",10/06/2024,TKO
INV05904,C01129,"P00146,P00239,P00055",28/02/2024,MK
INV05905,C00712,"P00209,P00458",12/12/2025,CYB
INV05906,C00468,"P00117,P00096,P00232",24/05/2024,TKO
INV05907,C00744,"P00117,P00096",23/08/2024,TKO
INV05908,C00162,"P00117,P00096",10/09/2025,MK
INV05909,C01042,"P00230,P00068,P00226,P00475,P00053",27/10/2025,MK
INV05910,C00780,"P00510,P00293,P00312,P00458",06/07/2024,TKO
INV05911,C01069,P00084,01/01/2024,ST
INV05912,C00812,"P00331,P00250",26/12/2024,TKO
INV05913,C01097,P00296,06/04/2025,ST
INV05914,C00162,"P00304,P00122,P00165",05/03/2024,TKO
INV05915,C00305,"P00069,P00108,P00239,P00366,P00298",06/10/2024,ST
INV05916,C00823,P00179,01/12/2024,TKO
INV05917,C00781,"P00117,P00096,P00429,P00503",25/03/2025,TKO
INV05918,C00242,"P00010,P00387,P00171,P00274,P00013",04/09/2024,ST
INV05919,C00076,"P00162,P00389,P00010,P00366,P00227",11/08/2024,CYB
INV05920,C00958,"P00117,P00096",12/10/2024,TKO
INV05921,C00875,"P00250,P00357,P00153",08/09/2025,TKO
INV05922,C00215,"P00172,P00402,P00325,P00184",30/11/2025,CYB
INV05923,C00318,"P00520,P00532,P00269",21/05/2024,ST
INV05924,C00710,P00093,23/05/2025,TKO
INV05925,C00777,"P00396,P00232,P00323,P00409",31/03/2024,TKO
INV05926,C00221,"P00315,P00308",18/04/2024,ST
INV05927,C00311,"P00117,P00096,P00085",02/03/2025,MK
INV05928,C00968,"P00539,P00372,P00022,P00008",02/01/2024,MK
INV05929,C00823,"P00117,P00096,P00382,P00291",04/12/2025,ST
INV05930,C00697,"P00084,P00161",12/05/2024,CYB
INV05931,C00671,"P00279,P00198",06/02/2024,ST
INV05932,C00080,"P00117,P00096,P00352",17/04/2024,ST
INV05933,C00407,"P00117,P00096",17/10/2024,CYB
INV05934,C00394,"P00261,P00500,P00531,P00162",23/07/2025,MK
INV05935,C00686,"P00517,P00194,P00286,P00185,P00481",07/11/2024,TKO
INV05936,C00854,"P00506,P00416,P00207,P00359",15/04/2025,ST
INV05937,C01085,"P00168,P00332,P00298",15/07/2025,MK
INV05938,C00489,P00210,31/03/2024,MK
INV05939,C00908,"P00117,P00096,P00500,P00476",28/03/2025,CYB
INV05940,C01006,"P00117,P00096,P00179",25/10/2024,TKO
INV05941,C00986,"P00474,P00455",10/01/2024,ST
INV05942,C01123,"P00125,P00248",03/01/2025,MK
INV05943,C00854,"P00117,P00096,P00494",04/02/2024,TKO
INV05944,C00365,"P00117,P00096,P00224,P00160",02/06/2024,CYB
INV05945,C00804,"P00130,P00454,P00535",21/04/2025,ST
INV05946,C00047,P00268,02/10/2024,CYB
INV05947,C00896,P00508,14/06/2024,TKO
INV05948,C00903,"P00250,P00414",26/01/2025,MK
INV05949,C00647,"P00117,P00096,P00298",16/09/2024,MK
INV05950,C00831,"P00190,P00113,P00061,P00360",24/06/2024,CYB
INV05951,C00469,"P00141,P00161,P00178",17/02/2024,CYB
INV05952,C00248,"P00117,P00096,P00425,P00002",31/05/2025,ST
INV05953,C00902,"P00117,P00096,P00317,P00416",09/02/2025,TKO
